com.samsung.shealth.tracker.pedometer_step_count,6301003,2
duration,version_code,run_step,walk_step,com.samsung.health.step_count.start_time,com.samsung.health.step_count.sample_position_type,com.samsung.health.step_count.custom,com.samsung.health.step_count.update_time,com.samsung.health.step_count.create_time,com.samsung.health.step_count.count,com.samsung.health.step_count.speed,com.samsung.health.step_count.distance,com.samsung.health.step_count.calorie,com.samsung.health.step_count.time_offset,com.samsung.health.step_count.deviceuuid,com.samsung.health.step_count.pkg_name,com.samsung.health.step_count.end_time,com.samsung.health.step_count.datauuid
8682,4,0,14,2025-05-14 10:07:00.000,,,2025-05-14 10:08:06.134,2025-05-14 10:08:06.134,14,1.1666666,10.13,0.48,UTC+0200,HFrhKp8clb,com.sec.android.app.shealth,2025-05-14 10:08:00.000,582e260a-4a18-40c6-a505-8b42054d0414,
21074,4,0,35,2025-05-14 10:08:00.000,,,2025-05-14 10:09:03.051,2025-05-14 10:08:06.178,35,1.2204055,25.720001,1.1899999,UTC+0200,HFrhKp8clb,com.sec.android.app.shealth,2025-05-14 10:09:00.000,bedc423f-cf21-45e7-8d98-22043eff38f9,
10839,4,3,16,2025-05-14 10:09:00.000,,,2025-05-14 10:11:41.673,2025-05-14 10:09:24.587,19,1.3081753,14.18,0.9,UTC+0200,HFrhKp8clb,com.sec.android.app.shealth,2025-05-14 10:10:00.000,2b0d531f-e9dd-4f9a-8859-72a09a552854,
5380,4,0,13,2025-05-14 10:10:00.000,,,2025-05-14 10:11:41.708,2025-05-14 10:11:41.708,13,1.9999999,10.76,0.42,UTC+0200,HFrhKp8clb,com.sec.android.app.shealth,2025-05-14 10:11:00.000,0f54bc6d-b50c-4973-bcf6-cf6fd88588ed,
37840,4,0,72,2025-05-14 10:11:00.000,,,2025-05-14 10:12:06.568,2025-05-14 10:11:41.733,72,1.4722222,55.71,2.8000002,UTC+0200,HFrhKp8clb,com.sec.android.app.shealth,2025-05-14 10:12:00.000,47ca2cb5-4256-4046-9082-d2f2d614601a,
6650,4,0,12,2025-05-14 10:12:00.000,,,2025-05-14 10:12:57.076,2025-05-14 10:12:06.649,12,1.3517401,8.99,0.47,UTC+0200,HFrhKp8clb,com.sec.android.app.shealth,2025-05-14 10:13:00.000,ab6663e2-fd4d-4b0a-b21d-fdd2c1f74d32,
11127,4,0,16,2025-05-14 10:13:00.000,,,2025-05-14 10:14:36.725,2025-05-14 10:13:45.104,16,1.0155333,11.3,0.57,UTC+0200,HFrhKp8clb,com.sec.android.app.shealth,2025-05-14 10:14:00.000,344af49e-3502-4f03-8cda-c37f9da23589,
35510,4,0,64,2025-05-14 10:14:00.000,,,2025-05-14 10:15:00.350,2025-05-14 10:14:36.843,64,1.3514289,47.989998,2.21,UTC+0200,HFrhKp8clb,com.sec.android.app.shealth,2025-05-14 10:15:00.000,37ee2377-9048-45ff-9e90-f27871851179,
23114,4,0,41,2025-05-14 10:15:00.000,,,2025-05-14 10:15:34.391,2025-05-14 10:15:34.391,41,1.3333334,30.82,1.49,UTC+0200,HFrhKp8clb,com.sec.android.app.shealth,2025-05-14 10:16:00.000,3ea16ae8-e093-4096-955e-bcc34d406940,
7128,4,0,12,2025-05-14 10:17:00.000,,,2025-05-14 10:17:44.233,2025-05-14 10:17:44.233,12,1.25,8.91,0.66,UTC+0200,HFrhKp8clb,com.sec.android.app.shealth,2025-05-14 10:18:00.000,54011cfe-4b4a-4287-8fc3-dbc8258cfb3c,
12662,4,0,24,2025-05-14 11:28:00.000,,,2025-05-14 11:29:24.141,2025-05-14 11:29:24.141,24,1.4444444,18.29,0.79,UTC+0200,HFrhKp8clb,com.sec.android.app.shealth,2025-05-14 11:29:00.000,a44a5512-b593-4e90-8ade-cfc0842e6342,
47391,4,0,87,2025-05-14 11:29:00.000,,,2025-05-14 11:30:49.650,2025-05-14 11:29:24.201,87,1.4027947,66.479996,3.2,UTC+0200,HFrhKp8clb,com.sec.android.app.shealth,2025-05-14 11:30:00.000,5a671761-0853-4c26-9b25-e887af6a8c3f,
13213,4,0,22,2025-05-14 11:30:00.000,,,2025-05-14 11:30:49.739,2025-05-14 11:30:49.739,22,1.2222222,16.15,0.8,UTC+0200,HFrhKp8clb,com.sec.android.app.shealth,2025-05-14 11:31:00.000,cc81876a-2bc9-438a-9533-70c21f8b7d25,
21621,4,0,39,2025-05-14 12:24:00.000,,,2025-05-14 12:24:19.454,2025-05-14 12:24:02.700,39,1.3620732,29.45,1.4899997,UTC+0200,HFrhKp8clb,com.sec.android.app.shealth,2025-05-14 12:25:00.000,4009ba17-6902-47c4-a9fa-345e23fef251,
31472,4,0,59,2025-05-14 12:56:00.000,,,2025-05-14 12:57:07.203,2025-05-14 12:56:39.439,59,1.4444443,45.46,2.08,UTC+0200,HFrhKp8clb,com.sec.android.app.shealth,2025-05-14 12:57:00.000,a7e68b55-3592-4860-9840-1871fe9aa73f,
58964,4,0,109,2025-05-14 12:57:00.000,,,2025-05-14 12:59:48.467,2025-05-14 12:57:07.286,109,1.4201825,83.74,3.72,UTC+0200,HFrhKp8clb,com.sec.android.app.shealth,2025-05-14 12:58:00.000,6147de78-3a62-4217-84bd-cb9e636ce6d9,
60000,4,0,115,2025-05-14 12:58:00.000,,,2025-05-14 12:59:48.527,2025-05-14 12:59:48.527,115,1.4758333,88.55,3.74,UTC+0200,HFrhKp8clb,com.sec.android.app.shealth,2025-05-14 12:59:00.000,9b24a53b-6bd9-4a24-9ef4-c5ab3e650fb5,
60000,4,0,115,2025-05-14 12:59:00.000,,,2025-05-14 13:01:02.495,2025-05-14 12:59:48.555,115,1.4758332,88.549995,3.81,UTC+0200,HFrhKp8clb,com.sec.android.app.shealth,2025-05-14 13:00:00.000,13661f80-2f7b-41de-9a94-e7732238d6c9,
60000,4,0,114,2025-05-14 13:00:00.000,,,2025-05-14 13:01:02.563,2025-05-14 13:01:02.563,114,1.462,87.72,3.86,UTC+0200,HFrhKp8clb,com.sec.android.app.shealth,2025-05-14 13:01:00.000,2da6dd89-c227-4cae-a56d-8296ae49f6bf,
59732,4,0,110,2025-05-14 13:01:00.000,,,2025-05-14 13:03:37.671,2025-05-14 13:01:02.602,110,1.4176581,84.68,3.6599998,UTC+0200,HFrhKp8clb,com.sec.android.app.shealth,2025-05-14 13:02:00.000,58b32ef3-28d4-44d3-8f16-eb19331cc02e,
60000,4,0,110,2025-05-14 13:02:00.000,,,2025-05-14 13:03:37.744,2025-05-14 13:03:37.744,110,1.3926667,83.56,3.87,UTC+0200,HFrhKp8clb,com.sec.android.app.shealth,2025-05-14 13:03:00.000,deaa8040-d53c-4ab1-82e2-d03accef7d95,
59761,4,0,108,2025-05-14 13:03:00.000,,,2025-05-14 13:04:07.296,2025-05-14 13:03:37.772,108,1.3707794,81.91999,3.7999997,UTC+0200,HFrhKp8clb,com.sec.android.app.shealth,2025-05-14 13:04:00.000,71ddd1d1-7682-4336-8abd-80ea1e88ab16,
16471,4,0,29,2025-05-14 13:04:00.000,,,2025-05-14 13:05:11.618,2025-05-14 13:04:07.381,29,1.3149657,21.66,1.03,UTC+0200,HFrhKp8clb,com.sec.android.app.shealth,2025-05-14 13:05:00.000,b7c32726-3ca2-4d05-a288-63aa09de8bec,
14610,4,0,22,2025-05-14 13:05:00.000,,,2025-05-14 13:07:33.959,2025-05-14 13:05:33.710,22,1.0998715,16.07,0.78,UTC+0200,HFrhKp8clb,com.sec.android.app.shealth,2025-05-14 13:06:00.000,32bb79f2-9df2-4b76-80d7-6d57db9b1ea3,
7873,4,0,10,2025-05-14 13:06:00.000,,,2025-05-14 13:07:34.025,2025-05-14 13:07:34.025,10,0.8611111,6.78,0.38,UTC+0200,HFrhKp8clb,com.sec.android.app.shealth,2025-05-14 13:07:00.000,9c14b97e-bf09-48fa-9aee-f3157fb0a777,
22387,4,0,39,2025-05-14 13:07:00.000,,,2025-05-14 13:07:53.523,2025-05-14 13:07:34.054,39,1.2926658,28.939993,1.3099995,UTC+0200,HFrhKp8clb,com.sec.android.app.shealth,2025-05-14 13:08:00.000,c9f255e3-4fd4-43e7-baf2-ad5db34ac192,
36895,4,0,58,2025-05-14 13:08:00.000,,,2025-05-14 13:08:59.587,2025-05-14 13:08:59.587,58,1.1388888,42.02,2.06,UTC+0200,HFrhKp8clb,com.sec.android.app.shealth,2025-05-14 13:09:00.000,84b3e38c-42cb-41a1-bc6d-eb03d13387eb,
9747,4,0,16,2025-05-14 13:09:00.000,,,2025-05-14 13:09:48.883,2025-05-14 13:09:45.655,16,1.2064137,11.759999,0.53,UTC+0200,HFrhKp8clb,com.sec.android.app.shealth,2025-05-14 13:10:00.000,bf47713c-e5e1-41ce-a3c9-7d997353fbbe,
23760,4,0,41,2025-05-14 13:11:00.000,,,2025-05-14 13:11:46.679,2025-05-14 13:11:46.679,41,1.3055556,31.02,1.32,UTC+0200,HFrhKp8clb,com.sec.android.app.shealth,2025-05-14 13:12:00.000,ac31123c-e06d-4680-99c1-388fa2be9382,
24276,4,0,38,2025-05-14 13:42:00.000,,,2025-05-14 13:48:27.591,2025-05-14 13:42:16.995,38,1.1294864,27.42,1.28,UTC+0200,HFrhKp8clb,com.sec.android.app.shealth,2025-05-14 13:43:00.000,7d503ba0-d44c-486b-a7bb-254fe3b22627,
22522,4,0,40,2025-05-14 13:43:00.000,,,2025-05-14 13:48:27.664,2025-05-14 13:48:27.664,40,1.3333334,30.03,1.39,UTC+0200,HFrhKp8clb,com.sec.android.app.shealth,2025-05-14 13:44:00.000,11d3981c-a371-45c0-b666-e3935aa90507,
11256,4,0,19,2025-05-14 13:51:00.000,,,2025-05-14 13:53:41.453,2025-05-14 13:53:41.453,19,1.25,14.07,0.72,UTC+0200,HFrhKp8clb,com.sec.android.app.shealth,2025-05-14 13:52:00.000,e1ccbca6-dfbc-452e-baff-22197d4a1321,
10072,4,0,17,2025-05-14 13:52:00.000,,,2025-05-14 13:53:41.491,2025-05-14 13:53:41.491,17,1.25,12.59,0.59,UTC+0200,HFrhKp8clb,com.sec.android.app.shealth,2025-05-14 13:53:00.000,624d2b01-e578-4285-b8c4-07e2ca22621f,
56676,4,0,101,2025-05-14 13:53:00.000,,,2025-05-14 13:55:00.343,2025-05-14 13:53:41.516,101,1.3483638,76.42,3.6100001,UTC+0200,HFrhKp8clb,com.sec.android.app.shealth,2025-05-14 13:54:00.000,ab7c7242-5b6e-42b3-a8f1-ae9cb27c884b,
60000,4,0,112,2025-05-14 13:54:00.000,,,2025-05-14 13:55:00.476,2025-05-14 13:55:00.476,112,1.4291667,85.75,3.83,UTC+0200,HFrhKp8clb,com.sec.android.app.shealth,2025-05-14 13:55:00.000,e1a04171-d379-4d0f-946e-e09997be8551,
60000,4,0,112,2025-05-14 13:55:00.000,,,2025-05-14 13:57:31.796,2025-05-14 13:57:31.796,112,1.4315,85.89,3.95,UTC+0200,HFrhKp8clb,com.sec.android.app.shealth,2025-05-14 13:56:00.000,9370e561-366e-4cdc-89dd-b8521f430e30,
60000,4,0,112,2025-05-14 13:56:00.000,,,2025-05-14 13:57:31.843,2025-05-14 13:57:31.843,112,1.4278332,85.67,3.92,UTC+0200,HFrhKp8clb,com.sec.android.app.shealth,2025-05-14 13:57:00.000,efaba8fd-f9e3-42b5-bfb2-c9d3c0e0ace9,
60000,4,0,110,2025-05-14 13:57:00.000,,,2025-05-14 14:01:58.316,2025-05-14 13:57:31.909,110,1.3963335,83.78,4.02,UTC+0200,HFrhKp8clb,com.sec.android.app.shealth,2025-05-14 13:58:00.000,dee911d5-7272-4364-91f3-56780bd31172,
60000,4,0,111,2025-05-14 13:58:00.000,,,2025-05-14 14:01:58.407,2025-05-14 14:01:58.407,111,1.4123333,84.74,3.99,UTC+0200,HFrhKp8clb,com.sec.android.app.shealth,2025-05-14 13:59:00.000,33253667-5fbe-424f-83ac-98ad9fcb8c01,
60000,4,0,110,2025-05-14 13:59:00.000,,,2025-05-14 14:01:58.429,2025-05-14 14:01:58.429,110,1.3963335,83.78,3.96,UTC+0200,HFrhKp8clb,com.sec.android.app.shealth,2025-05-14 14:00:00.000,a7f523b4-54c6-4c6e-a8bc-3f6b4a71f9bc,
60000,4,0,113,2025-05-14 14:00:00.000,,,2025-05-14 14:01:58.459,2025-05-14 14:01:58.459,113,1.4448334,86.69,3.98,UTC+0200,HFrhKp8clb,com.sec.android.app.shealth,2025-05-14 14:01:00.000,130f1479-3ba4-44e4-9d2f-cab9759f89c5,
39881,4,0,72,2025-05-14 14:01:00.000,,,2025-05-14 14:01:58.561,2025-05-14 14:01:58.485,72,1.3595322,54.220005,2.52,UTC+0200,HFrhKp8clb,com.sec.android.app.shealth,2025-05-14 14:02:00.000,ac08a8e1-b732-44f9-85dc-6261dc8172e6,
8762,4,0,16,2025-05-14 14:02:00.000,,,2025-05-14 14:02:55.545,2025-05-14 14:02:00.252,16,1.3671712,11.98,0.56,UTC+0200,HFrhKp8clb,com.sec.android.app.shealth,2025-05-14 14:03:00.000,18477f86-a68f-4de8-bef9-245237ab4068,
10800,4,0,21,2025-05-14 15:22:00.000,,,2025-05-14 15:23:06.840,2025-05-14 15:23:06.840,21,1.5,16.2,0.81,UTC+0200,HFrhKp8clb,com.sec.android.app.shealth,2025-05-14 15:23:00.000,dff20c57-9bbe-411e-a24c-e2d9584a2c74,
13099,4,0,26,2025-05-14 15:23:00.000,,,2025-05-14 15:23:23.717,2025-05-14 15:23:06.917,26,1.5381771,20.150002,0.97,UTC+0200,HFrhKp8clb,com.sec.android.app.shealth,2025-05-14 15:24:00.000,0b77d935-6ec3-4498-9c71-a09371daf9f6,
9266,4,0,16,2025-05-14 15:24:00.000,,,2025-05-14 15:24:59.089,2025-05-14 15:24:58.110,16,1.2777778,11.84,0.56,UTC+0200,HFrhKp8clb,com.sec.android.app.shealth,2025-05-14 15:25:00.000,8ba8d765-c4fc-484c-b350-a3863429bb4e,
42906,4,0,77,2025-05-14 15:25:00.000,,,2025-05-14 15:25:54.074,2025-05-14 15:25:54.074,77,1.3611112,58.4,2.8,UTC+0200,HFrhKp8clb,com.sec.android.app.shealth,2025-05-14 15:26:00.000,2087b408-6c7a-468f-bc28-54cab94e256e,
10352,4,0,22,2025-05-14 15:26:00.000,,,2025-05-14 15:26:19.514,2025-05-14 15:26:18.913,22,1.6721388,17.31,0.78999996,UTC+0200,HFrhKp8clb,com.sec.android.app.shealth,2025-05-14 15:27:00.000,bfc33a8a-dc71-40d1-93ea-1c4e475d3b3b,
19999,4,0,35,2025-05-14 15:36:00.000,,,2025-05-14 15:37:28.484,2025-05-14 15:37:28.484,35,1.3055556,26.11,1.25,UTC+0200,HFrhKp8clb,com.sec.android.app.shealth,2025-05-14 15:37:00.000,24ca99e4-14ec-4723-86ab-7b3932dc01a4,
36824,4,0,67,2025-05-14 15:37:00.000,,,2025-05-14 15:39:40.583,2025-05-14 15:37:28.551,67,1.3719139,50.52,2.42,UTC+0200,HFrhKp8clb,com.sec.android.app.shealth,2025-05-14 15:38:00.000,a2e3a27c-810b-4100-b4ab-7b078ba122a1,
23913,4,0,42,2025-05-14 15:38:00.000,,,2025-05-14 15:39:40.685,2025-05-14 15:39:40.685,42,1.3055556,31.22,1.4,UTC+0200,HFrhKp8clb,com.sec.android.app.shealth,2025-05-14 15:39:00.000,4b7bb402-2950-4a67-9c2b-c693e47fc9cf,
31725,4,0,60,2025-05-14 15:39:00.000,,,2025-05-14 15:39:53.680,2025-05-14 15:39:40.723,60,1.461901,46.379997,2.3700001,UTC+0200,HFrhKp8clb,com.sec.android.app.shealth,2025-05-14 15:40:00.000,985e7313-cb82-4b5e-8a66-c023b3881761,
35762,4,0,60,2025-05-14 15:52:00.000,,,2025-05-14 15:55:00.358,2025-05-14 15:55:00.358,60,1.2222222,43.71,2.11,UTC+0200,HFrhKp8clb,com.sec.android.app.shealth,2025-05-14 15:53:00.000,eff03b86-6c51-4988-a340-61bfd5e5939e,
20335,4,0,32,2025-05-14 15:53:00.000,,,2025-05-14 15:55:00.433,2025-05-14 15:55:00.433,32,1.1388888,23.16,1.09,UTC+0200,HFrhKp8clb,com.sec.android.app.shealth,2025-05-14 15:54:00.000,ffc739fe-3568-4ce0-b125-429d359d79c2,
29538,4,0,51,2025-05-14 16:12:00.000,,,2025-05-14 16:12:59.867,2025-05-14 16:12:56.964,51,1.2820604,37.869995,1.7399999,UTC+0200,HFrhKp8clb,com.sec.android.app.shealth,2025-05-14 16:13:00.000,b9327ce3-78d2-4461-a9c4-784ca2f7ff52,
9821,4,0,17,2025-05-14 16:13:00.000,,,2025-05-14 16:15:00.355,2025-05-14 16:15:00.355,17,1.2777778,12.55,0.67,UTC+0200,HFrhKp8clb,com.sec.android.app.shealth,2025-05-14 16:14:00.000,0004e2d9-bedb-4fe5-89e5-daa54becd27a,
7954,4,0,10,2025-05-14 17:23:00.000,,,2025-05-14 17:24:19.733,2025-05-14 17:24:19.733,10,0.8611111,6.85,0.39,UTC+0200,HFrhKp8clb,com.sec.android.app.shealth,2025-05-14 17:24:00.000,16448f0b-412e-45b4-aec0-2f63ab34c378,
5748,4,0,12,2025-05-14 17:39:00.000,,,2025-05-14 17:41:09.482,2025-05-14 17:41:09.482,12,1.6666666,9.58,0.41,UTC+0200,HFrhKp8clb,com.sec.android.app.shealth,2025-05-14 17:40:00.000,cdc669df-57c0-4562-831c-8dcd30e5cc77,
7682,4,0,16,2025-05-14 17:40:00.000,,,2025-05-14 17:41:09.557,2025-05-14 17:41:09.557,16,1.6388888,12.59,0.53,UTC+0200,HFrhKp8clb,com.sec.android.app.shealth,2025-05-14 17:41:00.000,76e58a84-3936-4c2f-b0af-88c5206cede6,
5088,4,0,11,2025-05-14 17:41:00.000,,,2025-05-14 17:41:30.546,2025-05-14 17:41:30.546,11,1.6388888,8.34,0.4,UTC+0200,HFrhKp8clb,com.sec.android.app.shealth,2025-05-14 17:42:00.000,3917a07f-9761-441e-bb7d-841a1f994729,
24331,4,0,42,2025-05-14 17:42:00.000,,,2025-05-14 17:42:18.474,2025-05-14 17:42:17.739,42,1.2777778,31.09,1.4399999,UTC+0200,HFrhKp8clb,com.sec.android.app.shealth,2025-05-14 17:43:00.000,f1f8e8eb-6484-41e5-8eed-e4ab7678538d,
20417,4,0,33,2025-05-14 17:43:00.000,,,2025-05-14 17:44:03.589,2025-05-14 17:44:03.589,33,1.1666666,23.82,1.19,UTC+0200,HFrhKp8clb,com.sec.android.app.shealth,2025-05-14 17:44:00.000,2325acfb-59ca-4dda-86dc-543e80eab142,
47378,4,0,83,2025-05-14 17:44:00.000,,,2025-05-14 17:45:00.898,2025-05-14 17:44:03.643,83,1.3041767,61.79001,2.8799996,UTC+0200,HFrhKp8clb,com.sec.android.app.shealth,2025-05-14 17:45:00.000,4232b92c-a6ef-482f-865f-cd5c423c2fe9,
9380,4,0,13,2025-05-14 17:45:00.000,,,2025-05-14 17:45:28.557,2025-05-14 17:45:28.557,13,0.9722222,9.12,0.5,UTC+0200,HFrhKp8clb,com.sec.android.app.shealth,2025-05-14 17:46:00.000,9acc6173-b5bf-4161-bd2a-79adfd57dab6,
41258,4,0,76,2025-05-14 17:54:00.000,,,2025-05-14 17:54:59.958,2025-05-14 17:54:19.209,76,1.4064915,58.03,2.88,UTC+0200,HFrhKp8clb,com.sec.android.app.shealth,2025-05-14 17:55:00.000,69afc148-b8af-48f1-84cc-443b08e46379,
60000,4,0,107,2025-05-14 17:55:00.000,,,2025-05-14 17:57:09.328,2025-05-14 17:57:09.328,107,1.3376667,80.26,3.75,UTC+0200,HFrhKp8clb,com.sec.android.app.shealth,2025-05-14 17:56:00.000,d02608d2-2c26-4e8e-b108-4a22bbd0411d,
60000,4,0,107,2025-05-14 17:56:00.000,,,2025-05-14 17:57:09.411,2025-05-14 17:57:09.411,107,1.338,80.28,3.65,UTC+0200,HFrhKp8clb,com.sec.android.app.shealth,2025-05-14 17:57:00.000,fd713db2-fad4-4e8e-aae4-b451161fd0ca,
53203,4,0,91,2025-05-14 17:57:00.000,,,2025-05-14 17:58:11.332,2025-05-14 17:57:09.459,91,1.2642145,67.26,3.2199998,UTC+0200,HFrhKp8clb,com.sec.android.app.shealth,2025-05-14 17:58:00.000,3a134f19-54ff-41af-9ba4-d5c585dc3754,
18101,4,0,27,2025-05-14 18:00:00.000,,,2025-05-14 18:00:40.667,2025-05-14 18:00:40.667,27,1.0833334,19.61,1.05,UTC+0200,HFrhKp8clb,com.sec.android.app.shealth,2025-05-14 18:01:00.000,bf7b7bb8-bdd1-4cd5-88be-aa6a5dd610b9,
7258,4,0,13,2025-05-14 18:23:00.000,,,2025-05-14 18:27:00.561,2025-05-14 18:27:00.561,13,1.3611112,9.88,0.46,UTC+0200,HFrhKp8clb,com.sec.android.app.shealth,2025-05-14 18:24:00.000,25214af8-2379-43c2-bcc3-7b1b6d960936,
60000,4,0,109,2025-05-14 18:24:00.000,,,2025-05-14 18:27:00.620,2025-05-14 18:27:00.620,109,1.3783333,82.7,4.04,UTC+0200,HFrhKp8clb,com.sec.android.app.shealth,2025-05-14 18:25:00.000,56889d7c-18b3-47b9-9f21-c7c8edd46665,
60000,4,0,108,2025-05-14 18:25:00.000,,,2025-05-14 18:27:00.666,2025-05-14 18:27:00.666,108,1.3516666,81.1,3.73,UTC+0200,HFrhKp8clb,com.sec.android.app.shealth,2025-05-14 18:26:00.000,838b3d84-2e4f-448d-9e9a-1ff4ed342d76,
55425,4,0,101,2025-05-14 18:26:00.000,,,2025-05-14 18:27:00.700,2025-05-14 18:27:00.700,101,1.3888888,76.98,3.78,UTC+0200,HFrhKp8clb,com.sec.android.app.shealth,2025-05-14 18:27:00.000,1c869229-541d-433e-8193-b314a19eded5,
55711,4,0,100,2025-05-14 18:33:00.000,,,2025-05-14 18:34:33.025,2025-05-14 18:34:33.025,100,1.3611112,75.83,3.66,UTC+0200,HFrhKp8clb,com.sec.android.app.shealth,2025-05-14 18:34:00.000,f85df308-1e0f-4eb1-8a5b-ff4a79b284f6,
57573,4,0,103,2025-05-14 18:34:00.000,,,2025-05-14 18:34:59.940,2025-05-14 18:34:33.097,103,1.3553028,78.03,3.6599998,UTC+0200,HFrhKp8clb,com.sec.android.app.shealth,2025-05-14 18:35:00.000,e9b1f72e-c672-4f1a-ae19-26bfaf81f673,
30938,4,0,55,2025-05-14 18:36:00.000,,,2025-05-14 18:41:21.183,2025-05-14 18:36:33.957,55,1.3410666,41.49,1.97,UTC+0200,HFrhKp8clb,com.sec.android.app.shealth,2025-05-14 18:37:00.000,712cbc00-6c7b-46bf-9c3a-adf552c751fa,
6812,4,0,13,2025-05-14 18:37:00.000,,,2025-05-14 18:41:21.274,2025-05-14 18:41:21.274,13,1.4722222,10.03,0.44,UTC+0200,HFrhKp8clb,com.sec.android.app.shealth,2025-05-14 18:38:00.000,993785f2-433d-4f26-9bb9-94125ab55ab1,
10206,4,0,15,2025-05-14 20:29:00.000,,,2025-05-14 20:30:31.611,2025-05-14 20:30:31.611,15,1.0277778,10.49,0.52,UTC+0200,HFrhKp8clb,com.sec.android.app.shealth,2025-05-14 20:30:00.000,5e3a59e2-131c-4df8-b1d6-6e7f44b1a8a4,
49556,4,0,81,2025-05-14 20:30:00.000,,,2025-05-14 20:31:11.091,2025-05-14 20:30:31.642,81,1.1937814,59.16,2.83,UTC+0200,HFrhKp8clb,com.sec.android.app.shealth,2025-05-14 20:31:00.000,9002cdde-ea6b-4a31-8892-3149d30875dc,
60000,4,0,109,2025-05-14 20:31:00.000,,,2025-05-14 20:32:27.092,2025-05-14 20:31:11.147,109,1.3728333,82.369995,3.6399999,UTC+0200,HFrhKp8clb,com.sec.android.app.shealth,2025-05-14 20:32:00.000,240384b2-eca8-4995-bf80-50ab51a8063e,
25082,4,0,45,2025-05-14 20:32:00.000,,,2025-05-14 20:32:27.134,2025-05-14 20:32:27.134,45,1.3611112,34.14,1.69,UTC+0200,HFrhKp8clb,com.sec.android.app.shealth,2025-05-14 20:33:00.000,ba68a209-2765-4fa1-9242-4a4378e82029,
9494,4,2,20,2025-05-14 20:45:00.000,,,2025-05-14 20:46:47.946,2025-05-14 20:46:47.946,22,1.8611109,17.67,1.0,UTC+0200,HFrhKp8clb,com.sec.android.app.shealth,2025-05-14 20:46:00.000,b45375f5-4bc3-4f3e-ad58-bc7b354c83ae,
7200,4,0,10,2025-05-14 21:07:00.000,,,2025-05-14 21:10:30.965,2025-05-14 21:10:30.965,10,0.9722222,7.0,0.38,UTC+0200,HFrhKp8clb,com.sec.android.app.shealth,2025-05-14 21:08:00.000,4d19d184-4700-40f2-be4d-77d0e73ea3e8,
17204,4,0,26,2025-05-14 21:09:00.000,,,2025-05-14 21:10:31.012,2025-05-14 21:10:31.012,26,1.0555556,18.16,1.0,UTC+0200,HFrhKp8clb,com.sec.android.app.shealth,2025-05-14 21:10:00.000,09f45a21-0f89-472c-93f5-49fb998b3a10,
36316,4,0,52,2025-05-14 21:10:00.000,,,2025-05-14 21:11:12.058,2025-05-14 21:10:31.051,52,1.0193577,37.019997,1.92,UTC+0200,HFrhKp8clb,com.sec.android.app.shealth,2025-05-14 21:11:00.000,0841ca36-b461-4608-aeaa-aad965d90588,
8884,4,0,17,2025-05-14 21:12:00.000,,,2025-05-14 21:14:36.771,2025-05-14 21:14:36.771,17,1.4722222,13.08,0.64,UTC+0200,HFrhKp8clb,com.sec.android.app.shealth,2025-05-14 21:13:00.000,b163d202-2c92-4242-8825-6ade5b968e3d,
36603,4,0,56,2025-05-14 21:13:00.000,,,2025-05-14 21:14:36.802,2025-05-14 21:14:36.802,56,1.111111,40.67,2.69,UTC+0200,HFrhKp8clb,com.sec.android.app.shealth,2025-05-14 21:14:00.000,9b4467cc-a902-4324-9573-abac6c8a52a0,
10805,4,0,25,2025-05-14 21:14:00.000,,,2025-05-14 21:14:36.842,2025-05-14 21:14:36.842,25,1.8888888,20.41,0.9,UTC+0200,HFrhKp8clb,com.sec.android.app.shealth,2025-05-14 21:15:00.000,863bbb06-1c6d-4b41-80a4-53f6a39601bd,
7107,4,0,10,2025-05-14 21:15:00.000,,,2025-05-14 21:17:55.446,2025-05-14 21:17:55.446,10,0.9722222,6.91,0.4,UTC+0200,HFrhKp8clb,com.sec.android.app.shealth,2025-05-14 21:16:00.000,5173576e-08bc-4f0b-9e9b-149319faa25d,
16004,4,0,22,2025-05-14 21:16:00.000,,,2025-05-14 21:17:55.483,2025-05-14 21:17:55.483,22,0.9722222,15.56,0.8,UTC+0200,HFrhKp8clb,com.sec.android.app.shealth,2025-05-14 21:17:00.000,767a15eb-648f-481d-bddc-36809be69ab8,
5889,4,0,11,2025-05-14 21:18:00.000,,,2025-05-14 21:29:42.810,2025-05-14 21:29:42.810,11,1.4722222,8.67,0.42,UTC+0200,HFrhKp8clb,com.sec.android.app.shealth,2025-05-14 21:19:00.000,736a3ac2-c2be-41f7-9e16-c2a153bd2d0f,
21364,4,0,34,2025-05-14 21:36:00.000,,,2025-05-14 21:36:44.974,2025-05-14 21:36:03.289,34,1.1664331,24.919998,1.2299999,UTC+0200,HFrhKp8clb,com.sec.android.app.shealth,2025-05-14 21:37:00.000,f87c9053-c7aa-4af7-ba89-35a3dbbbafaf,
6650,4,0,10,2025-05-14 22:20:00.000,,,2025-05-14 22:22:35.410,2025-05-14 22:22:35.410,10,1.0555556,7.02,0.35,UTC+0200,HFrhKp8clb,com.sec.android.app.shealth,2025-05-14 22:21:00.000,36692a1c-abba-4f33-a700-52620c5ed84a,
13400,4,0,24,2025-05-14 22:21:00.000,,,2025-05-14 22:22:35.472,2025-05-14 22:22:35.472,24,1.3611112,18.24,0.84,UTC+0200,HFrhKp8clb,com.sec.android.app.shealth,2025-05-14 22:22:00.000,5ba7b98b-b645-4169-b94d-66f45763b640,
29479,4,0,55,2025-05-14 22:22:00.000,,,2025-05-14 22:34:59.938,2025-05-14 22:22:35.495,55,1.4063945,41.46,2.08,UTC+0200,HFrhKp8clb,com.sec.android.app.shealth,2025-05-14 22:23:00.000,c4216075-05ed-4d4f-b9f3-6d34dae996b3,
12087,4,0,23,2025-05-15 01:00:00.000,,,2025-05-15 01:02:27.803,2025-05-15 01:02:27.803,23,1.4444444,17.46,0.87,UTC+0200,HFrhKp8clb,com.sec.android.app.shealth,2025-05-15 01:01:00.000,2f547e63-bdea-412f-a791-dc662af3bf1c,
27948,4,0,45,2025-05-15 01:02:00.000,,,2025-05-15 01:14:59.946,2025-05-15 01:02:27.854,45,1.170358,32.71,1.6800001,UTC+0200,HFrhKp8clb,com.sec.android.app.shealth,2025-05-15 01:03:00.000,7e4a622d-1e11-4923-8abd-e5093972660a,
26194,4,0,42,2025-05-15 05:24:00.000,,,2025-05-15 05:27:30.080,2025-05-15 05:27:30.080,42,1.1666666,30.56,1.51,UTC+0200,HFrhKp8clb,com.sec.android.app.shealth,2025-05-15 05:25:00.000,91c6e99f-c624-4490-b98b-21b8a2a01267,
12740,4,0,20,2025-05-15 05:25:00.000,,,2025-05-15 05:27:30.189,2025-05-15 05:27:30.189,20,1.1388888,14.51,0.72,UTC+0200,HFrhKp8clb,com.sec.android.app.shealth,2025-05-15 05:26:00.000,d087bafe-6955-4bcc-8511-e80d7ceb0254,
12840,4,1,25,2025-05-15 05:29:00.000,,,2025-05-15 05:32:51.233,2025-05-15 05:32:51.233,26,1.5833334,20.33,1.15,UTC+0200,HFrhKp8clb,com.sec.android.app.shealth,2025-05-15 05:30:00.000,e38bc7ed-d407-4516-b618-cc958f794358,
10533,4,0,18,2025-05-15 05:30:00.000,,,2025-05-15 05:32:51.302,2025-05-15 05:32:51.302,18,1.2777778,13.46,0.64,UTC+0200,HFrhKp8clb,com.sec.android.app.shealth,2025-05-15 05:31:00.000,e5d00fa2-dfef-4291-8ef4-8a4c0342357d,
21469,4,0,35,2025-05-15 05:31:00.000,,,2025-05-15 05:32:51.365,2025-05-15 05:32:51.365,35,1.2222222,26.24,1.22,UTC+0200,HFrhKp8clb,com.sec.android.app.shealth,2025-05-15 05:32:00.000,3e7743e8-4288-44d8-b441-1337f32a85da,
26265,4,0,43,2025-05-15 05:32:00.000,,,2025-05-15 05:32:58.642,2025-05-15 05:32:51.413,43,1.2007957,31.54,1.58,UTC+0200,HFrhKp8clb,com.sec.android.app.shealth,2025-05-15 05:33:00.000,20655b3a-0be0-4322-8f55-938ac2bfadc1,
26201,4,0,44,2025-05-15 05:33:00.000,,,2025-05-15 05:34:59.963,2025-05-15 05:33:07.855,44,1.2362027,32.39,1.52,UTC+0200,HFrhKp8clb,com.sec.android.app.shealth,2025-05-15 05:34:00.000,14d1ec80-6a6d-441d-82f7-944ef467a5b5,
18823,4,0,36,2025-05-15 05:34:00.000,,,2025-05-15 05:35:00.097,2025-05-15 05:35:00.097,36,1.4444444,27.19,1.56,UTC+0200,HFrhKp8clb,com.sec.android.app.shealth,2025-05-15 05:35:00.000,d8fd6bbd-7fb5-46a0-9e3b-d7bdb3570d8b,
21851,4,0,33,2025-05-15 05:35:00.000,,,2025-05-15 05:37:54.028,2025-05-15 05:35:09.794,33,1.1083943,24.22,1.19,UTC+0200,HFrhKp8clb,com.sec.android.app.shealth,2025-05-15 05:36:00.000,2c1f7ce2-03a3-4764-a673-416b7c50d8d0,
11798,4,0,15,2025-05-15 05:37:00.000,,,2025-05-15 05:37:54.130,2025-05-15 05:37:54.130,15,0.8611111,10.16,0.72,UTC+0200,HFrhKp8clb,com.sec.android.app.shealth,2025-05-15 05:38:00.000,3079fbcb-6db1-4055-843d-2389aeaf2186,
34277,4,0,64,2025-05-15 05:39:00.000,,,2025-05-15 05:40:04.404,2025-05-15 05:40:04.404,64,1.4166666,48.56,2.38,UTC+0200,HFrhKp8clb,com.sec.android.app.shealth,2025-05-15 05:40:00.000,33137163-94ed-46ce-bbaf-739f80d1ed1c,
789,4,0,1,2025-05-15 05:40:00.000,,,2025-05-15 05:40:04.447,2025-05-15 05:40:04.447,1,0.8611111,0.68,0.04,UTC+0200,HFrhKp8clb,com.sec.android.app.shealth,2025-05-15 05:41:00.000,be1eace1-592b-46f9-bc27-b230b5c900ec,
8057,4,0,11,2025-05-15 05:42:00.000,,,2025-05-15 05:48:10.905,2025-05-15 05:48:10.905,11,0.9444444,7.61,0.39,UTC+0200,HFrhKp8clb,com.sec.android.app.shealth,2025-05-15 05:43:00.000,1b3613e9-cf8e-4dc7-81a2-c28f05ac78cc,
6636,4,0,10,2025-05-15 05:49:00.000,,,2025-05-15 05:52:00.070,2025-05-15 05:52:00.070,10,1.0833334,7.19,0.33,UTC+0200,HFrhKp8clb,com.sec.android.app.shealth,2025-05-15 05:50:00.000,006b1214-4ce1-4ec2-9c5d-854f9d7eec26,
26372,4,0,37,2025-05-15 05:50:00.000,,,2025-05-15 05:52:00.152,2025-05-15 05:52:00.152,37,0.9722222,25.64,1.35,UTC+0200,HFrhKp8clb,com.sec.android.app.shealth,2025-05-15 05:51:00.000,30850b6f-58b1-4c11-838d-76f3fc74b187,
34498,4,0,48,2025-05-15 05:52:00.000,,,2025-05-15 05:53:00.126,2025-05-15 05:53:00.126,48,0.97222227,33.54,1.78,UTC+0200,HFrhKp8clb,com.sec.android.app.shealth,2025-05-15 05:53:00.000,09460869-e422-4826-bab7-232258b89950,
33089,4,2,55,2025-05-15 05:53:00.000,,,2025-05-15 05:54:28.191,2025-05-15 05:53:00.190,57,1.297977,42.949997,2.28,UTC+0200,HFrhKp8clb,com.sec.android.app.shealth,2025-05-15 05:54:00.000,7cf7edec-2773-486c-b26d-7dd5219e7076,
16015,4,0,25,2025-05-15 05:54:00.000,,,2025-05-15 05:54:28.237,2025-05-15 05:54:28.237,25,1.1388888,18.24,0.88,UTC+0200,HFrhKp8clb,com.sec.android.app.shealth,2025-05-15 05:55:00.000,072edce2-a7fe-4fed-9543-3181978509a4,
6950,4,0,10,2025-05-15 05:56:00.000,,,2025-05-15 05:56:25.165,2025-05-15 05:56:25.165,10,1.0,6.95,0.4,UTC+0200,HFrhKp8clb,com.sec.android.app.shealth,2025-05-15 05:57:00.000,3263a4c1-3b5b-402a-a9fe-50ae7ca7abea,
18627,4,0,33,2025-05-15 05:57:00.000,,,2025-05-15 05:57:59.104,2025-05-15 05:57:11.464,33,1.3372993,24.91,1.27,UTC+0200,HFrhKp8clb,com.sec.android.app.shealth,2025-05-15 05:58:00.000,fe078e07-2ca1-4adb-ba30-13f10d4ae965,
22403,4,0,37,2025-05-15 06:06:00.000,,,2025-05-15 06:08:43.173,2025-05-15 06:08:43.173,37,1.1944444,26.76,1.27,UTC+0200,HFrhKp8clb,com.sec.android.app.shealth,2025-05-15 06:07:00.000,93f96c0c-9864-46eb-bb15-b24e49cc5707,
16260,4,0,26,2025-05-15 06:07:00.000,,,2025-05-15 06:08:43.267,2025-05-15 06:08:43.267,26,1.1666666,18.97,0.92,UTC+0200,HFrhKp8clb,com.sec.android.app.shealth,2025-05-15 06:08:00.000,289e8f75-1798-4ff9-83ae-61e2cc722ddd,
15109,4,0,28,2025-05-15 06:08:00.000,,,2025-05-15 06:08:48.966,2025-05-15 06:08:43.298,28,1.4209883,21.470001,0.95,UTC+0200,HFrhKp8clb,com.sec.android.app.shealth,2025-05-15 06:09:00.000,92eed72e-df4f-4e0b-a02e-f3ffde180428,
6378,4,0,11,2025-05-15 06:11:00.000,,,2025-05-15 06:11:53.140,2025-05-15 06:11:53.140,11,1.2777778,8.15,0.37,UTC+0200,HFrhKp8clb,com.sec.android.app.shealth,2025-05-15 06:12:00.000,17cad1a3-10e6-4c52-a847-0ce52710c6c7,
5632,4,0,10,2025-05-15 06:23:00.000,,,2025-05-15 06:23:39.737,2025-05-15 06:23:39.737,10,1.3333334,7.51,0.43,UTC+0200,HFrhKp8clb,com.sec.android.app.shealth,2025-05-15 06:24:00.000,dba59e07-fac9-4763-a9bf-d0d13dd6df89,
30345,4,0,46,2025-05-15 06:24:00.000,,,2025-05-15 06:25:05.717,2025-05-15 06:24:01.893,46,1.0897831,33.07,1.77,UTC+0200,HFrhKp8clb,com.sec.android.app.shealth,2025-05-15 06:25:00.000,556d7b77-bc2c-498a-9649-292bc3af83fc,
10890,4,0,17,2025-05-15 06:25:00.000,,,2025-05-15 06:26:10.382,2025-05-15 06:26:10.382,17,1.1111112,12.1,0.63,UTC+0200,HFrhKp8clb,com.sec.android.app.shealth,2025-05-15 06:26:00.000,6eb806d4-60cb-4956-b50f-bc0cf92c1807,
27747,4,0,44,2025-05-15 06:26:00.000,,,2025-05-15 06:26:56.930,2025-05-15 06:26:40.680,44,1.1604642,32.2,1.56,UTC+0200,HFrhKp8clb,com.sec.android.app.shealth,2025-05-15 06:27:00.000,a28cd6bb-6c47-4cbd-a04d-a2d2ec778710,
21727,4,0,42,2025-05-15 06:27:00.000,,,2025-05-15 06:27:30.838,2025-05-15 06:27:30.155,42,1.5036361,32.67,1.43,UTC+0200,HFrhKp8clb,com.sec.android.app.shealth,2025-05-15 06:28:00.000,4b0bdf6e-2c3e-40ac-bc55-3634e32a620f,
19472,4,0,26,2025-05-15 06:28:00.000,,,2025-05-15 06:28:57.674,2025-05-15 06:28:57.674,26,0.9166667,17.85,1.06,UTC+0200,HFrhKp8clb,com.sec.android.app.shealth,2025-05-15 06:29:00.000,b8da27b5-8908-4c3c-b6ba-88d5be2ca024,
10342,4,0,15,2025-05-15 06:29:00.000,,,2025-05-15 06:30:17.529,2025-05-15 06:30:17.529,15,1.0277777,10.63,0.56,UTC+0200,HFrhKp8clb,com.sec.android.app.shealth,2025-05-15 06:30:00.000,fb5fc6b8-8426-48c3-a89c-c037114814e4,
23453,4,0,33,2025-05-15 06:30:00.000,,,2025-05-15 06:34:59.961,2025-05-15 06:30:17.573,33,0.98792726,23.17,1.27,UTC+0200,HFrhKp8clb,com.sec.android.app.shealth,2025-05-15 06:31:00.000,24582150-1e76-4199-ba85-23328babbb4f,
30904,4,0,46,2025-05-15 06:31:00.000,,,2025-05-15 06:35:00.113,2025-05-15 06:35:00.113,46,1.0833334,33.48,1.62,UTC+0200,HFrhKp8clb,com.sec.android.app.shealth,2025-05-15 06:32:00.000,2a5a0d30-a82e-42f4-be3d-adceb928cd6d,
26153,4,0,47,2025-05-15 06:40:00.000,,,2025-05-15 06:52:18.022,2025-05-15 06:40:30.354,47,1.3489497,35.28,1.6899998,UTC+0200,HFrhKp8clb,com.sec.android.app.shealth,2025-05-15 06:41:00.000,249c5cf9-6fb0-4f68-8dce-b8ae2ba55876,
14008,4,0,29,2025-05-15 06:42:00.000,,,2025-05-15 06:52:18.112,2025-05-15 06:52:18.112,29,1.6111112,22.57,1.16,UTC+0200,HFrhKp8clb,com.sec.android.app.shealth,2025-05-15 06:43:00.000,faf00b9a-4510-48a9-b6d3-4b7b69eef197,
24442,4,0,51,2025-05-15 06:43:00.000,,,2025-05-15 06:52:18.155,2025-05-15 06:52:18.155,51,1.6111112,39.38,1.91,UTC+0200,HFrhKp8clb,com.sec.android.app.shealth,2025-05-15 06:44:00.000,d850b101-3bbc-4681-ba92-228ef6def9f0,
7861,4,0,10,2025-05-15 06:46:00.000,,,2025-05-15 06:52:18.185,2025-05-15 06:52:18.185,10,0.8611111,6.77,0.38,UTC+0200,HFrhKp8clb,com.sec.android.app.shealth,2025-05-15 06:47:00.000,93a04217-fd83-447a-90c1-4c410f7979cd,
9550,4,0,13,2025-05-15 07:17:00.000,,,2025-05-15 07:27:17.444,2025-05-15 07:27:17.444,13,0.94444436,9.02,0.52,UTC+0200,HFrhKp8clb,com.sec.android.app.shealth,2025-05-15 07:18:00.000,9d97516b-ea72-45ab-9f91-49ec2298b8e0,
28774,4,0,46,2025-05-15 07:26:00.000,,,2025-05-15 07:27:17.479,2025-05-15 07:27:17.479,46,1.1666666,33.57,1.68,UTC+0200,HFrhKp8clb,com.sec.android.app.shealth,2025-05-15 07:27:00.000,a7f5622b-afbc-4f54-818c-12244bcfc70d,
8288,4,0,13,2025-05-15 07:27:00.000,,,2025-05-15 07:27:17.526,2025-05-15 07:27:17.526,13,1.2222222,10.13,0.38,UTC+0200,HFrhKp8clb,com.sec.android.app.shealth,2025-05-15 07:28:00.000,73842745-d597-4351-a3ca-9fe76e01707b,
12969,4,0,19,2025-05-15 07:28:00.000,,,2025-05-15 07:28:44.220,2025-05-15 07:28:44.220,19,1.0277778,13.33,0.79,UTC+0200,HFrhKp8clb,com.sec.android.app.shealth,2025-05-15 07:29:00.000,fce0885c-bc6d-4895-b3ca-80c0b677fcf7,
42480,4,0,66,2025-05-15 07:29:00.000,,,2025-05-15 07:30:07.045,2025-05-15 07:29:57.511,66,1.1111112,47.2,3.0799997,UTC+0200,HFrhKp8clb,com.sec.android.app.shealth,2025-05-15 07:30:00.000,6cd688a3-1ae0-45bd-8a43-3634c71d13c6,
39057,4,0,64,2025-05-15 07:30:00.000,,,2025-05-15 07:34:59.974,2025-05-15 07:30:07.126,64,1.2084899,47.2,2.22,UTC+0200,HFrhKp8clb,com.sec.android.app.shealth,2025-05-15 07:31:00.000,31727a25-6519-490e-bcc3-ba471597e954,
33315,4,0,46,2025-05-15 07:31:00.000,,,2025-05-15 07:35:00.089,2025-05-15 07:35:00.089,46,0.97222215,32.39,1.73,UTC+0200,HFrhKp8clb,com.sec.android.app.shealth,2025-05-15 07:32:00.000,c0c3877e-d8bc-4354-acd9-5f50379c11f0,
29500,4,0,43,2025-05-15 08:14:00.000,,,2025-05-15 08:14:59.952,2025-05-15 08:14:59.952,43,1.0277778,30.32,1.55,UTC+0200,HFrhKp8clb,com.sec.android.app.shealth,2025-05-15 08:15:00.000,500c58e2-1c33-410f-aef3-a7b346ad6a8a,
8012,4,0,13,2025-05-15 08:15:00.000,,,2025-05-15 08:19:07.720,2025-05-15 08:19:07.720,13,1.1944444,9.57,0.46,UTC+0200,HFrhKp8clb,com.sec.android.app.shealth,2025-05-15 08:16:00.000,6b527fc6-df2b-4be4-9736-917e852663c5,
26334,4,0,35,2025-05-15 08:17:00.000,,,2025-05-15 08:19:07.852,2025-05-15 08:19:07.852,35,0.9166667,24.14,1.29,UTC+0200,HFrhKp8clb,com.sec.android.app.shealth,2025-05-15 08:18:00.000,95870e5d-b2ca-4d77-bca9-9dc4647811ab,
1420,4,0,2,2025-05-15 08:18:00.000,,,2025-05-15 08:19:07.909,2025-05-15 08:19:07.909,2,1.0277778,1.46,0.06,UTC+0200,HFrhKp8clb,com.sec.android.app.shealth,2025-05-15 08:19:00.000,c0bede9a-6c9c-4ef0-9cc7-31400cde7fef,
29870,4,0,43,2025-05-19 07:07:00.000,,,2025-05-19 07:09:16.447,2025-05-19 07:09:16.447,43,1.0277778,30.7,1.77,UTC+0200,HFrhKp8clb,com.sec.android.app.shealth,2025-05-19 07:08:00.000,68c3ec35-52a9-4dd7-859b-bc1d458c4878,
47630,4,0,73,2025-05-19 07:09:00.000,,,2025-05-19 07:11:11.969,2025-05-19 07:09:16.538,73,1.1030736,52.54,3.06,UTC+0200,HFrhKp8clb,com.sec.android.app.shealth,2025-05-19 07:10:00.000,d2f5afcd-bb4e-42e9-ae12-969c8c5a8e5b,
19374,4,0,32,2025-05-19 07:10:00.000,,,2025-05-19 07:11:12.096,2025-05-19 07:11:12.096,32,1.2222222,23.68,1.28,UTC+0200,HFrhKp8clb,com.sec.android.app.shealth,2025-05-19 07:11:00.000,12469fc7-ec58-4ebf-bce5-6e9f61897492,
19961,4,0,33,2025-05-19 07:11:00.000,,,2025-05-19 07:13:50.150,2025-05-19 07:11:43.975,33,1.1978031,23.91,1.7500001,UTC+0200,HFrhKp8clb,com.sec.android.app.shealth,2025-05-19 07:12:00.000,be0aff7b-aee9-4415-b2c4-146fbd6b84d7,
29871,4,0,49,2025-05-19 07:12:00.000,,,2025-05-19 07:13:50.192,2025-05-19 07:13:50.192,49,1.2222222,36.51,1.95,UTC+0200,HFrhKp8clb,com.sec.android.app.shealth,2025-05-19 07:13:00.000,eab6f48e-2fdd-4ec1-ae9d-32426cf4424a,
5400,4,0,9,2025-05-19 07:13:00.000,,,2025-05-19 07:13:50.263,2025-05-19 07:13:50.263,9,1.2222222,6.6,0.36,UTC+0200,HFrhKp8clb,com.sec.android.app.shealth,2025-05-19 07:14:00.000,7ac0c185-52f0-4721-a3f0-0a72fe46b8d2,
16803,4,0,26,2025-05-19 07:14:00.000,,,2025-05-19 07:14:59.841,2025-05-19 07:14:59.841,26,1.1111112,18.67,1.04,UTC+0200,HFrhKp8clb,com.sec.android.app.shealth,2025-05-19 07:15:00.000,3f28182c-4c12-453c-aafb-0e6b49e34506,
18402,4,0,26,2025-05-19 07:15:00.000,,,2025-05-19 07:15:59.007,2025-05-19 07:15:42.686,26,0.9889838,18.2,1.0600001,UTC+0200,HFrhKp8clb,com.sec.android.app.shealth,2025-05-19 07:16:00.000,d5494bf2-95b0-4c09-bd04-09ca2ac56fa5,
22133,4,0,34,2025-05-19 07:16:00.000,,,2025-05-19 07:17:27.929,2025-05-19 07:16:30.832,34,1.097426,24.289999,1.36,UTC+0200,HFrhKp8clb,com.sec.android.app.shealth,2025-05-19 07:17:00.000,f59c6e71-23fd-4d26-af40-af4c41746808,
39496,4,0,67,2025-05-19 07:17:00.000,,,2025-05-19 07:18:28.059,2025-05-19 07:17:28.011,67,1.2578379,49.68,2.66,UTC+0200,HFrhKp8clb,com.sec.android.app.shealth,2025-05-19 07:18:00.000,cce8353f-39e2-42dd-afb3-d10a17d56e4b,
22874,4,0,42,2025-05-19 07:18:00.000,,,2025-05-19 07:18:28.144,2025-05-19 07:18:28.144,42,1.3888888,31.77,1.66,UTC+0200,HFrhKp8clb,com.sec.android.app.shealth,2025-05-19 07:19:00.000,450ffb52-cec0-4bf7-a7d3-ced715c41086,
5766,4,0,11,2025-05-19 07:20:00.000,,,2025-05-19 07:20:34.413,2025-05-19 07:20:34.413,11,1.4722222,8.49,0.41,UTC+0200,HFrhKp8clb,com.sec.android.app.shealth,2025-05-19 07:21:00.000,05d7773d-bcf4-484e-9ba9-fec28862dfd8,
6162,4,0,10,2025-05-19 07:43:00.000,,,2025-05-19 07:43:42.219,2025-05-19 07:43:42.219,10,1.1666666,7.19,0.43,UTC+0200,HFrhKp8clb,com.sec.android.app.shealth,2025-05-19 07:44:00.000,301825c0-b266-42ab-b8b0-50066f3bc46a,
19169,4,0,34,2025-05-19 07:44:00.000,,,2025-05-19 07:45:12.664,2025-05-19 07:45:12.664,34,1.3333334,25.56,1.32,UTC+0200,HFrhKp8clb,com.sec.android.app.shealth,2025-05-19 07:45:00.000,1fe46458-cf98-4ec6-a2f6-52da03b2a02e,
31090,4,0,56,2025-05-19 07:45:00.000,,,2025-05-19 07:45:50.434,2025-05-19 07:45:12.717,56,1.3615291,42.33,2.22,UTC+0200,HFrhKp8clb,com.sec.android.app.shealth,2025-05-19 07:46:00.000,0a2febba-8889-45d5-ad43-333b24ab6541,
26522,4,0,44,2025-05-19 07:46:00.000,,,2025-05-19 07:48:33.955,2025-05-19 07:48:33.955,44,1.1944444,31.68,1.81,UTC+0200,HFrhKp8clb,com.sec.android.app.shealth,2025-05-19 07:47:00.000,1472900c-9b13-4025-b65e-5456c09bf6d0,
18850,4,0,39,2025-05-19 07:47:00.000,,,2025-05-19 07:48:34.030,2025-05-19 07:48:34.030,39,1.6111109,30.37,1.55,UTC+0200,HFrhKp8clb,com.sec.android.app.shealth,2025-05-19 07:48:00.000,a44193d9-9ffa-41f6-9440-50bed6271c00,
7595,4,0,12,2025-05-19 07:49:00.000,,,2025-05-19 07:50:17.305,2025-05-19 07:50:17.305,12,1.1388888,8.65,0.52,UTC+0200,HFrhKp8clb,com.sec.android.app.shealth,2025-05-19 07:50:00.000,0774994f-dfed-4fef-aa66-8eca4efe8d8e,
21162,4,0,34,2025-05-19 08:07:00.000,,,2025-05-19 08:09:52.981,2025-05-19 08:09:52.981,34,1.1666666,24.69,1.17,UTC+0200,HFrhKp8clb,com.sec.android.app.shealth,2025-05-19 08:08:00.000,78d552f3-4db6-4a49-9c9c-867405e26386,
1176,4,0,2,2025-05-19 08:08:00.000,,,2025-05-19 08:09:53.089,2025-05-19 08:09:53.089,2,1.25,1.47,0.08,UTC+0200,HFrhKp8clb,com.sec.android.app.shealth,2025-05-19 08:09:00.000,efce5bfb-be6d-4007-927d-d6537f204fe4,
17753,4,0,30,2025-05-19 08:09:00.000,,,2025-05-19 08:12:59.582,2025-05-19 08:09:53.140,30,1.2357879,21.939999,1.01,UTC+0200,HFrhKp8clb,com.sec.android.app.shealth,2025-05-19 08:10:00.000,1722103a-d1e0-4578-b8b3-865d4605d8e9,
15330,4,0,25,2025-05-19 09:04:00.000,,,2025-05-19 09:04:32.579,2025-05-19 09:04:23.924,25,1.2015352,18.419994,0.9400002,UTC+0200,HFrhKp8clb,com.sec.android.app.shealth,2025-05-19 09:05:00.000,db23a1dc-f5cd-4245-9941-5c243c7806ab,
15687,4,0,22,2025-05-19 09:05:00.000,,,2025-05-19 09:15:00.660,2025-05-19 09:05:28.646,22,0.99315965,15.58,0.79999995,UTC+0200,HFrhKp8clb,com.sec.android.app.shealth,2025-05-19 09:06:00.000,85fe830b-338a-44e8-966e-9a9bfe7ad157,
4716,4,0,7,2025-05-19 09:06:00.000,,,2025-05-19 09:15:00.811,2025-05-19 09:15:00.811,7,1.0833334,5.11,0.28,UTC+0200,HFrhKp8clb,com.sec.android.app.shealth,2025-05-19 09:07:00.000,3bce9b24-0853-4608-91e2-c809d435e72f,
25807,4,0,33,2025-05-19 09:12:00.000,,,2025-05-19 09:15:00.841,2025-05-19 09:15:00.841,33,0.8888889,22.94,1.34,UTC+0200,HFrhKp8clb,com.sec.android.app.shealth,2025-05-19 09:13:00.000,4276efca-65ec-4588-a7d6-f24d235c3cf2,
9441,4,0,12,2025-05-19 09:13:00.000,,,2025-05-19 09:15:00.870,2025-05-19 09:15:00.870,12,0.8611111,8.13,0.45,UTC+0200,HFrhKp8clb,com.sec.android.app.shealth,2025-05-19 09:14:00.000,1f45001d-40d2-4192-baee-27aafc19c354,
12557,4,0,20,2025-05-19 09:21:00.000,,,2025-05-19 09:26:38.335,2025-05-19 09:26:38.335,20,1.1666666,14.65,0.73,UTC+0200,HFrhKp8clb,com.sec.android.app.shealth,2025-05-19 09:22:00.000,c70cf265-0e5d-473e-9a4f-50d44475382c,
7616,4,0,10,2025-05-19 09:22:00.000,,,2025-05-19 09:26:38.428,2025-05-19 09:26:38.428,10,0.8888889,6.77,0.39,UTC+0200,HFrhKp8clb,com.sec.android.app.shealth,2025-05-19 09:23:00.000,24608166-f1dd-428e-8336-a8c013a18b3b,
7896,4,0,10,2025-05-19 09:25:00.000,,,2025-05-19 09:26:38.492,2025-05-19 09:26:38.492,10,0.8611111,6.8,0.39,UTC+0200,HFrhKp8clb,com.sec.android.app.shealth,2025-05-19 09:26:00.000,c796e6ab-6151-47bf-92e5-b0b7d25057a6,
30952,4,0,52,2025-05-19 09:26:00.000,,,2025-05-19 09:28:12.446,2025-05-19 09:26:38.551,52,1.2306013,38.09,1.7,UTC+0200,HFrhKp8clb,com.sec.android.app.shealth,2025-05-19 09:27:00.000,ece80bf1-4c83-400c-b255-e6f75eeb06a8,
26045,4,0,43,2025-05-19 09:28:00.000,,,2025-05-19 09:34:59.668,2025-05-19 09:34:59.668,43,1.1944444,31.11,1.43,UTC+0200,HFrhKp8clb,com.sec.android.app.shealth,2025-05-19 09:29:00.000,2a90b0f1-dd8b-462c-9fc9-d8cea766e1c2,
13205,4,0,22,2025-05-19 09:29:00.000,,,2025-05-19 09:34:59.802,2025-05-19 09:34:59.802,22,1.2222222,16.14,0.76,UTC+0200,HFrhKp8clb,com.sec.android.app.shealth,2025-05-19 09:30:00.000,9038abb6-740c-47dd-9401-5412e9515ee2,
8578,4,0,12,2025-05-19 09:43:00.000,,,2025-05-19 09:44:21.646,2025-05-19 09:44:21.646,12,0.9722222,8.34,0.47,UTC+0200,HFrhKp8clb,com.sec.android.app.shealth,2025-05-19 09:44:00.000,fc04cb3c-b574-4f68-a319-52230c3de961,
12646,4,0,16,2025-05-19 09:44:00.000,,,2025-05-19 09:50:17.003,2025-05-19 09:50:17.003,16,0.8611111,10.89,0.61,UTC+0200,HFrhKp8clb,com.sec.android.app.shealth,2025-05-19 09:45:00.000,d85a3838-12ab-48b7-8295-290ed5c73c90,
7384,4,0,12,2025-05-19 09:51:00.000,,,2025-05-19 09:51:58.596,2025-05-19 09:51:58.596,12,1.1944444,8.82,0.44,UTC+0200,HFrhKp8clb,com.sec.android.app.shealth,2025-05-19 09:52:00.000,eb376445-c3a7-4f08-96c9-c0c277ebeb7b,
6487,4,0,11,2025-05-19 09:53:00.000,,,2025-05-19 09:53:47.604,2025-05-19 09:53:47.604,11,1.25,8.11,0.4,UTC+0200,HFrhKp8clb,com.sec.android.app.shealth,2025-05-19 09:54:00.000,92e311a6-1535-4231-97f0-5876fdcc4a90,
21793,4,0,39,2025-05-19 09:54:00.000,,,2025-05-19 09:54:59.854,2025-05-19 09:54:55.519,39,1.3761096,29.990004,1.3099998,UTC+0200,HFrhKp8clb,com.sec.android.app.shealth,2025-05-19 09:55:00.000,87f76d81-b654-4c75-8a8a-7794467c1a5f,
37089,4,0,65,2025-05-19 09:55:00.000,,,2025-05-19 09:56:01.478,2025-05-19 09:55:00.429,65,1.3079057,48.510002,2.33,UTC+0200,HFrhKp8clb,com.sec.android.app.shealth,2025-05-19 09:56:00.000,351d2b74-87ad-493e-a003-93caa55e006b,
23836,4,0,45,2025-05-19 10:24:00.000,,,2025-05-19 10:25:10.581,2025-05-19 10:24:37.052,45,1.4397868,34.32,1.62,UTC+0200,HFrhKp8clb,com.sec.android.app.shealth,2025-05-19 10:25:00.000,590172e0-dcba-446d-8309-107fe51227c2,
19616,4,0,36,2025-05-19 10:25:00.000,,,2025-05-19 10:25:44.025,2025-05-19 10:25:10.673,36,1.3947164,27.36,1.33,UTC+0200,HFrhKp8clb,com.sec.android.app.shealth,2025-05-19 10:26:00.000,5c8940d1-c2ae-4330-af21-6bb9373c5bf2,
7342,4,0,11,2025-05-19 10:26:00.000,,,2025-05-19 10:28:48.047,2025-05-19 10:28:48.047,11,1.0555556,7.75,0.42,UTC+0200,HFrhKp8clb,com.sec.android.app.shealth,2025-05-19 10:27:00.000,f815a2c3-a3a4-4fea-8b9e-6607b7849c55,
5097,4,0,10,2025-05-19 10:27:00.000,,,2025-05-19 10:28:48.114,2025-05-19 10:28:48.114,10,1.5555556,7.93,0.26,UTC+0200,HFrhKp8clb,com.sec.android.app.shealth,2025-05-19 10:28:00.000,8c317d2a-70c0-410d-ae3c-01459fa183c7,
4941,4,0,10,2025-05-19 10:30:00.000,,,2025-05-19 10:31:06.922,2025-05-19 10:31:06.922,10,1.5277778,7.55,0.34,UTC+0200,HFrhKp8clb,com.sec.android.app.shealth,2025-05-19 10:31:00.000,45f9654b-d442-413b-a3e1-30c8382be783,
7970,4,0,13,2025-05-19 10:49:00.000,,,2025-05-19 10:54:59.698,2025-05-19 10:54:59.698,13,1.1944444,9.52,0.46,UTC+0200,HFrhKp8clb,com.sec.android.app.shealth,2025-05-19 10:50:00.000,7120c92c-423e-4f8d-ac01-d4738ff070bb,
5458,4,0,8,2025-05-19 10:50:00.000,,,2025-05-19 10:54:59.796,2025-05-19 10:54:59.796,8,1.0277778,5.61,0.32,UTC+0200,HFrhKp8clb,com.sec.android.app.shealth,2025-05-19 10:51:00.000,d90223f3-05b3-468f-88f8-e0a836be6692,
15656,4,0,26,2025-05-19 11:59:00.000,,,2025-05-19 12:00:35.521,2025-05-19 11:59:35.883,26,1.2384393,19.39,1.03,UTC+0200,HFrhKp8clb,com.sec.android.app.shealth,2025-05-19 12:00:00.000,edc1074d-3d8d-4893-b4a3-6c95d77154b4,
40800,4,0,58,2025-05-19 12:01:00.000,,,2025-05-19 12:04:38.099,2025-05-19 12:04:38.099,58,1.0,40.8,2.24,UTC+0200,HFrhKp8clb,com.sec.android.app.shealth,2025-05-19 12:02:00.000,2278f372-0097-4198-8b74-527a05d86789,
16498,4,0,23,2025-05-19 12:03:00.000,,,2025-05-19 12:04:38.134,2025-05-19 12:04:38.134,23,0.9722222,16.04,0.81,UTC+0200,HFrhKp8clb,com.sec.android.app.shealth,2025-05-19 12:04:00.000,541db9ef-2f25-4868-87e5-a541b68c6ff1,
15043,4,0,28,2025-05-19 12:04:00.000,,,2025-05-19 12:04:38.168,2025-05-19 12:04:38.168,28,1.4444444,21.73,1.02,UTC+0200,HFrhKp8clb,com.sec.android.app.shealth,2025-05-19 12:05:00.000,8809d0cb-e215-482c-9f26-ab9746616dbf,
24257,4,0,39,2025-05-19 12:05:00.000,,,2025-05-19 12:08:40.090,2025-05-19 12:08:40.090,39,1.1666666,28.3,1.47,UTC+0200,HFrhKp8clb,com.sec.android.app.shealth,2025-05-19 12:06:00.000,12c5cf92-259e-489e-bb44-dbaccb39fcb1,
10227,4,0,17,2025-05-19 12:06:00.000,,,2025-05-19 12:08:40.188,2025-05-19 12:08:40.188,17,1.2222222,12.5,0.62,UTC+0200,HFrhKp8clb,com.sec.android.app.shealth,2025-05-19 12:07:00.000,75dca433-94d8-4a3e-9edc-dd37329c8bfb,
8530,4,0,12,2025-05-19 12:12:00.000,,,2025-05-19 12:13:58.725,2025-05-19 12:13:58.725,12,1.0,8.53,0.43,UTC+0200,HFrhKp8clb,com.sec.android.app.shealth,2025-05-19 12:13:00.000,0180ff58-f5d6-4dac-8d3a-efbfdef4a058,
12492,4,0,22,2025-05-19 12:44:00.000,,,2025-05-19 12:45:08.497,2025-05-19 12:45:08.497,22,1.3055556,16.31,0.69,UTC+0200,HFrhKp8clb,com.sec.android.app.shealth,2025-05-19 12:45:00.000,01b59051-aa48-4fa2-b97b-590849ba279d,
13135,4,0,27,2025-05-19 12:45:00.000,,,2025-05-19 12:48:50.698,2025-05-19 12:45:08.572,27,1.5979474,20.99,1.05,UTC+0200,HFrhKp8clb,com.sec.android.app.shealth,2025-05-19 12:46:00.000,74a5fd48-4349-4a73-ba1b-c6563c589955,
5354,4,5,10,2025-05-19 12:47:00.000,,,2025-05-19 12:48:50.737,2025-05-19 12:48:50.737,15,2.4166667,12.94,0.92,UTC+0200,HFrhKp8clb,com.sec.android.app.shealth,2025-05-19 12:48:00.000,2ec2f169-b78b-4113-80e6-b937726d38a2,
30690,4,0,53,2025-05-19 12:48:00.000,,,2025-05-19 12:50:29.012,2025-05-19 12:48:50.794,53,1.2499185,38.36,1.88,UTC+0200,HFrhKp8clb,com.sec.android.app.shealth,2025-05-19 12:49:00.000,fa87f53d-1e10-40dc-a46f-ac2b4ab3b19e,
11763,4,0,16,2025-05-19 13:13:00.000,,,2025-05-19 13:15:00.674,2025-05-19 13:15:00.674,16,0.9444444,11.11,0.63,UTC+0200,HFrhKp8clb,com.sec.android.app.shealth,2025-05-19 13:14:00.000,429b6510-ccc9-412c-a3c7-1abbe6b947ba,
710,4,0,1,2025-05-19 13:14:00.000,,,2025-05-19 13:15:00.798,2025-05-19 13:15:00.798,1,1.0,0.71,0.04,UTC+0200,HFrhKp8clb,com.sec.android.app.shealth,2025-05-19 13:15:00.000,ac93f629-2b78-4071-bc34-284ea930664f,
8970,4,0,16,2025-05-19 13:22:00.000,,,2025-05-19 13:23:09.753,2025-05-19 13:23:09.753,16,1.3333334,11.96,0.57,UTC+0200,HFrhKp8clb,com.sec.android.app.shealth,2025-05-19 13:23:00.000,bb56db33-608a-49a6-a3de-690aea1b37bf,
9453,4,0,17,2025-05-19 13:23:00.000,,,2025-05-19 13:23:11.423,2025-05-19 13:23:09.841,17,1.3561491,12.82,0.64000005,UTC+0200,HFrhKp8clb,com.sec.android.app.shealth,2025-05-19 13:24:00.000,5171a3dd-8007-4727-bae8-c27db6dd4c54,
8056,4,0,12,2025-05-19 13:25:00.000,,,2025-05-19 13:26:09.985,2025-05-19 13:26:09.985,12,1.0277778,8.28,0.61,UTC+0200,HFrhKp8clb,com.sec.android.app.shealth,2025-05-19 13:26:00.000,a326d455-075c-4507-8ad4-cc7912de59f1,
34615,4,0,58,2025-05-19 13:26:00.000,,,2025-05-19 13:28:29.624,2025-05-19 13:26:10.077,58,1.2413505,42.97,2.05,UTC+0200,HFrhKp8clb,com.sec.android.app.shealth,2025-05-19 13:27:00.000,a4dedd95-408e-4587-93ee-8ce4ff401473,
6427,4,0,10,2025-05-19 13:33:00.000,,,2025-05-19 13:35:00.668,2025-05-19 13:35:00.668,10,1.1388888,7.32,0.36,UTC+0200,HFrhKp8clb,com.sec.android.app.shealth,2025-05-19 13:34:00.000,eef92a53-9ec3-4127-a7dd-d0d99d393f14,
13662,4,0,22,2025-05-19 13:34:00.000,,,2025-05-19 13:35:00.776,2025-05-19 13:35:00.776,22,1.1388888,15.56,0.84,UTC+0200,HFrhKp8clb,com.sec.android.app.shealth,2025-05-19 13:35:00.000,cb55d5c1-8d52-44fb-8527-70b31ef1c37a,
11493,4,0,18,2025-05-19 13:35:00.000,,,2025-05-19 13:35:58.908,2025-05-19 13:35:58.908,18,1.1388888,13.09,0.64,UTC+0200,HFrhKp8clb,com.sec.android.app.shealth,2025-05-19 13:36:00.000,157a4fb3-ac81-482b-84e2-4e27e86c113c,
5264,4,0,10,2025-05-19 13:39:00.000,,,2025-05-19 13:47:25.149,2025-05-19 13:47:25.149,10,1.4722222,7.75,0.34,UTC+0200,HFrhKp8clb,com.sec.android.app.shealth,2025-05-19 13:40:00.000,712b200e-b06e-4f32-b92d-d7e522c05139,
9168,4,0,15,2025-05-19 13:47:00.000,,,2025-05-19 13:47:25.204,2025-05-19 13:47:25.204,15,1.25,11.46,0.53,UTC+0200,HFrhKp8clb,com.sec.android.app.shealth,2025-05-19 13:48:00.000,99a2b8b8-d10a-40ca-a590-bc41d305dfd0,
21034,4,0,38,2025-05-19 13:58:00.000,,,2025-05-19 14:00:54.506,2025-05-19 14:00:54.506,38,1.3611112,28.63,1.38,UTC+0200,HFrhKp8clb,com.sec.android.app.shealth,2025-05-19 13:59:00.000,b4ddf7d6-4254-4706-b237-bd9611d534f1,
33643,4,7,59,2025-05-19 13:59:00.000,,,2025-05-19 14:00:54.578,2025-05-19 14:00:54.578,66,1.5277778,51.4,2.77,UTC+0200,HFrhKp8clb,com.sec.android.app.shealth,2025-05-19 14:00:00.000,2ff5738b-ed3d-465a-ac06-407572fd3a07,
15675,4,0,27,2025-05-19 14:00:00.000,,,2025-05-19 14:00:54.640,2025-05-19 14:00:54.640,27,1.2777778,20.03,0.95,UTC+0200,HFrhKp8clb,com.sec.android.app.shealth,2025-05-19 14:01:00.000,b917a568-1179-4fc5-a2ae-32b7dd33be3b,
12368,4,0,20,2025-05-19 15:09:00.000,,,2025-05-19 15:11:21.140,2025-05-19 15:11:21.140,20,1.1666666,14.43,0.76,UTC+0200,HFrhKp8clb,com.sec.android.app.shealth,2025-05-19 15:10:00.000,cd0af4cc-c62a-45ca-844e-4a8569d55242,
24187,4,0,43,2025-05-19 15:10:00.000,,,2025-05-19 15:11:21.223,2025-05-19 15:11:21.223,43,1.3333334,32.25,1.47,UTC+0200,HFrhKp8clb,com.sec.android.app.shealth,2025-05-19 15:11:00.000,8666abae-e378-48c5-8d1d-609b9cc7e7f3,
18662,4,0,34,2025-05-19 15:11:00.000,,,2025-05-19 15:11:21.284,2025-05-19 15:11:21.284,34,1.3888888,25.92,1.28,UTC+0200,HFrhKp8clb,com.sec.android.app.shealth,2025-05-19 15:12:00.000,544e4b27-399a-4c1e-b00b-201edfd4cd04,
7280,4,0,14,2025-05-19 15:12:00.000,,,2025-05-19 15:13:35.402,2025-05-19 15:13:35.402,14,1.5,10.92,0.48,UTC+0200,HFrhKp8clb,com.sec.android.app.shealth,2025-05-19 15:13:00.000,276adf11-822f-464f-b35c-5fd93a65e83a,
33938,4,0,59,2025-05-19 15:13:00.000,,,2025-05-19 15:13:36.246,2025-05-19 15:13:35.449,59,1.3220782,44.87,2.09,UTC+0200,HFrhKp8clb,com.sec.android.app.shealth,2025-05-19 15:14:00.000,0d62f6cd-dde5-4658-b868-45820cd7e02d,
4474,4,0,10,2025-05-19 15:14:00.000,,,2025-05-19 15:15:00.683,2025-05-19 15:15:00.683,10,1.75,7.83,0.34,UTC+0200,HFrhKp8clb,com.sec.android.app.shealth,2025-05-19 15:15:00.000,590258ea-1aeb-49da-9a4c-18de47c45c8e,
7860,4,0,11,2025-05-19 15:15:00.000,,,2025-05-19 15:15:44.434,2025-05-19 15:15:44.434,11,1.0,7.86,0.45,UTC+0200,HFrhKp8clb,com.sec.android.app.shealth,2025-05-19 15:16:00.000,4d2d8914-591f-4327-b13f-799dc5bd7966,
7258,4,0,13,2025-05-19 15:16:00.000,,,2025-05-19 15:18:13.203,2025-05-19 15:18:13.203,13,1.3611112,9.88,0.41,UTC+0200,HFrhKp8clb,com.sec.android.app.shealth,2025-05-19 15:17:00.000,2f6387cd-443c-4b72-87aa-15a5612e8bf1,
5666,4,0,11,2025-05-19 15:17:00.000,,,2025-05-19 15:18:13.239,2025-05-19 15:18:13.239,11,1.5,8.5,0.38,UTC+0200,HFrhKp8clb,com.sec.android.app.shealth,2025-05-19 15:18:00.000,0852aff1-6cbf-426d-bfc5-4faab3532ee8,
11300,4,0,16,2025-05-19 15:18:00.000,,,2025-05-19 15:18:27.242,2025-05-19 15:18:27.242,16,0.99999994,11.3,0.62,UTC+0200,HFrhKp8clb,com.sec.android.app.shealth,2025-05-19 15:19:00.000,f3f400d7-5419-45e9-a50d-b71d9e938b9c,
13011,4,0,18,2025-05-19 15:25:00.000,,,2025-05-19 15:28:14.919,2025-05-19 15:28:14.919,18,0.97222227,12.65,0.63,UTC+0200,HFrhKp8clb,com.sec.android.app.shealth,2025-05-19 15:26:00.000,f9f59f52-dbcc-40a7-b1bc-a3cbc9cb4ba2,
4828,4,0,10,2025-05-19 15:35:00.000,,,2025-05-19 15:37:03.682,2025-05-19 15:37:03.682,10,1.6111112,7.78,0.36,UTC+0200,HFrhKp8clb,com.sec.android.app.shealth,2025-05-19 15:36:00.000,391bc177-a122-423b-a8c3-12468bef10b5,
15520,4,0,22,2025-05-19 15:38:00.000,,,2025-05-19 15:38:42.972,2025-05-19 15:38:42.972,22,1.0,15.52,0.75,UTC+0200,HFrhKp8clb,com.sec.android.app.shealth,2025-05-19 15:39:00.000,767d90f1-07e6-467c-891e-e0d3fb0f93a5,
5677,4,0,10,2025-05-19 15:39:00.000,,,2025-05-19 15:39:32.383,2025-05-19 15:39:32.383,10,1.3333334,7.57,0.33,UTC+0200,HFrhKp8clb,com.sec.android.app.shealth,2025-05-19 15:40:00.000,7d06962a-d42e-42f1-8b84-24fe7cabd4ae,
37212,4,0,66,2025-05-19 15:50:00.000,,,2025-05-19 15:50:45.725,2025-05-19 15:50:37.320,66,1.3396174,49.850002,2.3200002,UTC+0200,HFrhKp8clb,com.sec.android.app.shealth,2025-05-19 15:51:00.000,86dfda79-f795-496d-91f8-5b73c0ddcf78,
8096,4,3,11,2025-05-19 16:23:00.000,,,2025-05-19 16:27:33.560,2025-05-19 16:27:33.560,14,1.3055556,10.57,0.77,UTC+0200,HFrhKp8clb,com.sec.android.app.shealth,2025-05-19 16:24:00.000,71e6ba06-3f5e-40b5-8139-582b537c2377,
25591,4,0,44,2025-05-19 16:24:00.000,,,2025-05-19 16:27:33.640,2025-05-19 16:27:33.640,44,1.2777778,32.7,1.56,UTC+0200,HFrhKp8clb,com.sec.android.app.shealth,2025-05-19 16:25:00.000,b816d7a8-d37c-4648-a1e2-4eca547a8884,
5450,4,0,11,2025-05-19 16:25:00.000,,,2025-05-19 16:27:33.703,2025-05-19 16:27:33.703,11,1.5833334,8.63,0.36,UTC+0200,HFrhKp8clb,com.sec.android.app.shealth,2025-05-19 16:26:00.000,f7ab5d0e-ecd8-42d4-a25c-d491a890d0be,
21847,4,0,35,2025-05-19 16:29:00.000,,,2025-05-19 16:29:58.746,2025-05-19 16:29:41.625,35,1.1598834,25.34,1.1600001,UTC+0200,HFrhKp8clb,com.sec.android.app.shealth,2025-05-19 16:30:00.000,a147d3cf-e8a8-4a47-8525-d0c2d5a5d870,
2919,4,0,5,2025-05-19 16:30:00.000,,,2025-05-19 16:30:05.072,2025-05-19 16:30:01.835,5,1.2777778,3.73,0.16,UTC+0200,HFrhKp8clb,com.sec.android.app.shealth,2025-05-19 16:31:00.000,5d6a7a3d-4c1c-4b22-acbc-71cf7d59423c,
23274,4,0,38,2025-05-19 16:32:00.000,,,2025-05-19 16:33:37.689,2025-05-19 16:33:37.689,38,1.1944444,27.8,1.47,UTC+0200,HFrhKp8clb,com.sec.android.app.shealth,2025-05-19 16:33:00.000,94d035e0-c3b4-4135-9939-df81c7e6de2a,
23326,4,0,40,2025-05-19 16:33:00.000,,,2025-05-19 16:34:59.653,2025-05-19 16:33:37.747,40,1.2826726,29.919998,1.44,UTC+0200,HFrhKp8clb,com.sec.android.app.shealth,2025-05-19 16:34:00.000,efe5f570-37aa-4827-82ac-0126e31cdeb5,
7773,4,0,14,2025-05-19 16:34:00.000,,,2025-05-19 16:34:59.785,2025-05-19 16:34:59.785,14,1.3611112,10.58,0.56,UTC+0200,HFrhKp8clb,com.sec.android.app.shealth,2025-05-19 16:35:00.000,24c5c8c9-1422-43f8-a5d4-6333f7e4fe2a,
15969,4,0,29,2025-05-19 16:35:00.000,,,2025-05-19 16:36:27.380,2025-05-19 16:36:27.380,29,1.3888888,22.18,1.1,UTC+0200,HFrhKp8clb,com.sec.android.app.shealth,2025-05-19 16:36:00.000,de473b37-2730-4598-a323-21326dca4333,
6695,4,0,11,2025-05-19 16:36:00.000,,,2025-05-19 16:36:27.791,2025-05-19 16:36:27.430,11,1.2083445,8.09,0.4,UTC+0200,HFrhKp8clb,com.sec.android.app.shealth,2025-05-19 16:37:00.000,d8b5bb82-e49d-4d4b-9ddb-bb36e1d2614c,
7947,4,0,12,2025-05-19 16:43:00.000,,,2025-05-19 16:43:30.676,2025-05-19 16:43:30.676,12,1.0833334,8.61,0.42,UTC+0200,HFrhKp8clb,com.sec.android.app.shealth,2025-05-19 16:44:00.000,2401a799-5b18-4ad7-853a-b55096c6830b,
5162,4,0,11,2025-05-19 16:49:00.000,,,2025-05-19 16:50:37.143,2025-05-19 16:50:37.143,11,1.6388888,8.46,0.44,UTC+0200,HFrhKp8clb,com.sec.android.app.shealth,2025-05-19 16:50:00.000,a7c7972c-e9d7-4b62-ba93-bc3afb8c10dd,
14652,4,0,26,2025-05-19 16:55:00.000,,,2025-05-19 16:55:41.608,2025-05-19 16:55:07.658,26,1.3274637,19.45,0.93,UTC+0200,HFrhKp8clb,com.sec.android.app.shealth,2025-05-19 16:56:00.000,a5aabc93-9118-4297-a415-95cfad7e105d,
20917,4,0,37,2025-05-19 17:02:00.000,,,2025-05-19 17:04:18.080,2025-05-19 17:04:18.080,37,1.3333334,27.89,1.29,UTC+0200,HFrhKp8clb,com.sec.android.app.shealth,2025-05-19 17:03:00.000,abf05d36-9313-402e-b486-057b843692a1,
60000,4,0,106,2025-05-19 17:03:00.000,,,2025-05-19 17:04:18.170,2025-05-19 17:04:18.170,106,1.3353333,80.12,3.84,UTC+0200,HFrhKp8clb,com.sec.android.app.shealth,2025-05-19 17:04:00.000,544a5363-642f-4d19-b8e3-37f651d35882,
5609,4,0,11,2025-05-19 17:04:00.000,,,2025-05-19 17:04:18.211,2025-05-19 17:04:18.211,11,1.5277779,8.57,0.36,UTC+0200,HFrhKp8clb,com.sec.android.app.shealth,2025-05-19 17:05:00.000,48109a0c-2b1a-456f-9e86-71c4ab32f67c,
11458,4,0,16,2025-05-19 18:07:00.000,,,2025-05-19 18:08:31.456,2025-05-19 18:08:31.456,16,0.9722222,11.14,0.6,UTC+0200,HFrhKp8clb,com.sec.android.app.shealth,2025-05-19 18:08:00.000,9875896b-0296-4561-8e0d-243d7e453ec7,
4038,4,0,10,2025-05-19 18:09:00.000,,,2025-05-19 18:10:20.647,2025-05-19 18:10:20.647,10,2.0277777,8.19,0.34,UTC+0200,HFrhKp8clb,com.sec.android.app.shealth,2025-05-19 18:10:00.000,ec5de728-d115-4990-8ea6-0446d03cbb4a,
29237,4,0,54,2025-05-19 18:10:00.000,,,2025-05-19 18:11:16.705,2025-05-19 18:10:32.306,54,1.4095091,41.21,2.01,UTC+0200,HFrhKp8clb,com.sec.android.app.shealth,2025-05-19 18:11:00.000,6f20970d-75cd-493a-b0cf-eb087d54c92c,
46272,4,0,89,2025-05-19 18:11:00.000,,,2025-05-19 18:11:51.492,2025-05-19 18:11:16.797,89,1.4890109,68.9,2.84,UTC+0200,HFrhKp8clb,com.sec.android.app.shealth,2025-05-19 18:12:00.000,d73d60f0-7754-4957-8ac0-e0db244ca2e7,
6995,4,4,12,2025-05-19 18:12:00.000,,,2025-05-19 18:12:07.236,2025-05-19 18:12:03.650,16,1.8812354,13.16,0.65000004,UTC+0200,HFrhKp8clb,com.sec.android.app.shealth,2025-05-19 18:13:00.000,8bdba050-70f5-42f4-9b3a-1a6190e4d4ac,
17028,4,0,31,2025-05-19 18:21:00.000,,,2025-05-19 18:25:48.415,2025-05-19 18:25:48.415,31,1.3888888,23.65,1.16,UTC+0200,HFrhKp8clb,com.sec.android.app.shealth,2025-05-19 18:22:00.000,fd87450c-4338-415c-934d-2fabd94d6252,
36168,4,0,65,2025-05-19 18:22:00.000,,,2025-05-19 18:25:48.469,2025-05-19 18:25:48.469,65,1.3611109,49.23,2.33,UTC+0200,HFrhKp8clb,com.sec.android.app.shealth,2025-05-19 18:23:00.000,e7909ece-efe6-4286-bc7f-dbe10bb4c811,
34903,4,0,57,2025-05-19 18:23:00.000,,,2025-05-19 18:25:48.516,2025-05-19 18:25:48.516,57,1.2222222,42.66,1.97,UTC+0200,HFrhKp8clb,com.sec.android.app.shealth,2025-05-19 18:24:00.000,83c27423-0e6e-44a9-aa10-2841fe60a0fe,
11535,4,0,20,2025-05-19 20:33:00.000,,,2025-05-19 20:33:31.281,2025-05-19 20:33:31.281,20,1.3055556,15.06,0.77,UTC+0200,HFrhKp8clb,com.sec.android.app.shealth,2025-05-19 20:34:00.000,f66a36bd-a123-43b2-a9a7-70d5d6f86259,
57546,4,0,101,2025-05-19 20:34:00.000,,,2025-05-19 20:35:00.293,2025-05-19 20:35:00.293,101,1.3055556,75.13,3.64,UTC+0200,HFrhKp8clb,com.sec.android.app.shealth,2025-05-19 20:35:00.000,2143ae6a-dac0-4468-8a14-c6715eb8ecdc,
12148,4,0,25,2025-05-19 20:35:00.000,,,2025-05-19 20:35:44.238,2025-05-19 20:35:00.932,25,1.6199383,19.68,0.83,UTC+0200,HFrhKp8clb,com.sec.android.app.shealth,2025-05-19 20:36:00.000,f0a627e5-527d-4f18-9fc1-0ab71f30ba3a,
6928,4,0,17,2025-05-19 20:50:00.000,,,2025-05-19 20:50:44.009,2025-05-19 20:50:40.150,17,2.0104268,13.93,0.56,UTC+0200,HFrhKp8clb,com.sec.android.app.shealth,2025-05-19 20:51:00.000,106bcc48-6326-4bd5-95a9-bed47286fc4c,
9643,4,0,13,2025-05-19 21:13:00.000,,,2025-05-19 21:14:08.243,2025-05-19 21:14:08.243,13,0.9166667,8.84,0.49,UTC+0200,HFrhKp8clb,com.sec.android.app.shealth,2025-05-19 21:14:00.000,4bbb5cbd-6d3c-479a-9727-36a6c1374a69,
33933,4,0,54,2025-05-19 21:15:00.000,,,2025-05-19 21:15:54.370,2025-05-19 21:15:21.670,54,1.1551884,39.2,1.9,UTC+0200,HFrhKp8clb,com.sec.android.app.shealth,2025-05-19 21:16:00.000,9ea6c07e-2423-4168-a407-f92c0fa4e488,
14559,4,0,22,2025-05-20 07:08:00.000,,,2025-05-20 07:08:58.937,2025-05-20 07:08:54.545,22,1.0686855,15.559999,0.9900002,UTC+0200,HFrhKp8clb,com.sec.android.app.shealth,2025-05-20 07:09:00.000,0a5adad5-0575-4976-97d4-b4b418a93f5e,
47118,4,0,80,2025-05-20 07:09:00.000,,,2025-05-20 07:09:51.901,2025-05-20 07:09:00.163,80,1.256618,59.21,3.18,UTC+0200,HFrhKp8clb,com.sec.android.app.shealth,2025-05-20 07:10:00.000,0485c07e-a8a8-4107-9f4c-483ca0ea2f0f,
15913,4,0,24,2025-05-20 07:10:00.000,,,2025-05-20 07:10:56.373,2025-05-20 07:10:56.373,24,1.0833334,17.24,0.98,UTC+0200,HFrhKp8clb,com.sec.android.app.shealth,2025-05-20 07:11:00.000,ee97864a-e5e9-40a8-bbef-49639370b57d,
38603,4,0,73,2025-05-20 07:11:00.000,,,2025-05-20 07:12:11.603,2025-05-20 07:12:11.603,73,1.4444444,55.76,2.87,UTC+0200,HFrhKp8clb,com.sec.android.app.shealth,2025-05-20 07:12:00.000,c00e5903-1dea-4f37-a7b1-0277089e0769,
12600,4,0,22,2025-05-20 07:12:00.000,,,2025-05-20 07:12:14.893,2025-05-20 07:12:11.709,22,1.3015233,16.399998,0.88000005,UTC+0200,HFrhKp8clb,com.sec.android.app.shealth,2025-05-20 07:13:00.000,de79efb3-99ce-4d3e-8a8e-320b3bf93dd2,
8194,4,0,13,2025-05-20 07:38:00.000,,,2025-05-20 07:41:05.922,2025-05-20 07:41:05.922,13,1.1666666,9.56,0.6,UTC+0200,HFrhKp8clb,com.sec.android.app.shealth,2025-05-20 07:39:00.000,c36ab80b-ba02-4095-8037-b81894a8761c,
45795,4,0,81,2025-05-20 07:39:00.000,,,2025-05-20 07:41:05.955,2025-05-20 07:41:05.955,81,1.3333334,61.06,3.24,UTC+0200,HFrhKp8clb,com.sec.android.app.shealth,2025-05-20 07:40:00.000,1ecf7c82-5186-46e7-b8c0-60ed733825b4,
6728,4,0,11,2025-05-20 07:40:00.000,,,2025-05-20 07:41:06.021,2025-05-20 07:41:06.021,11,1.1666666,7.85,0.5,UTC+0200,HFrhKp8clb,com.sec.android.app.shealth,2025-05-20 07:41:00.000,2d3b3496-b517-4981-acda-6aeb8f2938db,
7990,4,0,17,2025-05-20 07:41:00.000,,,2025-05-20 07:42:42.520,2025-05-20 07:41:06.050,17,1.6683105,13.33,0.68,UTC+0200,HFrhKp8clb,com.sec.android.app.shealth,2025-05-20 07:42:00.000,0065582d-9210-4bd5-b95c-0d5d5b2303f7,
18401,4,0,30,2025-05-20 07:42:00.000,,,2025-05-20 07:42:42.598,2025-05-20 07:42:42.598,30,1.1944444,21.98,1.19,UTC+0200,HFrhKp8clb,com.sec.android.app.shealth,2025-05-20 07:43:00.000,3188b906-410e-48cd-b27e-83010154cf96,
9448,4,0,16,2025-05-20 07:43:00.000,,,2025-05-20 07:47:35.413,2025-05-20 07:47:35.413,16,1.25,11.81,0.63,UTC+0200,HFrhKp8clb,com.sec.android.app.shealth,2025-05-20 07:44:00.000,2bdf121d-8501-4441-ab3d-c98989c91705,
10863,4,0,22,2025-05-20 07:44:00.000,,,2025-05-20 07:47:35.512,2025-05-20 07:47:35.512,22,1.5833334,17.2,0.86,UTC+0200,HFrhKp8clb,com.sec.android.app.shealth,2025-05-20 07:45:00.000,3fbe15ab-a1f5-40b7-8628-6a6575d9b50e,
24208,4,0,44,2025-05-20 07:45:00.000,,,2025-05-20 07:47:35.547,2025-05-20 07:47:35.547,44,1.3611112,32.95,1.82,UTC+0200,HFrhKp8clb,com.sec.android.app.shealth,2025-05-20 07:46:00.000,d876f366-7a97-4f04-ab2d-4eb54259ae66,
59495,4,0,107,2025-05-20 07:46:00.000,,,2025-05-20 07:47:35.578,2025-05-20 07:47:35.578,107,1.3611112,80.98,6.09,UTC+0200,HFrhKp8clb,com.sec.android.app.shealth,2025-05-20 07:47:00.000,60219f93-5728-4ada-9968-ebdfae418f99,
12655,4,0,23,2025-05-20 07:47:00.000,,,2025-05-20 07:47:46.404,2025-05-20 07:47:35.621,23,1.4444265,18.279999,0.90000004,UTC+0200,HFrhKp8clb,com.sec.android.app.shealth,2025-05-20 07:48:00.000,3d73880b-10cc-4ddd-be41-c669e4bea6fc,
8972,4,0,17,2025-05-20 09:00:00.000,,,2025-05-20 09:01:30.862,2025-05-20 09:01:30.862,17,1.4722222,13.21,0.67,UTC+0200,HFrhKp8clb,com.sec.android.app.shealth,2025-05-20 09:01:00.000,a2a4964d-5645-4c02-acb6-5ea2edc4cb00,
28991,4,0,51,2025-05-20 09:01:00.000,,,2025-05-20 09:01:31.958,2025-05-20 09:01:30.910,51,1.3055557,37.850002,2.06,UTC+0200,HFrhKp8clb,com.sec.android.app.shealth,2025-05-20 09:02:00.000,3f6551cb-99ab-4f6e-b8f9-54c7cd8135c1,
49848,4,0,87,2025-05-20 15:00:00.000,,,2025-05-20 15:07:12.601,2025-05-20 15:07:12.601,87,1.3055556,65.08,3.48,UTC+0200,HFrhKp8clb,com.sec.android.app.shealth,2025-05-20 15:01:00.000,9a48bf2c-4812-4031-831b-14a845fd60a2,
60000,4,0,108,2025-05-20 15:01:00.000,,,2025-05-20 15:07:12.696,2025-05-20 15:07:12.696,108,1.3443334,80.66,4.32,UTC+0200,HFrhKp8clb,com.sec.android.app.shealth,2025-05-20 15:02:00.000,85b0b87b-5a33-4e6b-a81a-39f722f653f3,
60000,4,0,107,2025-05-20 15:02:00.000,,,2025-05-20 15:07:12.750,2025-05-20 15:07:12.750,107,1.3286667,79.72,4.28,UTC+0200,HFrhKp8clb,com.sec.android.app.shealth,2025-05-20 15:03:00.000,e25d059c-3773-44c5-b5e1-45d70154bef8,
60000,4,0,107,2025-05-20 15:03:00.000,,,2025-05-20 15:07:12.784,2025-05-20 15:07:12.784,107,1.3236666,79.42,4.28,UTC+0200,HFrhKp8clb,com.sec.android.app.shealth,2025-05-20 15:04:00.000,07984e3f-cc10-4cff-9ee8-c8bd40fed3f9,
60000,4,0,108,2025-05-20 15:04:00.000,,,2025-05-20 15:07:12.823,2025-05-20 15:07:12.823,108,1.3469999,80.82,4.32,UTC+0200,HFrhKp8clb,com.sec.android.app.shealth,2025-05-20 15:05:00.000,793361f6-2567-446a-b7fc-e8a167f2a451,
52267,4,0,93,2025-05-20 15:05:00.000,,,2025-05-20 15:07:12.855,2025-05-20 15:07:12.855,93,1.3333334,69.69,3.73,UTC+0200,HFrhKp8clb,com.sec.android.app.shealth,2025-05-20 15:06:00.000,5ae0746a-b643-4afa-b4ff-12ca35a76498,
58500,4,0,101,2025-05-20 15:06:00.000,,,2025-05-20 15:07:12.901,2025-05-20 15:07:12.901,101,1.2777778,74.75,5.18,UTC+0200,HFrhKp8clb,com.sec.android.app.shealth,2025-05-20 15:07:00.000,e30d7a48-02bf-4913-8d02-ce292424d8ca,
7704,4,0,13,2025-05-20 15:07:00.000,,,2025-05-20 15:07:12.981,2025-05-20 15:07:12.981,13,1.25,9.63,0.52,UTC+0200,HFrhKp8clb,com.sec.android.app.shealth,2025-05-20 15:08:00.000,f2723ecc-d664-4bcd-9f0f-442952d047f4,
32572,4,0,60,2025-05-21 07:30:00.000,,,2025-05-21 07:35:00.132,2025-05-21 07:35:00.132,60,1.3888888,45.24,2.37,UTC+0200,HFrhKp8clb,com.sec.android.app.shealth,2025-05-21 07:31:00.000,8a0675d6-381c-4feb-a5e9-5f211cb04510,
60000,4,0,110,2025-05-21 07:31:00.000,,,2025-05-21 07:35:00.249,2025-05-21 07:35:00.249,110,1.3923334,83.54,4.4,UTC+0200,HFrhKp8clb,com.sec.android.app.shealth,2025-05-21 07:32:00.000,30540d62-75a9-4225-a744-425ac2a58c6b,
60000,4,0,112,2025-05-21 07:32:00.000,,,2025-05-21 07:35:00.285,2025-05-21 07:35:00.285,112,1.4301666,85.81,4.48,UTC+0200,HFrhKp8clb,com.sec.android.app.shealth,2025-05-21 07:33:00.000,b3f5f024-fdd8-45a7-a9c3-d402660b0db0,
60000,4,0,111,2025-05-21 07:33:00.000,,,2025-05-21 07:35:00.312,2025-05-21 07:35:00.312,111,1.4071667,84.43,4.44,UTC+0200,HFrhKp8clb,com.sec.android.app.shealth,2025-05-21 07:34:00.000,f9e36382-fa16-49ce-bc08-68b119c5c72f,
60000,4,0,112,2025-05-21 07:34:00.000,,,2025-05-21 07:35:00.336,2025-05-21 07:35:00.336,112,1.4268334,85.61,4.48,UTC+0200,HFrhKp8clb,com.sec.android.app.shealth,2025-05-21 07:35:00.000,982acabf-3318-4c6d-a9f6-2a1164116cb8,
60000,4,0,111,2025-05-21 07:35:00.000,,,2025-05-21 07:55:00.143,2025-05-21 07:55:00.143,111,1.4095,84.57,4.44,UTC+0200,HFrhKp8clb,com.sec.android.app.shealth,2025-05-21 07:36:00.000,65881fcd-00ba-40b7-bd82-3a23e3de1de9,
60000,4,0,110,2025-05-21 07:36:00.000,,,2025-05-21 07:55:00.257,2025-05-21 07:55:00.257,110,1.3935,83.61,4.4,UTC+0200,HFrhKp8clb,com.sec.android.app.shealth,2025-05-21 07:37:00.000,fd115964-6b68-4a44-a486-6e0211332096,
45022,4,0,81,2025-05-21 07:37:00.000,,,2025-05-21 07:55:00.281,2025-05-21 07:55:00.281,81,1.3611112,61.28,3.23,UTC+0200,HFrhKp8clb,com.sec.android.app.shealth,2025-05-21 07:38:00.000,08df5916-1c83-49c8-9185-f136205eae25,
35550,4,0,63,2025-05-21 07:38:00.000,,,2025-05-21 07:55:00.302,2025-05-21 07:55:00.302,63,1.3333334,47.4,2.53,UTC+0200,HFrhKp8clb,com.sec.android.app.shealth,2025-05-21 07:39:00.000,d54b1863-c54f-4bb7-9d54-2ebc1f54b128,
15832,4,0,27,2025-05-21 14:55:00.000,,,2025-05-21 15:02:54.672,2025-05-21 15:02:54.672,27,1.25,19.79,1.06,UTC+0200,HFrhKp8clb,com.sec.android.app.shealth,2025-05-21 14:56:00.000,1a5ecc2c-7874-41e4-949f-f1af57c34b1a,
51127,4,0,91,2025-05-21 14:56:00.000,,,2025-05-21 15:02:54.757,2025-05-21 15:02:54.757,91,1.3333334,68.17,3.63,UTC+0200,HFrhKp8clb,com.sec.android.app.shealth,2025-05-21 14:57:00.000,9b5d3288-2f66-40af-a9d7-e1abd6e16e60,
60000,4,0,108,2025-05-21 14:57:00.000,,,2025-05-21 15:02:54.802,2025-05-21 15:02:54.802,108,1.3433334,80.6,4.32,UTC+0200,HFrhKp8clb,com.sec.android.app.shealth,2025-05-21 14:58:00.000,5df8e86b-62d2-4a41-8168-f1a8ee30c29e,
60000,4,0,108,2025-05-21 14:58:00.000,,,2025-05-21 15:02:54.828,2025-05-21 15:02:54.828,108,1.3553333,81.32,4.32,UTC+0200,HFrhKp8clb,com.sec.android.app.shealth,2025-05-21 14:59:00.000,22786ed6-8875-4362-9e98-e90866ecd0ac,
60000,4,0,109,2025-05-21 14:59:00.000,,,2025-05-21 15:02:54.859,2025-05-21 15:02:54.859,109,1.3766667,82.6,4.36,UTC+0200,HFrhKp8clb,com.sec.android.app.shealth,2025-05-21 15:00:00.000,f6e6576a-9e0f-4e6a-ab4a-b90248d3cab1,
60000,4,0,109,2025-05-21 15:00:00.000,,,2025-05-21 15:02:54.889,2025-05-21 15:02:54.889,109,1.371,82.26,4.36,UTC+0200,HFrhKp8clb,com.sec.android.app.shealth,2025-05-21 15:01:00.000,8bcdd27e-c63b-4123-8211-dc5b4d9bcb71,
51225,4,0,91,2025-05-21 15:01:00.000,,,2025-05-21 15:02:54.913,2025-05-21 15:02:54.913,91,1.3333334,68.3,3.63,UTC+0200,HFrhKp8clb,com.sec.android.app.shealth,2025-05-21 15:02:00.000,00e7e699-00de-4774-865d-ccb312b212e6,
40930,4,0,71,2025-05-21 15:02:00.000,,,2025-05-21 15:02:54.940,2025-05-21 15:02:54.940,71,1.2777778,52.3,3.91,UTC+0200,HFrhKp8clb,com.sec.android.app.shealth,2025-05-21 15:03:00.000,a5ca19c5-2b86-465f-9717-d1112d57121f,
50596,4,0,97,2025-05-22 07:24:00.000,,,2025-05-22 07:30:34.110,2025-05-22 07:30:34.110,97,1.4722222,74.49,3.8,UTC+0200,HFrhKp8clb,com.sec.android.app.shealth,2025-05-22 07:25:00.000,52606d4a-dcc3-4f37-bfd1-206a95c7f536,
60000,4,0,112,2025-05-22 07:25:00.000,,,2025-05-22 07:30:34.166,2025-05-22 07:30:34.166,112,1.4296666,85.78,4.48,UTC+0200,HFrhKp8clb,com.sec.android.app.shealth,2025-05-22 07:26:00.000,804285c5-c906-422d-a80c-7e7b34bcb856,
60000,4,0,114,2025-05-22 07:26:00.000,,,2025-05-22 07:30:34.229,2025-05-22 07:30:34.229,114,1.4621668,87.73,4.56,UTC+0200,HFrhKp8clb,com.sec.android.app.shealth,2025-05-22 07:27:00.000,fce10a5b-594f-4811-8507-be2de86c23b0,
60000,4,0,114,2025-05-22 07:27:00.000,,,2025-05-22 07:30:34.276,2025-05-22 07:30:34.276,114,1.4636666,87.82,4.56,UTC+0200,HFrhKp8clb,com.sec.android.app.shealth,2025-05-22 07:28:00.000,73c46ae5-b020-4da1-bb71-a446435c88f0,
60000,4,0,111,2025-05-22 07:28:00.000,,,2025-05-22 07:30:34.318,2025-05-22 07:30:34.318,111,1.4141667,84.85,4.44,UTC+0200,HFrhKp8clb,com.sec.android.app.shealth,2025-05-22 07:29:00.000,c237d65b-c48d-42dd-9a3a-cb72ef909e29,
48254,4,0,87,2025-05-22 07:29:00.000,,,2025-05-22 07:30:34.351,2025-05-22 07:30:34.351,87,1.3611112,65.68,3.51,UTC+0200,HFrhKp8clb,com.sec.android.app.shealth,2025-05-22 07:30:00.000,873331cc-1f73-4a47-b4f2-0241f5fbf015,
5640,4,0,11,2025-05-22 07:30:00.000,,,2025-05-22 07:30:41.791,2025-05-22 07:30:40.752,11,1.4696994,8.29,0.45,UTC+0200,HFrhKp8clb,com.sec.android.app.shealth,2025-05-22 07:31:00.000,caa6daa7-f387-4303-a0a7-f8dfa7e9846c,
8282,4,0,15,2025-05-22 15:00:00.000,,,2025-05-22 15:06:02.741,2025-05-22 15:06:02.741,15,1.3680302,11.330962,0.52786565,UTC+0200,6ELqGFWjt8,com.sec.android.app.shealth,2025-05-22 15:01:00.000,c4d1cc87-e65c-4f00-8774-7da0aabe912b,
58690,4,0,106,2025-05-22 15:01:00.000,,,2025-05-22 15:06:02.785,2025-05-22 15:06:02.785,106,1.3771627,80.826836,3.7164686,UTC+0200,6ELqGFWjt8,com.sec.android.app.shealth,2025-05-22 15:02:00.000,1d2ceda3-b1b9-4bc5-a7d6-1712bfb76e52,
20115,4,0,37,2025-05-22 15:02:00.000,,,2025-05-22 15:06:02.831,2025-05-22 15:06:02.831,37,1.3972137,28.105751,1.2989278,UTC+0200,6ELqGFWjt8,com.sec.android.app.shealth,2025-05-22 15:03:00.000,fc0aac20-098e-4587-9f34-c4e867fbbf45,
60000,4,0,184,2025-05-22 15:03:00.000,,,2025-05-22 15:06:02.889,2025-05-22 15:06:02.889,184,2.342459,140.54755,6.446214,UTC+0200,6ELqGFWjt8,com.sec.android.app.shealth,2025-05-22 15:04:00.000,714743b4-9df3-4d61-acb2-96ce911ea24a,
20094,4,0,38,2025-05-22 15:04:00.000,,,2025-05-22 15:06:02.929,2025-05-22 15:06:02.929,38,1.447805,29.092682,1.330123,UTC+0200,6ELqGFWjt8,com.sec.android.app.shealth,2025-05-22 15:05:00.000,93cb6ab3-e639-41fd-8ea2-d707be39a077,
60000,4,0,145,2025-05-22 15:06:00.000,,,2025-05-22 15:06:02.970,2025-05-22 15:06:02.970,145,1.8325846,109.95508,5.1022835,UTC+0200,6ELqGFWjt8,com.sec.android.app.shealth,2025-05-22 15:07:00.000,5226212c-d01c-4a22-a668-9fa35eb2dca3,
17820,4,0,30,2025-05-22 15:00:00.000,,,2025-05-22 15:06:00.914,2025-05-22 15:06:00.914,30,1.2222222,21.78,1.01,UTC+0200,HFrhKp8clb,com.sec.android.app.shealth,2025-05-22 15:01:00.000,006262b4-f18a-484e-8660-4bcecaa894e7,
56929,4,0,106,2025-05-22 15:01:00.000,,,2025-05-22 15:06:01.040,2025-05-22 15:06:01.040,106,1.4166666,80.65,3.72,UTC+0200,HFrhKp8clb,com.sec.android.app.shealth,2025-05-22 15:02:00.000,52b01a08-503f-4626-b09e-bca406640ec1,
59555,4,0,110,2025-05-22 15:02:00.000,,,2025-05-22 15:06:01.102,2025-05-22 15:06:01.102,110,1.4166666,84.37,3.83,UTC+0200,HFrhKp8clb,com.sec.android.app.shealth,2025-05-22 15:03:00.000,7126367d-0080-4146-a49f-5cb37e1fce88,
60000,4,0,110,2025-05-22 15:03:00.000,,,2025-05-22 15:06:01.243,2025-05-22 15:06:01.243,110,1.4033333,84.2,3.79,UTC+0200,HFrhKp8clb,com.sec.android.app.shealth,2025-05-22 15:04:00.000,9b768641-fb84-404f-a03a-0e63ae9327ee,
60000,4,0,111,2025-05-22 15:04:00.000,,,2025-05-22 15:06:01.306,2025-05-22 15:06:01.306,111,1.4168334,85.01,3.93,UTC+0200,HFrhKp8clb,com.sec.android.app.shealth,2025-05-22 15:05:00.000,77cf9aa8-5926-4339-9bb8-ba90a32cd7eb,
54211,4,0,100,2025-05-22 15:05:00.000,,,2025-05-22 15:06:01.346,2025-05-22 15:06:01.346,100,1.4166666,76.8,3.42,UTC+0200,HFrhKp8clb,com.sec.android.app.shealth,2025-05-22 15:06:00.000,e3d963ad-8a19-4830-81ea-02e8b0b0f691,
55625,4,0,101,2025-05-22 15:06:00.000,,,2025-05-22 15:07:53.520,2025-05-22 15:06:46.565,101,1.372581,76.350006,3.53,UTC+0200,HFrhKp8clb,com.sec.android.app.shealth,2025-05-22 15:07:00.000,e7a85e8d-3c2f-443f-80b6-4b1e4c5ea256,
24328,4,0,41,2025-05-22 15:07:00.000,,,2025-05-22 15:07:53.558,2025-05-22 15:07:53.558,41,1.25,30.41,2.21,UTC+0200,HFrhKp8clb,com.sec.android.app.shealth,2025-05-22 15:08:00.000,b0b1eef3-cb32-43d2-bf47-2db84c4181ec,
16252,4,0,31,2025-05-23 08:00:00.000,,,2025-05-23 08:05:59.460,2025-05-23 08:05:59.460,31,1.5402436,25.03305,1.0322552,UTC+0200,6ELqGFWjt8,com.sec.android.app.shealth,2025-05-23 08:01:00.000,843c224c-f66f-4885-86b7-4904612db242,
59371,4,0,112,2025-05-23 08:01:00.000,,,2025-05-23 08:05:59.529,2025-05-23 08:05:59.529,112,1.4475616,85.944214,3.9178143,UTC+0200,6ELqGFWjt8,com.sec.android.app.shealth,2025-05-23 08:02:00.000,64fe6c3c-6424-455e-a4d4-65fd58cbf812,
21612,4,0,41,2025-05-23 08:02:00.000,,,2025-05-23 08:05:59.644,2025-05-23 08:05:59.644,41,1.4599521,31.553406,1.4327145,UTC+0200,6ELqGFWjt8,com.sec.android.app.shealth,2025-05-23 08:03:00.000,3a904445-7734-4f7f-90bf-fc4cc244c987,
60000,4,0,210,2025-05-23 08:04:00.000,,,2025-05-23 08:05:59.689,2025-05-23 08:05:59.689,210,2.6280181,157.68109,7.45434,UTC+0200,6ELqGFWjt8,com.sec.android.app.shealth,2025-05-23 08:05:00.000,972f95ba-63a8-43c9-9157-a4db54109a5e,
50490,4,0,92,2025-05-23 08:05:00.000,,,2025-05-23 08:05:59.741,2025-05-23 08:05:59.741,92,1.3403155,67.673096,3.2995033,UTC+0200,6ELqGFWjt8,com.sec.android.app.shealth,2025-05-23 08:06:00.000,20caf34e-d8c4-4447-89c0-3c38d0caf6fe,
32597,4,0,41,2025-05-23 08:00:00.000,,,2025-05-23 08:07:50.022,2025-05-23 08:07:50.022,41,0.8611111,28.07,1.46,UTC+0200,HFrhKp8clb,com.sec.android.app.shealth,2025-05-23 08:01:00.000,cd68c9ae-b88a-4575-8988-4a37f6cdf399,
60000,4,0,112,2025-05-23 08:01:00.000,,,2025-05-23 08:07:50.137,2025-05-23 08:07:50.137,112,1.4285,85.71,3.71,UTC+0200,HFrhKp8clb,com.sec.android.app.shealth,2025-05-23 08:02:00.000,86423a73-480c-4c56-95f3-5b1fcea1009e,
60000,4,0,114,2025-05-23 08:02:00.000,,,2025-05-23 08:07:50.195,2025-05-23 08:07:50.195,114,1.4655001,87.93,3.88,UTC+0200,HFrhKp8clb,com.sec.android.app.shealth,2025-05-23 08:03:00.000,9fd88cee-397c-41e8-9918-fde1e102e3f1,
60000,4,0,115,2025-05-23 08:03:00.000,,,2025-05-23 08:07:50.277,2025-05-23 08:07:50.277,115,1.4783334,88.7,3.82,UTC+0200,HFrhKp8clb,com.sec.android.app.shealth,2025-05-23 08:04:00.000,676768e3-c07a-45d8-9ac0-261e267bf461,
60000,4,0,113,2025-05-23 08:04:00.000,,,2025-05-23 08:07:50.365,2025-05-23 08:07:50.365,113,1.4516667,87.1,3.84,UTC+0200,HFrhKp8clb,com.sec.android.app.shealth,2025-05-23 08:05:00.000,e5e6d34f-e238-4d53-9374-675a431dafc5,
49258,4,0,94,2025-05-23 08:05:00.000,,,2025-05-23 08:07:50.402,2025-05-23 08:07:50.402,94,1.4722222,72.52,3.16,UTC+0200,HFrhKp8clb,com.sec.android.app.shealth,2025-05-23 08:06:00.000,99afcc17-8af9-490f-b4e5-a8ee8a5bc31a,
56326,4,0,106,2025-05-23 08:06:00.000,,,2025-05-23 08:07:50.442,2025-05-23 08:07:50.442,106,1.4444444,81.36,3.58,UTC+0200,HFrhKp8clb,com.sec.android.app.shealth,2025-05-23 08:07:00.000,d022827d-531c-40eb-938c-579cf15a7b1f,
58022,4,0,111,2025-05-23 08:07:00.000,,,2025-05-23 08:08:26.736,2025-05-23 08:07:50.492,111,1.4797668,85.860016,3.7599995,UTC+0200,HFrhKp8clb,com.sec.android.app.shealth,2025-05-23 08:08:00.000,4843592d-5c19-44a5-9e87-40fa423ee621,
7638,4,0,15,2025-05-23 08:07:00.000,,,2025-05-23 08:10:55.859,2025-05-23 08:10:55.859,15,1.5210997,11.619385,0.52318954,UTC+0200,6ELqGFWjt8,com.sec.android.app.shealth,2025-05-23 08:08:00.000,2d6ef5cf-f8c4-4c94-921d-f952ed3f7aaa,
10539,4,0,20,2025-05-23 08:08:00.000,,,2025-05-23 08:10:55.901,2025-05-23 08:10:55.901,20,1.469099,15.484253,0.6977005,UTC+0200,6ELqGFWjt8,com.sec.android.app.shealth,2025-05-23 08:09:00.000,0fd386e8-7b95-4498-b18f-cd1a73a6bbfb,
3274,4,0,6,2025-05-23 08:10:00.000,,,2025-05-23 08:10:55.949,2025-05-23 08:10:55.949,6,1.4041183,4.5980835,0.20994568,UTC+0200,6ELqGFWjt8,com.sec.android.app.shealth,2025-05-23 08:11:00.000,a389c9cf-06b9-43ef-9ba3-05c5e15eb7fb,
15255,4,0,29,2025-05-23 08:08:00.000,,,2025-05-23 08:08:26.848,2025-05-23 08:08:26.848,29,1.4722222,22.46,1.03,UTC+0200,HFrhKp8clb,com.sec.android.app.shealth,2025-05-23 08:09:00.000,d7d4bede-5e68-4452-9ce5-005c0890c0c1,
42150,4,0,75,2025-05-23 12:31:00.000,,,2025-05-23 12:35:00.857,2025-05-23 12:35:00.857,75,1.3333334,56.2,2.5,UTC+0200,HFrhKp8clb,com.sec.android.app.shealth,2025-05-23 12:32:00.000,f834a4c5-c09f-4af1-abff-231e7a8e208f,
60000,4,0,110,2025-05-23 12:32:00.000,,,2025-05-23 12:35:00.894,2025-05-23 12:35:00.894,110,1.3948333,83.69,4.03,UTC+0200,HFrhKp8clb,com.sec.android.app.shealth,2025-05-23 12:33:00.000,3c6a2127-86c8-415e-a5fc-031137dfad93,
60000,4,0,111,2025-05-23 12:33:00.000,,,2025-05-23 12:35:00.924,2025-05-23 12:35:00.924,111,1.407,84.42,4.18,UTC+0200,HFrhKp8clb,com.sec.android.app.shealth,2025-05-23 12:34:00.000,d738656d-936b-4c43-a8ee-d1952b2ab4ae,
60000,4,0,109,2025-05-23 12:34:00.000,,,2025-05-23 12:35:00.958,2025-05-23 12:35:00.958,109,1.3796666,82.78,4.06,UTC+0200,HFrhKp8clb,com.sec.android.app.shealth,2025-05-23 12:35:00.000,9546a528-c6d4-4467-841b-d83192530f93,
60000,4,0,75,2025-05-23 12:35:00.000,,,2025-05-23 12:35:59.936,2025-05-23 12:35:24.203,75,0.96726173,58.035706,2.6166687,UTC+0200,6ELqGFWjt8,com.sec.android.app.shealth,2025-05-23 12:36:00.000,55b8318b-437f-4f06-b082-1abfe98b86e4,
9690,4,0,19,2025-05-23 12:36:00.000,,,2025-05-23 12:42:28.268,2025-05-23 12:42:28.268,19,1.5186908,14.717529,0.6626854,UTC+0200,6ELqGFWjt8,com.sec.android.app.shealth,2025-05-23 12:37:00.000,e4268ea4-ec53-4185-8d1c-5ac267ba993a,
6838,4,0,12,2025-05-23 12:42:00.000,,,2025-05-23 12:42:28.320,2025-05-23 12:42:28.320,12,1.3521197,9.245911,0.4193802,UTC+0200,6ELqGFWjt8,com.sec.android.app.shealth,2025-05-23 12:43:00.000,29d4b57c-ae68-458b-aaf5-f8e05e86ff98,
60000,4,0,115,2025-05-23 12:35:00.000,,,2025-05-23 12:55:00.937,2025-05-23 12:55:00.937,115,1.4746667,88.48,3.79,UTC+0200,HFrhKp8clb,com.sec.android.app.shealth,2025-05-23 12:36:00.000,e951e6d0-8468-4eb2-bf1c-7d960e56e44c,
52054,4,0,98,2025-05-23 12:36:00.000,,,2025-05-23 12:55:01.038,2025-05-23 12:55:01.038,98,1.4444444,75.19,3.25,UTC+0200,HFrhKp8clb,com.sec.android.app.shealth,2025-05-23 12:37:00.000,8ad3542a-4e0a-4cef-8f09-a57e7ad13790,
36067,4,0,64,2025-05-23 12:37:00.000,,,2025-05-23 12:55:01.076,2025-05-23 12:55:01.076,64,1.3333334,48.09,3.19,UTC+0200,HFrhKp8clb,com.sec.android.app.shealth,2025-05-23 12:38:00.000,fd481d68-6616-4f22-b01e-2cb1e839ce7f,
6545,4,0,11,2025-05-23 12:38:00.000,,,2025-05-23 12:55:01.101,2025-05-23 12:55:01.101,11,1.2222222,8.0,0.41,UTC+0200,HFrhKp8clb,com.sec.android.app.shealth,2025-05-23 12:39:00.000,5b604ff9-164e-4747-817b-9850d445a800,
57535,4,0,104,2025-05-26 05:13:00.000,,,2025-05-26 05:14:59.925,2025-05-26 05:13:20.967,104,1.3636869,78.46,3.6599998,UTC+0200,HFrhKp8clb,com.sec.android.app.shealth,2025-05-26 05:14:00.000,91ae0904-9f05-4aef-a1eb-14168251eab0,
4393,4,0,8,2025-05-26 05:14:00.000,,,2025-05-26 05:14:59.958,2025-05-26 05:14:59.958,8,1.3611112,5.98,0.32,UTC+0200,HFrhKp8clb,com.sec.android.app.shealth,2025-05-26 05:15:00.000,efbf8142-65ba-487f-a0cb-514d17c2554a,
45989,4,0,89,2025-05-26 05:25:00.000,,,2025-05-26 05:49:34.852,2025-05-26 05:49:34.852,89,1.4803566,68.081505,3.1165931,UTC+0200,6ELqGFWjt8,com.sec.android.app.shealth,2025-05-26 05:26:00.000,e6a132ba-4014-4e5e-984c-5a0c308cbebc,
11050,4,0,16,2025-05-26 05:49:00.000,,,2025-05-26 05:49:34.897,2025-05-26 05:49:34.897,16,1.1000422,12.156151,0.56357336,UTC+0200,6ELqGFWjt8,com.sec.android.app.shealth,2025-05-26 05:50:00.000,0381d733-079f-451e-bf9e-b299a7721277,
14383,4,0,27,2025-05-26 05:24:00.000,,,2025-05-26 05:24:59.567,2025-05-26 05:24:58.469,27,1.4474746,20.820002,0.9299999,UTC+0200,HFrhKp8clb,com.sec.android.app.shealth,2025-05-26 05:25:00.000,16f9ab64-c2ae-464e-a4d8-8521f709a936,
60000,4,0,109,2025-05-26 05:25:00.000,,,2025-05-26 05:29:16.223,2025-05-26 05:25:00.134,109,1.3805002,82.83002,3.8199995,UTC+0200,HFrhKp8clb,com.sec.android.app.shealth,2025-05-26 05:26:00.000,77e04dbd-b96a-407b-b037-28376a9ce31b,
60000,4,0,115,2025-05-26 05:26:00.000,,,2025-05-26 05:29:16.298,2025-05-26 05:29:16.298,115,1.4758333,88.55,3.74,UTC+0200,HFrhKp8clb,com.sec.android.app.shealth,2025-05-26 05:27:00.000,51d57d2a-8468-40ff-b86a-b9c4ee519066,
26566,4,0,48,2025-05-26 05:27:00.000,,,2025-05-26 05:29:16.336,2025-05-26 05:29:16.336,48,1.3611112,36.16,1.85,UTC+0200,HFrhKp8clb,com.sec.android.app.shealth,2025-05-26 05:28:00.000,78e86bee-0268-49cc-b5f9-c44c00c4a53b,
26358,4,0,48,2025-05-26 05:29:00.000,,,2025-05-26 05:35:00.013,2025-05-26 05:29:16.376,48,1.3570597,35.77,1.68,UTC+0200,HFrhKp8clb,com.sec.android.app.shealth,2025-05-26 05:30:00.000,d7b9e3f7-ec70-4804-867a-d95260df7b95,
15668,4,0,26,2025-05-26 05:30:00.000,,,2025-05-26 05:35:00.136,2025-05-26 05:35:00.136,26,1.2222222,19.15,0.83,UTC+0200,HFrhKp8clb,com.sec.android.app.shealth,2025-05-26 05:31:00.000,ed9cb82b-efd2-495a-8b44-5ea9d150c93c,
4786,4,0,7,2025-05-26 10:19:00.000,,,2025-05-26 10:33:40.467,2025-05-26 10:33:40.467,7,1.1351639,5.43372,0.24412927,UTC+0200,6ELqGFWjt8,com.sec.android.app.shealth,2025-05-26 10:20:00.000,b463aab7-90f4-4a5c-9480-6d68de830295,
58678,4,0,116,2025-05-26 10:20:00.000,,,2025-05-26 10:33:40.630,2025-05-26 10:33:40.630,116,1.5288006,89.708405,4.0477557,UTC+0200,6ELqGFWjt8,com.sec.android.app.shealth,2025-05-26 10:21:00.000,82bb9456-ea46-4c5e-add6-201675d8e554,
15505,4,0,30,2025-05-26 10:21:00.000,,,2025-05-26 10:33:40.650,2025-05-26 10:33:40.650,30,1.5004944,23.266228,1.0460415,UTC+0200,6ELqGFWjt8,com.sec.android.app.shealth,2025-05-26 10:22:00.000,2e21cf9f-7bed-41e3-b14e-048a147f9c78,
1036,4,0,1,2025-05-26 10:22:00.000,,,2025-05-26 10:33:40.668,2025-05-26 10:33:40.668,1,0.7449258,0.7719574,0.034911633,UTC+0200,6ELqGFWjt8,com.sec.android.app.shealth,2025-05-26 10:23:00.000,8cf0fb3a-e08e-4b93-91cd-7d329d4dd9c6,
2124,4,0,3,2025-05-26 10:33:00.000,,,2025-05-26 10:33:40.732,2025-05-26 10:33:40.732,3,1.0826621,2.300026,0.10496521,UTC+0200,6ELqGFWjt8,com.sec.android.app.shealth,2025-05-26 10:34:00.000,6c09aa8c-feeb-45f6-b72c-6765ef5737f3,
6103,4,0,10,2025-05-26 10:16:00.000,,,2025-05-26 10:18:15.670,2025-05-26 10:18:15.670,10,1.1944444,7.29,0.35,UTC+0200,HFrhKp8clb,com.sec.android.app.shealth,2025-05-26 10:17:00.000,05309531-5a0b-4214-9b14-02e408740f89,
5936,4,0,10,2025-05-26 10:17:00.000,,,2025-05-26 10:18:15.717,2025-05-26 10:18:15.717,10,1.25,7.42,0.33,UTC+0200,HFrhKp8clb,com.sec.android.app.shealth,2025-05-26 10:18:00.000,c1443df6-ebed-41fd-bd9d-11d4fbe24ee8,
12847,4,0,23,2025-05-26 10:19:00.000,,,2025-05-26 10:33:38.416,2025-05-26 10:33:38.416,23,1.3333334,17.13,0.76,UTC+0200,HFrhKp8clb,com.sec.android.app.shealth,2025-05-26 10:20:00.000,0a850e65-67ef-45e4-95ef-a21ab0ddb9dc,
60000,4,0,115,2025-05-26 10:20:00.000,,,2025-05-26 10:33:38.463,2025-05-26 10:33:38.463,115,1.4764998,88.59,3.75,UTC+0200,HFrhKp8clb,com.sec.android.app.shealth,2025-05-26 10:21:00.000,49a0f711-acbc-4db3-b9b7-d43de30d6d5f,
58394,4,0,111,2025-05-26 10:21:00.000,,,2025-05-26 10:33:38.502,2025-05-26 10:33:38.502,111,1.4722222,85.97,3.78,UTC+0200,HFrhKp8clb,com.sec.android.app.shealth,2025-05-26 10:22:00.000,e72025c7-9f80-4b70-8029-9637cdfe85b9,
48405,4,0,88,2025-05-26 10:22:00.000,,,2025-05-26 10:33:38.555,2025-05-26 10:33:38.555,88,1.3888888,67.23,2.99,UTC+0200,HFrhKp8clb,com.sec.android.app.shealth,2025-05-26 10:23:00.000,54e142c9-bbb6-48b9-b1c4-0c1fc2d762ba,
29145,4,0,53,2025-05-26 10:23:00.000,,,2025-05-26 10:33:38.586,2025-05-26 10:33:38.586,53,1.3611112,39.67,1.92,UTC+0200,HFrhKp8clb,com.sec.android.app.shealth,2025-05-26 10:24:00.000,cd2b6605-e42a-4dac-8f05-f693e515f452,
19973,4,0,32,2025-05-26 10:37:00.000,,,2025-05-26 10:37:56.208,2025-05-26 10:37:56.208,32,1.2103697,24.175026,1.1268115,UTC+0200,6ELqGFWjt8,com.sec.android.app.shealth,2025-05-26 10:38:00.000,2366d201-513e-41e3-921d-e6f8ea58bd4c,
60000,4,0,113,2025-05-26 10:36:00.000,,,2025-05-26 10:47:55.328,2025-05-26 10:47:55.328,113,1.4436667,86.62,3.81,UTC+0200,HFrhKp8clb,com.sec.android.app.shealth,2025-05-26 10:37:00.000,e7c36d9d-da3c-4f26-a15d-f09de2995df3,
54360,4,0,101,2025-05-26 10:37:00.000,,,2025-05-26 10:47:55.430,2025-05-26 10:47:55.430,101,1.4166666,77.01,3.54,UTC+0200,HFrhKp8clb,com.sec.android.app.shealth,2025-05-26 10:38:00.000,bf80533f-e60d-4519-be3f-4fa846699cc9,
24619,4,0,41,2025-05-26 10:38:00.000,,,2025-05-26 10:47:55.471,2025-05-26 10:47:55.471,41,1.2222222,30.09,1.4,UTC+0200,HFrhKp8clb,com.sec.android.app.shealth,2025-05-26 10:39:00.000,d467cfce-9646-4332-9261-b9f6077e1453,
47621,4,0,82,2025-05-26 10:39:00.000,,,2025-05-26 10:47:55.508,2025-05-26 10:47:55.508,82,1.2777778,60.85,2.85,UTC+0200,HFrhKp8clb,com.sec.android.app.shealth,2025-05-26 10:40:00.000,0dc62b45-b2de-4143-a07c-2f16898e6a0c,
59992,4,0,111,2025-05-26 10:40:00.000,,,2025-05-26 10:47:55.560,2025-05-26 10:47:55.560,111,1.4166666,84.99,3.86,UTC+0200,HFrhKp8clb,com.sec.android.app.shealth,2025-05-26 10:41:00.000,8c20eb6e-e64a-4aaf-8def-e1223e559472,
25080,4,0,47,2025-05-26 10:41:00.000,,,2025-05-26 10:47:55.610,2025-05-26 10:47:55.610,47,1.4166666,35.53,1.61,UTC+0200,HFrhKp8clb,com.sec.android.app.shealth,2025-05-26 10:42:00.000,2b9006cf-9812-42f6-ab01-d5f134d53682,
46421,4,0,95,2025-05-26 10:43:00.000,,,2025-05-26 10:47:55.693,2025-05-26 10:47:55.693,95,1.6111112,74.79,3.2,UTC+0200,HFrhKp8clb,com.sec.android.app.shealth,2025-05-26 10:44:00.000,add0b872-fd95-4932-9815-158010e588ac,
15150,4,0,27,2025-05-26 10:44:00.000,,,2025-05-26 10:47:55.739,2025-05-26 10:47:55.739,27,1.3333334,20.2,1.04,UTC+0200,HFrhKp8clb,com.sec.android.app.shealth,2025-05-26 10:45:00.000,274aa096-d3d4-4d59-a6ac-25540736b6e3,
5022,4,0,11,2025-05-26 10:46:00.000,,,2025-05-26 10:47:55.782,2025-05-26 10:47:55.782,11,1.7222222,8.65,0.38,UTC+0200,HFrhKp8clb,com.sec.android.app.shealth,2025-05-26 10:47:00.000,b3b24c20-1f58-4995-bf64-2e79f1c43b68,
15993,4,0,28,2025-05-26 10:47:00.000,,,2025-05-26 10:47:55.822,2025-05-26 10:47:55.822,28,1.3055556,20.88,0.95,UTC+0200,HFrhKp8clb,com.sec.android.app.shealth,2025-05-26 10:48:00.000,dc780e40-a879-477a-899c-b471aeecfbf4,
18398,4,0,32,2025-05-26 11:04:00.000,,,2025-05-26 11:06:03.179,2025-05-26 11:04:18.920,32,1.2848941,23.64,1.14,UTC+0200,HFrhKp8clb,com.sec.android.app.shealth,2025-05-26 11:05:00.000,9b823d50-3f75-42a5-9729-c8a62f891a10,
60000,4,0,107,2025-05-26 11:05:00.000,,,2025-05-26 11:06:03.284,2025-05-26 11:06:03.284,107,1.3303332,79.82,3.58,UTC+0200,HFrhKp8clb,com.sec.android.app.shealth,2025-05-26 11:06:00.000,681f7a7d-323b-4de8-afd2-da61f6dac955,
54663,4,0,91,2025-05-26 11:06:00.000,,,2025-05-26 11:15:00.002,2025-05-26 11:06:03.409,91,1.2245924,66.94,4.05,UTC+0200,HFrhKp8clb,com.sec.android.app.shealth,2025-05-26 11:07:00.000,48b65e1b-42cf-46f0-8a75-ac70499e3763,
25698,4,0,44,2025-05-27 05:14:00.000,,,2025-05-27 05:15:00.063,2025-05-27 05:15:00.063,44,1.3053797,33.54573,1.5426965,UTC+0200,6ELqGFWjt8,com.sec.android.app.shealth,2025-05-27 05:15:00.000,01e6bce2-d4ad-4ee6-9402-77a8bf36c917,
2903,4,0,5,2025-05-26 11:07:00.000,,,2025-05-26 11:15:00.139,2025-05-26 11:15:00.139,5,1.2777778,3.71,0.16,UTC+0200,HFrhKp8clb,com.sec.android.app.shealth,2025-05-26 11:08:00.000,82fbcff8-6a13-4868-9533-e928c6ef1fc1,
13849,4,0,19,2025-05-27 05:13:00.000,,,2025-05-27 05:15:00.015,2025-05-27 05:13:54.337,19,0.96825135,13.41,0.65,UTC+0200,HFrhKp8clb,com.sec.android.app.shealth,2025-05-27 05:14:00.000,d0f24ed9-505d-4646-b20f-f28603e3ecd1,
53757,4,0,101,2025-05-27 05:14:00.000,,,2025-05-27 05:15:00.135,2025-05-27 05:15:00.135,101,1.4444444,77.65,3.47,UTC+0200,HFrhKp8clb,com.sec.android.app.shealth,2025-05-27 05:15:00.000,adb13912-77ca-4240-ab4e-27b2390e03b9,
24384,4,0,44,2025-05-27 05:25:00.000,,,2025-05-27 05:35:00.036,2025-05-27 05:35:00.036,44,1.3611112,33.19,1.58,UTC+0200,HFrhKp8clb,com.sec.android.app.shealth,2025-05-27 05:26:00.000,970b3f6e-4f2d-4c02-91cd-1c34294774fe,
60000,4,0,112,2025-05-27 05:26:00.000,,,2025-05-27 05:35:00.156,2025-05-27 05:35:00.156,112,1.4358333,86.15,3.68,UTC+0200,HFrhKp8clb,com.sec.android.app.shealth,2025-05-27 05:27:00.000,0e5cc01c-f24e-4aca-8170-f5eb398583dc,
57866,4,0,106,2025-05-27 05:27:00.000,,,2025-05-27 05:35:00.180,2025-05-27 05:35:00.180,106,1.3888888,80.37,3.7,UTC+0200,HFrhKp8clb,com.sec.android.app.shealth,2025-05-27 05:28:00.000,09700622-4d26-4822-aa9b-ed16e9b26fcb,
60000,4,0,113,2025-05-27 05:28:00.000,,,2025-05-27 05:35:00.206,2025-05-27 05:35:00.206,113,1.4501667,87.01,3.84,UTC+0200,HFrhKp8clb,com.sec.android.app.shealth,2025-05-27 05:29:00.000,8ee45235-5b23-4dc9-89f5-08f669a8bc04,
55858,4,0,100,2025-05-27 05:29:00.000,,,2025-05-27 05:35:00.228,2025-05-27 05:35:00.228,100,1.3611112,76.03,3.66,UTC+0200,HFrhKp8clb,com.sec.android.app.shealth,2025-05-27 05:30:00.000,b1eccf41-2fff-4b55-8479-dc1645730134,
10599,4,0,20,2025-05-27 10:04:00.000,,,2025-05-27 10:07:01.261,2025-05-27 10:07:01.261,20,1.4421735,15.286774,0.7004957,UTC+0200,6ELqGFWjt8,com.sec.android.app.shealth,2025-05-27 10:05:00.000,e404a79a-8506-48ee-9834-d7c399a0ffae,
59717,4,0,112,2025-05-27 10:05:00.000,,,2025-05-27 10:07:01.324,2025-05-27 10:07:01.324,112,1.4352864,85.71199,3.9210882,UTC+0200,6ELqGFWjt8,com.sec.android.app.shealth,2025-05-27 10:06:00.000,28a386bd-be00-42ed-884d-e051a378b0d5,
57654,4,0,102,2025-05-27 10:06:00.000,,,2025-05-27 10:07:01.372,2025-05-27 10:07:01.372,102,1.3536536,78.044525,3.5712004,UTC+0200,6ELqGFWjt8,com.sec.android.app.shealth,2025-05-27 10:07:00.000,5e403b2b-aab4-4f17-ad95-c2ce72722aff,
17001,4,0,32,2025-05-27 10:07:00.000,,,2025-05-27 10:09:47.160,2025-05-27 10:09:47.160,32,1.435148,24.399658,1.1218433,UTC+0200,6ELqGFWjt8,com.sec.android.app.shealth,2025-05-27 10:08:00.000,64f0f38b-abb7-45db-8ce3-bba92cc86757,
59448,4,0,112,2025-05-27 10:08:00.000,,,2025-05-27 10:09:47.240,2025-05-27 10:09:47.240,112,1.4446778,85.88382,3.9182777,UTC+0200,6ELqGFWjt8,com.sec.android.app.shealth,2025-05-27 10:09:00.000,061248bc-b01d-482b-9155-5f93d2558034,
25354,4,0,43,2025-05-27 10:09:00.000,,,2025-05-27 10:09:47.300,2025-05-27 10:09:47.300,43,1.2916509,32.749115,1.5100555,UTC+0200,6ELqGFWjt8,com.sec.android.app.shealth,2025-05-27 10:10:00.000,37e6392e-27dd-4767-a939-eb942a31c605,
5180,4,0,10,2025-05-27 06:29:00.000,,,2025-05-27 06:29:43.846,2025-05-27 06:29:43.846,10,1.5,7.77,0.32,UTC+0200,HFrhKp8clb,com.sec.android.app.shealth,2025-05-27 06:30:00.000,67bcfd37-79af-413f-98e2-7a9b58c47052,
14701,4,0,24,2025-05-27 10:03:00.000,,,2025-05-27 10:06:33.217,2025-05-27 10:06:33.217,24,1.1944444,17.56,0.85,UTC+0200,HFrhKp8clb,com.sec.android.app.shealth,2025-05-27 10:04:00.000,8f19130b-3ac2-4718-97fd-3eda9e9dc9b5,
17331,4,0,31,2025-05-27 10:04:00.000,,,2025-05-27 10:06:33.266,2025-05-27 10:06:33.266,31,1.3611112,23.59,1.07,UTC+0200,HFrhKp8clb,com.sec.android.app.shealth,2025-05-27 10:05:00.000,181101fd-db23-4ee2-b3a8-f6cfe76fcf8c,
59683,4,0,112,2025-05-27 10:05:00.000,,,2025-05-27 10:06:33.354,2025-05-27 10:06:33.354,112,1.4444444,86.21,3.89,UTC+0200,HFrhKp8clb,com.sec.android.app.shealth,2025-05-27 10:06:00.000,51336062-841b-46ef-a3ef-fe23d5e3b6da,
57563,4,7,99,2025-05-27 10:06:00.000,,,2025-05-27 10:07:59.412,2025-05-27 10:06:33.410,106,1.413564,81.37,3.9599996,UTC+0200,HFrhKp8clb,com.sec.android.app.shealth,2025-05-27 10:07:00.000,2d347e80-c985-4019-afe4-974b58df67d0,
42177,4,0,77,2025-05-27 10:07:00.000,,,2025-05-27 10:07:59.999,2025-05-27 10:07:59.475,77,1.3896048,58.61,2.6799998,UTC+0200,HFrhKp8clb,com.sec.android.app.shealth,2025-05-27 10:08:00.000,088c8498-7037-4d7b-9140-b2e0a155505c,
59382,4,12,99,2025-05-27 10:08:00.000,,,2025-05-27 10:09:19.874,2025-05-27 10:08:00.581,111,1.4441897,85.75998,4.08,UTC+0200,HFrhKp8clb,com.sec.android.app.shealth,2025-05-27 10:09:00.000,4a80878e-8551-4cd5-99af-47f22c6d17dc,
14766,4,4,24,2025-05-27 10:09:00.000,,,2025-05-27 10:09:19.925,2025-05-27 10:09:19.925,28,1.4722222,21.74,1.14,UTC+0200,HFrhKp8clb,com.sec.android.app.shealth,2025-05-27 10:10:00.000,9d7b9586-8095-4d55-83db-23975ce309d2,
26655,4,0,43,2025-05-27 11:56:00.000,,,2025-05-27 11:57:31.295,2025-05-27 11:57:31.295,43,1.1896613,31.710876,1.5333729,UTC+0200,6ELqGFWjt8,com.sec.android.app.shealth,2025-05-27 11:57:00.000,d286cf87-c92a-41a5-8d7a-df102154746f,
7448,4,0,9,2025-05-27 11:57:00.000,,,2025-05-27 11:57:43.489,2025-05-27 11:57:43.489,9,0.8549075,6.3676147,0.33352852,UTC+0200,6ELqGFWjt8,com.sec.android.app.shealth,2025-05-27 11:58:00.000,477b254d-0a8f-402a-82da-798f9f7de075,
32774,4,0,60,2025-05-27 10:21:00.000,,,2025-05-27 10:21:57.396,2025-05-27 10:21:33.595,60,1.4013852,45.930004,2.0899994,UTC+0200,HFrhKp8clb,com.sec.android.app.shealth,2025-05-27 10:22:00.000,f064ccba-70a4-404d-a24d-e536a20aa975,
16383,4,0,28,2025-05-27 10:22:00.000,,,2025-05-27 10:25:01.196,2025-05-27 10:22:23.029,28,1.2549593,20.56,0.98,UTC+0200,HFrhKp8clb,com.sec.android.app.shealth,2025-05-27 10:23:00.000,39ab000a-2b7e-4471-afb5-d293433d5926,
37875,4,0,62,2025-05-27 10:24:00.000,,,2025-05-27 10:25:01.264,2025-05-27 10:25:01.264,62,1.1944444,45.24,2.09,UTC+0200,HFrhKp8clb,com.sec.android.app.shealth,2025-05-27 10:25:00.000,0f0d8cec-94c4-4c21-a9af-87691e3cf943,
44943,4,0,76,2025-05-27 10:25:00.000,,,2025-05-27 10:26:25.740,2025-05-27 10:25:01.295,76,1.2342055,55.469997,2.82,UTC+0200,HFrhKp8clb,com.sec.android.app.shealth,2025-05-27 10:26:00.000,eff3af3d-d806-4351-8ed7-ca8ab0a57fd4,
41090,4,0,71,2025-05-27 10:26:00.000,,,2025-05-27 10:27:19.371,2025-05-27 10:26:25.825,71,1.2832663,52.730003,2.4499998,UTC+0200,HFrhKp8clb,com.sec.android.app.shealth,2025-05-27 10:27:00.000,fa8312df-66dd-4483-bedb-d3dd41f7fa5e,
13705,4,0,22,2025-05-27 10:27:00.000,,,2025-05-27 10:27:19.432,2025-05-27 10:27:19.432,22,1.1944444,16.37,0.73,UTC+0200,HFrhKp8clb,com.sec.android.app.shealth,2025-05-27 10:28:00.000,d15b6184-130c-4419-8288-bd179fb96608,
38969,4,0,59,2025-05-27 10:28:00.000,,,2025-05-27 10:28:56.639,2025-05-27 10:28:55.934,59,1.0823743,42.179996,2.28,UTC+0200,HFrhKp8clb,com.sec.android.app.shealth,2025-05-27 10:29:00.000,f6ecfc62-9bcb-4757-a726-548b5e603e96,
4469,4,0,10,2025-05-27 11:46:00.000,,,2025-05-27 11:46:33.532,2025-05-27 11:46:33.532,10,1.8055557,8.07,0.31,UTC+0200,HFrhKp8clb,com.sec.android.app.shealth,2025-05-27 11:47:00.000,2390f945-1881-432a-b2e2-83f3201c29fa,
8975,4,0,15,2025-05-27 11:47:00.000,,,2025-05-27 11:54:59.666,2025-05-27 11:54:59.666,15,1.2222222,10.97,0.57,UTC+0200,HFrhKp8clb,com.sec.android.app.shealth,2025-05-27 11:48:00.000,9861df04-c3bf-46c1-93f3-f99c42712a88,
47930,4,0,78,2025-05-27 11:56:00.000,,,2025-05-27 12:14:59.670,2025-05-27 12:14:59.670,78,1.1944444,57.25,2.9,UTC+0200,HFrhKp8clb,com.sec.android.app.shealth,2025-05-27 11:57:00.000,22bc3653-4e05-4f04-9575-621fba843fee,
26640,4,0,41,2025-05-27 11:57:00.000,,,2025-05-27 12:14:59.796,2025-05-27 12:14:59.796,41,1.1111112,29.6,1.54,UTC+0200,HFrhKp8clb,com.sec.android.app.shealth,2025-05-27 11:58:00.000,923d9d8c-c1ba-4f58-b228-f9cfb169445a,
4661,4,0,7,2025-05-27 11:58:00.000,,,2025-05-27 12:14:59.827,2025-05-27 12:14:59.827,7,1.0833334,5.05,0.26,UTC+0200,HFrhKp8clb,com.sec.android.app.shealth,2025-05-27 11:59:00.000,323e28a1-cea6-4d8c-9b33-0f46211c5bbd,
11005,4,0,21,2025-05-27 14:07:00.000,,,2025-05-27 14:07:33.708,2025-05-27 14:07:33.708,21,1.4730816,16.211914,0.73314476,UTC+0200,6ELqGFWjt8,com.sec.android.app.shealth,2025-05-27 14:08:00.000,71dd16b4-655b-427d-95f9-798da103c6e3,
5990,4,0,9,2025-05-27 14:05:00.000,,,2025-05-27 14:14:59.672,2025-05-27 14:14:59.672,9,1.0833334,6.49,0.33,UTC+0200,HFrhKp8clb,com.sec.android.app.shealth,2025-05-27 14:06:00.000,8a30d0d5-cb1b-4c64-a1f6-5feaf9bda246,
37224,4,0,68,2025-05-27 14:07:00.000,,,2025-05-27 14:14:59.774,2025-05-27 14:14:59.774,68,1.3888888,51.7,2.3,UTC+0200,HFrhKp8clb,com.sec.android.app.shealth,2025-05-27 14:08:00.000,2d8299b3-894d-4994-8068-79dc00f9f82a,
43684,4,0,79,2025-05-27 14:09:00.000,,,2025-05-27 14:14:59.806,2025-05-27 14:14:59.806,79,1.3611112,59.46,2.57,UTC+0200,HFrhKp8clb,com.sec.android.app.shealth,2025-05-27 14:10:00.000,3ad8b85f-6923-4020-91cf-4ced0d8f455b,
60000,4,0,116,2025-05-27 14:10:00.000,,,2025-05-27 14:14:59.840,2025-05-27 14:14:59.840,116,1.4878333,89.27,3.84,UTC+0200,HFrhKp8clb,com.sec.android.app.shealth,2025-05-27 14:11:00.000,408e689b-79ab-410e-b0e9-d9fa37736995,
60000,4,0,114,2025-05-27 14:11:00.000,,,2025-05-27 14:14:59.870,2025-05-27 14:14:59.870,114,1.4629999,87.78,3.81,UTC+0200,HFrhKp8clb,com.sec.android.app.shealth,2025-05-27 14:12:00.000,5323f6cf-f949-47cf-afc4-ee303b229847,
60000,4,0,114,2025-05-27 14:12:00.000,,,2025-05-27 14:14:59.901,2025-05-27 14:14:59.901,114,1.4611667,87.67,3.88,UTC+0200,HFrhKp8clb,com.sec.android.app.shealth,2025-05-27 14:13:00.000,823bad8e-6c73-4294-a6dd-81bc8606e825,
60000,4,0,114,2025-05-27 14:13:00.000,,,2025-05-27 14:15:31.943,2025-05-27 14:15:31.943,114,1.46,87.6,3.95,UTC+0200,HFrhKp8clb,com.sec.android.app.shealth,2025-05-27 14:14:00.000,f6a71d64-4a9d-47e2-b268-dde48ccaf6a7,
59766,4,0,112,2025-05-27 14:14:00.000,,,2025-05-27 14:15:32.057,2025-05-27 14:15:32.057,112,1.4444444,86.33,3.79,UTC+0200,HFrhKp8clb,com.sec.android.app.shealth,2025-05-27 14:15:00.000,3318a871-f9b9-41f8-924d-ecda22538d49,
60000,4,0,113,2025-05-27 14:15:00.000,,,2025-05-27 14:17:20.905,2025-05-27 14:17:20.905,113,1.4495001,86.97,3.93,UTC+0200,HFrhKp8clb,com.sec.android.app.shealth,2025-05-27 14:16:00.000,f1bb86db-ea0d-4fa7-8877-bffc07bfff4c,
60000,4,0,105,2025-05-27 14:16:00.000,,,2025-05-27 14:17:21.053,2025-05-27 14:17:21.053,105,1.2990001,77.94,3.54,UTC+0200,HFrhKp8clb,com.sec.android.app.shealth,2025-05-27 14:17:00.000,d780c2e2-5043-421c-b123-6d8c4f8cd892,
57778,4,0,107,2025-05-27 14:17:00.000,,,2025-05-27 14:18:35.673,2025-05-27 14:17:21.182,107,1.4200677,82.04999,4.0099993,UTC+0200,HFrhKp8clb,com.sec.android.app.shealth,2025-05-27 14:18:00.000,46677d79-ab22-4372-b29b-d56eca4a41c1,
44073,4,0,77,2025-05-27 14:18:00.000,,,2025-05-27 14:20:19.479,2025-05-27 14:18:35.710,77,1.2935194,57.010002,2.42,UTC+0200,HFrhKp8clb,com.sec.android.app.shealth,2025-05-27 14:19:00.000,fa37a951-58be-4841-b8b4-9e4b6df42124,
21254,4,0,40,2025-05-27 14:12:00.000,,,2025-05-27 14:21:40.443,2025-05-27 14:21:40.443,40,1.4484994,30.786499,1.3977165,UTC+0200,6ELqGFWjt8,com.sec.android.app.shealth,2025-05-27 14:13:00.000,7a4011fd-3a30-462a-9390-4a23330a11e3,
43791,4,0,83,2025-05-27 14:13:00.000,,,2025-05-27 14:21:40.583,2025-05-27 14:21:40.583,83,1.463226,64.07672,2.8977623,UTC+0200,6ELqGFWjt8,com.sec.android.app.shealth,2025-05-27 14:14:00.000,fa8a0679-755c-4d29-b6f7-94c53d4c7c0d,
50328,4,0,88,2025-05-27 14:17:00.000,,,2025-05-27 14:21:40.597,2025-05-27 14:21:40.597,88,1.3318652,67.03088,3.0877342,UTC+0200,6ELqGFWjt8,com.sec.android.app.shealth,2025-05-27 14:18:00.000,b54807d7-ba63-41c0-9472-32f8e54e39e8,
40400,4,0,73,2025-05-27 14:18:00.000,,,2025-05-27 14:21:40.631,2025-05-27 14:21:40.631,73,1.3651204,55.15155,2.5688477,UTC+0200,6ELqGFWjt8,com.sec.android.app.shealth,2025-05-27 14:19:00.000,8a7cba0a-6325-4a08-b9a4-bf150d35674b,
17654,4,0,27,2025-05-27 14:19:00.000,,,2025-05-27 14:21:40.699,2025-05-27 14:21:40.699,27,1.151145,20.322327,0.95233536,UTC+0200,6ELqGFWjt8,com.sec.android.app.shealth,2025-05-27 14:20:00.000,239a98b8-603e-487c-8b70-1e0e77884882,
2945,4,0,4,2025-05-27 14:20:00.000,,,2025-05-27 14:21:40.775,2025-05-27 14:21:40.775,4,0.9790348,2.8834229,0.14520645,UTC+0200,6ELqGFWjt8,com.sec.android.app.shealth,2025-05-27 14:21:00.000,94b26893-7937-4127-84c9-20b6e208d789,
58759,4,0,100,2025-05-27 14:19:00.000,,,2025-05-27 14:20:19.529,2025-05-27 14:20:19.529,100,1.25,73.45,3.53,UTC+0200,HFrhKp8clb,com.sec.android.app.shealth,2025-05-27 14:20:00.000,e62eba59-adbb-43d5-8130-92d83f6f1dca,
1956,4,0,3,2025-05-27 14:20:00.000,,,2025-05-27 14:20:19.568,2025-05-27 14:20:19.568,3,1.0833334,2.12,0.12,UTC+0200,HFrhKp8clb,com.sec.android.app.shealth,2025-05-27 14:21:00.000,9305865e-e566-4e67-b10d-09ac220187d3,
8987,4,0,20,2025-05-27 14:47:00.000,,,2025-05-27 14:47:55.408,2025-05-27 14:47:55.408,20,1.7822877,16.018494,0.6886749,UTC+0200,6ELqGFWjt8,com.sec.android.app.shealth,2025-05-27 14:48:00.000,cb912bef-d796-4f12-a00d-0951d52d1897,
6496,4,0,11,2025-05-27 14:32:00.000,,,2025-05-27 14:35:00.665,2025-05-27 14:35:00.665,11,1.2222222,7.94,0.4,UTC+0200,HFrhKp8clb,com.sec.android.app.shealth,2025-05-27 14:33:00.000,53ebcb74-43fc-4333-9164-16fa4f6e781a,
3039,4,0,5,2025-05-27 14:33:00.000,,,2025-05-27 14:35:00.780,2025-05-27 14:35:00.780,5,1.1944444,3.63,0.19,UTC+0200,HFrhKp8clb,com.sec.android.app.shealth,2025-05-27 14:34:00.000,3a6b77d8-c3cf-466e-937d-c94b0568d7a6,
11548,4,0,21,2025-05-27 14:46:00.000,,,2025-05-27 14:54:59.654,2025-05-27 14:54:59.654,21,1.3888888,16.04,0.78,UTC+0200,HFrhKp8clb,com.sec.android.app.shealth,2025-05-27 14:47:00.000,ecfe39ac-d87a-429a-9bc7-487e173077c0,
45217,4,0,80,2025-05-27 14:47:00.000,,,2025-05-27 14:54:59.765,2025-05-27 14:54:59.765,80,1.3333334,60.29,2.8,UTC+0200,HFrhKp8clb,com.sec.android.app.shealth,2025-05-27 14:48:00.000,81a95a83-51c1-4156-887e-3f70d80bf2d0,
38678,4,0,71,2025-05-28 06:28:00.000,,,2025-05-28 06:35:00.677,2025-05-28 06:35:00.677,71,1.3888888,53.72,2.44,UTC+0200,HFrhKp8clb,com.sec.android.app.shealth,2025-05-28 06:29:00.000,63ec3cbe-d15e-4833-bad9-add1ddecceca,
48982,4,0,87,2025-05-28 06:29:00.000,,,2025-05-28 06:35:00.787,2025-05-28 06:35:00.787,87,1.3333334,65.31,3.19,UTC+0200,HFrhKp8clb,com.sec.android.app.shealth,2025-05-28 06:30:00.000,e0df1ea9-0adb-4915-9275-3d63db738cd2,
4027,4,0,9,2025-05-28 06:36:00.000,,,2025-05-28 06:50:51.872,2025-05-28 06:50:51.872,9,1.7777778,7.16,0.32,UTC+0200,HFrhKp8clb,com.sec.android.app.shealth,2025-05-28 06:37:00.000,70f7b68f-c018-4289-96fb-3567fce58d09,
54600,4,0,102,2025-05-28 06:51:00.000,,,2025-05-28 06:53:22.606,2025-05-28 06:51:15.439,102,1.4311329,78.14001,3.5300002,UTC+0200,HFrhKp8clb,com.sec.android.app.shealth,2025-05-28 06:52:00.000,10d005c6-702a-4807-9891-0f896ab48d62,
60000,4,0,111,2025-05-28 06:52:00.000,,,2025-05-28 06:53:22.676,2025-05-28 06:53:22.676,111,1.4088333,84.53,4.02,UTC+0200,HFrhKp8clb,com.sec.android.app.shealth,2025-05-28 06:53:00.000,c7f9e740-394b-491c-92b3-589b167321fb,
60000,4,0,112,2025-05-28 06:53:00.000,,,2025-05-28 06:55:00.666,2025-05-28 06:53:22.764,112,1.4291666,85.74999,3.9899998,UTC+0200,HFrhKp8clb,com.sec.android.app.shealth,2025-05-28 06:54:00.000,175e19c8-e021-42e1-a501-aa710ebc001c,
58867,4,0,107,2025-05-28 06:54:00.000,,,2025-05-28 06:55:00.794,2025-05-28 06:55:00.794,107,1.3888888,81.76,3.79,UTC+0200,HFrhKp8clb,com.sec.android.app.shealth,2025-05-28 06:55:00.000,0bee47a6-685c-41f1-b5e6-6a617284befd,
60000,4,0,109,2025-05-28 06:55:00.000,,,2025-05-28 07:01:12.228,2025-05-28 07:01:12.228,109,1.3806666,82.84,4.12,UTC+0200,HFrhKp8clb,com.sec.android.app.shealth,2025-05-28 06:56:00.000,ff57b122-4a02-452b-a634-ebe23defd488,
60000,4,0,104,2025-05-28 06:56:00.000,,,2025-05-28 07:01:12.277,2025-05-28 07:01:12.277,104,1.2811667,76.87,5.57,UTC+0200,HFrhKp8clb,com.sec.android.app.shealth,2025-05-28 06:57:00.000,e72dd263-e742-4b02-affa-fecbd22ac0db,
60000,4,0,108,2025-05-28 06:57:00.000,,,2025-05-28 07:01:12.309,2025-05-28 07:01:12.309,108,1.3560001,81.36,3.77,UTC+0200,HFrhKp8clb,com.sec.android.app.shealth,2025-05-28 06:58:00.000,dd61853b-df91-46a7-ac23-2c847dc585db,
60000,4,0,111,2025-05-28 06:58:00.000,,,2025-05-28 07:01:12.342,2025-05-28 07:01:12.342,111,1.4165,84.99,3.9,UTC+0200,HFrhKp8clb,com.sec.android.app.shealth,2025-05-28 06:59:00.000,3d006a34-98a1-43db-a978-2ba114f5276d,
60000,4,0,105,2025-05-28 06:59:00.000,,,2025-05-28 07:01:12.384,2025-05-28 07:01:12.384,105,1.3071667,78.43,3.56,UTC+0200,HFrhKp8clb,com.sec.android.app.shealth,2025-05-28 07:00:00.000,bff004e4-df99-451d-b432-858e623b9dd2,
60000,4,0,110,2025-05-28 07:00:00.000,,,2025-05-28 07:01:12.436,2025-05-28 07:01:12.436,110,1.395,83.7,4.04,UTC+0200,HFrhKp8clb,com.sec.android.app.shealth,2025-05-28 07:01:00.000,3e9e8ba7-4bd5-45cc-a08b-063a832e12f3,
52025,4,0,92,2025-05-28 07:01:00.000,,,2025-05-28 07:03:31.734,2025-05-28 07:01:12.468,92,1.3283838,69.11,3.44,UTC+0200,HFrhKp8clb,com.sec.android.app.shealth,2025-05-28 07:02:00.000,dbd400bf-8c8d-4f00-bb9f-6720580bdb26,
14312,4,0,32,2025-05-28 07:03:00.000,,,2025-05-28 07:07:54.668,2025-05-28 07:07:54.668,32,1.7222222,24.65,1.32,UTC+0200,HFrhKp8clb,com.sec.android.app.shealth,2025-05-28 07:04:00.000,ca114f6b-b944-43e5-a51b-311a334a1e56,
44648,4,0,76,2025-05-28 07:04:00.000,,,2025-05-28 07:07:54.721,2025-05-28 07:07:54.721,76,1.25,55.81,3.34,UTC+0200,HFrhKp8clb,com.sec.android.app.shealth,2025-05-28 07:05:00.000,27417c44-f5e7-451d-b927-fe21a8a5f525,
6417,4,0,10,2025-05-28 07:05:00.000,,,2025-05-28 07:07:54.797,2025-05-28 07:07:54.797,10,1.1111112,7.13,0.34,UTC+0200,HFrhKp8clb,com.sec.android.app.shealth,2025-05-28 07:06:00.000,e61473d8-9f5c-4f61-8855-55cbfc235f07,
20024,4,0,35,2025-05-28 15:21:00.000,,,2025-05-28 15:21:59.686,2025-05-28 15:21:46.258,35,1.3029087,26.090002,1.0999995,UTC+0200,HFrhKp8clb,com.sec.android.app.shealth,2025-05-28 15:22:00.000,9ba6ae31-1d3c-478c-aa0b-e832e02a7822,
56794,4,5,103,2025-05-28 15:22:00.000,,,2025-05-28 15:23:30.544,2025-05-28 15:22:00.214,108,1.4503214,82.36999,3.87,UTC+0200,HFrhKp8clb,com.sec.android.app.shealth,2025-05-28 15:23:00.000,44979560-5813-4207-97ef-96eb0be928aa,
60000,4,0,112,2025-05-28 15:23:00.000,,,2025-05-28 15:24:03.718,2025-05-28 15:23:30.637,112,1.4186665,85.11999,3.6599994,UTC+0200,HFrhKp8clb,com.sec.android.app.shealth,2025-05-28 15:24:00.000,20e54c42-887c-4610-af1e-d4f08eca82cf,
60000,4,0,114,2025-05-28 15:24:00.000,,,2025-05-28 15:25:39.444,2025-05-28 15:24:03.798,114,1.4661667,87.97,3.8299997,UTC+0200,HFrhKp8clb,com.sec.android.app.shealth,2025-05-28 15:25:00.000,2c7c5c06-a63e-4930-984d-af5c4c43db96,
57905,4,0,104,2025-05-28 15:25:00.000,,,2025-05-28 15:26:07.594,2025-05-28 15:25:39.483,104,1.3556627,78.50002,3.6099994,UTC+0200,HFrhKp8clb,com.sec.android.app.shealth,2025-05-28 15:26:00.000,0d9db5e6-9432-405d-b171-21e12f1beaff,
60000,4,0,111,2025-05-28 15:26:00.000,,,2025-05-28 15:29:02.407,2025-05-28 15:26:07.669,111,1.4079992,84.47994,3.7699986,UTC+0200,HFrhKp8clb,com.sec.android.app.shealth,2025-05-28 15:27:00.000,d82d4a82-f756-4edb-b9db-b7129dacfd8f,
60000,4,0,117,2025-05-28 15:27:00.000,,,2025-05-28 15:29:02.466,2025-05-28 15:29:02.466,117,1.5086668,90.52,3.83,UTC+0200,HFrhKp8clb,com.sec.android.app.shealth,2025-05-28 15:28:00.000,33e5a34f-4049-4e82-be31-067e71b8850d,
60000,4,0,112,2025-05-28 15:28:00.000,,,2025-05-28 15:29:02.512,2025-05-28 15:29:02.512,112,1.4330001,85.98,3.92,UTC+0200,HFrhKp8clb,com.sec.android.app.shealth,2025-05-28 15:29:00.000,935a537f-3a42-4cf1-a5fc-c3a35d8ee71b,
59840,4,0,109,2025-05-28 15:29:00.000,,,2025-05-28 15:30:19.535,2025-05-28 15:29:02.550,109,1.387352,83.02002,3.9599996,UTC+0200,HFrhKp8clb,com.sec.android.app.shealth,2025-05-28 15:30:00.000,03db839e-2052-4976-8dda-fc8102a74dea,
60000,4,0,108,2025-05-28 15:30:00.000,,,2025-05-28 15:31:21.167,2025-05-28 15:30:19.621,108,1.3676666,82.06,4.0499997,UTC+0200,HFrhKp8clb,com.sec.android.app.shealth,2025-05-28 15:31:00.000,ec0f6017-8aa3-4eb1-a356-9e1faa25e99a,
60000,4,0,107,2025-05-28 15:31:00.000,,,2025-05-28 15:31:59.541,2025-05-28 15:31:21.219,107,1.3358331,80.14999,3.6799989,UTC+0200,HFrhKp8clb,com.sec.android.app.shealth,2025-05-28 15:32:00.000,33158bf4-73a1-4cb8-b4bb-fe4332b44d34,
39022,4,0,67,2025-05-28 15:32:00.000,,,2025-05-28 15:32:38.962,2025-05-28 15:32:00.150,67,1.2692641,49.529995,2.4299989,UTC+0200,HFrhKp8clb,com.sec.android.app.shealth,2025-05-28 15:33:00.000,e8e05718-c3e6-4d5c-8626-dedc5bc481a9,
11148,4,0,21,2025-05-28 15:21:00.000,,,2025-05-28 15:32:42.891,2025-05-28 15:32:42.891,21,1.4388505,16.04132,0.7356911,UTC+0200,6ELqGFWjt8,com.sec.android.app.shealth,2025-05-28 15:22:00.000,d792dbcf-2640-4515-bd4e-f7105efa9293,
59833,4,0,106,2025-05-28 15:22:00.000,,,2025-05-28 15:32:42.977,2025-05-28 15:32:42.977,106,1.3549768,81.07294,3.7168121,UTC+0200,6ELqGFWjt8,com.sec.android.app.shealth,2025-05-28 15:23:00.000,92d61530-c1fd-4a16-93e0-fce6d246907e,
36553,4,0,70,2025-05-28 15:23:00.000,,,2025-05-28 15:32:43.066,2025-05-28 15:32:43.066,70,1.4596429,53.35559,2.4544296,UTC+0200,6ELqGFWjt8,com.sec.android.app.shealth,2025-05-28 15:24:00.000,c04ae4ab-8fb8-41f3-8006-40be31d21731,
60000,4,0,200,2025-05-28 15:29:00.000,,,2025-05-28 15:32:43.155,2025-05-28 15:32:43.155,200,2.5098083,150.5885,7.071575,UTC+0200,6ELqGFWjt8,com.sec.android.app.shealth,2025-05-28 15:30:00.000,68ce34c0-3107-4b47-b443-ccabffe67ab1,
2342,4,0,4,2025-05-28 15:32:00.000,,,2025-05-28 15:32:43.243,2025-05-28 15:32:43.243,4,1.3008707,3.046875,0.14027405,UTC+0200,6ELqGFWjt8,com.sec.android.app.shealth,2025-05-28 15:33:00.000,f08111e4-55c4-4294-9de3-e0fc90bba6c0,
12908,4,0,20,2025-05-28 15:33:00.000,,,2025-05-28 15:33:07.999,2025-05-28 15:33:00.264,20,1.1069889,14.29,0.7600001,UTC+0200,HFrhKp8clb,com.sec.android.app.shealth,2025-05-28 15:34:00.000,e61597b1-7319-49db-b16f-3a57874a9b5b,
5082,4,0,7,2025-05-28 15:41:00.000,,,2025-05-28 15:43:06.776,2025-05-28 15:43:06.776,7,0.9444444,4.8,0.26,UTC+0200,HFrhKp8clb,com.sec.android.app.shealth,2025-05-28 15:42:00.000,b7d26e16-3ded-4728-a2d6-4afbcf3ab5e7,
9582,4,0,13,2025-05-28 15:43:00.000,,,2025-05-28 15:55:00.649,2025-05-28 15:55:00.649,13,0.9444444,9.05,0.48,UTC+0200,HFrhKp8clb,com.sec.android.app.shealth,2025-05-28 15:44:00.000,59b4bb16-041f-4bde-94fb-d22b55b064f5,
15120,4,0,20,2025-05-28 16:16:00.000,,,2025-05-28 16:24:59.284,2025-05-28 16:24:59.284,20,0.9166667,13.86,0.93,UTC+0200,HFrhKp8clb,com.sec.android.app.shealth,2025-05-28 16:17:00.000,99f659f5-06fd-40c3-ab17-86b0cfb9a7dd,
10631,4,0,19,2025-05-28 16:24:00.000,,,2025-05-28 16:24:59.910,2025-05-28 16:24:59.447,19,1.3611113,14.47,0.68000007,UTC+0200,HFrhKp8clb,com.sec.android.app.shealth,2025-05-28 16:25:00.000,86389830-1d6a-4a51-ab73-d44b01de179d,
42902,4,0,74,2025-05-28 16:25:00.000,,,2025-05-28 16:27:09.332,2025-05-28 16:25:00.464,74,1.2728999,54.609993,2.6599994,UTC+0200,HFrhKp8clb,com.sec.android.app.shealth,2025-05-28 16:26:00.000,9a5c4ace-6c8b-42de-8e2e-1b207d524184,
9386,4,0,15,2025-05-28 16:26:00.000,,,2025-05-28 16:27:09.386,2025-05-28 16:27:09.386,15,1.1388888,10.69,1.26,UTC+0200,HFrhKp8clb,com.sec.android.app.shealth,2025-05-28 16:27:00.000,c0962866-a610-4060-b4cc-320d8050e312,
6814,4,0,11,2025-05-30 09:10:00.000,,,2025-05-30 09:15:00.621,2025-05-30 09:15:00.621,11,1.1666666,7.95,0.36,UTC+0200,HFrhKp8clb,com.sec.android.app.shealth,2025-05-30 09:11:00.000,182875d1-6827-4048-b4f8-1a89c81f0e44,
29075,4,2,63,2025-05-30 09:11:00.000,,,2025-05-30 09:15:00.674,2025-05-30 09:15:00.674,65,1.7777778,51.69,2.39,UTC+0200,HFrhKp8clb,com.sec.android.app.shealth,2025-05-30 09:12:00.000,c869c961-3c01-4e30-b78e-49e9820f7a85,
50060,4,0,94,2025-05-30 09:12:00.000,,,2025-05-30 09:15:00.719,2025-05-30 09:15:00.719,94,1.4444444,72.31,3.19,UTC+0200,HFrhKp8clb,com.sec.android.app.shealth,2025-05-30 09:13:00.000,59071fb4-5c04-48ba-b967-69d2a62b742d,
57987,4,22,86,2025-05-30 09:13:00.000,,,2025-05-30 09:15:01.364,2025-05-30 09:15:01.364,108,1.4444444,83.76,4.21,UTC+0200,HFrhKp8clb,com.sec.android.app.shealth,2025-05-30 09:14:00.000,100a03c2-1b2e-4f21-b155-94aab67952a3,
57662,4,0,108,2025-05-30 09:14:00.000,,,2025-05-30 09:15:01.503,2025-05-30 09:15:01.503,108,1.4444444,83.29,3.75,UTC+0200,HFrhKp8clb,com.sec.android.app.shealth,2025-05-30 09:15:00.000,c1238e61-fd12-416e-941b-1ac66931e792,
60000,4,0,113,2025-05-30 09:15:00.000,,,2025-05-30 09:27:17.797,2025-05-30 09:27:17.797,113,1.4511666,87.07,3.85,UTC+0200,HFrhKp8clb,com.sec.android.app.shealth,2025-05-30 09:16:00.000,03a87209-207e-4d78-8a29-02eb0bbbe7ae,
59649,4,8,104,2025-05-30 09:16:00.000,,,2025-05-30 09:27:17.847,2025-05-30 09:27:17.847,112,1.4444444,86.16,4.1,UTC+0200,HFrhKp8clb,com.sec.android.app.shealth,2025-05-30 09:17:00.000,a71eb66a-04a2-4018-93b3-3c5f4c504e0a,
17720,4,0,32,2025-05-30 09:17:00.000,,,2025-05-30 09:27:17.899,2025-05-30 09:27:17.899,32,1.3611112,24.12,1.14,UTC+0200,HFrhKp8clb,com.sec.android.app.shealth,2025-05-30 09:18:00.000,4fc6c1da-f8d6-4057-a12e-d3b680fbc025,
29221,4,0,51,2025-05-30 09:19:00.000,,,2025-05-30 09:27:17.940,2025-05-30 09:27:17.940,51,1.3055556,38.15,1.79,UTC+0200,HFrhKp8clb,com.sec.android.app.shealth,2025-05-30 09:20:00.000,501808ac-5e53-4cc2-86e4-cdaab2fc81b1,
58065,4,0,107,2025-05-30 09:20:00.000,,,2025-05-30 09:27:18.037,2025-05-30 09:27:18.037,107,1.4166666,82.26,3.63,UTC+0200,HFrhKp8clb,com.sec.android.app.shealth,2025-05-30 09:21:00.000,fb58132f-457a-4d65-9881-1b96c235f362,
60000,4,0,112,2025-05-30 09:21:00.000,,,2025-05-30 09:27:18.095,2025-05-30 09:27:18.095,112,1.4330001,85.98,3.99,UTC+0200,HFrhKp8clb,com.sec.android.app.shealth,2025-05-30 09:22:00.000,7f82c9c0-3248-4bb9-b77e-7f6f767182a3,
60000,4,0,112,2025-05-30 09:22:00.000,,,2025-05-30 09:27:18.210,2025-05-30 09:27:18.210,112,1.4293333,85.76,4.02,UTC+0200,HFrhKp8clb,com.sec.android.app.shealth,2025-05-30 09:23:00.000,c84a68af-5a19-4a21-b070-9e10cedccde4,
60000,4,0,111,2025-05-30 09:23:00.000,,,2025-05-30 09:27:18.279,2025-05-30 09:27:18.279,111,1.4081666,84.49,4.16,UTC+0200,HFrhKp8clb,com.sec.android.app.shealth,2025-05-30 09:24:00.000,d4ae8d16-38f0-42ed-856a-cbd09f31a770,
57857,4,0,104,2025-05-30 09:24:00.000,,,2025-05-30 09:27:18.326,2025-05-30 09:27:18.326,104,1.3611112,78.75,3.89,UTC+0200,HFrhKp8clb,com.sec.android.app.shealth,2025-05-30 09:25:00.000,dcf5b607-2f17-469a-a833-5016427efbbc,
15110,4,0,23,2025-05-30 09:25:00.000,,,2025-05-30 09:27:18.346,2025-05-30 09:27:18.346,23,1.0833334,16.37,1.12,UTC+0200,HFrhKp8clb,com.sec.android.app.shealth,2025-05-30 09:26:00.000,b437fba9-7463-49e8-a543-47cf2eb44581,
5775,4,0,10,2025-06-01 11:49:00.000,,,2025-06-01 11:55:00.928,2025-06-01 11:55:00.928,10,1.3055556,7.54,0.33,UTC+0200,HFrhKp8clb,com.sec.android.app.shealth,2025-06-01 11:50:00.000,f64496c8-54c4-4eec-a2f3-c8ac272f5390,
60000,4,0,204,2025-06-02 07:38:00.000,,,2025-06-02 07:43:10.297,2025-06-02 07:43:10.297,204,2.6428008,158.56805,7.1098394,UTC+0200,6ELqGFWjt8,com.sec.android.app.shealth,2025-06-02 07:39:00.000,2735b4eb-49e7-4384-ac7c-8a641cf5abfb,
60000,4,0,206,2025-06-02 07:42:00.000,,,2025-06-02 07:43:10.340,2025-06-02 07:43:10.340,206,2.68481,161.0886,7.170353,UTC+0200,6ELqGFWjt8,com.sec.android.app.shealth,2025-06-02 07:43:00.000,c3aeee56-5c50-4a64-9461-dc476bbf7a1e,
6423,4,0,12,2025-06-02 07:43:00.000,,,2025-06-02 07:43:10.382,2025-06-02 07:43:10.382,12,1.4321741,9.200256,0.419837,UTC+0200,6ELqGFWjt8,com.sec.android.app.shealth,2025-06-02 07:44:00.000,b11cc781-41a6-402f-bae7-3713a976a9e3,
14932,4,0,39,2025-06-02 07:18:00.000,,,2025-06-02 07:34:59.729,2025-06-02 07:34:59.729,39,2.1388888,31.94,1.29,UTC+0200,HFrhKp8clb,com.sec.android.app.shealth,2025-06-02 07:19:00.000,0cba5587-c6f2-4932-be9c-2f5d25ab124c,
53302,4,15,101,2025-06-02 07:19:00.000,,,2025-06-02 07:34:59.775,2025-06-02 07:34:59.775,116,1.75,93.28,4.44,UTC+0200,HFrhKp8clb,com.sec.android.app.shealth,2025-06-02 07:20:00.000,f8dee992-1c58-4817-99d7-265f4304b312,
9887,4,0,20,2025-06-02 07:20:00.000,,,2025-06-02 07:34:59.807,2025-06-02 07:34:59.807,20,1.6111112,15.93,0.81,UTC+0200,HFrhKp8clb,com.sec.android.app.shealth,2025-06-02 07:21:00.000,6c9a985e-2701-4ac7-afdd-b27294300301,
11090,4,0,14,2025-06-02 07:21:00.000,,,2025-06-02 07:34:59.838,2025-06-02 07:34:59.838,14,0.8611111,9.55,0.6,UTC+0200,HFrhKp8clb,com.sec.android.app.shealth,2025-06-02 07:22:00.000,73d152ea-c080-4286-a606-413a34710f04,
52560,4,0,99,2025-06-02 07:32:00.000,,,2025-06-02 07:34:59.864,2025-06-02 07:34:59.864,99,1.4444444,75.92,3.29,UTC+0200,HFrhKp8clb,com.sec.android.app.shealth,2025-06-02 07:33:00.000,bcd361b1-acd3-4fe5-be34-8538165e914c,
60000,4,0,111,2025-06-02 07:33:00.000,,,2025-06-02 07:34:59.899,2025-06-02 07:34:59.899,111,1.411,84.66,3.99,UTC+0200,HFrhKp8clb,com.sec.android.app.shealth,2025-06-02 07:34:00.000,6b5d1fd3-6628-472d-ab78-a271a2b697d2,
60000,4,0,110,2025-06-02 07:34:00.000,,,2025-06-02 07:35:00.104,2025-06-02 07:35:00.104,110,1.3936667,83.62,4.12,UTC+0200,HFrhKp8clb,com.sec.android.app.shealth,2025-06-02 07:35:00.000,54552408-8683-4399-9453-29cd99c51d24,
60000,4,0,110,2025-06-02 07:35:00.000,,,2025-06-02 07:54:59.769,2025-06-02 07:54:59.769,110,1.3911667,83.47,3.91,UTC+0200,HFrhKp8clb,com.sec.android.app.shealth,2025-06-02 07:36:00.000,f275d534-1b2b-4515-9beb-444b4b4e3c30,
60000,4,0,117,2025-06-02 07:36:00.000,,,2025-06-02 07:54:59.806,2025-06-02 07:54:59.806,117,1.5088333,90.53,3.7,UTC+0200,HFrhKp8clb,com.sec.android.app.shealth,2025-06-02 07:37:00.000,1f053b66-c7b6-46e6-8153-8879ed9cf38c,
60000,4,0,119,2025-06-02 07:37:00.000,,,2025-06-02 07:54:59.838,2025-06-02 07:54:59.838,119,1.5436667,92.62,4.13,UTC+0200,HFrhKp8clb,com.sec.android.app.shealth,2025-06-02 07:38:00.000,9f7188d6-d3b0-47a5-ba96-b77244176b7b,
60000,4,0,116,2025-06-02 07:38:00.000,,,2025-06-02 07:54:59.876,2025-06-02 07:54:59.876,116,1.4976667,89.86,6.18,UTC+0200,HFrhKp8clb,com.sec.android.app.shealth,2025-06-02 07:39:00.000,9869378c-b39c-456c-b7c8-9b7b7932b747,
60000,4,0,120,2025-06-02 07:39:00.000,,,2025-06-02 07:54:59.910,2025-06-02 07:54:59.910,120,1.5593332,93.56,3.63,UTC+0200,HFrhKp8clb,com.sec.android.app.shealth,2025-06-02 07:40:00.000,4fd59313-d020-4831-b0dc-15c97e764f11,
60000,4,0,122,2025-06-02 07:40:00.000,,,2025-06-02 08:14:59.620,2025-06-02 08:14:59.620,122,1.5918335,95.51,3.66,UTC+0200,HFrhKp8clb,com.sec.android.app.shealth,2025-06-02 07:41:00.000,63acde9f-3a2e-48e3-a1aa-4ee1dadc0332,
60000,4,0,122,2025-06-02 07:41:00.000,,,2025-06-02 08:14:59.769,2025-06-02 08:14:59.769,122,1.5925001,95.55,3.72,UTC+0200,HFrhKp8clb,com.sec.android.app.shealth,2025-06-02 07:42:00.000,a01f3ab1-1ddf-4ed1-ba39-1335bbfe704b,
54960,4,0,111,2025-06-02 07:42:00.000,,,2025-06-02 08:14:59.813,2025-06-02 08:14:59.813,111,1.5833334,87.02,3.44,UTC+0200,HFrhKp8clb,com.sec.android.app.shealth,2025-06-02 07:43:00.000,52661493-1a83-4537-a99f-b231e05f619a,
42393,4,0,82,2025-06-02 07:43:00.000,,,2025-06-02 08:14:59.838,2025-06-02 08:14:59.838,82,1.5,63.59,2.75,UTC+0200,HFrhKp8clb,com.sec.android.app.shealth,2025-06-02 07:44:00.000,b39593e3-fa57-4e3e-b2d9-c41f2b69f1ff,
8943,4,0,18,2025-06-02 12:08:00.000,,,2025-06-02 12:14:59.648,2025-06-02 12:14:59.648,18,1.5833334,14.16,0.61,UTC+0200,HFrhKp8clb,com.sec.android.app.shealth,2025-06-02 12:09:00.000,27c9eeb8-2e32-4fbc-8328-e51378d2f333,
32474,4,0,62,2025-06-02 12:09:00.000,,,2025-06-02 12:14:59.763,2025-06-02 12:14:59.763,62,1.4722222,47.81,2.22,UTC+0200,HFrhKp8clb,com.sec.android.app.shealth,2025-06-02 12:10:00.000,217d67b2-3e3f-4bda-ab30-91a49a7bf9dd,
10491,4,0,17,2025-06-02 12:11:00.000,,,2025-06-02 12:14:59.799,2025-06-02 12:14:59.799,17,1.1666666,12.24,0.6,UTC+0200,HFrhKp8clb,com.sec.android.app.shealth,2025-06-02 12:12:00.000,fbdf2c1a-a3bb-49b3-8645-a14043aa37d3,
10128,4,0,19,2025-06-02 12:12:00.000,,,2025-06-02 12:14:59.826,2025-06-02 12:14:59.826,19,1.4444444,14.63,0.67,UTC+0200,HFrhKp8clb,com.sec.android.app.shealth,2025-06-02 12:13:00.000,374af9f5-e240-48e2-a373-f96b4d656449,
24177,4,0,44,2025-06-02 12:13:00.000,,,2025-06-02 12:14:59.855,2025-06-02 12:14:59.855,44,1.3888888,33.58,1.56,UTC+0200,HFrhKp8clb,com.sec.android.app.shealth,2025-06-02 12:14:00.000,27c7dfc0-2d6c-4d29-ae82-e7a3834f6a71,
8988,4,0,16,2025-06-02 13:20:00.000,,,2025-06-02 13:20:59.590,2025-06-02 13:20:56.330,16,1.3227528,11.889999,0.5799999,UTC+0200,HFrhKp8clb,com.sec.android.app.shealth,2025-06-02 13:21:00.000,7b1ba458-e593-4419-87b9-60a866d170e8,
31854,4,0,57,2025-06-02 13:21:00.000,,,2025-06-02 13:21:33.614,2025-06-02 13:21:00.161,57,1.3498912,43.000004,1.9299994,UTC+0200,HFrhKp8clb,com.sec.android.app.shealth,2025-06-02 13:22:00.000,47294c33-d032-467d-a1a4-e9dda92f0db2,
7499,4,0,13,2025-06-02 13:21:00.000,,,2025-06-02 13:21:40.462,2025-06-02 13:21:40.462,13,1.3016384,9.761169,0.4589758,UTC+0200,6ELqGFWjt8,com.sec.android.app.shealth,2025-06-02 13:22:00.000,d66c3593-8fce-4252-8491-5e250d34cc9b,
30429,4,0,60,2025-06-02 14:58:00.000,,,2025-06-02 15:13:00.001,2025-06-02 15:13:00.001,60,1.5307703,46.5802,2.0917559,UTC+0200,6ELqGFWjt8,com.sec.android.app.shealth,2025-06-02 14:59:00.000,62041b12-568b-41c6-85b9-03a5295ea126,
5573,4,0,11,2025-06-02 15:12:00.000,,,2025-06-02 15:13:00.075,2025-06-02 15:13:00.075,11,1.5360492,8.560516,0.38322067,UTC+0200,6ELqGFWjt8,com.sec.android.app.shealth,2025-06-02 15:13:00.000,54882a91-82b0-4f54-9dce-e843ab48534f,
11705,4,0,21,2025-06-02 13:23:00.000,,,2025-06-02 13:23:36.052,2025-06-02 13:23:26.450,21,1.33013,15.569997,0.7299999,UTC+0200,HFrhKp8clb,com.sec.android.app.shealth,2025-06-02 13:24:00.000,76c4de91-9521-45f2-aa51-4e7c3acede5e,
24875,4,0,46,2025-06-02 14:19:00.000,,,2025-06-02 14:34:59.930,2025-06-02 14:34:59.930,46,1.4166666,35.24,1.63,UTC+0200,HFrhKp8clb,com.sec.android.app.shealth,2025-06-02 14:20:00.000,3e0849ae-4d5e-47e7-befa-de41988605ad,
21441,4,0,39,2025-06-02 14:20:00.000,,,2025-06-02 14:35:00.032,2025-06-02 14:35:00.032,39,1.3888888,29.78,1.39,UTC+0200,HFrhKp8clb,com.sec.android.app.shealth,2025-06-02 14:21:00.000,a281df3c-5dd3-4a5f-ac3f-9eddb8344513,
23290,4,0,40,2025-06-02 14:55:00.000,,,2025-06-02 15:14:59.958,2025-06-02 15:14:59.958,40,1.2777778,29.76,1.39,UTC+0200,HFrhKp8clb,com.sec.android.app.shealth,2025-06-02 14:56:00.000,3e269513-77df-47d9-ab9f-fa603b5a340e,
60000,4,0,117,2025-06-02 14:56:00.000,,,2025-06-02 15:15:00.078,2025-06-02 15:15:00.078,117,1.5090001,90.54,3.61,UTC+0200,HFrhKp8clb,com.sec.android.app.shealth,2025-06-02 14:57:00.000,eb115f1b-ded2-407e-8a40-0370484d9b0d,
60000,4,0,118,2025-06-02 14:57:00.000,,,2025-06-02 15:15:00.120,2025-06-02 15:15:00.120,118,1.5294999,91.77,3.77,UTC+0200,HFrhKp8clb,com.sec.android.app.shealth,2025-06-02 14:58:00.000,aa54ff66-e1ae-44f4-82b4-4a5ecade0188,
59779,4,0,115,2025-06-02 14:58:00.000,,,2025-06-02 15:15:00.154,2025-06-02 15:15:00.154,115,1.5,89.67,3.63,UTC+0200,HFrhKp8clb,com.sec.android.app.shealth,2025-06-02 14:59:00.000,13538a14-5f28-4b34-a3b7-7e86163dfe6a,
45059,4,0,87,2025-06-02 14:59:00.000,,,2025-06-02 15:15:00.185,2025-06-02 15:15:00.185,87,1.5,67.59,2.83,UTC+0200,HFrhKp8clb,com.sec.android.app.shealth,2025-06-02 15:00:00.000,c18daac1-b977-4378-9460-ed99f61166f3,
40659,4,0,76,2025-06-02 15:00:00.000,,,2025-06-02 15:15:00.235,2025-06-02 15:15:00.235,76,1.4444444,58.73,2.73,UTC+0200,HFrhKp8clb,com.sec.android.app.shealth,2025-06-02 15:01:00.000,03f84bdd-dd71-4022-a1de-e5cc927d2e36,
49510,4,0,92,2025-06-02 15:01:00.000,,,2025-06-02 15:15:05.480,2025-06-02 15:15:05.480,92,1.4166666,70.14,3.19,UTC+0200,HFrhKp8clb,com.sec.android.app.shealth,2025-06-02 15:02:00.000,1c8ae19b-d933-4abd-bdaa-a4d98565f852,
35550,4,0,59,2025-06-02 15:02:00.000,,,2025-06-02 15:15:05.510,2025-06-02 15:15:05.510,59,1.2222222,43.45,2.16,UTC+0200,HFrhKp8clb,com.sec.android.app.shealth,2025-06-02 15:03:00.000,f800fb81-9916-47f8-b9fe-4f2e67c9bd6e,
3805,4,0,7,2025-06-02 15:03:00.000,,,2025-06-02 15:15:05.537,2025-06-02 15:15:05.537,7,1.3611112,5.18,0.26,UTC+0200,HFrhKp8clb,com.sec.android.app.shealth,2025-06-02 15:04:00.000,0748d040-9216-4973-b6f1-7321c7883788,
20985,4,0,39,2025-06-02 17:43:00.000,,,2025-06-02 17:54:59.924,2025-06-02 17:54:59.924,39,1.4166666,29.73,1.28,UTC+0200,HFrhKp8clb,com.sec.android.app.shealth,2025-06-02 17:44:00.000,6e6ae48e-8617-4d86-b211-9a9a60a4b30d,
36726,4,0,70,2025-06-02 17:44:00.000,,,2025-06-02 17:55:00.038,2025-06-02 17:55:00.038,70,1.4722223,54.07,2.36,UTC+0200,HFrhKp8clb,com.sec.android.app.shealth,2025-06-02 17:45:00.000,d6e5f7f1-897b-4924-ae07-1adf1f5e88f3,
60000,4,0,117,2025-06-02 18:03:00.000,,,2025-06-02 18:15:00.009,2025-06-02 18:15:00.009,117,1.5063335,90.38,3.93,UTC+0200,HFrhKp8clb,com.sec.android.app.shealth,2025-06-02 18:04:00.000,de1a458f-fe48-4031-b78c-f9bd2e6ddf28,
59250,4,0,113,2025-06-02 18:04:00.000,,,2025-06-02 18:15:00.053,2025-06-02 18:15:00.053,113,1.4722222,87.23,3.99,UTC+0200,HFrhKp8clb,com.sec.android.app.shealth,2025-06-02 18:05:00.000,324ab03a-e28d-46ac-a886-2c42793a7f55,
50491,4,0,99,2025-06-02 18:05:00.000,,,2025-06-02 18:15:00.083,2025-06-02 18:15:00.083,99,1.5277778,77.14,3.35,UTC+0200,HFrhKp8clb,com.sec.android.app.shealth,2025-06-02 18:06:00.000,bd6ed2c2-61aa-4a1e-8faa-b55b5f311d01,
60000,4,0,118,2025-06-02 18:06:00.000,,,2025-06-02 18:15:00.115,2025-06-02 18:15:00.115,118,1.5326667,91.96,3.77,UTC+0200,HFrhKp8clb,com.sec.android.app.shealth,2025-06-02 18:07:00.000,eb02ec4b-948e-42a7-8521-f702aae64be4,
10210,4,0,20,2025-06-02 18:07:00.000,,,2025-06-02 18:15:00.145,2025-06-02 18:15:00.145,20,1.5277778,15.6,0.66,UTC+0200,HFrhKp8clb,com.sec.android.app.shealth,2025-06-02 18:08:00.000,45343fdb-3c07-49b5-9ec2-7ec743dc08ec,
7130,4,0,12,2025-06-02 18:53:00.000,,,2025-06-02 18:53:33.992,2025-06-02 18:53:30.856,12,1.2425417,8.860474,0.42788124,UTC+0200,6ELqGFWjt8,com.sec.android.app.shealth,2025-06-02 18:54:00.000,9d162f24-3d10-45c4-9c69-077fb2e3e519,
4282,4,0,8,2025-06-02 18:54:00.000,,,2025-06-02 18:54:24.936,2025-06-02 18:54:23.856,8,1.4261996,6.107788,0.28030586,UTC+0200,6ELqGFWjt8,com.sec.android.app.shealth,2025-06-02 18:55:00.000,63adeb5a-ad32-4de7-a4fd-7f6f2b3df02d,
6367,4,0,11,2025-06-02 18:55:00.000,,,2025-06-02 18:55:14.549,2025-06-02 18:55:11.027,11,1.285115,8.183319,0.39055634,UTC+0200,6ELqGFWjt8,com.sec.android.app.shealth,2025-06-02 18:56:00.000,e2dfb608-5c65-4bd2-b681-78e1cb3a00a4,
5341,4,0,11,2025-06-02 18:53:00.000,,,2025-06-02 18:53:34.791,2025-06-02 18:53:34.042,11,1.636371,8.74,0.38,UTC+0200,HFrhKp8clb,com.sec.android.app.shealth,2025-06-02 18:54:00.000,205e8a46-349f-4b1b-8594-5ef769ad5b33,
13369,4,0,23,2025-06-02 18:54:00.000,,,2025-06-02 18:54:25.621,2025-06-02 18:54:18.535,23,1.2805187,17.12,0.76999974,UTC+0200,HFrhKp8clb,com.sec.android.app.shealth,2025-06-02 18:55:00.000,574e8ce9-68f5-4371-9eab-f957ce0d5a31,
24420,4,0,33,2025-06-02 18:55:00.000,,,2025-06-02 18:55:23.820,2025-06-02 18:55:04.828,33,0.9725572,23.75,1.1199998,UTC+0200,HFrhKp8clb,com.sec.android.app.shealth,2025-06-02 18:56:00.000,12ebde77-1acf-4a5c-9ffd-b47200abb0ce,
4587,4,0,7,2025-06-02 18:56:00.000,,,2025-06-02 18:56:19.601,2025-06-02 18:56:18.879,7,1.0833334,4.9700003,0.27,UTC+0200,HFrhKp8clb,com.sec.android.app.shealth,2025-06-02 18:57:00.000,2b383b7f-ea4d-433a-982d-49f9ff1f2592,
9621,4,0,15,2025-06-02 18:58:00.000,,,2025-06-02 18:58:12.940,2025-06-02 18:58:09.671,15,1.1442585,11.009999,0.49999997,UTC+0200,HFrhKp8clb,com.sec.android.app.shealth,2025-06-02 18:59:00.000,3de981c2-619e-4828-a92f-e1ca9000795a,
9349,4,0,13,2025-06-02 19:00:00.000,,,2025-06-02 19:14:59.980,2025-06-02 19:14:59.980,13,0.97222215,9.09,0.49,UTC+0200,HFrhKp8clb,com.sec.android.app.shealth,2025-06-02 19:01:00.000,8683443b-5112-499b-9531-84163983bbbd,
5912,4,0,10,2025-06-02 19:03:00.000,,,2025-06-02 19:15:00.038,2025-06-02 19:15:00.038,10,1.25,7.39,0.3,UTC+0200,HFrhKp8clb,com.sec.android.app.shealth,2025-06-02 19:04:00.000,058d8f91-3a30-4f86-94d4-08ee9925f8a8,
6348,4,0,10,2025-06-02 19:04:00.000,,,2025-06-02 19:15:00.070,2025-06-02 19:15:00.070,10,1.1388888,7.23,0.36,UTC+0200,HFrhKp8clb,com.sec.android.app.shealth,2025-06-02 19:05:00.000,d3a11572-ac84-4705-ab06-f0e60f0fed18,
6496,4,0,11,2025-06-02 19:05:00.000,,,2025-06-02 19:15:00.108,2025-06-02 19:15:00.108,11,1.25,8.12,0.37,UTC+0200,HFrhKp8clb,com.sec.android.app.shealth,2025-06-02 19:06:00.000,9935cd0d-78f1-4fd9-9a13-e9cf12914107,
5752,4,0,10,2025-06-02 19:08:00.000,,,2025-06-02 19:15:11.034,2025-06-02 19:15:11.034,10,1.3055556,7.51,0.36,UTC+0200,HFrhKp8clb,com.sec.android.app.shealth,2025-06-02 19:09:00.000,dca327ef-c2ee-4955-9487-0967eacc4848,
6252,4,1,12,2025-06-02 19:12:00.000,,,2025-06-02 19:15:11.064,2025-06-02 19:15:11.064,13,1.6666666,10.42,0.65,UTC+0200,HFrhKp8clb,com.sec.android.app.shealth,2025-06-02 19:13:00.000,73906a53-6ab5-498a-944e-0430a9c1c2ae,
6115,4,2,14,2025-06-02 19:13:00.000,,,2025-06-02 19:15:11.093,2025-06-02 19:15:11.093,16,2.2222223,13.59,0.69,UTC+0200,HFrhKp8clb,com.sec.android.app.shealth,2025-06-02 19:14:00.000,80aa8d5e-6af9-46ce-95cb-6adac47117e0,
1333,4,0,6,2025-06-02 19:42:00.000,,,2025-06-02 19:42:24.917,2025-06-02 19:42:24.917,6,3.710486,4.9473267,0.18606567,UTC+0200,6ELqGFWjt8,com.sec.android.app.shealth,2025-06-02 19:43:00.000,b00d1f7c-5cc9-4313-b19e-a537da2bac61,
4867,4,0,7,2025-06-02 19:43:00.000,,,2025-06-02 19:43:30.444,2025-06-02 19:43:29.816,7,1.026897,4.99823,0.25647354,UTC+0200,6ELqGFWjt8,com.sec.android.app.shealth,2025-06-02 19:44:00.000,b92cdd7d-c14c-48a9-aec4-59be790886b6,
28146,4,0,46,2025-06-02 19:45:00.000,,,2025-06-02 19:45:51.275,2025-06-02 19:45:14.887,46,1.2172469,34.26181,1.6314716,UTC+0200,6ELqGFWjt8,com.sec.android.app.shealth,2025-06-02 19:46:00.000,012b8b8d-e4a6-4019-8857-6edb63ab9e81,
11071,4,0,17,2025-06-02 19:54:00.000,,,2025-06-02 19:54:51.668,2025-06-02 19:54:43.508,17,1.111123,12.301758,0.6155758,UTC+0200,6ELqGFWjt8,com.sec.android.app.shealth,2025-06-02 19:55:00.000,113c3124-7447-44eb-83b9-1c76ec274697,
13516,4,0,21,2025-06-02 19:55:00.000,,,2025-06-02 19:55:23.203,2025-06-02 19:55:13.151,21,1.1463997,15.495026,0.74975586,UTC+0200,6ELqGFWjt8,com.sec.android.app.shealth,2025-06-02 19:56:00.000,5bb0b735-c7bf-4749-ac82-367e552c8ffd,
17751,4,0,27,2025-06-02 19:56:00.000,,,2025-06-02 19:56:09.336,2025-06-02 19:56:03.633,27,1.0991501,19.511139,0.9786415,UTC+0200,6ELqGFWjt8,com.sec.android.app.shealth,2025-06-02 19:57:00.000,0f2557eb-1e55-46ea-af83-bc3bd8709d27,
9746,4,0,14,2025-06-02 20:04:00.000,,,2025-06-02 20:04:55.088,2025-06-02 20:04:55.059,14,1.0757834,10.484863,0.49770927,UTC+0200,6ELqGFWjt8,com.sec.android.app.shealth,2025-06-02 20:05:00.000,8029a45c-ee97-43e5-baec-ce522b648e2d,
6307,4,0,9,2025-06-02 20:07:00.000,,,2025-06-02 20:07:10.305,2025-06-02 20:07:08.253,9,1.0179412,6.4209595,0.32998466,UTC+0200,6ELqGFWjt8,com.sec.android.app.shealth,2025-06-02 20:08:00.000,f73d86db-b9ea-4200-9b8c-e329a2c3c365,
6682,4,0,12,2025-06-02 19:16:00.000,,,2025-06-02 19:19:06.313,2025-06-02 19:19:06.313,12,1.3333334,8.91,0.43,UTC+0200,HFrhKp8clb,com.sec.android.app.shealth,2025-06-02 19:17:00.000,38cffd32-a429-47e3-af68-cff071b1d811,
9567,4,0,18,2025-06-02 19:18:00.000,,,2025-06-02 19:19:06.396,2025-06-02 19:19:06.396,18,1.4444444,13.82,0.62,UTC+0200,HFrhKp8clb,com.sec.android.app.shealth,2025-06-02 19:19:00.000,97aa2442-b8e2-440a-9d2c-e694051397e2,
12325,4,0,19,2025-06-02 19:19:00.000,,,2025-06-02 19:23:58.124,2025-06-02 19:19:06.461,19,1.1390857,14.04,0.68,UTC+0200,HFrhKp8clb,com.sec.android.app.shealth,2025-06-02 19:20:00.000,c1288f5b-3baa-4f49-a6d0-f3b9c8d0fd77,
5121,4,0,12,2025-06-02 19:22:00.000,,,2025-06-02 19:23:58.218,2025-06-02 19:23:58.218,12,1.9722222,10.1,0.43,UTC+0200,HFrhKp8clb,com.sec.android.app.shealth,2025-06-02 19:23:00.000,addaa131-31dc-46eb-950a-9e66d732dc82,
4824,4,0,11,2025-06-02 19:23:00.000,,,2025-06-02 19:23:58.258,2025-06-02 19:23:58.258,11,1.9444444,9.38,0.45,UTC+0200,HFrhKp8clb,com.sec.android.app.shealth,2025-06-02 19:24:00.000,01e9b55f-fa7b-4193-af1b-2eeaa2f7b2ea,
8443,4,0,14,2025-06-02 19:25:00.000,,,2025-06-02 19:34:59.799,2025-06-02 19:34:59.799,14,1.2222222,10.32,0.56,UTC+0200,HFrhKp8clb,com.sec.android.app.shealth,2025-06-02 19:26:00.000,d0ca5c82-4067-4a0a-a2d7-118a370a3ba2,
5751,4,5,10,2025-06-02 19:26:00.000,,,2025-06-02 19:34:59.835,2025-06-02 19:34:59.835,15,2.2222223,12.78,0.76,UTC+0200,HFrhKp8clb,com.sec.android.app.shealth,2025-06-02 19:27:00.000,e33574c2-31f5-49a3-bc32-360f289f5ced,
9385,4,4,11,2025-06-02 19:28:00.000,,,2025-06-02 19:34:59.864,2025-06-02 19:34:59.864,15,1.1666666,10.95,0.81,UTC+0200,HFrhKp8clb,com.sec.android.app.shealth,2025-06-02 19:29:00.000,97db5d5e-3047-4d26-96df-9e4006f7fb8b,
10231,4,0,19,2025-06-02 19:30:00.000,,,2025-06-02 19:34:59.894,2025-06-02 19:34:59.894,19,1.3888888,14.21,0.67,UTC+0200,HFrhKp8clb,com.sec.android.app.shealth,2025-06-02 19:31:00.000,cb3a9f85-cda4-44d2-8717-a457f53c498b,
6627,4,0,14,2025-06-02 19:31:00.000,,,2025-06-02 19:34:59.925,2025-06-02 19:34:59.925,14,1.6944444,11.23,0.53,UTC+0200,HFrhKp8clb,com.sec.android.app.shealth,2025-06-02 19:32:00.000,0545daca-2088-449e-a8d9-5e07b28594c9,
6250,4,0,11,2025-06-02 19:34:00.000,,,2025-06-02 19:34:59.953,2025-06-02 19:34:59.953,11,1.3055556,8.16,0.36,UTC+0200,HFrhKp8clb,com.sec.android.app.shealth,2025-06-02 19:35:00.000,2ee9b38c-924a-40d8-b1fc-f241151fabed,
5330,4,0,10,2025-06-02 19:38:00.000,,,2025-06-02 19:40:39.570,2025-06-02 19:40:39.570,10,1.4444444,7.7,0.41,UTC+0200,HFrhKp8clb,com.sec.android.app.shealth,2025-06-02 19:39:00.000,2c0f81ed-cbe9-4f81-b92b-79c0227f79e6,
7450,4,0,11,2025-06-02 19:41:00.000,,,2025-06-02 19:50:55.841,2025-06-02 19:50:55.841,11,1.0,7.45,0.55,UTC+0200,HFrhKp8clb,com.sec.android.app.shealth,2025-06-02 19:42:00.000,38c6f11b-22b0-4af3-8b72-ab7dfb9af501,
19044,4,3,32,2025-06-02 19:44:00.000,,,2025-06-02 19:50:55.915,2025-06-02 19:50:55.915,35,1.4166666,26.98,1.38,UTC+0200,HFrhKp8clb,com.sec.android.app.shealth,2025-06-02 19:45:00.000,9332cbc2-8ae3-4962-bf65-2863bb92b238,
11256,4,0,21,2025-06-02 19:45:00.000,,,2025-06-02 19:50:55.965,2025-06-02 19:50:55.965,21,1.4444444,16.26,0.7,UTC+0200,HFrhKp8clb,com.sec.android.app.shealth,2025-06-02 19:46:00.000,1c810954-6596-4a18-9326-27759836118b,
20174,4,0,31,2025-06-02 19:54:00.000,,,2025-06-02 19:54:54.244,2025-06-02 19:54:40.519,31,1.1003938,22.199997,1.1499999,UTC+0200,HFrhKp8clb,com.sec.android.app.shealth,2025-06-02 19:55:00.000,c9d074fa-2fe2-4002-b520-bfeb8b2f63ba,
32618,4,0,53,2025-06-02 19:55:00.000,,,2025-06-02 19:55:56.306,2025-06-02 19:55:07.812,53,1.1974766,39.06001,1.8299997,UTC+0200,HFrhKp8clb,com.sec.android.app.shealth,2025-06-02 19:56:00.000,771f6690-dcd4-401e-976c-b346d18692aa,
9284,4,0,17,2025-06-02 19:56:00.000,,,2025-06-02 19:56:10.761,2025-06-02 19:56:02.282,17,1.4044802,13.04,0.55999994,UTC+0200,HFrhKp8clb,com.sec.android.app.shealth,2025-06-02 19:57:00.000,0d0f9fbd-0332-4b54-b1eb-fcb0064358ed,
6719,4,0,13,2025-06-02 19:57:00.000,,,2025-06-02 19:57:29.757,2025-06-02 19:57:28.933,13,1.468822,9.870001,0.48,UTC+0200,HFrhKp8clb,com.sec.android.app.shealth,2025-06-02 19:58:00.000,ed1fa31f-c54f-492a-95b7-05da06183a43,
7091,4,0,14,2025-06-02 19:58:00.000,,,2025-06-02 19:58:04.196,2025-06-02 19:58:02.521,14,1.5454607,10.96,0.48,UTC+0200,HFrhKp8clb,com.sec.android.app.shealth,2025-06-02 19:59:00.000,57e8257e-f637-4f4d-b716-f03c0dd64dc8,
3787,4,0,7,2025-06-02 19:59:00.000,,,2025-06-02 19:59:06.856,2025-06-02 19:59:06.484,7,1.4206276,5.38,0.22,UTC+0200,HFrhKp8clb,com.sec.android.app.shealth,2025-06-02 20:00:00.000,72202081-42cb-4cad-9543-ceb3ffcc3ab7,
13043,4,0,22,2025-06-02 20:00:00.000,,,2025-06-02 20:00:59.906,2025-06-02 20:00:27.067,22,1.2404281,16.18,0.79999995,UTC+0200,HFrhKp8clb,com.sec.android.app.shealth,2025-06-02 20:01:00.000,de0b91c8-3b5c-410b-8f20-8498c9a8cc6c,
18083,4,0,39,2025-06-02 20:01:00.000,,,2025-06-02 20:01:49.340,2025-06-02 20:01:00.658,39,1.700961,30.76,1.3600001,UTC+0200,HFrhKp8clb,com.sec.android.app.shealth,2025-06-02 20:02:00.000,f209c213-f9f8-41c5-8f70-b9ad65167db6,
7564,4,0,12,2025-06-02 20:03:00.000,,,2025-06-02 20:03:50.147,2025-06-02 20:03:48.818,12,1.1156894,8.44,0.44,UTC+0200,HFrhKp8clb,com.sec.android.app.shealth,2025-06-02 20:04:00.000,fb8c615d-e536-41d5-85bf-2297398b7ff7,
4053,4,0,10,2025-06-02 20:06:00.000,,,2025-06-02 20:06:54.936,2025-06-02 20:06:54.936,10,2.1388888,8.67,0.28,UTC+0200,HFrhKp8clb,com.sec.android.app.shealth,2025-06-02 20:07:00.000,c6f6acb7-c34b-4e14-8816-92e6eabb5dc2,
10511,4,0,19,2025-06-02 20:08:00.000,,,2025-06-02 20:08:30.635,2025-06-02 20:08:22.731,19,1.3680606,14.379999,0.62,UTC+0200,HFrhKp8clb,com.sec.android.app.shealth,2025-06-02 20:09:00.000,861dcf40-6659-4709-ae25-97b468defadb,
4594,4,0,10,2025-06-02 20:11:00.000,,,2025-06-02 20:11:08.004,2025-06-02 20:11:08.004,10,1.75,8.04,0.32,UTC+0200,HFrhKp8clb,com.sec.android.app.shealth,2025-06-02 20:12:00.000,eeac284a-d811-4294-ab8b-1c448381c269,
5517,4,0,11,2025-06-02 20:12:00.000,,,2025-06-02 20:12:56.895,2025-06-02 20:12:56.895,11,1.5277778,8.43,0.41,UTC+0200,HFrhKp8clb,com.sec.android.app.shealth,2025-06-02 20:13:00.000,bd35d1bc-3f12-480c-900a-ae076212fdb2,
1333,4,0,6,2025-06-02 20:40:00.000,,,2025-06-02 20:40:05.373,2025-06-02 20:40:05.373,6,3.710486,4.9473267,0.18606567,UTC+0200,6ELqGFWjt8,com.sec.android.app.shealth,2025-06-02 20:41:00.000,c08e6250-2373-4d2f-8761-70fcf680c1ba,
5850,4,0,8,2025-06-02 20:46:00.000,,,2025-06-02 20:46:33.548,2025-06-02 20:46:32.396,8,0.97836953,5.723877,0.29255867,UTC+0200,6ELqGFWjt8,com.sec.android.app.shealth,2025-06-02 20:47:00.000,e03422bf-b32d-482d-8742-4bdad95949cc,
4585,4,0,6,2025-06-02 20:51:00.000,,,2025-06-02 20:51:25.360,2025-06-02 20:51:25.360,6,0.9179963,4.209656,0.2242279,UTC+0200,6ELqGFWjt8,com.sec.android.app.shealth,2025-06-02 20:52:00.000,a6889f7f-0006-4a44-b8d4-45b81fcb8725,
4636,4,0,6,2025-06-02 20:52:00.000,,,2025-06-02 20:52:16.626,2025-06-02 20:52:16.626,6,0.9119013,4.2279053,0.22312546,UTC+0200,6ELqGFWjt8,com.sec.android.app.shealth,2025-06-02 20:53:00.000,ddefa2b3-7748-4b35-80d7-52f7f0a5c4b0,
4999,4,0,7,2025-06-02 20:58:00.000,,,2025-06-02 20:58:59.810,2025-06-02 20:58:59.312,7,0.98687214,4.934021,0.26024437,UTC+0200,6ELqGFWjt8,com.sec.android.app.shealth,2025-06-02 20:59:00.000,bb129898-5df4-49c9-83de-79898b26a3a7,
3592,4,0,5,2025-06-02 20:59:00.000,,,2025-06-02 20:59:03.667,2025-06-02 20:59:00.656,5,0.9908092,3.559021,0.18376541,UTC+0200,6ELqGFWjt8,com.sec.android.app.shealth,2025-06-02 21:00:00.000,e47e735c-be57-449e-b37a-d4dc6c49ca0b,
7681,4,0,13,2025-06-02 20:13:00.000,,,2025-06-02 20:13:45.359,2025-06-02 20:13:41.097,13,1.2563397,9.65,0.44,UTC+0200,HFrhKp8clb,com.sec.android.app.shealth,2025-06-02 20:14:00.000,0d9775fc-d948-43ff-a7fd-47ca17093b5c,
7270,4,0,14,2025-06-02 20:15:00.000,,,2025-06-02 20:15:37.481,2025-06-02 20:15:35.180,14,1.4620748,10.629999,0.51,UTC+0200,HFrhKp8clb,com.sec.android.app.shealth,2025-06-02 20:16:00.000,ae6e416d-00ce-4f35-8e2d-57da2257aacc,
21360,4,0,36,2025-06-02 20:21:00.000,,,2025-06-02 20:21:52.012,2025-06-02 20:21:02.145,36,1.239189,26.470001,1.37,UTC+0200,HFrhKp8clb,com.sec.android.app.shealth,2025-06-02 20:22:00.000,7c89ed08-d960-4ac5-b7c6-032095d47c6f,
16292,4,0,27,2025-06-02 20:26:00.000,,,2025-06-02 20:26:56.662,2025-06-02 20:26:39.057,27,1.2263199,19.98,1.1799998,UTC+0200,HFrhKp8clb,com.sec.android.app.shealth,2025-06-02 20:27:00.000,099fd588-6d14-4147-a122-864a5cfa76bd,
6396,4,0,13,2025-06-02 20:32:00.000,,,2025-06-02 20:32:20.593,2025-06-02 20:32:18.835,13,1.578978,10.099999,0.52,UTC+0200,HFrhKp8clb,com.sec.android.app.shealth,2025-06-02 20:33:00.000,36751996-565b-4faf-9911-80656e13684c,
9597,4,0,16,2025-06-02 20:36:00.000,,,2025-06-02 20:39:42.758,2025-06-02 20:39:42.758,16,1.2222222,11.73,0.6,UTC+0200,HFrhKp8clb,com.sec.android.app.shealth,2025-06-02 20:37:00.000,34442fb4-cb39-495a-9f1f-7f94b2a487f0,
13182,4,0,18,2025-06-02 20:38:00.000,,,2025-06-02 20:39:42.860,2025-06-02 20:39:42.860,18,0.9444444,12.45,0.7,UTC+0200,HFrhKp8clb,com.sec.android.app.shealth,2025-06-02 20:39:00.000,d84ea16c-6e6f-413f-a11d-30a0b02ef62b,
15424,4,0,28,2025-06-02 20:39:00.000,,,2025-06-02 20:54:59.865,2025-06-02 20:39:42.914,28,1.365337,21.06,1.02,UTC+0200,HFrhKp8clb,com.sec.android.app.shealth,2025-06-02 20:40:00.000,e567631f-215b-400f-b9af-5139c7bce20a,
23785,4,0,39,2025-06-02 20:40:00.000,,,2025-06-02 20:54:59.952,2025-06-02 20:54:59.952,39,1.1944444,28.41,1.36,UTC+0200,HFrhKp8clb,com.sec.android.app.shealth,2025-06-02 20:41:00.000,ea3ad524-666c-42da-8a99-1a127a318ab6,
18442,4,0,33,2025-06-02 20:41:00.000,,,2025-06-02 20:54:59.990,2025-06-02 20:54:59.990,33,1.3333334,24.59,1.22,UTC+0200,HFrhKp8clb,com.sec.android.app.shealth,2025-06-02 20:42:00.000,76689e89-ac2f-42e7-8656-d10a52f80b39,
5652,4,0,10,2025-06-02 20:43:00.000,,,2025-06-02 20:55:00.024,2025-06-02 20:55:00.024,10,1.3055556,7.38,0.35,UTC+0200,HFrhKp8clb,com.sec.android.app.shealth,2025-06-02 20:44:00.000,fa6b0af0-5316-4888-9a96-0be6411edd1c,
12360,4,0,21,2025-06-02 20:46:00.000,,,2025-06-02 20:55:00.052,2025-06-02 20:55:00.052,21,1.25,15.45,0.78,UTC+0200,HFrhKp8clb,com.sec.android.app.shealth,2025-06-02 20:47:00.000,8524c7d7-dcfc-4f89-a97e-8da35ce1d09a,
13688,4,0,23,2025-06-02 20:47:00.000,,,2025-06-02 20:55:00.085,2025-06-02 20:55:00.085,23,1.25,17.11,0.81,UTC+0200,HFrhKp8clb,com.sec.android.app.shealth,2025-06-02 20:48:00.000,967e79de-f292-4063-bb55-d1b9bc44aaf4,
14146,4,0,23,2025-06-02 20:53:00.000,,,2025-06-02 20:55:00.214,2025-06-02 20:55:00.214,23,1.2222222,17.29,0.77,UTC+0200,HFrhKp8clb,com.sec.android.app.shealth,2025-06-02 20:54:00.000,26e605e2-04e0-4bd3-9b33-8c1a46c54c9b,
474,4,0,1,2025-06-02 20:54:00.000,,,2025-06-02 20:55:00.337,2025-06-02 20:55:00.337,1,1.6666666,0.79,0.04,UTC+0200,HFrhKp8clb,com.sec.android.app.shealth,2025-06-02 20:55:00.000,34cf8623-7700-4465-ae17-31bb16df69ed,
6120,4,0,10,2025-06-02 20:59:00.000,,,2025-06-02 21:02:09.495,2025-06-02 21:02:09.495,10,1.1388888,6.97,0.42,UTC+0200,HFrhKp8clb,com.sec.android.app.shealth,2025-06-02 21:00:00.000,88c9f88a-ecfc-4db7-ab27-6f1ca01547d3,
4052,4,0,10,2025-06-02 21:00:00.000,,,2025-06-02 21:02:09.590,2025-06-02 21:02:09.590,10,2.0555556,8.33,0.4,UTC+0200,HFrhKp8clb,com.sec.android.app.shealth,2025-06-02 21:01:00.000,f37507cf-95e5-4d90-b16b-d89257f0b895,
4629,4,0,10,2025-06-02 21:01:00.000,,,2025-06-02 21:02:09.643,2025-06-02 21:02:09.643,10,1.7777778,8.23,0.25,UTC+0200,HFrhKp8clb,com.sec.android.app.shealth,2025-06-02 21:02:00.000,f8a26fff-d59c-40ac-8ec9-7feb9611e884,
19494,4,0,30,2025-06-02 21:20:00.000,,,2025-06-02 21:23:02.169,2025-06-02 21:23:02.169,30,1.1146176,21.729065,1.084568,UTC+0200,6ELqGFWjt8,com.sec.android.app.shealth,2025-06-02 21:21:00.000,d88a445a-857b-4b9c-9774-9f66b5fd44b8,
2748,4,0,4,2025-06-02 21:21:00.000,,,2025-06-02 21:23:02.298,2025-06-02 21:23:02.298,4,1.0606874,2.9157715,0.14382935,UTC+0200,6ELqGFWjt8,com.sec.android.app.shealth,2025-06-02 21:22:00.000,314b8a75-f6b9-4195-b511-44235be458ee,
4058,4,0,6,2025-06-02 21:23:00.000,,,2025-06-02 21:23:02.391,2025-06-02 21:23:02.391,6,1.0762593,4.367981,0.21598625,UTC+0200,6ELqGFWjt8,com.sec.android.app.shealth,2025-06-02 21:24:00.000,cda60ced-5eb2-41d1-930d-7232006379cc,
7818,4,0,12,2025-06-02 21:07:00.000,,,2025-06-02 21:15:00.971,2025-06-02 21:15:00.971,12,1.0833334,8.47,0.47,UTC+0200,HFrhKp8clb,com.sec.android.app.shealth,2025-06-02 21:08:00.000,ae5dcd3c-fff6-4648-8075-dfe92541e685,
4969,4,0,10,2025-06-02 21:10:00.000,,,2025-06-02 21:15:01.019,2025-06-02 21:15:01.019,10,1.5555556,7.73,0.33,UTC+0200,HFrhKp8clb,com.sec.android.app.shealth,2025-06-02 21:11:00.000,60d8c811-921d-434c-847f-b813bf8f2011,
7178,4,0,13,2025-06-02 21:13:00.000,,,2025-06-02 21:15:01.053,2025-06-02 21:15:01.053,13,1.3888888,9.97,0.58,UTC+0200,HFrhKp8clb,com.sec.android.app.shealth,2025-06-02 21:14:00.000,6ce016ff-381d-4064-91be-6ae258494f88,
9483,4,0,14,2025-06-02 21:14:00.000,,,2025-06-02 21:15:01.083,2025-06-02 21:15:01.083,14,1.0555556,10.01,0.54,UTC+0200,HFrhKp8clb,com.sec.android.app.shealth,2025-06-02 21:15:00.000,03180d2b-6fd6-44e1-a54d-2dc5df8dc4f8,
6250,4,0,11,2025-06-02 21:16:00.000,,,2025-06-02 21:23:19.545,2025-06-02 21:23:19.545,11,1.3055556,8.16,0.41,UTC+0200,HFrhKp8clb,com.sec.android.app.shealth,2025-06-02 21:17:00.000,1a12520c-d0ff-4c9e-825e-372e782566f3,
1717,4,0,3,2025-06-02 21:17:00.000,,,2025-06-02 21:23:19.630,2025-06-02 21:23:19.630,3,1.3333334,2.29,0.1,UTC+0200,HFrhKp8clb,com.sec.android.app.shealth,2025-06-02 21:18:00.000,0054b2d1-93ef-4824-a0e1-82fda4128de5,
15734,4,0,28,2025-06-02 21:18:00.000,,,2025-06-02 21:23:19.711,2025-06-02 21:23:19.711,28,1.3333334,20.98,0.97,UTC+0200,HFrhKp8clb,com.sec.android.app.shealth,2025-06-02 21:19:00.000,372f1a5a-2097-44bc-a3b9-a321e99b6944,
7114,4,0,14,2025-06-02 21:20:00.000,,,2025-06-02 21:23:19.792,2025-06-02 21:23:19.792,14,1.5277778,10.87,0.5,UTC+0200,HFrhKp8clb,com.sec.android.app.shealth,2025-06-02 21:21:00.000,07590f3f-f904-4283-9cf8-365572676a7a,
7864,4,0,16,2025-06-02 21:21:00.000,,,2025-06-02 21:23:19.833,2025-06-02 21:23:19.833,16,1.6111112,12.67,0.54,UTC+0200,HFrhKp8clb,com.sec.android.app.shealth,2025-06-02 21:22:00.000,2e93414d-7cbb-4b96-b120-42cc531e2d96,
9193,4,0,18,2025-06-02 21:22:00.000,,,2025-06-02 21:23:19.879,2025-06-02 21:23:19.879,18,1.5,13.79,0.61,UTC+0200,HFrhKp8clb,com.sec.android.app.shealth,2025-06-02 21:23:00.000,d73e13de-0ccf-44eb-806d-368df84a21f8,
48424,4,0,93,2025-06-02 21:23:00.000,,,2025-06-02 21:34:59.774,2025-06-02 21:23:19.903,93,1.4856222,71.94,3.28,UTC+0200,HFrhKp8clb,com.sec.android.app.shealth,2025-06-02 21:24:00.000,dc16fc41-6fa8-43d7-92bd-041c55616290,
10032,4,0,17,2025-06-02 21:25:00.000,,,2025-06-02 21:25:13.502,2025-06-02 21:25:06.738,17,1.2510699,12.551941,0.60687065,UTC+0200,6ELqGFWjt8,com.sec.android.app.shealth,2025-06-02 21:26:00.000,aa5a1599-a945-4ea9-9c59-c11a56f3bdc1,
30502,4,0,54,2025-06-02 21:24:00.000,,,2025-06-02 21:34:59.818,2025-06-02 21:34:59.818,54,1.3333334,40.67,2.0,UTC+0200,HFrhKp8clb,com.sec.android.app.shealth,2025-06-02 21:25:00.000,c726ba03-38cf-4c4f-a9ad-18a4858e1e1a,
18862,4,0,28,2025-06-02 21:25:00.000,,,2025-06-02 21:34:59.851,2025-06-02 21:34:59.851,28,1.0555556,19.91,0.98,UTC+0200,HFrhKp8clb,com.sec.android.app.shealth,2025-06-02 21:26:00.000,163233d2-5e50-45a1-b572-2d7e68a2f8cf,
4773,4,0,10,2025-06-02 21:26:00.000,,,2025-06-02 21:34:59.882,2025-06-02 21:34:59.882,10,1.6111112,7.69,0.43,UTC+0200,HFrhKp8clb,com.sec.android.app.shealth,2025-06-02 21:27:00.000,9bf5cc81-da76-4fe7-a978-67f72aedca29,
21218,4,0,39,2025-06-02 21:27:00.000,,,2025-06-02 21:34:59.911,2025-06-02 21:34:59.911,39,1.3888888,29.47,1.47,UTC+0200,HFrhKp8clb,com.sec.android.app.shealth,2025-06-02 21:28:00.000,74974ca2-ba2e-4b52-9c9c-b8e53c819802,
8446,4,0,16,2025-06-02 21:28:00.000,,,2025-06-02 21:34:59.949,2025-06-02 21:34:59.949,16,1.4444444,12.2,0.58,UTC+0200,HFrhKp8clb,com.sec.android.app.shealth,2025-06-02 21:29:00.000,2e08d48f-4966-4cb2-8179-a44e632c759c,
41407,4,0,72,2025-06-02 21:29:00.000,,,2025-06-02 21:34:59.982,2025-06-02 21:34:59.982,72,1.3055556,54.06,2.53,UTC+0200,HFrhKp8clb,com.sec.android.app.shealth,2025-06-02 21:30:00.000,990e8a47-8b86-47fe-9122-311266e5c3da,
7689,4,0,14,2025-06-02 21:30:00.000,,,2025-06-02 21:35:00.013,2025-06-02 21:35:00.013,14,1.3888888,10.68,0.48,UTC+0200,HFrhKp8clb,com.sec.android.app.shealth,2025-06-02 21:31:00.000,10fb55b3-be20-48b6-9b39-843e142ff68d,
31599,4,0,52,2025-06-02 21:50:00.000,,,2025-06-02 21:50:17.329,2025-06-02 21:50:15.225,52,1.2273353,38.78302,1.8447742,UTC+0200,6ELqGFWjt8,com.sec.android.app.shealth,2025-06-02 21:51:00.000,363a1c20-157a-4a7e-b8a3-8bf1a0c8a8c7,
13042,4,0,20,2025-06-02 21:51:00.000,,,2025-06-02 21:51:13.873,2025-06-02 21:51:13.820,20,1.1167886,14.566101,0.7200222,UTC+0200,6ELqGFWjt8,com.sec.android.app.shealth,2025-06-02 21:52:00.000,aef6ed1a-56cf-4fa5-b449-e1e79ecdae2e,
7922,4,0,11,2025-06-02 21:52:00.000,,,2025-06-02 21:52:17.623,2025-06-02 21:52:17.592,11,0.98552275,7.807434,0.40581322,UTC+0200,6ELqGFWjt8,com.sec.android.app.shealth,2025-06-02 21:53:00.000,8a26bba7-1140-4e61-ac92-4e5d52654f2f,
3766,4,0,6,2025-06-02 21:56:00.000,,,2025-06-02 21:56:25.699,2025-06-02 21:56:25.699,6,1.2651644,4.7647095,0.20408058,UTC+0200,6ELqGFWjt8,com.sec.android.app.shealth,2025-06-02 21:57:00.000,fa4a4feb-9cc2-4f0d-8f43-96e250df5f63,
9117,4,0,15,2025-06-02 21:48:00.000,,,2025-06-02 21:49:23.827,2025-06-02 21:49:23.827,15,1.1944444,10.89,0.53,UTC+0200,HFrhKp8clb,com.sec.android.app.shealth,2025-06-02 21:49:00.000,91a64108-4568-4873-9d0f-694211096b8d,
39659,4,0,69,2025-06-02 21:49:00.000,,,2025-06-02 21:50:00.003,2025-06-02 21:49:23.926,69,1.3061299,51.800003,2.4399996,UTC+0200,HFrhKp8clb,com.sec.android.app.shealth,2025-06-02 21:50:00.000,62ebf2e8-a62f-436c-863e-e4e92e4afae5,
12737,4,0,23,2025-06-02 21:50:00.000,,,2025-06-02 21:50:15.234,2025-06-02 21:50:01.080,23,1.3597993,17.32,0.84000003,UTC+0200,HFrhKp8clb,com.sec.android.app.shealth,2025-06-02 21:51:00.000,6f8e9640-5599-44d8-82a4-2f34f112ca71,
4477,4,0,11,2025-06-02 21:52:00.000,,,2025-06-02 21:52:19.580,2025-06-02 21:52:19.088,11,2.0277777,9.08,0.58000004,UTC+0200,HFrhKp8clb,com.sec.android.app.shealth,2025-06-02 21:53:00.000,830ff7fc-509b-4a41-a280-8b24ed83d9f3,
28359,4,5,57,2025-06-02 21:53:00.000,,,2025-06-02 21:53:59.823,2025-06-02 21:53:05.525,62,1.7422873,49.410015,2.3899994,UTC+0200,HFrhKp8clb,com.sec.android.app.shealth,2025-06-02 21:54:00.000,c2411095-25a7-47dc-9153-adbed2c7e832,
21422,4,0,42,2025-06-02 21:54:00.000,,,2025-06-02 21:54:29.416,2025-06-02 21:54:08.898,42,1.5245539,32.660004,1.41,UTC+0200,HFrhKp8clb,com.sec.android.app.shealth,2025-06-02 21:55:00.000,b4d17f95-6d93-401c-a5e7-68a94c537728,
19859,4,0,40,2025-06-02 21:55:00.000,,,2025-06-02 21:55:59.368,2025-06-02 21:55:30.767,40,1.5569377,30.92,1.4999999,UTC+0200,HFrhKp8clb,com.sec.android.app.shealth,2025-06-02 21:56:00.000,5a989a60-3245-49c2-b605-dccc00ba3845,
28653,4,0,46,2025-06-02 22:06:00.000,,,2025-06-02 22:06:31.860,2025-06-02 22:06:05.687,46,1.2089046,34.639587,1.6215839,UTC+0200,6ELqGFWjt8,com.sec.android.app.shealth,2025-06-02 22:07:00.000,d42efb10-1a01-460a-a431-112b5065331e,
4116,4,0,7,2025-06-02 22:09:00.000,,,2025-06-02 22:09:38.947,2025-06-02 22:09:38.292,7,1.2831508,5.2816772,0.2466507,UTC+0200,6ELqGFWjt8,com.sec.android.app.shealth,2025-06-02 22:10:00.000,a92693d8-8378-4d42-b45c-e585b409782b,
3845,4,0,6,2025-06-02 22:11:00.000,,,2025-06-02 22:11:55.436,2025-06-02 22:11:55.436,6,1.134243,4.361206,0.2163353,UTC+0200,6ELqGFWjt8,com.sec.android.app.shealth,2025-06-02 22:12:00.000,e649a2d7-820f-453f-b952-e626e65db530,
1333,4,0,6,2025-06-02 22:14:00.000,,,2025-06-02 22:14:40.585,2025-06-02 22:14:40.585,6,3.710486,4.9473267,0.18606567,UTC+0200,6ELqGFWjt8,com.sec.android.app.shealth,2025-06-02 22:15:00.000,7ddb2889-fc2e-48e9-b12b-69eeeef6b03e,
12036,4,0,21,2025-06-02 22:18:00.000,,,2025-06-02 22:18:24.283,2025-06-02 22:18:10.806,21,1.3473538,16.217651,0.73003006,UTC+0200,6ELqGFWjt8,com.sec.android.app.shealth,2025-06-02 22:19:00.000,4bed4c0e-22e3-4929-88bf-b21e968c3e72,
12497,4,0,18,2025-06-02 22:48:00.000,,,2025-06-02 22:49:35.910,2025-06-02 22:49:35.910,18,1.0413339,13.014526,0.653595,UTC+0200,6ELqGFWjt8,com.sec.android.app.shealth,2025-06-02 22:49:00.000,0a34a402-b86c-4386-918b-395d098dada0,
50516,4,0,87,2025-06-02 22:49:00.000,,,2025-06-02 23:04:05.083,2025-06-02 23:04:05.083,87,1.2915807,65.24664,3.0743828,UTC+0200,6ELqGFWjt8,com.sec.android.app.shealth,2025-06-02 22:50:00.000,766a04ce-6e8f-4f28-b685-0876307b2cd0,
26450,4,5,45,2025-06-02 21:56:00.000,,,2025-06-02 21:56:47.915,2025-06-02 21:56:07.459,50,1.438526,38.049995,2.02,UTC+0200,HFrhKp8clb,com.sec.android.app.shealth,2025-06-02 21:57:00.000,4fb05801-1519-4321-8794-44eafd8d6b5e,
8381,4,0,14,2025-06-02 21:57:00.000,,,2025-06-02 21:57:12.975,2025-06-02 21:57:10.541,14,1.2301421,10.31,0.48000002,UTC+0200,HFrhKp8clb,com.sec.android.app.shealth,2025-06-02 21:58:00.000,53b7c677-aa1a-4e34-9a00-b53511ec8872,
3880,4,0,10,2025-06-02 21:58:00.000,,,2025-06-02 21:58:01.831,2025-06-02 21:58:01.831,10,2.1388888,8.3,0.37,UTC+0200,HFrhKp8clb,com.sec.android.app.shealth,2025-06-02 21:59:00.000,f9d3671e-afe8-4fa1-924f-95f3dd2217ba,
8765,4,0,15,2025-06-02 21:59:00.000,,,2025-06-02 21:59:18.094,2025-06-02 21:59:13.044,15,1.2765523,11.19,0.52,UTC+0200,HFrhKp8clb,com.sec.android.app.shealth,2025-06-02 22:00:00.000,f954fad4-0566-462c-981e-fe4fa914acc3,
6424,4,0,15,2025-06-02 22:00:00.000,,,2025-06-02 22:00:59.887,2025-06-02 22:00:53.791,15,1.9084206,12.26,0.58,UTC+0200,HFrhKp8clb,com.sec.android.app.shealth,2025-06-02 22:01:00.000,688d055c-2ea6-4e7e-acb8-1480c2593c76,
894,4,0,2,2025-06-02 22:01:00.000,,,2025-06-02 22:01:01.184,2025-06-02 22:01:00.653,2,1.7775184,1.59,0.08,UTC+0200,HFrhKp8clb,com.sec.android.app.shealth,2025-06-02 22:02:00.000,040647e7-b8b6-449f-8fba-1f9b09028d1a,
9225,4,0,20,2025-06-02 22:02:00.000,,,2025-06-02 22:02:55.447,2025-06-02 22:02:15.970,20,1.7289063,15.950001,0.65999997,UTC+0200,HFrhKp8clb,com.sec.android.app.shealth,2025-06-02 22:03:00.000,78d18a03-d210-418f-8a74-31ec14c59b6c,
6771,4,2,10,2025-06-02 22:03:00.000,,,2025-06-02 22:03:37.763,2025-06-02 22:03:36.970,12,1.3541843,9.17,0.69,UTC+0200,HFrhKp8clb,com.sec.android.app.shealth,2025-06-02 22:04:00.000,c4614439-c63d-4da0-bc80-a339178a3ee8,
22632,4,0,40,2025-06-02 22:04:00.000,,,2025-06-02 22:04:56.312,2025-06-02 22:04:13.422,40,1.333948,30.190002,1.3799999,UTC+0200,HFrhKp8clb,com.sec.android.app.shealth,2025-06-02 22:05:00.000,2f8ac008-387c-4821-8de4-033b0be96297,
12152,4,0,21,2025-06-02 22:05:00.000,,,2025-06-02 22:05:53.503,2025-06-02 22:05:44.644,21,1.2803686,15.559999,0.74,UTC+0200,HFrhKp8clb,com.sec.android.app.shealth,2025-06-02 22:06:00.000,e7fe6028-3da4-4412-b415-3dd8378c1671,
14035,4,0,27,2025-06-02 22:06:00.000,,,2025-06-02 22:06:29.330,2025-06-02 22:06:15.083,27,1.489797,20.91,0.93,UTC+0200,HFrhKp8clb,com.sec.android.app.shealth,2025-06-02 22:07:00.000,e76a81d8-6284-413f-b5c5-0344ef7c7df0,
6501,4,0,12,2025-06-02 22:09:00.000,,,2025-06-02 22:09:38.395,2025-06-02 22:09:37.633,12,1.4166667,9.21,0.41,UTC+0200,HFrhKp8clb,com.sec.android.app.shealth,2025-06-02 22:10:00.000,3a0974e8-8fc0-4e79-8864-0acf41f1885e,
4545,4,0,10,2025-06-02 22:10:00.000,,,2025-06-02 22:10:06.126,2025-06-02 22:10:06.126,10,1.7777778,8.08,0.51,UTC+0200,HFrhKp8clb,com.sec.android.app.shealth,2025-06-02 22:11:00.000,b53dad51-6c83-4fd0-b784-1f255bfb0629,
6675,4,0,14,2025-06-02 22:11:00.000,,,2025-06-02 22:11:56.273,2025-06-02 22:11:53.957,14,1.6072923,10.730001,0.52,UTC+0200,HFrhKp8clb,com.sec.android.app.shealth,2025-06-02 22:12:00.000,fadd81f1-1f04-429d-bfdb-6161c2881d1e,
10033,4,5,19,2025-06-02 22:12:00.000,,,2025-06-02 22:12:59.788,2025-06-02 22:12:50.476,24,2.1448784,21.519999,0.96999997,UTC+0200,HFrhKp8clb,com.sec.android.app.shealth,2025-06-02 22:13:00.000,6e329c06-a956-4262-81ab-977c3cc9bd28,
24588,4,10,44,2025-06-02 22:13:00.000,,,2025-06-02 22:13:58.716,2025-06-02 22:13:00.088,54,1.7545077,43.14,2.3099997,UTC+0200,HFrhKp8clb,com.sec.android.app.shealth,2025-06-02 22:14:00.000,2d0fc78e-96d4-4c22-a995-b43bf4caa057,
14784,4,0,32,2025-06-02 22:14:00.000,,,2025-06-02 22:14:56.248,2025-06-02 22:14:25.974,32,1.71257,25.32,1.1300001,UTC+0200,HFrhKp8clb,com.sec.android.app.shealth,2025-06-02 22:15:00.000,7940a039-4815-4d65-ac83-390b2e10cb3d,
12215,4,0,25,2025-06-02 22:16:00.000,,,2025-06-02 22:16:59.834,2025-06-02 22:16:42.718,25,1.6241364,19.839998,0.7899999,UTC+0200,HFrhKp8clb,com.sec.android.app.shealth,2025-06-02 22:17:00.000,f02335af-1b5c-4a4c-bf24-5c4ed2a8edcc,
12765,4,0,27,2025-06-02 22:17:00.000,,,2025-06-02 22:17:20.933,2025-06-02 22:17:03.480,27,1.6685916,21.3,0.97,UTC+0200,HFrhKp8clb,com.sec.android.app.shealth,2025-06-02 22:18:00.000,4ddc28a5-6fc5-4696-9088-d5788a3f0b45,
