com.samsung.shealth.activity.day_summary,6295017,6
movement_type,create_sh_ver,energy_type,exercise_time,step_count,exercise_calorie_target,active_time,target,others_time,modify_sh_ver,update_time,floors_target,create_time,floor_count,dynamic_active_time_target,exercise_time_target,goal,longest_active_time,score,move_hourly_count,duration_type,move_hourly_target,distance,dynamic_active_time,calorie,extra_data,deviceuuid,run_time,pkg_name,walk_time,longest_idle_time,datauuid,day_time
0,62670070,0,2103433,6022,300,4728379,90,0,62670070,2024-07-04 08:15:18.741,10,2024-07-03 09:12:25.875,3.0,30,30,-1,1353897,86,11,0,8,4355.3237,0,312.12946,1fa41bb3-b374-4559-a343-2cda881d8964.extra_data.json,64Z1605Zgy,0,com.sec.android.app.shealth,4728379,39480000,1fa41bb3-b374-4559-a343-2cda881d8964,2024-07-03 00:00:00.000,
0,62670070,0,0,0,300,0,90,0,62670070,2024-07-03 09:12:26.444,10,2024-07-03 09:12:26.444,0.0,30,30,-1,0,0,0,0,8,0.0,0,0.0,42b8cd0e-967b-49de-ab19-7a3d9417ca51.extra_data.json,64Z1605Zgy,0,com.sec.android.app.shealth,0,-1,42b8cd0e-967b-49de-ab19-7a3d9417ca51,2024-07-02 00:00:00.000,
0,62670070,0,0,0,300,0,90,0,62670070,2024-07-03 09:12:26.659,10,2024-07-03 09:12:26.659,0.0,30,30,-1,0,0,0,0,8,0.0,0,0.0,56d48c73-9ec8-402e-8db3-58f7d7bf2e39.extra_data.json,64Z1605Zgy,0,com.sec.android.app.shealth,0,-1,56d48c73-9ec8-402e-8db3-58f7d7bf2e39,2024-07-01 00:00:00.000,
0,62670070,0,0,0,300,0,90,0,62670070,2024-07-03 09:12:26.745,10,2024-07-03 09:12:26.745,0.0,30,30,-1,0,0,0,0,8,0.0,0,0.0,a7dc4bed-0d00-4126-ad8b-16f18acb2d1d.extra_data.json,64Z1605Zgy,0,com.sec.android.app.shealth,0,-1,a7dc4bed-0d00-4126-ad8b-16f18acb2d1d,2024-06-30 00:00:00.000,
0,62670070,0,0,0,300,0,90,0,62670070,2024-07-03 09:12:26.827,10,2024-07-03 09:12:26.827,0.0,30,30,-1,0,0,0,0,8,0.0,0,0.0,c083683b-b7ff-454b-adab-66b5266ff1d9.extra_data.json,64Z1605Zgy,0,com.sec.android.app.shealth,0,-1,c083683b-b7ff-454b-adab-66b5266ff1d9,2024-06-29 00:00:00.000,
0,62670070,0,0,0,300,0,90,0,62670070,2024-07-03 09:12:26.967,10,2024-07-03 09:12:26.967,0.0,30,30,-1,0,0,0,0,8,0.0,0,0.0,e8d6abc1-9b63-4f64-bd4b-37f0a91c4889.extra_data.json,64Z1605Zgy,0,com.sec.android.app.shealth,0,-1,e8d6abc1-9b63-4f64-bd4b-37f0a91c4889,2024-06-28 00:00:00.000,
0,62670070,0,0,0,300,0,90,0,62670070,2024-07-03 09:12:27.126,10,2024-07-03 09:12:27.126,0.0,30,30,-1,0,0,0,0,8,0.0,0,0.0,669e9116-93e0-4b8c-8897-dfa9ff6985b1.extra_data.json,64Z1605Zgy,0,com.sec.android.app.shealth,0,-1,669e9116-93e0-4b8c-8897-dfa9ff6985b1,2024-06-27 00:00:00.000,
0,62670070,0,0,0,300,0,90,0,62670070,2024-07-03 09:12:27.249,10,2024-07-03 09:12:27.249,0.0,30,30,-1,0,0,0,0,8,0.0,0,0.0,f652d566-9ed7-4e4f-b192-15b9ae9ebcfc.extra_data.json,64Z1605Zgy,0,com.sec.android.app.shealth,0,-1,f652d566-9ed7-4e4f-b192-15b9ae9ebcfc,2024-06-26 00:00:00.000,
0,62670070,0,0,0,300,0,90,0,62670070,2024-07-03 09:12:27.410,10,2024-07-03 09:12:27.410,0.0,30,30,-1,0,0,0,0,8,0.0,0,0.0,776d1fee-caf3-4b92-abba-98f8c3d9449e.extra_data.json,64Z1605Zgy,0,com.sec.android.app.shealth,0,-1,776d1fee-caf3-4b92-abba-98f8c3d9449e,2024-06-25 00:00:00.000,
0,62670070,0,0,0,300,0,90,0,62670070,2024-07-03 09:12:27.592,10,2024-07-03 09:12:27.592,0.0,30,30,-1,0,0,0,0,8,0.0,0,0.0,cd728a06-1a4f-4d30-bbc3-63e1549149f8.extra_data.json,64Z1605Zgy,0,com.sec.android.app.shealth,0,-1,cd728a06-1a4f-4d30-bbc3-63e1549149f8,2024-06-24 00:00:00.000,
0,62670070,0,0,0,300,0,90,0,62670070,2024-07-03 09:12:27.723,10,2024-07-03 09:12:27.723,0.0,30,30,-1,0,0,0,0,8,0.0,0,0.0,81b6b63d-d165-4e32-bbba-36f804228aaa.extra_data.json,64Z1605Zgy,0,com.sec.android.app.shealth,0,-1,81b6b63d-d165-4e32-bbba-36f804228aaa,2024-06-23 00:00:00.000,
0,62670070,0,0,0,300,0,90,0,62670070,2024-07-03 09:12:27.911,10,2024-07-03 09:12:27.911,0.0,30,30,-1,0,0,0,0,8,0.0,0,0.0,4fd0669a-34e9-4752-ad8e-54ca672c26f2.extra_data.json,64Z1605Zgy,0,com.sec.android.app.shealth,0,-1,4fd0669a-34e9-4752-ad8e-54ca672c26f2,2024-06-22 00:00:00.000,
0,62670070,0,0,0,300,0,90,0,62670070,2024-07-03 09:12:28.253,10,2024-07-03 09:12:28.253,0.0,30,30,-1,0,0,0,0,8,0.0,0,0.0,064d9077-23d2-456f-8181-3275244e7468.extra_data.json,64Z1605Zgy,0,com.sec.android.app.shealth,0,-1,064d9077-23d2-456f-8181-3275244e7468,2024-06-21 00:00:00.000,
0,62670070,0,0,0,300,0,90,0,62670070,2024-07-03 09:12:28.519,10,2024-07-03 09:12:28.519,0.0,30,30,-1,0,0,0,0,8,0.0,0,0.0,7cc3d78d-57c8-4aea-a014-d25432b562dc.extra_data.json,64Z1605Zgy,0,com.sec.android.app.shealth,0,-1,7cc3d78d-57c8-4aea-a014-d25432b562dc,2024-06-20 00:00:00.000,
0,62670070,0,0,0,300,0,90,0,62670070,2024-07-03 09:12:28.838,10,2024-07-03 09:12:28.838,0.0,30,30,-1,0,0,0,0,8,0.0,0,0.0,16567f1c-b8d2-41cc-be9c-b9091d8d62d4.extra_data.json,64Z1605Zgy,0,com.sec.android.app.shealth,0,-1,16567f1c-b8d2-41cc-be9c-b9091d8d62d4,2024-06-19 00:00:00.000,
0,62670070,0,0,0,300,0,90,0,62670070,2024-07-03 09:12:29.162,10,2024-07-03 09:12:29.162,0.0,30,30,-1,0,0,0,0,8,0.0,0,0.0,886b95c2-6318-4648-b9d2-7afca43313ef.extra_data.json,64Z1605Zgy,0,com.sec.android.app.shealth,0,-1,886b95c2-6318-4648-b9d2-7afca43313ef,2024-06-18 00:00:00.000,
0,62670070,0,0,0,300,0,90,0,62670070,2024-07-03 09:12:29.501,10,2024-07-03 09:12:29.501,0.0,30,30,-1,0,0,0,0,8,0.0,0,0.0,4af2f1f5-80a0-4617-9373-36f5ae9e2df0.extra_data.json,64Z1605Zgy,0,com.sec.android.app.shealth,0,-1,4af2f1f5-80a0-4617-9373-36f5ae9e2df0,2024-06-17 00:00:00.000,
0,62670070,0,0,0,300,0,90,0,62670070,2024-07-03 09:12:29.712,10,2024-07-03 09:12:29.712,0.0,30,30,-1,0,0,0,0,8,0.0,0,0.0,71bd85de-ae5e-4e37-91c9-34e849987903.extra_data.json,64Z1605Zgy,0,com.sec.android.app.shealth,0,-1,71bd85de-ae5e-4e37-91c9-34e849987903,2024-06-16 00:00:00.000,
0,62670070,0,0,0,300,0,90,0,62670070,2024-07-03 09:12:31.206,10,2024-07-03 09:12:31.206,0.0,30,30,-1,0,0,0,0,8,0.0,0,0.0,56813de1-900f-404f-8b0f-3faf2c4e918d.extra_data.json,64Z1605Zgy,0,com.sec.android.app.shealth,0,-1,56813de1-900f-404f-8b0f-3faf2c4e918d,2024-06-15 00:00:00.000,
0,62670070,0,0,0,300,0,90,0,62670070,2024-07-03 09:12:31.754,10,2024-07-03 09:12:31.754,0.0,30,30,-1,0,0,0,0,8,0.0,0,0.0,88d5f177-ac23-4ece-abe6-bea268404906.extra_data.json,64Z1605Zgy,0,com.sec.android.app.shealth,0,-1,88d5f177-ac23-4ece-abe6-bea268404906,2024-06-14 00:00:00.000,
0,62670070,0,0,0,300,0,90,0,62670070,2024-07-03 09:12:32.147,10,2024-07-03 09:12:32.147,0.0,30,30,-1,0,0,0,0,8,0.0,0,0.0,c35908a5-df12-43dc-a884-9c3817619e1f.extra_data.json,64Z1605Zgy,0,com.sec.android.app.shealth,0,-1,c35908a5-df12-43dc-a884-9c3817619e1f,2024-06-13 00:00:00.000,
0,62670070,0,0,0,300,0,90,0,62670070,2024-07-03 09:12:32.469,10,2024-07-03 09:12:32.469,0.0,30,30,-1,0,0,0,0,8,0.0,0,0.0,1b4606c5-1ea1-4a70-bcc6-6824c015a50c.extra_data.json,64Z1605Zgy,0,com.sec.android.app.shealth,0,-1,1b4606c5-1ea1-4a70-bcc6-6824c015a50c,2024-06-12 00:00:00.000,
0,62670070,0,0,0,300,0,90,0,62670070,2024-07-03 09:12:32.761,10,2024-07-03 09:12:32.761,0.0,30,30,-1,0,0,0,0,8,0.0,0,0.0,e6e872c2-f675-4b25-8eba-cd2acf73259d.extra_data.json,64Z1605Zgy,0,com.sec.android.app.shealth,0,-1,e6e872c2-f675-4b25-8eba-cd2acf73259d,2024-06-11 00:00:00.000,
0,62670070,0,0,0,300,0,90,0,62670070,2024-07-03 09:12:33.019,10,2024-07-03 09:12:33.019,0.0,30,30,-1,0,0,0,0,8,0.0,0,0.0,eb438cf4-7c43-4c77-85ae-ec79664c71c8.extra_data.json,64Z1605Zgy,0,com.sec.android.app.shealth,0,-1,eb438cf4-7c43-4c77-85ae-ec79664c71c8,2024-06-10 00:00:00.000,
0,62670070,0,0,0,300,0,90,0,62670070,2024-07-03 09:12:33.169,10,2024-07-03 09:12:33.169,0.0,30,30,-1,0,0,0,0,8,0.0,0,0.0,0cc01c5b-24b9-49da-ba45-f060af49942f.extra_data.json,64Z1605Zgy,0,com.sec.android.app.shealth,0,-1,0cc01c5b-24b9-49da-ba45-f060af49942f,2024-06-09 00:00:00.000,
0,62670070,0,0,0,300,0,90,0,62670070,2024-07-03 09:12:33.343,10,2024-07-03 09:12:33.343,0.0,30,30,-1,0,0,0,0,8,0.0,0,0.0,06abefa2-bff2-4b05-b95a-5e632423e9d8.extra_data.json,64Z1605Zgy,0,com.sec.android.app.shealth,0,-1,06abefa2-bff2-4b05-b95a-5e632423e9d8,2024-06-08 00:00:00.000,
0,62670070,0,0,0,300,0,90,0,62670070,2024-07-03 09:12:33.482,10,2024-07-03 09:12:33.482,0.0,30,30,-1,0,0,0,0,8,0.0,0,0.0,8d420634-ed97-4c04-a3e5-014b2da32ccd.extra_data.json,64Z1605Zgy,0,com.sec.android.app.shealth,0,-1,8d420634-ed97-4c04-a3e5-014b2da32ccd,2024-06-07 00:00:00.000,
0,62670070,0,0,0,300,0,90,0,62670070,2024-07-03 09:12:33.615,10,2024-07-03 09:12:33.615,0.0,30,30,-1,0,0,0,0,8,0.0,0,0.0,e5c2dc3f-0954-460b-b02e-019e70d15eb1.extra_data.json,64Z1605Zgy,0,com.sec.android.app.shealth,0,-1,e5c2dc3f-0954-460b-b02e-019e70d15eb1,2024-06-06 00:00:00.000,
0,62670070,0,0,7028,300,4675928,90,0,62670070,2024-07-05 05:16:39.452,10,2024-07-03 22:00:01.486,1.0,30,30,-1,60000,85,17,0,8,5077.0654,0,281.4624,47a0cca7-45c7-4bf1-ae99-53291bc3e586.extra_data.json,64Z1605Zgy,17600,com.sec.android.app.shealth,4658328,8700000,47a0cca7-45c7-4bf1-ae99-53291bc3e586,2024-07-04 00:00:00.000,
0,62670070,0,0,8419,300,5595772,90,0,62670070,2024-07-05 20:45:52.147,10,2024-07-04 22:47:38.713,1.0,30,30,-1,60000,103,14,0,8,6158.194,0,346.91986,f63dfa98-dee6-4297-a7c4-3a8e78353200.extra_data.json,64Z1605Zgy,2400,com.sec.android.app.shealth,5593372,26040000,f63dfa98-dee6-4297-a7c4-3a8e78353200,2024-07-05 00:00:00.000,
0,62670070,0,0,1832,300,1220342,90,0,62670070,2024-07-06 21:07:25.839,10,2024-07-05 22:00:01.376,0.0,30,30,-1,60000,22,7,0,8,1329.2799,0,75.90999,ec1f6daf-2c82-4138-a828-ad6dd1a72864.extra_data.json,64Z1605Zgy,2400,com.sec.android.app.shealth,1217942,40740000,ec1f6daf-2c82-4138-a828-ad6dd1a72864,2024-07-06 00:00:00.000,
0,62670070,0,0,6704,300,4425883,90,0,62670070,2024-07-07 20:48:43.166,10,2024-07-06 22:00:14.021,1.0,30,30,-1,60000,81,16,0,8,4859.477,0,277.49997,d407cf6e-6184-4c24-8e41-bbf0afc32cb8.extra_data.json,64Z1605Zgy,4400,com.sec.android.app.shealth,4421483,25140000,d407cf6e-6184-4c24-8e41-bbf0afc32cb8,2024-07-07 00:00:00.000,
0,62670070,0,0,6663,300,4436182,90,0,62670070,2024-07-08 22:20:47.626,10,2024-07-07 22:00:01.092,1.0,30,30,-1,60000,81,13,0,8,4845.8716,0,274.72647,355f13b9-6e29-4c7b-97f0-7ef455597059.extra_data.json,64Z1605Zgy,10000,com.sec.android.app.shealth,4426182,36720000,355f13b9-6e29-4c7b-97f0-7ef455597059,2024-07-08 00:00:00.000,
0,62670070,0,3021165,9526,300,5744390,90,0,62670070,2024-07-09 19:14:51.787,10,2024-07-08 22:00:02.434,1.0,30,30,-1,2143891,105,11,0,8,7230.0415,7000,462.8271,dddb215d-576c-491e-a75d-cd5b6b11590f.extra_data.json,64Z1605Zgy,400,com.sec.android.app.shealth,5743990,17880000,dddb215d-576c-491e-a75d-cd5b6b11590f,2024-07-09 00:00:00.000,
0,62670070,0,0,4977,300,3246641,90,0,62670070,2024-07-10 22:29:40.154,10,2024-07-09 22:00:01.951,3.0,30,30,-1,240000,60,10,0,8,3629.9893,0,203.92702,9fc912c4-6dfb-49d8-aca9-b76f1dcbe55d.extra_data.json,64Z1605Zgy,3200,com.sec.android.app.shealth,3243441,45540000,9fc912c4-6dfb-49d8-aca9-b76f1dcbe55d,2024-07-10 00:00:00.000,
0,62670070,0,0,5084,300,3368955,90,0,62670070,2024-07-12 06:13:41.459,10,2024-07-10 22:29:34.194,0.0,30,30,-1,120000,62,11,0,8,3699.5728,0,210.58987,2a6f69ff-4906-44b6-9b1d-148ca67fee48.extra_data.json,64Z1605Zgy,4000,com.sec.android.app.shealth,3364955,28800000,2a6f69ff-4906-44b6-9b1d-148ca67fee48,2024-07-11 00:00:00.000,
0,62670070,0,0,6137,300,4090813,90,0,62670070,2024-07-12 21:02:10.056,10,2024-07-12 06:13:05.611,1.0,30,30,-1,60000,75,16,0,8,4439.994,0,253.82587,d62796aa-4a13-4beb-8dfa-b3c0eb897aef.extra_data.json,64Z1605Zgy,2800,com.sec.android.app.shealth,4088013,24960000,d62796aa-4a13-4beb-8dfa-b3c0eb897aef,2024-07-12 00:00:00.000,
0,62670070,0,3562239,9628,300,6635271,90,0,62670070,2024-07-13 22:03:46.012,10,2024-07-12 22:00:03.331,5.0,30,30,-1,3562239,122,14,0,8,6983.729,0,487.11798,d7819904-a070-43e6-9ec4-e91915e78eb0.extra_data.json,64Z1605Zgy,2800,com.sec.android.app.shealth,6632471,23340000,d7819904-a070-43e6-9ec4-e91915e78eb0,2024-07-13 00:00:00.000,
0,62670070,0,0,7078,300,4637559,90,0,62670070,2024-07-14 18:44:00.616,10,2024-07-13 22:00:01.311,1.0,30,30,-1,240000,84,14,0,8,5167.112,0,292.66992,85ecb171-6ee4-41df-bc25-ca37b3d25d8a.extra_data.json,64Z1605Zgy,30800,com.sec.android.app.shealth,4606759,28980000,85ecb171-6ee4-41df-bc25-ca37b3d25d8a,2024-07-14 00:00:00.000,
0,62670070,0,1522936,8624,300,5477529,90,0,62701610,2024-07-16 08:28:10.753,10,2024-07-14 22:00:01.614,1.0,30,30,-1,796003,101,13,0,8,6414.5093,10000,394.24258,0b1b66a4-e943-4903-a4b3-3c287c8e18bd.extra_data.json,64Z1605Zgy,14800,com.sec.android.app.shealth,5462729,36120000,0b1b66a4-e943-4903-a4b3-3c287c8e18bd,2024-07-15 00:00:00.000,
0,62670070,0,0,611,300,407537,90,0,62701610,2024-07-16 22:00:03.564,10,2024-07-16 07:38:49.647,0.0,30,30,-1,60000,6,2,0,8,445.32004,0,24.289999,58ad1a4d-f87a-4e20-9b59-053873d5ba9f.extra_data.json,64Z1605Zgy,0,com.sec.android.app.shealth,407537,52619999,58ad1a4d-f87a-4e20-9b59-053873d5ba9f,2024-07-16 00:00:00.000,
0,62701610,0,0,8076,300,5311489,90,0,62701610,2024-07-17 20:37:41.191,10,2024-07-16 22:00:01.908,4.0,30,30,-1,120000,96,14,0,8,5892.3755,0,341.25378,7072ccfa-4ce6-44f7-a81e-b9eb2a71cf8e.extra_data.json,64Z1605Zgy,44400,com.sec.android.app.shealth,5267089,34140000,7072ccfa-4ce6-44f7-a81e-b9eb2a71cf8e,2024-07-17 00:00:00.000,
0,62701610,0,823521,4787,300,3314165,90,0,62701610,2024-07-18 21:56:13.733,10,2024-07-17 22:19:35.061,0.0,30,30,-1,823649,61,12,0,8,3524.766,0,227.91312,503ae507-3c71-406f-bf89-e8fd473630dd.extra_data.json,64Z1605Zgy,5021,com.sec.android.app.shealth,3309144,22560000,503ae507-3c71-406f-bf89-e8fd473630dd,2024-07-18 00:00:00.000,
0,62701610,0,0,403,300,268801,90,0,62701610,2024-07-20 09:40:30.469,10,2024-07-18 22:00:01.549,0.0,30,30,-1,46690,4,1,0,8,297.22998,0,17.14,0b4fb735-5a50-4656-82f0-983e0cb5fffb.extra_data.json,64Z1605Zgy,0,com.sec.android.app.shealth,268801,84599999,0b4fb735-5a50-4656-82f0-983e0cb5fffb,2024-07-19 00:00:00.000,
0,62701610,0,0,351,300,219413,90,0,62701610,2024-07-20 18:24:55.204,10,2024-07-20 07:12:17.489,0.0,30,30,-1,60000,3,2,0,8,265.8703,0,13.737026,871f2e1a-930b-47b9-a1a7-ea350378daff.extra_data.json,64Z1605Zgy,0,com.sec.android.app.shealth,219413,42000000,871f2e1a-930b-47b9-a1a7-ea350378daff,2024-07-20 00:00:00.000,
0,62701610,0,0,1107,300,698866,90,0,62701610,2024-07-21 14:37:49.839,10,2024-07-20 22:45:45.202,0.0,30,30,-1,240000,12,4,0,8,841.56934,0,43.099556,7e53c349-ec21-4789-9d84-c62dd52ffba0.extra_data.json,64Z1605Zgy,0,com.sec.android.app.shealth,698866,41400000,7e53c349-ec21-4789-9d84-c62dd52ffba0,2024-07-21 00:00:00.000,
0,62701610,0,0,0,300,0,90,0,62701610,2024-07-22 04:56:37.802,10,2024-07-21 22:51:57.615,0.0,30,30,-1,0,0,0,0,8,0.0,0,0.0,ff32ea37-e234-4747-a9be-8b36b0db894c.extra_data.json,64Z1605Zgy,0,com.sec.android.app.shealth,0,-1,ff32ea37-e234-4747-a9be-8b36b0db894c,2024-07-22 00:00:00.000,
0,62701610,0,0,95,300,63365,90,0,62701610,2024-07-23 15:21:21.986,10,2024-07-22 22:07:05.143,0.0,30,30,-1,33350,1,2,0,8,72.48763,0,3.6958404,d33b75a2-bf8b-4f58-aa5a-cc23254c937a.extra_data.json,64Z1605Zgy,0,com.sec.android.app.shealth,63365,56460000,d33b75a2-bf8b-4f58-aa5a-cc23254c937a,2024-07-23 00:00:00.000,
0,62701610,0,2371587,4738,300,4394153,90,2371587,62701610,2024-07-25 14:52:59.488,10,2024-07-23 23:27:05.355,1.0,30,30,-1,1210133,80,7,0,8,2205.501,807000,403.70685,99b45f1f-c4f0-4cb4-a776-164d0cf5966f.extra_data.json,64Z1605Zgy,6000,com.sec.android.app.shealth,2016566,50880000,99b45f1f-c4f0-4cb4-a776-164d0cf5966f,2024-07-24 00:00:00.000,
0,62701610,0,642947,6550,300,4558664,90,0,62701610,2024-07-25 16:32:29.341,10,2024-07-25 14:51:51.442,1.0,30,30,-1,642947,83,12,0,8,4759.2334,0,280.08368,c3a9216f-eb0e-4f1c-944f-bf560ec8e5e9.extra_data.json,64Z1605Zgy,8800,com.sec.android.app.shealth,4549864,23880000,c3a9216f-eb0e-4f1c-944f-bf560ec8e5e9,2024-07-25 00:00:00.000,
0,62701610,0,0,0,300,0,90,0,62701610,2024-07-26 04:00:05.570,10,2024-07-25 22:00:05.566,0.0,30,30,-1,0,0,0,0,8,0.0,0,0.0,1cdff482-6f76-4718-8ab2-54b5e1b0f6c6.extra_data.json,64Z1605Zgy,0,com.sec.android.app.shealth,0,-1,1cdff482-6f76-4718-8ab2-54b5e1b0f6c6,2024-07-26 00:00:00.000,
0,62701610,0,0,0,300,0,90,0,62701610,2024-07-27 04:00:04.299,10,2024-07-26 22:00:02.954,0.0,30,30,-1,0,0,0,0,8,0.0,0,0.0,796325bc-0746-4656-b88f-302f48ee4759.extra_data.json,64Z1605Zgy,0,com.sec.android.app.shealth,0,-1,796325bc-0746-4656-b88f-302f48ee4759,2024-07-27 00:00:00.000,
0,62701610,0,0,212,300,141404,90,0,62701610,2024-07-29 08:12:25.889,10,2024-07-27 22:00:02.889,0.0,30,30,-1,60000,2,2,0,8,160.76138,0,8.259524,39a34733-865b-48a5-9c98-f2d8b50d4c60.extra_data.json,64Z1605Zgy,0,com.sec.android.app.shealth,141404,45959999,39a34733-865b-48a5-9c98-f2d8b50d4c60,2024-07-28 00:00:00.000,
0,62701610,0,0,0,300,0,90,0,62701610,2024-07-29 08:13:24.346,10,2024-07-29 08:12:24.913,0.0,30,30,-1,0,0,0,0,8,0.0,0,0.0,1ed48b35-65c5-4928-bfff-8db757e379ce.extra_data.json,64Z1605Zgy,0,com.sec.android.app.shealth,0,-1,1ed48b35-65c5-4928-bfff-8db757e379ce,2024-07-29 00:00:00.000,
0,62701610,0,0,0,300,0,90,0,62701610,2024-08-02 21:26:59.815,10,2024-08-02 21:26:42.674,0.0,30,30,-1,0,0,0,0,8,0.0,0,0.0,9976b491-700a-43fa-aa1e-4b00b526f8e1.extra_data.json,64Z1605Zgy,0,com.sec.android.app.shealth,0,-1,9976b491-700a-43fa-aa1e-4b00b526f8e1,2024-08-02 00:00:00.000,
0,62701610,0,0,0,300,0,90,0,62701610,2024-08-02 21:26:44.729,10,2024-08-02 21:26:44.729,0.0,30,30,-1,0,0,0,0,8,0.0,0,0.0,1714181e-c348-4081-b1bb-06bd02b720ef.extra_data.json,64Z1605Zgy,0,com.sec.android.app.shealth,0,-1,1714181e-c348-4081-b1bb-06bd02b720ef,2024-08-01 00:00:00.000,
0,62701610,0,0,0,300,0,90,0,62701610,2024-08-02 21:26:45.276,10,2024-08-02 21:26:45.276,0.0,30,30,-1,0,0,0,0,8,0.0,0,0.0,4c4d3588-9602-494e-81d5-d7b94180a620.extra_data.json,64Z1605Zgy,0,com.sec.android.app.shealth,0,-1,4c4d3588-9602-494e-81d5-d7b94180a620,2024-07-31 00:00:00.000,
0,62701610,0,0,0,300,0,90,0,62701610,2024-08-02 21:26:45.765,10,2024-08-02 21:26:45.765,0.0,30,30,-1,0,0,0,0,8,0.0,0,0.0,de0dc624-9098-4079-9ff5-eeff6466e22a.extra_data.json,64Z1605Zgy,0,com.sec.android.app.shealth,0,-1,de0dc624-9098-4079-9ff5-eeff6466e22a,2024-07-30 00:00:00.000,
0,62701610,0,0,37,300,24679,90,0,62701610,2024-08-03 16:49:02.472,10,2024-08-02 22:00:03.475,0.0,30,30,-1,8004,0,1,0,8,26.714777,0,1.4943268,ed43c3a3-35b9-46e0-ace1-2afc5eeb89d7.extra_data.json,64Z1605Zgy,0,com.sec.android.app.shealth,24679,36180000,ed43c3a3-35b9-46e0-ace1-2afc5eeb89d7,2024-08-03 00:00:00.000,
0,62701610,0,0,46,300,30682,90,0,62701610,2024-08-04 15:43:43.666,10,2024-08-04 01:13:28.074,0.0,30,30,-1,13340,0,2,0,8,34.937294,0,1.79427,c0165940-532b-447b-bbcb-f737074f8126.extra_data.json,64Z1605Zgy,0,com.sec.android.app.shealth,30682,34380000,c0165940-532b-447b-bbcb-f737074f8126,2024-08-04 00:00:00.000,
0,62701610,0,0,59,300,39353,90,0,62701610,2024-08-05 13:59:39.071,10,2024-08-04 23:25:00.677,0.0,30,30,-1,18009,0,1,0,8,43.29756,0,2.3434417,678f4546-87d2-4948-89b7-bcff58ded7bb.extra_data.json,64Z1605Zgy,0,com.sec.android.app.shealth,39353,51900000,678f4546-87d2-4948-89b7-bcff58ded7bb,2024-08-05 00:00:00.000,
0,62701610,0,0,825,300,492763,90,0,62701610,2024-08-07 17:04:34.238,10,2024-08-06 06:49:34.215,0.0,30,30,-1,180000,8,3,0,8,630.6933,0,32.033875,f4f60b00-3a75-4cbd-bbe3-58bddba86f5d.extra_data.json,64Z1605Zgy,0,com.sec.android.app.shealth,492763,43619999,f4f60b00-3a75-4cbd-bbe3-58bddba86f5d,2024-08-06 00:00:00.000,
0,62701610,0,0,354,300,227417,90,0,62701610,2024-08-07 17:04:43.325,10,2024-08-07 17:04:31.113,0.0,30,30,-1,60000,3,2,0,8,267.2775,0,13.828747,0c939db1-d646-41c1-95bb-921c3ec29c6f.extra_data.json,64Z1605Zgy,0,com.sec.android.app.shealth,227417,52500000,0c939db1-d646-41c1-95bb-921c3ec29c6f,2024-08-07 00:00:00.000,
0,62701610,0,0,130,300,86710,90,0,62701610,2024-08-09 13:51:31.026,10,2024-08-09 12:43:40.918,0.0,30,30,-1,35351,1,2,0,8,97.31525,0,5.098336,ca63e16f-eb3d-4822-9a5a-e2a9866a375e.extra_data.json,64Z1605Zgy,0,com.sec.android.app.shealth,86710,53040000,ca63e16f-eb3d-4822-9a5a-e2a9866a375e,2024-08-09 00:00:00.000,
0,62701610,0,0,0,300,0,90,0,62701610,2024-08-09 12:43:44.546,10,2024-08-09 12:43:44.546,0.0,30,30,-1,0,0,0,0,8,0.0,0,0.0,14f29494-fade-4dd4-9079-f38536dbb8e2.extra_data.json,64Z1605Zgy,0,com.sec.android.app.shealth,0,-1,14f29494-fade-4dd4-9079-f38536dbb8e2,2024-08-08 00:00:00.000,
0,62701610,0,0,29,300,19343,90,0,62701610,2024-08-10 14:30:40.072,10,2024-08-10 00:32:07.628,0.0,30,30,-1,19343,0,1,0,8,21.736984,0,1.1357899,ff54abb1-e8b2-421a-bba4-9d5299191d2d.extra_data.json,64Z1605Zgy,0,com.sec.android.app.shealth,19343,59400000,ff54abb1-e8b2-421a-bba4-9d5299191d2d,2024-08-10 00:00:00.000,
0,62701610,0,0,7,300,4669,90,0,62720090,2024-09-07 09:20:02.098,10,2024-08-12 10:40:18.729,0.0,30,30,-1,4669,0,0,0,8,5.2971716,0,0.2733387,5683e17e-2f24-4d0b-87a4-272d72f5e36a.extra_data.json,64Z1605Zgy,0,com.sec.android.app.shealth,4669,58380000,5683e17e-2f24-4d0b-87a4-272d72f5e36a,2024-08-12 00:00:00.000,
0,62701610,0,0,0,300,0,90,0,62701610,2024-08-12 10:40:20.638,10,2024-08-12 10:40:20.638,0.0,30,30,-1,0,0,0,0,8,0.0,0,0.0,e4fbee37-4c93-4abf-86da-3b788b7b4402.extra_data.json,64Z1605Zgy,0,com.sec.android.app.shealth,0,-1,e4fbee37-4c93-4abf-86da-3b788b7b4402,2024-08-11 00:00:00.000,
0,62701610,0,0,0,300,0,90,0,62701610,2024-08-13 13:14:16.463,10,2024-08-13 08:36:11.838,0.0,30,30,-1,0,0,0,0,8,0.0,0,0.0,880552c7-f7e0-4ae6-9795-c31abb65818e.extra_data.json,64Z1605Zgy,0,com.sec.android.app.shealth,0,-1,880552c7-f7e0-4ae6-9795-c31abb65818e,2024-08-13 00:00:00.000,
0,62701610,0,0,42,300,28014,90,0,62701610,2024-08-14 10:33:45.478,10,2024-08-14 03:57:30.295,0.0,30,30,-1,28014,0,1,0,8,31.206886,0,1.652013,478cbe86-033a-4a75-b5f3-a0107931e6dd.extra_data.json,64Z1605Zgy,0,com.sec.android.app.shealth,28014,45180000,478cbe86-033a-4a75-b5f3-a0107931e6dd,2024-08-14 00:00:00.000,
0,62701610,0,0,0,300,0,90,0,62701610,2024-08-15 04:02:15.396,10,2024-08-14 22:00:01.313,0.0,30,30,-1,0,0,0,0,8,0.0,0,0.0,3b719569-c9db-45bd-8c56-34a503e675e8.extra_data.json,64Z1605Zgy,0,com.sec.android.app.shealth,0,-1,3b719569-c9db-45bd-8c56-34a503e675e8,2024-08-15 00:00:00.000,
0,62701610,0,0,77,300,51359,90,0,62701610,2024-08-16 15:30:09.666,10,2024-08-15 22:00:01.428,0.0,30,30,-1,22011,0,2,0,8,57.10202,0,3.0354033,c704dc2f-f36d-4f5d-9994-7bc59330a49a.extra_data.json,64Z1605Zgy,0,com.sec.android.app.shealth,51359,57000000,c704dc2f-f36d-4f5d-9994-7bc59330a49a,2024-08-16 00:00:00.000,
0,62701610,0,0,0,300,0,90,0,62701610,2024-08-17 05:12:21.990,10,2024-08-16 23:11:16.833,0.0,30,30,-1,0,0,0,0,8,0.0,0,0.0,42b159d7-afb2-4e34-8675-5863e01cc428.extra_data.json,64Z1605Zgy,0,com.sec.android.app.shealth,0,-1,42b159d7-afb2-4e34-8675-5863e01cc428,2024-08-17 00:00:00.000,
0,62701610,0,0,69,300,46023,90,0,62701610,2024-08-18 23:55:35.637,10,2024-08-17 23:15:22.476,0.0,30,30,-1,20677,0,1,0,8,51.012154,0,2.732305,764912d5-9797-496c-a416-6c6bc3f197c0.extra_data.json,64Z1605Zgy,0,com.sec.android.app.shealth,46023,44159999,764912d5-9797-496c-a416-6c6bc3f197c0,2024-08-18 00:00:00.000,
0,62701610,0,0,51,300,34017,90,0,62701610,2024-08-19 17:09:40.007,10,2024-08-18 23:55:33.375,0.0,30,30,-1,18009,0,2,0,8,39.11998,0,1.9772992,3bc85921-cd4d-4250-8de6-cfb71465ec96.extra_data.json,64Z1605Zgy,0,com.sec.android.app.shealth,34017,45780000,3bc85921-cd4d-4250-8de6-cfb71465ec96,2024-08-19 00:00:00.000,
0,62701610,0,0,66,300,44022,90,0,62701610,2024-08-20 22:00:02.088,10,2024-08-20 01:23:29.861,0.0,30,30,-1,30015,0,1,0,8,49.51802,0,2.5869455,281c38f4-ba3b-4170-bfe7-f924219b5425.extra_data.json,64Z1605Zgy,0,com.sec.android.app.shealth,44022,41879999,281c38f4-ba3b-4170-bfe7-f924219b5425,2024-08-20 00:00:00.000,
0,62701610,0,0,624,300,416208,90,0,62701610,2024-08-21 14:18:53.969,10,2024-08-20 22:00:01.402,0.0,30,30,-1,52026,6,5,0,8,462.0116,0,24.6298,15d75220-63fc-4668-b97d-b23c464d15d5.extra_data.json,64Z1605Zgy,0,com.sec.android.app.shealth,416208,31200000,15d75220-63fc-4668-b97d-b23c464d15d5,2024-08-21 00:00:00.000,
0,62701610,0,0,0,300,0,90,0,62701610,2024-08-22 12:38:28.181,10,2024-08-22 06:24:29.713,0.0,30,30,-1,0,0,0,0,8,0.0,0,0.0,c80201f3-3de6-4be4-a90e-f6e3f5fc6293.extra_data.json,64Z1605Zgy,0,com.sec.android.app.shealth,0,-1,c80201f3-3de6-4be4-a90e-f6e3f5fc6293,2024-08-22 00:00:00.000,
0,62701610,0,0,50,300,33350,90,0,62701610,2024-08-23 18:07:31.101,10,2024-08-23 02:52:53.182,0.0,30,30,-1,10672,0,1,0,8,37.464703,0,1.9610775,adcc9cd8-cb37-4a99-b811-64d5b5de64d8.extra_data.json,64Z1605Zgy,0,com.sec.android.app.shealth,33350,35940000,adcc9cd8-cb37-4a99-b811-64d5b5de64d8,2024-08-23 00:00:00.000,
0,62701610,0,0,0,300,0,90,0,62701610,2024-08-24 04:00:03.327,10,2024-08-23 22:00:01.657,0.0,30,30,-1,0,0,0,0,8,0.0,0,0.0,adfd117e-4ab9-4136-b051-f3afd3fe0c96.extra_data.json,64Z1605Zgy,0,com.sec.android.app.shealth,0,-1,adfd117e-4ab9-4136-b051-f3afd3fe0c96,2024-08-24 00:00:00.000,
0,62701610,0,0,0,300,0,90,0,62701610,2024-08-25 07:02:31.548,10,2024-08-24 22:41:59.579,0.0,30,30,-1,0,0,0,0,8,0.0,0,0.0,92f2c064-b8fa-4a84-9cd6-0eb53fd75f74.extra_data.json,64Z1605Zgy,0,com.sec.android.app.shealth,0,-1,92f2c064-b8fa-4a84-9cd6-0eb53fd75f74,2024-08-25 00:00:00.000,
0,62701610,0,0,244,300,153380,90,0,62701610,2024-08-27 08:40:47.465,10,2024-08-25 23:41:39.269,0.0,30,30,-1,60000,2,4,0,8,185.87035,0,9.498154,4d6cbee9-a2e9-4312-a2dc-4c93ba19e39a.extra_data.json,64Z1605Zgy,0,com.sec.android.app.shealth,153380,42779999,4d6cbee9-a2e9-4312-a2dc-4c93ba19e39a,2024-08-26 00:00:00.000,
0,62701610,0,0,1053,300,702321,90,0,62701610,2024-08-27 18:46:17.161,10,2024-08-27 08:40:46.325,0.0,30,30,-1,60000,12,5,0,8,776.2831,0,41.731766,eaddb3fe-c899-4c90-8edd-04da89713ca5.extra_data.json,64Z1605Zgy,0,com.sec.android.app.shealth,702321,46500000,eaddb3fe-c899-4c90-8edd-04da89713ca5,2024-08-27 00:00:00.000,
0,62701610,0,0,535,300,356845,90,0,62701610,2024-08-29 13:26:49.610,10,2024-08-27 22:46:32.082,0.0,30,30,-1,49358,5,4,0,8,401.7255,0,20.971724,24793746-a7e9-4717-836e-262f7c0dfd08.extra_data.json,64Z1605Zgy,0,com.sec.android.app.shealth,356845,39959999,24793746-a7e9-4717-836e-262f7c0dfd08,2024-08-28 00:00:00.000,
0,62701610,0,0,0,300,0,90,0,62720090,2024-08-29 16:07:43.909,10,2024-08-29 13:26:47.611,0.0,30,30,-1,0,0,0,0,8,0.0,0,0.0,f3383b60-ee25-452e-866b-481933b2e160.extra_data.json,64Z1605Zgy,0,com.sec.android.app.shealth,0,-1,f3383b60-ee25-452e-866b-481933b2e160,2024-08-29 00:00:00.000,
0,62720090,0,0,51,300,34017,90,0,62720090,2024-08-30 13:49:36.615,10,2024-08-30 00:19:02.264,0.0,30,30,-1,24679,0,1,0,8,37.883255,0,2.006579,3e661e1b-1abb-4753-b407-6387f006d4ed.extra_data.json,64Z1605Zgy,0,com.sec.android.app.shealth,34017,40140000,3e661e1b-1abb-4753-b407-6387f006d4ed,2024-08-30 00:00:00.000,
0,62720090,0,0,0,300,0,90,0,62720090,2024-09-01 12:41:14.488,10,2024-09-01 12:41:04.088,0.0,30,30,-1,0,0,0,0,8,0.0,0,0.0,50328343-3f63-4a2e-b2d0-0951bf2102b6.extra_data.json,64Z1605Zgy,0,com.sec.android.app.shealth,0,-1,50328343-3f63-4a2e-b2d0-0951bf2102b6,2024-09-01 00:00:00.000,
0,62720090,0,0,0,300,0,90,0,62720090,2024-09-01 12:41:05.369,10,2024-09-01 12:41:05.369,0.0,30,30,-1,0,0,0,0,8,0.0,0,0.0,287e1a2a-d1ad-483b-abe8-c1c4d0bdc68a.extra_data.json,64Z1605Zgy,0,com.sec.android.app.shealth,0,-1,287e1a2a-d1ad-483b-abe8-c1c4d0bdc68a,2024-08-31 00:00:00.000,
0,62720090,0,0,390,300,248731,90,0,62720090,2024-09-02 16:27:42.451,10,2024-09-01 22:46:56.223,0.0,30,30,-1,60000,4,5,0,8,298.8683,0,15.127143,40be2408-e03b-4e0f-a068-c08c5f62e50f.extra_data.json,64Z1605Zgy,0,com.sec.android.app.shealth,248731,28740000,40be2408-e03b-4e0f-a068-c08c5f62e50f,2024-09-02 00:00:00.000,
0,62720090,0,0,4670,300,3087688,90,0,62720090,2024-09-03 17:14:56.555,10,2024-09-02 22:00:01.679,4.0,30,30,-1,120000,56,11,0,8,3447.3296,0,193.65991,0130cd95-4fe5-4cd5-bfb4-da3c3d7f0b17.extra_data.json,64Z1605Zgy,3600,com.sec.android.app.shealth,3084088,31440000,0130cd95-4fe5-4cd5-bfb4-da3c3d7f0b17,2024-09-03 00:00:00.000,
0,62720090,0,0,0,300,0,90,0,62720090,2024-09-04 04:00:17.902,10,2024-09-03 22:00:01.910,0.0,30,30,-1,0,0,0,0,8,0.0,0,0.0,8a22b780-60bb-47a9-8482-63fd5f449419.extra_data.json,64Z1605Zgy,0,com.sec.android.app.shealth,0,-1,8a22b780-60bb-47a9-8482-63fd5f449419,2024-09-04 00:00:00.000,
0,62720090,0,0,4883,300,3172838,90,0,62720090,2024-09-06 11:12:31.085,10,2024-09-04 22:00:01.476,0.0,30,30,-1,120000,57,12,0,8,3645.6868,0,198.23515,ab3d580e-cc6f-4b3e-9492-6a4a83b06551.extra_data.json,64Z1605Zgy,8800,com.sec.android.app.shealth,3164038,27660000,ab3d580e-cc6f-4b3e-9492-6a4a83b06551,2024-09-05 00:00:00.000,
0,62720090,0,0,2921,300,1925668,90,0,62720090,2024-09-07 09:19:58.831,10,2024-09-06 11:12:29.868,2.0,30,30,-1,60000,34,6,0,8,2187.823,0,120.49253,c156ee12-e3d8-4207-9c03-d4c920508db0.extra_data.json,64Z1605Zgy,8800,com.sec.android.app.shealth,1916868,47460000,c156ee12-e3d8-4207-9c03-d4c920508db0,2024-09-06 00:00:00.000,
0,62720090,0,3349358,4426,300,3361063,90,0,62720090,2024-09-07 22:00:03.206,10,2024-09-07 09:19:53.425,7.0,30,30,-1,3349358,62,2,0,8,3153.8042,379000,282.69717,835781d6-ef77-4fbb-bcde-80918c2f75c1.extra_data.json,64Z1605Zgy,0,com.sec.android.app.shealth,3361063,45659999,835781d6-ef77-4fbb-bcde-80918c2f75c1,2024-09-07 00:00:00.000,
0,62720090,0,0,0,300,0,90,0,62720090,2024-09-08 04:00:01.664,10,2024-09-07 22:00:02.478,0.0,30,30,-1,0,0,0,0,8,0.0,0,0.0,7bcfb812-62a3-4936-9505-5ceccbf026e3.extra_data.json,64Z1605Zgy,0,com.sec.android.app.shealth,0,-1,7bcfb812-62a3-4936-9505-5ceccbf026e3,2024-09-08 00:00:00.000,
0,62720090,0,0,1797,300,1189599,90,0,62720090,2024-09-10 05:41:44.675,10,2024-09-08 22:00:01.645,0.0,30,30,-1,60000,21,7,0,8,1324.7997,0,73.600006,732d44b3-bd40-4cd8-b84d-c2d970cee1b5.extra_data.json,64Z1605Zgy,4400,com.sec.android.app.shealth,1185199,46740000,732d44b3-bd40-4cd8-b84d-c2d970cee1b5,2024-09-09 00:00:00.000,
0,62720090,0,0,3515,300,2319734,90,0,62720090,2024-09-10 17:46:46.719,10,2024-09-09 22:00:02.181,4.0,30,30,-1,60000,42,8,0,8,2568.624,0,149.37474,b4181f40-dfd9-4e45-9825-b2e2373e0cab.extra_data.json,64Z1605Zgy,4000,com.sec.android.app.shealth,2315734,27540000,b4181f40-dfd9-4e45-9825-b2e2373e0cab,2024-09-10 00:00:00.000,
0,62720090,0,0,0,300,0,90,0,62720090,2024-09-11 04:00:48.222,10,2024-09-10 22:00:02.132,0.0,30,30,-1,0,0,0,0,8,0.0,0,0.0,d5b553fd-f68c-4b61-8988-d7907a9f073f.extra_data.json,64Z1605Zgy,0,com.sec.android.app.shealth,0,-1,d5b553fd-f68c-4b61-8988-d7907a9f073f,2024-09-11 00:00:00.000,
0,62720090,0,0,370,300,216018,90,0,62720090,2024-09-13 00:24:55.473,10,2024-09-11 22:00:01.657,0.0,30,30,-1,180000,3,2,0,8,287.5936,0,14.287524,8488c468-39b1-4c2b-9315-65679eab9efb.extra_data.json,64Z1605Zgy,0,com.sec.android.app.shealth,216018,52139999,8488c468-39b1-4c2b-9315-65679eab9efb,2024-09-12 00:00:00.000,
0,62720090,0,0,23,300,15341,90,0,62720090,2024-10-05 16:04:37.961,10,2024-09-13 00:24:54.123,0.0,30,30,-1,10672,0,0,0,8,17.079018,0,0.9065814,d4dd0309-c501-4994-a5bd-9ce0acb7c7d5.extra_data.json,64Z1605Zgy,0,com.sec.android.app.shealth,15341,39900000,d4dd0309-c501-4994-a5bd-9ce0acb7c7d5,2024-09-13 00:00:00.000,
0,62720090,0,0,0,300,0,90,0,62720090,2024-09-14 19:16:04.996,10,2024-09-14 19:15:51.173,0.0,30,30,-1,0,0,0,0,8,0.0,0,0.0,9ca6672d-2f4b-418b-a99a-665be6bbbe8a.extra_data.json,64Z1605Zgy,0,com.sec.android.app.shealth,0,-1,9ca6672d-2f4b-418b-a99a-665be6bbbe8a,2024-09-14 00:00:00.000,
0,62720090,0,0,128,300,85376,90,0,62720090,2024-09-15 14:17:34.345,10,2024-09-14 22:00:02.862,0.0,30,30,-1,28681,1,1,0,8,95.67311,0,5.0175695,4a9b8385-0b23-4a73-a646-db1182b4cdf1.extra_data.json,64Z1605Zgy,0,com.sec.android.app.shealth,85376,58020000,4a9b8385-0b23-4a73-a646-db1182b4cdf1,2024-09-15 00:00:00.000,
0,62720090,0,0,92,300,61364,90,0,62720090,2024-09-16 14:11:43.636,10,2024-09-15 22:30:56.035,0.0,30,30,-1,26680,1,1,0,8,68.64914,0,3.6092672,f29cbcd8-2ed5-447e-aa54-a5a753b94b3f.extra_data.json,64Z1605Zgy,0,com.sec.android.app.shealth,61364,36120000,f29cbcd8-2ed5-447e-aa54-a5a753b94b3f,2024-09-16 00:00:00.000,
0,62720090,0,0,102,300,68034,90,0,62720090,2024-09-17 19:37:25.560,10,2024-09-16 22:17:38.285,0.0,30,30,-1,26013,1,2,0,8,76.24452,0,3.9996622,d31e3e00-1004-4ee4-9b89-48e7886e151f.extra_data.json,64Z1605Zgy,0,com.sec.android.app.shealth,68034,50160000,d31e3e00-1004-4ee4-9b89-48e7886e151f,2024-09-17 00:00:00.000,
0,62720090,0,0,536,300,324709,90,0,62720090,2024-09-18 18:24:11.835,10,2024-09-17 22:00:01.633,0.0,30,30,-1,120000,5,3,0,8,410.83142,0,20.781803,07dccd79-5847-411c-b5d1-63dddce70cb2.extra_data.json,64Z1605Zgy,0,com.sec.android.app.shealth,324709,33180000,07dccd79-5847-411c-b5d1-63dddce70cb2,2024-09-18 00:00:00.000,
0,62720090,0,0,0,300,0,90,0,62720090,2024-09-19 16:25:33.439,10,2024-09-19 13:24:22.989,0.0,30,30,-1,0,0,0,0,8,0.0,0,0.0,b1e6cddb-6745-4bef-86a8-f84bac3e532d.extra_data.json,64Z1605Zgy,0,com.sec.android.app.shealth,0,-1,b1e6cddb-6745-4bef-86a8-f84bac3e532d,2024-09-19 00:00:00.000,
0,62720090,0,0,0,300,0,90,0,62720090,2024-09-20 06:34:40.037,10,2024-09-20 00:33:33.078,0.0,30,30,-1,0,0,0,0,8,0.0,0,0.0,67a6a1b4-d635-45ae-bcc6-f73f35960e8b.extra_data.json,64Z1605Zgy,0,com.sec.android.app.shealth,0,-1,67a6a1b4-d635-45ae-bcc6-f73f35960e8b,2024-09-20 00:00:00.000,
0,62720090,0,0,186,300,118029,90,0,62720090,2024-09-21 22:13:58.445,10,2024-09-21 00:15:56.651,0.0,30,30,-1,60000,1,2,0,8,139.57077,0,7.289084,478d29f1-29c5-4e4f-aa08-eb02856a6b58.extra_data.json,64Z1605Zgy,0,com.sec.android.app.shealth,118029,48719999,478d29f1-29c5-4e4f-aa08-eb02856a6b58,2024-09-21 00:00:00.000,
0,62720090,0,0,50,300,33350,90,0,62720090,2024-09-22 13:50:17.457,10,2024-09-21 22:13:56.935,0.0,30,30,-1,14007,0,1,0,8,38.026764,0,1.9439662,d4ab02bb-f33a-4f84-8cde-8a4a7a9a7fe3.extra_data.json,64Z1605Zgy,0,com.sec.android.app.shealth,33350,31560000,d4ab02bb-f33a-4f84-8cde-8a4a7a9a7fe3,2024-09-22 00:00:00.000,
0,62720090,0,0,0,300,0,90,0,62720090,2024-09-23 13:09:44.216,10,2024-09-23 10:12:35.350,0.0,30,30,-1,0,0,0,0,8,0.0,0,0.0,977064a7-87f3-492b-8b61-f3a7a5f9cf6f.extra_data.json,64Z1605Zgy,0,com.sec.android.app.shealth,0,-1,977064a7-87f3-492b-8b61-f3a7a5f9cf6f,2024-09-23 00:00:00.000,
0,62720090,0,0,905,300,571529,90,0,62720090,2024-09-24 15:19:45.198,10,2024-09-23 22:57:50.447,0.0,30,30,-1,120000,10,5,0,8,692.2932,0,35.12279,496e15f2-59ab-4704-a2bf-41af5cb4fafd.extra_data.json,64Z1605Zgy,0,com.sec.android.app.shealth,571529,28260000,496e15f2-59ab-4704-a2bf-41af5cb4fafd,2024-09-24 00:00:00.000,
0,62720090,0,0,178,300,118726,90,0,62720090,2024-09-25 17:39:16.550,10,2024-09-25 06:51:22.770,0.0,30,30,-1,28014,1,4,0,8,133.65805,0,6.9818897,9433d085-8a67-4077-ac01-1c85d775e864.extra_data.json,64Z1605Zgy,0,com.sec.android.app.shealth,118726,31920000,9433d085-8a67-4077-ac01-1c85d775e864,2024-09-25 00:00:00.000,
0,62720090,0,0,409,300,266770,90,0,62720090,2024-09-26 22:26:48.749,10,2024-09-25 22:00:02.027,0.0,30,30,-1,60000,4,4,0,8,315.01797,0,15.839476,2c3326dc-3250-4d0b-9f24-28755dc05afe.extra_data.json,64Z1605Zgy,0,com.sec.android.app.shealth,266770,27779999,2c3326dc-3250-4d0b-9f24-28755dc05afe,2024-09-26 00:00:00.000,
0,62720090,0,0,49,300,32683,90,0,62720090,2024-09-27 20:00:20.471,10,2024-09-26 22:26:47.452,0.0,30,30,-1,28681,0,1,0,8,37.41808,0,1.9022133,e679f5bc-e219-4411-b2fb-8ba090cac1d7.extra_data.json,64Z1605Zgy,0,com.sec.android.app.shealth,32683,65340000,e679f5bc-e219-4411-b2fb-8ba090cac1d7,2024-09-27 00:00:00.000,
0,62720090,0,0,0,300,0,90,0,62720090,2024-09-27 22:00:02.586,10,2024-09-27 22:00:02.312,0.0,30,30,-1,0,0,0,0,8,0.0,0,0.0,3073c7c5-4cb7-42ed-8167-4d7e8ba57dd4.extra_data.json,64Z1605Zgy,0,com.sec.android.app.shealth,0,-1,3073c7c5-4cb7-42ed-8167-4d7e8ba57dd4,2024-09-28 00:00:00.000,
0,62720090,0,0,1846,300,1231282,90,0,62720090,2024-09-30 21:43:58.077,10,2024-09-30 07:44:37.385,0.0,30,30,-1,49358,22,9,0,8,1341.5587,0,75.52863,4bb1b3b6-1249-4e9d-bfc6-f0f9847f91ad.extra_data.json,64Z1605Zgy,0,com.sec.android.app.shealth,1231282,35160000,4bb1b3b6-1249-4e9d-bfc6-f0f9847f91ad,2024-09-30 00:00:00.000,
0,62720090,0,0,0,300,0,90,0,62720090,2024-09-30 07:44:41.592,10,2024-09-30 07:44:41.592,0.0,30,30,-1,0,0,0,0,8,0.0,0,0.0,803da220-5605-4302-8320-34706bd2b471.extra_data.json,64Z1605Zgy,0,com.sec.android.app.shealth,0,-1,803da220-5605-4302-8320-34706bd2b471,2024-09-29 00:00:00.000,
0,62720090,0,0,3496,300,2329696,90,0,62720090,2024-10-01 22:00:02.519,10,2024-10-01 01:01:52.804,0.0,30,30,-1,43355,42,12,0,8,2506.984,0,145.19894,fb2ffe32-7cec-4640-99f2-608308a6587b.extra_data.json,64Z1605Zgy,3200,com.sec.android.app.shealth,2326496,31739999,fb2ffe32-7cec-4640-99f2-608308a6587b,2024-10-01 00:00:00.000,
0,62720090,0,0,0,300,0,90,0,62720090,2024-10-02 04:00:05.355,10,2024-10-01 22:00:01.640,0.0,30,30,-1,0,0,0,0,8,0.0,0,0.0,9c24b440-eb51-4ddc-aaab-ed580620cd2d.extra_data.json,64Z1605Zgy,0,com.sec.android.app.shealth,0,-1,9c24b440-eb51-4ddc-aaab-ed580620cd2d,2024-10-02 00:00:00.000,
0,62720090,0,0,0,300,0,90,0,62720090,2024-10-03 18:14:19.036,10,2024-10-02 22:00:01.510,0.0,30,30,-1,0,0,0,0,8,0.0,0,0.0,7c487798-c7b8-4dde-8912-bab66d2ff84c.extra_data.json,64Z1605Zgy,0,com.sec.android.app.shealth,0,-1,7c487798-c7b8-4dde-8912-bab66d2ff84c,2024-10-03 00:00:00.000,
0,62720090,0,0,176,300,117392,90,0,62720090,2024-10-04 20:41:41.989,10,2024-10-03 22:00:01.828,0.0,30,30,-1,36018,1,2,0,8,132.41797,0,6.896635,de4634f5-683a-4a1d-a55b-bc2ff46d453f.extra_data.json,64Z1605Zgy,0,com.sec.android.app.shealth,117392,47820000,de4634f5-683a-4a1d-a55b-bc2ff46d453f,2024-10-04 00:00:00.000,
0,62720090,0,0,7,300,4669,90,0,62810050,2024-10-31 16:07:26.006,10,2024-10-05 16:04:33.756,0.0,30,30,-1,4669,0,0,0,8,5.2917604,0,0.2728929,5181b313-d84f-4f29-a200-27ed9e43a548.extra_data.json,64Z1605Zgy,0,com.sec.android.app.shealth,4669,86400000,5181b313-d84f-4f29-a200-27ed9e43a548,2024-10-05 00:00:00.000,
0,62720090,0,0,0,300,0,90,0,62720090,2024-10-06 06:12:25.299,10,2024-10-06 00:11:19.550,0.0,30,30,-1,0,0,0,0,8,0.0,0,0.0,f6042b4f-4ebc-44d8-acb7-b9215db14e02.extra_data.json,64Z1605Zgy,0,com.sec.android.app.shealth,0,-1,f6042b4f-4ebc-44d8-acb7-b9215db14e02,2024-10-06 00:00:00.000,
0,62720090,0,0,0,300,0,90,0,62720090,2024-10-07 04:01:09.922,10,2024-10-06 22:00:01.393,0.0,30,30,-1,0,0,0,0,8,0.0,0,0.0,20bae798-a9f0-49bb-87dc-41067ee3d286.extra_data.json,64Z1605Zgy,0,com.sec.android.app.shealth,0,-1,20bae798-a9f0-49bb-87dc-41067ee3d286,2024-10-07 00:00:00.000,
0,62720090,0,0,0,300,0,90,0,62720090,2024-10-08 04:00:00.987,10,2024-10-07 22:00:01.561,0.0,30,30,-1,0,0,0,0,8,0.0,0,0.0,414e3f17-c311-43ad-989e-653c7563887f.extra_data.json,64Z1605Zgy,0,com.sec.android.app.shealth,0,-1,414e3f17-c311-43ad-989e-653c7563887f,2024-10-08 00:00:00.000,
0,62720090,0,0,233,300,155411,90,0,62720090,2024-10-11 11:49:05.830,10,2024-10-09 01:06:18.664,0.0,30,30,-1,35351,2,4,0,8,172.79735,0,9.192652,e3d40483-da5a-4e22-a180-e5c4d0b86fff.extra_data.json,64Z1605Zgy,0,com.sec.android.app.shealth,155411,45299999,e3d40483-da5a-4e22-a180-e5c4d0b86fff,2024-10-09 00:00:00.000,
0,62720090,0,0,0,300,0,90,0,62720090,2024-10-11 11:50:23.839,10,2024-10-11 11:49:04.189,0.0,30,30,-1,0,0,0,0,8,0.0,0,0.0,4b607206-c1d6-4a6d-97a2-82a6f211f535.extra_data.json,64Z1605Zgy,0,com.sec.android.app.shealth,0,-1,4b607206-c1d6-4a6d-97a2-82a6f211f535,2024-10-11 00:00:00.000,
0,62720090,0,0,0,300,0,90,0,62720090,2024-10-11 11:49:05.298,10,2024-10-11 11:49:05.298,0.0,30,30,-1,0,0,0,0,8,0.0,0,0.0,26a8173f-26e4-4dfa-b984-b059fa80a79d.extra_data.json,64Z1605Zgy,0,com.sec.android.app.shealth,0,-1,26a8173f-26e4-4dfa-b984-b059fa80a79d,2024-10-10 00:00:00.000,
0,62720090,0,0,101,300,67367,90,0,62720090,2024-10-12 22:17:00.783,10,2024-10-11 22:00:01.541,0.0,30,30,-1,38686,1,2,0,8,76.33568,0,3.940051,f551ef4d-e573-4d3d-a69e-f9369bb9edeb.extra_data.json,64Z1605Zgy,0,com.sec.android.app.shealth,67367,45719999,f551ef4d-e573-4d3d-a69e-f9369bb9edeb,2024-10-12 00:00:00.000,
0,62720090,0,0,0,300,0,90,0,62720090,2024-10-13 08:18:43.382,10,2024-10-12 22:16:59.895,0.0,30,30,-1,0,0,0,0,8,0.0,0,0.0,26086ec1-e0a6-4499-98f8-3c53166b7411.extra_data.json,64Z1605Zgy,0,com.sec.android.app.shealth,0,-1,26086ec1-e0a6-4499-98f8-3c53166b7411,2024-10-13 00:00:00.000,
0,62720090,0,0,36,300,24012,90,0,62720090,2024-10-14 12:03:54.164,10,2024-10-14 02:21:07.773,0.0,30,30,-1,24012,0,1,0,8,26.781418,0,1.4154141,f34a4034-1ce5-4264-8128-9e11be4e3cab.extra_data.json,64Z1605Zgy,0,com.sec.android.app.shealth,24012,50580000,f34a4034-1ce5-4264-8128-9e11be4e3cab,2024-10-14 00:00:00.000,
0,62720090,0,0,55,300,36685,90,0,62720090,2024-10-15 10:59:26.047,10,2024-10-15 07:14:36.907,0.0,30,30,-1,21344,0,1,0,8,41.2187,0,2.1594746,073c855d-9285-460e-a845-f717d7054aad.extra_data.json,64Z1605Zgy,0,com.sec.android.app.shealth,36685,46560000,073c855d-9285-460e-a845-f717d7054aad,2024-10-15 00:00:00.000,
0,62720090,0,0,31,300,20677,90,0,62820030,2024-11-12 22:52:54.301,10,2024-10-16 00:18:33.198,0.0,30,30,-1,8671,0,0,0,8,23.539242,0,1.2079332,b1990e05-ef4d-455d-89be-3a9fd4a7a2db.extra_data.json,64Z1605Zgy,0,com.sec.android.app.shealth,20677,86400000,b1990e05-ef4d-455d-89be-3a9fd4a7a2db,2024-10-16 00:00:00.000,
0,62720090,0,0,0,300,0,90,0,62720090,2024-10-17 01:36:54.522,10,2024-10-17 01:36:53.439,0.0,30,30,-1,0,0,0,0,8,0.0,0,0.0,7d71291d-e490-4cea-97b8-b47ab55840ab.extra_data.json,64Z1605Zgy,0,com.sec.android.app.shealth,0,-1,7d71291d-e490-4cea-97b8-b47ab55840ab,2024-10-17 00:00:00.000,
0,62720090,0,0,44,300,29348,90,0,62720090,2024-10-21 01:51:05.836,10,2024-10-20 05:53:44.084,0.0,30,30,-1,24012,0,1,0,8,33.37009,0,1.71362,fb0377c6-88f3-4709-9ba6-6e25509ff42b.extra_data.json,64Z1605Zgy,0,com.sec.android.app.shealth,29348,55019999,fb0377c6-88f3-4709-9ba6-6e25509ff42b,2024-10-20 00:00:00.000,
0,62720090,0,0,0,300,0,90,0,62720090,2024-10-20 05:53:50.078,10,2024-10-20 05:53:50.078,0.0,30,30,-1,0,0,0,0,8,0.0,0,0.0,eb4fbe3f-2eec-47b5-b103-1ef2ff6a3f87.extra_data.json,64Z1605Zgy,0,com.sec.android.app.shealth,0,-1,eb4fbe3f-2eec-47b5-b103-1ef2ff6a3f87,2024-10-19 00:00:00.000,
0,62720090,0,0,0,300,0,90,0,62720090,2024-10-20 05:53:51.343,10,2024-10-20 05:53:51.343,0.0,30,30,-1,0,0,0,0,8,0.0,0,0.0,4b647e85-f923-4a4d-bb95-b4bcc6ad4ad9.extra_data.json,64Z1605Zgy,0,com.sec.android.app.shealth,0,-1,4b647e85-f923-4a4d-bb95-b4bcc6ad4ad9,2024-10-18 00:00:00.000,
0,62720090,0,0,35,300,23345,90,0,62720090,2024-10-21 23:45:14.114,10,2024-10-21 01:51:03.021,0.0,30,30,-1,10005,0,1,0,8,26.804937,0,1.3595762,16d2d307-b5db-4367-9de9-d9e93ed16c65.extra_data.json,64Z1605Zgy,0,com.sec.android.app.shealth,23345,39179999,16d2d307-b5db-4367-9de9-d9e93ed16c65,2024-10-21 00:00:00.000,
0,62720090,0,0,22,300,14674,90,0,62820030,2024-11-18 08:01:53.968,10,2024-10-21 23:45:11.394,0.0,30,30,-1,10005,0,0,0,8,16.411077,0,0.86377424,17c6f2ff-70de-47bf-b517-d3c89dc23644.extra_data.json,64Z1605Zgy,0,com.sec.android.app.shealth,14674,86400000,17c6f2ff-70de-47bf-b517-d3c89dc23644,2024-10-22 00:00:00.000,
0,62720090,0,0,14,300,9338,90,0,62820030,2024-11-18 08:01:53.771,10,2024-10-22 23:43:22.347,0.0,30,30,-1,9338,0,0,0,8,10.406921,0,0.55029255,a61a0935-8935-4080-8730-25aceddfea0a.extra_data.json,64Z1605Zgy,0,com.sec.android.app.shealth,9338,86400000,a61a0935-8935-4080-8730-25aceddfea0a,2024-10-23 00:00:00.000,
0,62720090,0,0,392,300,261464,90,0,62820030,2024-11-18 08:01:53.582,10,2024-10-24 00:31:00.202,0.0,30,30,-1,44022,4,1,0,8,292.33292,0,15.426143,9d5d7b3e-91df-4fd2-83b3-bff0cf9d92c0.extra_data.json,64Z1605Zgy,0,com.sec.android.app.shealth,261464,86400000,9d5d7b3e-91df-4fd2-83b3-bff0cf9d92c0,2024-10-24 00:00:00.000,
0,62810050,0,0,64,300,42688,90,0,62820030,2024-11-21 17:31:09.492,10,2024-10-25 10:54:54.180,0.0,30,30,-1,10672,0,1,0,8,47.592274,0,2.5249844,57a04b3d-d186-4335-899a-579a31d6fb85.extra_data.json,64Z1605Zgy,0,com.sec.android.app.shealth,42688,86400000,57a04b3d-d186-4335-899a-579a31d6fb85,2024-10-25 00:00:00.000,
0,62810050,0,0,62,300,41354,90,0,62820030,2024-11-22 11:46:25.555,10,2024-10-26 03:02:35.708,0.0,30,30,-1,22011,0,1,0,8,46.834362,0,2.4217763,bb588b0a-6ba6-486b-9db5-6871460393e7.extra_data.json,64Z1605Zgy,0,com.sec.android.app.shealth,41354,86400000,bb588b0a-6ba6-486b-9db5-6871460393e7,2024-10-26 00:00:00.000,
0,62810050,0,0,144,300,96048,90,0,62820030,2024-11-22 11:46:25.410,10,2024-10-26 23:17:17.512,0.0,30,30,-1,48024,1,2,0,8,108.46857,0,5.627668,f753b054-032d-4d12-aa76-5c8df0f42a74.extra_data.json,64Z1605Zgy,0,com.sec.android.app.shealth,96048,86400000,f753b054-032d-4d12-aa76-5c8df0f42a74,2024-10-27 00:00:00.000,
0,62810050,0,0,44,300,29348,90,0,62820030,2024-11-24 19:29:36.073,10,2024-10-28 09:32:06.353,0.0,30,30,-1,25346,0,1,0,8,32.911423,0,1.724998,2c2229c5-ea62-4e62-b307-53d14dacade3.extra_data.json,64Z1605Zgy,0,com.sec.android.app.shealth,29348,86400000,2c2229c5-ea62-4e62-b307-53d14dacade3,2024-10-28 00:00:00.000,
0,62810050,0,0,75,300,50025,90,0,62820030,2024-11-24 19:29:35.740,10,2024-10-30 10:45:53.450,0.0,30,30,-1,15341,0,2,0,8,56.193047,0,2.948074,6d24c28a-0a75-45a5-8312-0941008eefa6.extra_data.json,64Z1605Zgy,0,com.sec.android.app.shealth,50025,86400000,6d24c28a-0a75-45a5-8312-0941008eefa6,2024-10-30 00:00:00.000,
0,62810050,0,0,0,300,0,90,0,62820030,2024-11-24 19:29:35.921,10,2024-10-30 10:45:54.440,0.0,30,30,-1,0,0,0,0,8,0.0,0,0.0,43c893ad-cbd4-46b1-b680-149073aad01a.extra_data.json,64Z1605Zgy,0,com.sec.android.app.shealth,0,86400000,43c893ad-cbd4-46b1-b680-149073aad01a,2024-10-29 00:00:00.000,
0,62810050,0,0,230,300,153410,90,0,62820030,2024-11-24 19:29:35.538,10,2024-10-31 04:46:37.294,0.0,30,30,-1,29348,2,2,0,8,174.41519,0,8.970943,e5f6ff48-00bd-4a7b-9de1-ec62199b2dfc.extra_data.json,64Z1605Zgy,0,com.sec.android.app.shealth,153410,86400000,e5f6ff48-00bd-4a7b-9de1-ec62199b2dfc,2024-10-31 00:00:00.000,
0,62810050,0,0,0,300,0,90,0,62820030,2024-11-28 17:57:30.072,10,2024-10-31 23:09:51.995,0.0,30,30,-1,0,0,0,0,8,0.0,0,0.0,441e15ef-926e-4d95-9325-b6331c869961.extra_data.json,64Z1605Zgy,0,com.sec.android.app.shealth,0,86400000,441e15ef-926e-4d95-9325-b6331c869961,2024-11-01 00:00:00.000,
0,62810050,0,0,109,300,72703,90,0,62820030,2024-11-29 09:22:14.120,10,2024-11-01 23:00:01.347,0.0,30,30,-1,27347,1,2,0,8,81.98259,0,4.2713127,d77b90ea-3d59-46b6-b1e2-22ff801b50f2.extra_data.json,64Z1605Zgy,0,com.sec.android.app.shealth,72703,86400000,d77b90ea-3d59-46b6-b1e2-22ff801b50f2,2024-11-02 00:00:00.000,
0,62810050,0,0,32,300,21344,90,0,62820030,2024-11-30 09:41:58.045,10,2024-11-03 00:44:07.267,0.0,30,30,-1,21344,0,1,0,8,23.350555,0,1.273962,b3933ba4-0a6e-4ccf-9605-2221ac004f73.extra_data.json,64Z1605Zgy,0,com.sec.android.app.shealth,21344,86400000,b3933ba4-0a6e-4ccf-9605-2221ac004f73,2024-11-03 00:00:00.000,
0,62810050,0,0,195,300,130065,90,0,62820030,2024-12-01 18:13:52.907,10,2024-11-03 23:00:01.344,0.0,30,30,-1,25346,2,4,0,8,145.24393,0,7.6739626,bf11a8f4-4f3a-4388-afae-4e4cd6d612f9.extra_data.json,64Z1605Zgy,0,com.sec.android.app.shealth,130065,86400000,bf11a8f4-4f3a-4388-afae-4e4cd6d612f9,2024-11-04 00:00:00.000,
0,62810050,0,0,6150,300,4051148,90,0,62820030,2024-12-01 18:13:52.678,10,2024-11-05 01:20:10.215,0.0,30,30,-1,120000,74,13,0,8,4483.547,0,250.91223,00cc194b-1f74-488d-8812-08e354dc1f98.extra_data.json,64Z1605Zgy,0,com.sec.android.app.shealth,4051148,86400000,00cc194b-1f74-488d-8812-08e354dc1f98,2024-11-05 00:00:00.000,
0,62810050,0,0,54,300,34950,90,0,62820030,2024-12-03 21:06:03.264,10,2024-11-06 08:54:12.503,0.0,30,30,-1,15341,0,1,0,8,40.24,0,2.3899999,2af0b437-b3c2-4bcd-99b6-7937c44f3509.extra_data.json,64Z1605Zgy,1600,com.sec.android.app.shealth,33350,86400000,2af0b437-b3c2-4bcd-99b6-7937c44f3509,2024-11-06 00:00:00.000,
0,62810050,0,0,1184,300,759593,90,0,62820030,2024-12-04 17:11:09.674,10,2024-11-06 23:00:01.708,0.0,30,30,-1,180000,13,6,0,8,891.4907,0,50.518173,eb1b7d35-ae91-430c-8890-2aeeaa6ee098.extra_data.json,64Z1605Zgy,0,com.sec.android.app.shealth,759593,86400000,eb1b7d35-ae91-430c-8890-2aeeaa6ee098,2024-11-07 00:00:00.000,
0,62810050,0,0,80,300,53360,90,0,62820030,2024-12-04 17:11:09.565,10,2024-11-07 23:00:01.382,0.0,30,30,-1,40687,0,1,0,8,60.25833,0,3.1251125,b944150e-f8d5-418e-84cb-e05b9482ec88.extra_data.json,64Z1605Zgy,0,com.sec.android.app.shealth,53360,86400000,b944150e-f8d5-418e-84cb-e05b9482ec88,2024-11-08 00:00:00.000,
0,62810050,0,0,81,300,54027,90,0,62820030,2024-12-04 17:11:09.415,10,2024-11-09 10:41:35.603,0.0,30,30,-1,26680,0,1,0,8,59.902122,0,3.1974123,52539e60-ff71-415d-8b36-179139fe046a.extra_data.json,64Z1605Zgy,0,com.sec.android.app.shealth,54027,86400000,52539e60-ff71-415d-8b36-179139fe046a,2024-11-09 00:00:00.000,
0,62810050,0,0,30,300,20010,90,0,62820030,2024-12-04 17:11:09.304,10,2024-11-10 02:38:02.970,0.0,30,30,-1,8671,0,1,0,8,23.391907,0,1.1563182,b09dcb68-f7c4-461f-ba19-01300861cec9.extra_data.json,64Z1605Zgy,0,com.sec.android.app.shealth,20010,86400000,b09dcb68-f7c4-461f-ba19-01300861cec9,2024-11-10 00:00:00.000,
0,62810050,0,0,207,300,138069,90,0,62850050,2024-12-09 21:38:01.530,10,2024-11-12 08:34:38.582,0.0,30,30,-1,30015,2,1,0,8,155.39064,0,8.11376,e4c9231e-7a0b-4f31-9c2b-9d420d5ef176.extra_data.json,64Z1605Zgy,0,com.sec.android.app.shealth,138069,86400000,e4c9231e-7a0b-4f31-9c2b-9d420d5ef176,2024-11-12 00:00:00.000,
0,62810050,0,0,0,300,0,90,0,62850050,2024-12-08 16:18:50.487,10,2024-11-12 08:34:39.922,0.0,30,30,-1,0,0,0,0,8,0.0,0,0.0,8dabe6cc-0a74-4a34-9993-4ef36e471428.extra_data.json,64Z1605Zgy,0,com.sec.android.app.shealth,0,86400000,8dabe6cc-0a74-4a34-9993-4ef36e471428,2024-11-11 00:00:00.000,
0,62820030,0,0,262,300,164719,90,0,62850050,2024-12-10 14:46:03.048,10,2024-11-12 23:00:01.419,0.0,30,30,-1,60000,2,1,0,8,201.07823,0,10.152739,50410956-6aa4-4f70-bd6d-e2ae2cba6011.extra_data.json,64Z1605Zgy,0,com.sec.android.app.shealth,164719,86400000,50410956-6aa4-4f70-bd6d-e2ae2cba6011,2024-11-13 00:00:00.000,
0,62820030,0,0,138,300,92046,90,0,62850050,2024-12-11 11:21:47.989,10,2024-11-14 09:09:50.368,0.0,30,30,-1,24679,1,3,0,8,105.64484,0,5.358282,27935a9d-0b41-4b57-8085-7d97b6abeb5a.extra_data.json,64Z1605Zgy,0,com.sec.android.app.shealth,92046,86400000,27935a9d-0b41-4b57-8085-7d97b6abeb5a,2024-11-14 00:00:00.000,
0,62820030,0,0,0,300,0,90,0,62850050,2024-12-11 11:21:47.841,10,2024-11-14 23:00:05.454,0.0,30,30,-1,0,0,0,0,8,0.0,0,0.0,7df9b54d-50b8-4d33-bfe2-6e589c7662af.extra_data.json,64Z1605Zgy,0,com.sec.android.app.shealth,0,86400000,7df9b54d-50b8-4d33-bfe2-6e589c7662af,2024-11-15 00:00:00.000,
0,62820030,0,0,0,300,0,90,0,62850050,2024-12-11 11:21:47.727,10,2024-11-15 23:00:01.843,0.0,30,30,-1,0,0,0,0,8,0.0,0,0.0,0baeb2d8-99da-4f84-993b-a62c9de79d60.extra_data.json,64Z1605Zgy,0,com.sec.android.app.shealth,0,86400000,0baeb2d8-99da-4f84-993b-a62c9de79d60,2024-11-16 00:00:00.000,
0,62820030,0,0,442,300,282111,90,0,62850050,2024-12-11 11:21:47.558,10,2024-11-16 23:00:01.980,0.0,30,30,-1,60000,4,1,0,8,336.79242,0,17.200651,c95c68fa-813e-4d98-91fd-4f9d05cb988e.extra_data.json,64Z1605Zgy,0,com.sec.android.app.shealth,282111,86400000,c95c68fa-813e-4d98-91fd-4f9d05cb988e,2024-11-17 00:00:00.000,
0,62820030,0,0,0,300,0,90,0,62850050,2024-12-15 16:34:21.669,10,2024-11-18 08:01:47.691,0.0,30,30,-1,0,0,0,0,8,0.0,0,0.0,c9f796b2-a8ad-4538-8e7b-0a73959489d5.extra_data.json,64Z1605Zgy,0,com.sec.android.app.shealth,0,86400000,c9f796b2-a8ad-4538-8e7b-0a73959489d5,2024-11-18 00:00:00.000,
0,62820030,0,0,0,300,0,90,0,62850050,2024-12-16 16:52:44.674,10,2024-11-19 03:46:07.625,0.0,30,30,-1,0,0,0,0,8,0.0,0,0.0,5f2370f0-163d-4d60-accb-e4fa7774bdc0.extra_data.json,64Z1605Zgy,0,com.sec.android.app.shealth,0,86400000,5f2370f0-163d-4d60-accb-e4fa7774bdc0,2024-11-19 00:00:00.000,
0,62820030,0,0,215,300,143405,90,0,62850050,2024-12-16 16:52:44.528,10,2024-11-20 08:24:05.435,0.0,30,30,-1,60000,2,2,0,8,163.47615,0,8.36542,d0e76e25-0c3f-4918-a088-0f434774e98b.extra_data.json,64Z1605Zgy,0,com.sec.android.app.shealth,143405,86400000,d0e76e25-0c3f-4918-a088-0f434774e98b,2024-11-20 00:00:00.000,
0,62820030,0,0,70,300,46690,90,0,62850050,2024-12-16 16:52:44.372,10,2024-11-20 23:00:01.859,0.0,30,30,-1,24679,0,1,0,8,51.71041,0,2.7714412,3feeba9b-a9eb-46b7-bca5-8f9fb58cd446.extra_data.json,64Z1605Zgy,0,com.sec.android.app.shealth,46690,86400000,3feeba9b-a9eb-46b7-bca5-8f9fb58cd446,2024-11-21 00:00:00.000,
0,62820030,0,0,15,300,10005,90,0,62850050,2024-12-19 17:25:08.345,10,2024-11-21 23:39:22.859,0.0,30,30,-1,6003,0,0,0,8,10.779581,0,0.6065936,ce17b2f5-7139-4a69-bb75-ce523d1f3370.extra_data.json,64Z1605Zgy,0,com.sec.android.app.shealth,10005,86400000,ce17b2f5-7139-4a69-bb75-ce523d1f3370,2024-11-22 00:00:00.000,
0,62820030,0,0,0,300,0,90,0,62850050,2024-12-19 17:25:08.144,10,2024-11-23 00:55:56.371,0.0,30,30,-1,0,0,0,0,8,0.0,0,0.0,05672461-da00-4465-a910-4d0bab6788d3.extra_data.json,64Z1605Zgy,0,com.sec.android.app.shealth,0,86400000,05672461-da00-4465-a910-4d0bab6788d3,2024-11-23 00:00:00.000,
0,62820030,0,0,124,300,82708,90,0,62850050,2024-12-19 17:25:07.974,10,2024-11-24 00:59:19.002,0.0,30,30,-1,43355,1,1,0,8,94.53438,0,4.831662,b7529f83-1f6f-4c4c-9667-2b4a196c6003.extra_data.json,64Z1605Zgy,0,com.sec.android.app.shealth,82708,86400000,b7529f83-1f6f-4c4c-9667-2b4a196c6003,2024-11-24 00:00:00.000,
0,62820030,0,0,156,300,104052,90,0,62850050,2024-12-19 17:25:07.833,10,2024-11-24 23:00:01.689,0.0,30,30,-1,25346,1,2,0,8,118.562775,0,6.07129,b0e58ffa-30c0-4df0-b4ed-877347737be5.extra_data.json,64Z1605Zgy,0,com.sec.android.app.shealth,104052,86400000,b0e58ffa-30c0-4df0-b4ed-877347737be5,2024-11-25 00:00:00.000,
0,62820030,0,0,0,300,0,90,0,62850050,2024-12-19 17:25:07.698,10,2024-11-26 02:58:13.690,0.0,30,30,-1,0,0,0,0,8,0.0,0,0.0,d98a625f-af07-4946-8444-25a98bdccb67.extra_data.json,64Z1605Zgy,0,com.sec.android.app.shealth,0,86400000,d98a625f-af07-4946-8444-25a98bdccb67,2024-11-26 00:00:00.000,
0,62820030,0,0,279,300,186093,90,0,62850050,2024-12-19 17:25:07.564,10,2024-11-27 02:03:19.528,0.0,30,30,-1,120000,3,3,0,8,212.09059,0,10.853703,4705f1c1-e862-4530-ae1d-c1d4e0134297.extra_data.json,64Z1605Zgy,0,com.sec.android.app.shealth,186093,86400000,4705f1c1-e862-4530-ae1d-c1d4e0134297,2024-11-27 00:00:00.000,
0,62820030,0,0,1288,300,708054,90,0,62850050,2024-12-19 17:25:07.338,10,2024-11-27 23:00:01.421,0.0,30,30,-1,600000,12,3,0,8,1013.18945,0,49.627975,24ef0d56-98a3-4f86-aefe-a8b2655acae1.extra_data.json,64Z1605Zgy,0,com.sec.android.app.shealth,708054,86400000,24ef0d56-98a3-4f86-aefe-a8b2655acae1,2024-11-28 00:00:00.000,
0,62820030,0,0,236,300,157412,90,0,62850050,2024-12-19 17:25:07.105,10,2024-11-29 00:32:52.505,0.0,30,30,-1,34017,2,3,0,8,180.33531,0,9.169524,1c31749c-0354-496e-b306-e1e67296f006.extra_data.json,64Z1605Zgy,0,com.sec.android.app.shealth,157412,86400000,1c31749c-0354-496e-b306-e1e67296f006,2024-11-29 00:00:00.000,
0,62820030,0,0,29,300,19343,90,0,62850050,2024-12-19 17:25:06.910,10,2024-11-30 09:41:41.564,0.0,30,30,-1,19343,0,1,0,8,21.588558,0,1.1401362,d31629c2-9f57-40e6-922c-716302fff799.extra_data.json,64Z1605Zgy,0,com.sec.android.app.shealth,19343,86400000,d31629c2-9f57-40e6-922c-716302fff799,2024-11-30 00:00:00.000,
0,62820030,0,0,18,300,12006,90,0,62850050,2024-12-19 17:25:06.733,10,2024-12-01 18:13:44.821,0.0,30,30,-1,8671,0,0,0,8,13.498465,0,0.70415556,20583ea5-379e-47d5-9d19-e6e858697315.extra_data.json,64Z1605Zgy,0,com.sec.android.app.shealth,12006,86400000,20583ea5-379e-47d5-9d19-e6e858697315,2024-12-01 00:00:00.000,
0,62820030,0,0,40,300,26680,90,0,62850050,2024-12-19 17:25:06.521,10,2024-12-01 23:00:01.648,0.0,30,30,-1,26680,0,1,0,8,30.28496,0,1.5594488,6150dfba-6786-4be0-a8ff-462daf6b9d04.extra_data.json,64Z1605Zgy,0,com.sec.android.app.shealth,26680,86400000,6150dfba-6786-4be0-a8ff-462daf6b9d04,2024-12-02 00:00:00.000,
0,62820030,0,0,122,300,81374,90,0,62850050,2024-12-19 17:25:06.190,10,2024-12-03 13:56:26.243,0.0,30,30,-1,24012,1,3,0,8,91.215965,0,4.7879934,3a2ecca8-130c-4f00-8a46-adc66754af5d.extra_data.json,64Z1605Zgy,0,com.sec.android.app.shealth,81374,86400000,3a2ecca8-130c-4f00-8a46-adc66754af5d,2024-12-03 00:00:00.000,
0,62820030,0,0,395,300,238029,90,0,62850050,2024-12-19 17:25:05.833,10,2024-12-03 23:00:01.974,0.0,30,30,-1,120000,3,2,0,8,303.81934,0,15.298276,6a183e7d-38ba-4288-8f41-acb03a594a74.extra_data.json,64Z1605Zgy,0,com.sec.android.app.shealth,238029,86400000,6a183e7d-38ba-4288-8f41-acb03a594a74,2024-12-04 00:00:00.000,
0,62820030,0,0,116,300,76675,90,0,62850050,2025-01-01 18:16:30.353,10,2024-12-04 23:02:32.364,0.0,30,30,-1,60000,1,1,0,8,89.53528,0,4.4884253,c3e0664c-0a9f-444e-a674-cc19ad5b8692.extra_data.json,64Z1605Zgy,0,com.sec.android.app.shealth,76675,86400000,c3e0664c-0a9f-444e-a674-cc19ad5b8692,2024-12-05 00:00:00.000,
0,62820030,0,0,0,300,0,90,0,62850050,2025-01-01 18:16:30.240,10,2024-12-06 01:16:29.738,0.0,30,30,-1,0,0,0,0,8,0.0,0,0.0,cd5017ec-c89e-4a7d-9001-056564f048c0.extra_data.json,64Z1605Zgy,0,com.sec.android.app.shealth,0,86400000,cd5017ec-c89e-4a7d-9001-056564f048c0,2024-12-06 00:00:00.000,
0,62820030,0,0,0,300,0,90,0,62850050,2025-01-01 18:16:30.121,10,2024-12-07 08:05:13.180,0.0,30,30,-1,0,0,0,0,8,0.0,0,0.0,c9ab9028-470b-45cd-b725-e17b00f87f5a.extra_data.json,64Z1605Zgy,0,com.sec.android.app.shealth,0,86400000,c9ab9028-470b-45cd-b725-e17b00f87f5a,2024-12-07 00:00:00.000,
0,62850050,0,0,33,300,22011,90,0,62850050,2025-01-01 18:16:30.000,10,2024-12-07 23:00:01.433,0.0,30,30,-1,12673,0,1,0,8,25.619938,0,1.2788892,00a796e6-5066-40d2-b9d6-f7afa6e13a76.extra_data.json,64Z1605Zgy,0,com.sec.android.app.shealth,22011,86400000,00a796e6-5066-40d2-b9d6-f7afa6e13a76,2024-12-08 00:00:00.000,
0,62850050,0,0,196,300,130732,90,0,62850050,2025-01-01 18:16:29.873,10,2024-12-09 00:21:42.606,0.0,30,30,-1,42021,2,3,0,8,146.74092,0,7.705302,d4c4f63b-e1de-4be4-885c-6331a5c1893d.extra_data.json,64Z1605Zgy,0,com.sec.android.app.shealth,130732,86400000,d4c4f63b-e1de-4be4-885c-6331a5c1893d,2024-12-09 00:00:00.000,
0,62850050,0,0,334,300,222778,90,0,62850050,2025-01-06 09:53:50.054,10,2024-12-09 23:00:01.876,0.0,30,30,-1,52026,3,5,0,8,253.59189,0,13.026453,fd7b7f6a-dc40-4a02-b249-becd7cfe9e3f.extra_data.json,64Z1605Zgy,0,com.sec.android.app.shealth,222778,86400000,fd7b7f6a-dc40-4a02-b249-becd7cfe9e3f,2024-12-10 00:00:00.000,
0,62850050,0,0,296,300,180030,90,0,62850050,2025-01-06 09:53:49.952,10,2024-12-11 11:21:31.177,0.0,30,30,-1,120000,3,2,0,8,226.24916,0,11.494421,6405a90b-2966-4f5a-83b6-f442dfaf10ef.extra_data.json,64Z1605Zgy,0,com.sec.android.app.shealth,180030,86400000,6405a90b-2966-4f5a-83b6-f442dfaf10ef,2024-12-11 00:00:00.000,
0,62850050,0,0,0,300,0,90,0,62850050,2025-01-10 17:30:05.565,10,2024-12-15 16:34:10.548,0.0,30,30,-1,0,0,0,0,8,0.0,0,0.0,0316d54b-d2ac-408d-83c8-765564e699f7.extra_data.json,64Z1605Zgy,0,com.sec.android.app.shealth,0,86400000,0316d54b-d2ac-408d-83c8-765564e699f7,2024-12-15 00:00:00.000,
0,62850050,0,0,0,300,0,90,0,62850050,2025-01-10 17:30:05.790,10,2024-12-15 16:34:12.549,0.0,30,30,-1,0,0,0,0,8,0.0,0,0.0,f825e876-a518-4bf3-ad85-bb04524b728e.extra_data.json,64Z1605Zgy,0,com.sec.android.app.shealth,0,86400000,f825e876-a518-4bf3-ad85-bb04524b728e,2024-12-14 00:00:00.000,
0,62850050,0,0,0,300,0,90,0,62850050,2025-01-06 09:53:49.540,10,2024-12-15 16:34:13.204,0.0,30,30,-1,0,0,0,0,8,0.0,0,0.0,cfea7412-78e7-4a33-a5cf-bc7c898a502d.extra_data.json,64Z1605Zgy,0,com.sec.android.app.shealth,0,86400000,cfea7412-78e7-4a33-a5cf-bc7c898a502d,2024-12-13 00:00:00.000,
0,62850050,0,0,300,300,197402,90,0,62850050,2025-01-06 09:53:49.684,10,2024-12-15 16:34:13.537,0.0,30,30,-1,60000,3,5,0,8,225.55519,0,11.738321,4da74576-853d-4a14-8a9c-5a9a00c799c2.extra_data.json,64Z1605Zgy,0,com.sec.android.app.shealth,197402,86400000,4da74576-853d-4a14-8a9c-5a9a00c799c2,2024-12-12 00:00:00.000,
0,62850050,0,0,394,300,245396,90,0,62850050,2025-01-10 17:30:05.432,10,2024-12-16 10:40:06.963,0.0,30,30,-1,60000,4,3,0,8,300.36288,0,15.325952,81ccbeb6-caab-4f63-81a6-1f4fb14b975a.extra_data.json,64Z1605Zgy,0,com.sec.android.app.shealth,245396,86400000,81ccbeb6-caab-4f63-81a6-1f4fb14b975a,2024-12-16 00:00:00.000,
0,62850050,0,0,70,300,46690,90,0,62850050,2025-01-10 17:30:05.269,10,2024-12-16 23:00:02.209,0.0,30,30,-1,18009,0,1,0,8,53.14856,0,2.7275457,bb28cd9a-c0b4-4461-b977-fcf6064b08c2.extra_data.json,64Z1605Zgy,0,com.sec.android.app.shealth,46690,86400000,bb28cd9a-c0b4-4461-b977-fcf6064b08c2,2024-12-17 00:00:00.000,
0,62850050,0,0,133,300,88711,90,0,62850050,2025-01-10 17:30:05.060,10,2024-12-17 23:38:13.977,0.0,30,30,-1,22678,1,2,0,8,98.21716,0,5.262867,20768d1e-bce8-4b83-9356-239425d11799.extra_data.json,64Z1605Zgy,0,com.sec.android.app.shealth,88711,86400000,20768d1e-bce8-4b83-9356-239425d11799,2024-12-18 00:00:00.000,
0,62850050,0,0,0,300,0,90,0,62850050,2025-01-10 17:30:04.748,10,2024-12-19 17:25:00.976,0.0,30,30,-1,0,0,0,0,8,0.0,0,0.0,c7d561d2-2326-4940-b106-8f43ab5ef260.extra_data.json,64Z1605Zgy,0,com.sec.android.app.shealth,0,86400000,c7d561d2-2326-4940-b106-8f43ab5ef260,2024-12-19 00:00:00.000,
0,62850050,0,0,0,300,0,90,0,62850050,2025-01-10 17:30:04.574,10,2024-12-20 14:14:39.664,0.0,30,30,-1,0,0,0,0,8,0.0,0,0.0,da79f856-9f35-4252-892e-18137267980a.extra_data.json,64Z1605Zgy,0,com.sec.android.app.shealth,0,86400000,da79f856-9f35-4252-892e-18137267980a,2024-12-20 00:00:00.000,
0,62850050,0,0,48,300,32016,90,0,62850050,2025-01-10 17:30:04.363,10,2024-12-20 23:00:01.801,0.0,30,30,-1,13340,0,1,0,8,36.456066,0,1.8697765,9edaa0d5-11fc-410a-83da-be7cd4547e68.extra_data.json,64Z1605Zgy,0,com.sec.android.app.shealth,32016,86400000,9edaa0d5-11fc-410a-83da-be7cd4547e68,2024-12-21 00:00:00.000,
0,62850050,0,0,0,300,0,90,0,62850050,2025-01-10 17:30:04.110,10,2024-12-22 00:18:24.999,0.0,30,30,-1,0,0,0,0,8,0.0,0,0.0,2ecfb162-5b25-48eb-a6ca-c9c1d5fd1e57.extra_data.json,64Z1605Zgy,0,com.sec.android.app.shealth,0,86400000,2ecfb162-5b25-48eb-a6ca-c9c1d5fd1e57,2024-12-22 00:00:00.000,
0,62850050,0,0,0,300,0,90,0,62850050,2025-01-10 17:30:03.815,10,2024-12-23 00:26:04.653,0.0,30,30,-1,0,0,0,0,8,0.0,0,0.0,6509b007-b3c3-4d64-a36f-5fde0dfd7e14.extra_data.json,64Z1605Zgy,0,com.sec.android.app.shealth,0,86400000,6509b007-b3c3-4d64-a36f-5fde0dfd7e14,2024-12-23 00:00:00.000,
0,62850050,0,0,35,300,23345,90,0,62850050,2025-01-10 17:30:03.605,10,2024-12-24 00:30:19.552,0.0,30,30,-1,12673,0,1,0,8,26.113602,0,1.3746598,13b95380-422d-40fb-9d89-7f878c8f8375.extra_data.json,64Z1605Zgy,0,com.sec.android.app.shealth,23345,86400000,13b95380-422d-40fb-9d89-7f878c8f8375,2024-12-24 00:00:00.000,
0,62850050,0,0,0,300,0,90,0,62850050,2025-01-10 17:30:03.375,10,2024-12-24 23:00:01.439,0.0,30,30,-1,0,0,0,0,8,0.0,0,0.0,f2782e21-0b06-4390-b518-de2d981ae6a3.extra_data.json,64Z1605Zgy,0,com.sec.android.app.shealth,0,86400000,f2782e21-0b06-4390-b518-de2d981ae6a3,2024-12-25 00:00:00.000,
0,62850050,0,0,0,300,0,90,0,62850050,2025-01-10 17:30:03.158,10,2024-12-25 23:00:01.201,0.0,30,30,-1,0,0,0,0,8,0.0,0,0.0,225b25ef-21a4-4c88-80ab-a938ff469471.extra_data.json,64Z1605Zgy,0,com.sec.android.app.shealth,0,86400000,225b25ef-21a4-4c88-80ab-a938ff469471,2024-12-26 00:00:00.000,
0,62850050,0,0,0,300,0,90,0,62850050,2025-01-10 17:30:02.811,10,2024-12-27 00:28:06.300,0.0,30,30,-1,0,0,0,0,8,0.0,0,0.0,35391142-f272-450f-83e1-8c3f2651133a.extra_data.json,64Z1605Zgy,0,com.sec.android.app.shealth,0,86400000,35391142-f272-450f-83e1-8c3f2651133a,2024-12-27 00:00:00.000,
0,62850050,0,0,0,300,0,90,0,62850050,2025-01-10 17:30:02.537,10,2024-12-27 23:07:37.007,0.0,30,30,-1,0,0,0,0,8,0.0,0,0.0,3d653fe2-3307-491e-b6d8-bc8970182d09.extra_data.json,64Z1605Zgy,0,com.sec.android.app.shealth,0,86400000,3d653fe2-3307-491e-b6d8-bc8970182d09,2024-12-28 00:00:00.000,
0,62850050,0,0,57,300,38019,90,0,62850050,2025-01-10 17:30:02.362,10,2024-12-29 10:43:37.699,0.0,30,30,-1,21344,0,1,0,8,42.69148,0,2.2431881,487dde2d-595b-4b78-b006-c915c85c0a8f.extra_data.json,64Z1605Zgy,0,com.sec.android.app.shealth,38019,86400000,487dde2d-595b-4b78-b006-c915c85c0a8f,2024-12-29 00:00:00.000,
0,62850050,0,0,97,300,64699,90,0,62850050,2025-01-10 17:30:02.165,10,2024-12-29 23:00:02.679,0.0,30,30,-1,27347,1,1,0,8,72.377655,0,3.819772,5528e65b-cea4-404a-bbed-fa063ac29bb2.extra_data.json,64Z1605Zgy,0,com.sec.android.app.shealth,64699,86400000,5528e65b-cea4-404a-bbed-fa063ac29bb2,2024-12-30 00:00:00.000,
0,62850050,0,0,497,300,331499,90,0,62900750,2025-01-27 12:59:44.728,10,2024-12-31 03:07:53.364,0.0,30,30,-1,60000,5,3,0,8,369.1109,0,19.585377,32c88764-8d35-4751-9f7b-d324149efa4d.extra_data.json,64Z1605Zgy,0,com.sec.android.app.shealth,331499,86400000,32c88764-8d35-4751-9f7b-d324149efa4d,2024-12-31 00:00:00.000,
0,62850050,0,0,0,300,0,90,0,62900750,2025-01-27 12:59:44.435,10,2025-01-01 18:16:26.652,0.0,30,30,-1,0,0,0,0,8,0.0,0,0.0,f6a1c46d-6607-483b-acf6-0b0b725c0102.extra_data.json,64Z1605Zgy,0,com.sec.android.app.shealth,0,86400000,f6a1c46d-6607-483b-acf6-0b0b725c0102,2025-01-01 00:00:00.000,
0,62850050,0,0,0,300,0,90,0,62900750,2025-01-27 12:59:44.283,10,2025-01-02 02:22:40.792,0.0,30,30,-1,0,0,0,0,8,0.0,0,0.0,80909f19-f458-49d0-bb24-e33119edff62.extra_data.json,64Z1605Zgy,0,com.sec.android.app.shealth,0,86400000,80909f19-f458-49d0-bb24-e33119edff62,2025-01-02 00:00:00.000,
0,62850050,0,0,48,300,32016,90,0,62900750,2025-01-27 12:59:44.034,10,2025-01-03 00:50:18.937,0.0,30,30,-1,20010,0,1,0,8,36.101566,0,1.8832184,4bdb3001-3b93-41f9-8524-c5ff19dfd067.extra_data.json,64Z1605Zgy,0,com.sec.android.app.shealth,32016,86400000,4bdb3001-3b93-41f9-8524-c5ff19dfd067,2025-01-03 00:00:00.000,
0,62850050,0,0,0,300,0,90,0,62900750,2025-01-27 12:59:43.884,10,2025-01-04 02:43:33.552,0.0,30,30,-1,0,0,0,0,8,0.0,0,0.0,b7f3f519-545d-49f0-9edc-0213aef947ac.extra_data.json,64Z1605Zgy,0,com.sec.android.app.shealth,0,86400000,b7f3f519-545d-49f0-9edc-0213aef947ac,2025-01-04 00:00:00.000,
0,62850050,0,0,47,300,31349,90,0,62900750,2025-01-27 12:59:43.779,10,2025-01-05 02:48:28.973,0.0,30,30,-1,24679,0,1,0,8,34.805782,0,1.8525212,4cbc0037-e5c1-43d3-be27-044e0fe256e4.extra_data.json,64Z1605Zgy,0,com.sec.android.app.shealth,31349,86400000,4cbc0037-e5c1-43d3-be27-044e0fe256e4,2025-01-05 00:00:00.000,
0,62850050,0,0,9,300,6003,90,0,62900750,2025-01-27 12:59:43.649,10,2025-01-06 09:53:37.227,0.0,30,30,-1,6003,0,0,0,8,6.502662,0,0.3617653,36d3f4eb-6b73-432f-a8bd-c72228e4ba6f.extra_data.json,64Z1605Zgy,0,com.sec.android.app.shealth,6003,86400000,36d3f4eb-6b73-432f-a8bd-c72228e4ba6f,2025-01-06 00:00:00.000,
0,62850050,0,0,60,300,40020,90,0,62900750,2025-01-27 12:59:43.523,10,2025-01-06 23:00:01.285,0.0,30,30,-1,32683,0,1,0,8,45.37469,0,2.341795,cb9200f4-9093-43f8-8e9b-cf10721c7c1a.extra_data.json,64Z1605Zgy,0,com.sec.android.app.shealth,40020,86400000,cb9200f4-9093-43f8-8e9b-cf10721c7c1a,2025-01-07 00:00:00.000,
0,62850050,0,0,13,300,8671,90,0,62900750,2025-01-27 12:59:43.377,10,2025-01-07 23:30:55.779,0.0,30,30,-1,8004,0,0,0,8,9.520796,0,0.5161891,ea29e7d6-9f83-4fd5-813b-1b779b795afb.extra_data.json,64Z1605Zgy,0,com.sec.android.app.shealth,8671,86400000,ea29e7d6-9f83-4fd5-813b-1b779b795afb,2025-01-08 00:00:00.000,
0,62850050,0,0,152,300,101384,90,0,62900750,2025-01-27 12:59:43.217,10,2025-01-08 23:00:11.829,0.0,30,30,-1,39353,1,4,0,8,114.029396,0,5.9537277,c9d33db1-590d-4a99-8f83-031393d4d9bb.extra_data.json,64Z1605Zgy,0,com.sec.android.app.shealth,101384,86400000,c9d33db1-590d-4a99-8f83-031393d4d9bb,2025-01-09 00:00:00.000,
0,62850050,0,0,7,300,4669,90,0,62900750,2025-01-27 12:59:43.044,10,2025-01-09 23:00:02.019,0.0,30,30,-1,4669,0,0,0,8,5.271965,0,0.27327538,399f57e3-b699-4de7-99e3-df20f3ef63b9.extra_data.json,64Z1605Zgy,0,com.sec.android.app.shealth,4669,86400000,399f57e3-b699-4de7-99e3-df20f3ef63b9,2025-01-10 00:00:00.000,
0,62850050,0,0,0,300,0,90,0,62900750,2025-01-27 12:59:42.930,10,2025-01-11 01:41:57.025,0.0,30,30,-1,0,0,0,0,8,0.0,0,0.0,640f5185-fd35-4d07-afbe-20461ca76c6d.extra_data.json,64Z1605Zgy,0,com.sec.android.app.shealth,0,86400000,640f5185-fd35-4d07-afbe-20461ca76c6d,2025-01-11 00:00:00.000,
0,62900750,0,0,0,300,0,90,0,62900750,2025-02-21 09:36:13.834,10,2025-01-27 12:59:38.209,0.0,30,30,-1,0,0,0,0,8,0.0,0,0.0,490fe8aa-9f15-4df8-808a-300e59122cd3.extra_data.json,64Z1605Zgy,0,com.sec.android.app.shealth,0,86400000,490fe8aa-9f15-4df8-808a-300e59122cd3,2025-01-27 00:00:00.000,
0,62900750,0,0,0,300,0,90,0,62900750,2025-02-21 09:36:14.189,10,2025-01-27 12:59:39.773,0.0,30,30,-1,0,0,0,0,8,0.0,0,0.0,2951f3a2-b55c-424b-946b-086a99a0e026.extra_data.json,64Z1605Zgy,0,com.sec.android.app.shealth,0,86400000,2951f3a2-b55c-424b-946b-086a99a0e026,2025-01-26 00:00:00.000,
0,62900750,0,0,0,300,0,90,0,62900750,2025-02-21 09:36:14.897,10,2025-01-27 12:59:40.345,0.0,30,30,-1,0,0,0,0,8,0.0,0,0.0,e7014b48-320c-41fe-8ac3-85c38fc36450.extra_data.json,64Z1605Zgy,0,com.sec.android.app.shealth,0,86400000,e7014b48-320c-41fe-8ac3-85c38fc36450,2025-01-25 00:00:00.000,
0,62900750,0,0,0,300,0,90,0,62900750,2025-01-27 12:59:40.534,10,2025-01-27 12:59:40.534,0.0,30,30,-1,0,0,0,0,8,0.0,0,0.0,79b09f25-5d46-4502-b1c6-f5c81339acc4.extra_data.json,64Z1605Zgy,0,com.sec.android.app.shealth,0,86400000,79b09f25-5d46-4502-b1c6-f5c81339acc4,2025-01-24 00:00:00.000,
0,62900750,0,0,0,300,0,90,0,62900750,2025-01-27 12:59:40.768,10,2025-01-27 12:59:40.768,0.0,30,30,-1,0,0,0,0,8,0.0,0,0.0,e64287f8-7afe-4cad-9137-cec429b0f917.extra_data.json,64Z1605Zgy,0,com.sec.android.app.shealth,0,86400000,e64287f8-7afe-4cad-9137-cec429b0f917,2025-01-23 00:00:00.000,
0,62900750,0,0,0,300,0,90,0,62900750,2025-01-27 12:59:40.954,10,2025-01-27 12:59:40.954,0.0,30,30,-1,0,0,0,0,8,0.0,0,0.0,0635c129-78cf-4e90-83c2-4db8fb47b2f7.extra_data.json,64Z1605Zgy,0,com.sec.android.app.shealth,0,86400000,0635c129-78cf-4e90-83c2-4db8fb47b2f7,2025-01-22 00:00:00.000,
0,62900750,0,0,0,300,0,90,0,62900750,2025-01-27 12:59:41.104,10,2025-01-27 12:59:41.104,0.0,30,30,-1,0,0,0,0,8,0.0,0,0.0,e9036f5a-9b9c-47d5-bedd-c1b330cae6dd.extra_data.json,64Z1605Zgy,0,com.sec.android.app.shealth,0,86400000,e9036f5a-9b9c-47d5-bedd-c1b330cae6dd,2025-01-21 00:00:00.000,
0,62900750,0,0,0,300,0,90,0,62900750,2025-01-27 12:59:41.282,10,2025-01-27 12:59:41.282,0.0,30,30,-1,0,0,0,0,8,0.0,0,0.0,d8eb5c31-5809-4efe-803a-81cb254ab925.extra_data.json,64Z1605Zgy,0,com.sec.android.app.shealth,0,86400000,d8eb5c31-5809-4efe-803a-81cb254ab925,2025-01-20 00:00:00.000,
0,62900750,0,0,0,300,0,90,0,62900750,2025-01-27 12:59:41.613,10,2025-01-27 12:59:41.613,0.0,30,30,-1,0,0,0,0,8,0.0,0,0.0,52db97a4-5260-412d-8c7b-4a7b705721c8.extra_data.json,64Z1605Zgy,0,com.sec.android.app.shealth,0,86400000,52db97a4-5260-412d-8c7b-4a7b705721c8,2025-01-19 00:00:00.000,
0,62900750,0,0,0,300,0,90,0,62900750,2025-01-27 12:59:41.843,10,2025-01-27 12:59:41.843,0.0,30,30,-1,0,0,0,0,8,0.0,0,0.0,7a037f8d-2bb9-421a-98e9-6374458afc55.extra_data.json,64Z1605Zgy,0,com.sec.android.app.shealth,0,86400000,7a037f8d-2bb9-421a-98e9-6374458afc55,2025-01-18 00:00:00.000,
0,62900750,0,0,0,300,0,90,0,62900750,2025-01-27 12:59:42.013,10,2025-01-27 12:59:42.013,0.0,30,30,-1,0,0,0,0,8,0.0,0,0.0,9b4fa544-2a36-4fdc-b3d6-7af917e662c7.extra_data.json,64Z1605Zgy,0,com.sec.android.app.shealth,0,86400000,9b4fa544-2a36-4fdc-b3d6-7af917e662c7,2025-01-17 00:00:00.000,
0,62900750,0,0,0,300,0,90,0,62900750,2025-01-27 12:59:42.169,10,2025-01-27 12:59:42.169,0.0,30,30,-1,0,0,0,0,8,0.0,0,0.0,8857051b-04c3-4fd1-b157-a7898416e428.extra_data.json,64Z1605Zgy,0,com.sec.android.app.shealth,0,86400000,8857051b-04c3-4fd1-b157-a7898416e428,2025-01-16 00:00:00.000,
0,62900750,0,0,0,300,0,90,0,62900750,2025-01-27 12:59:42.325,10,2025-01-27 12:59:42.325,0.0,30,30,-1,0,0,0,0,8,0.0,0,0.0,7c1fde38-1571-4da2-b915-7c9d79507565.extra_data.json,64Z1605Zgy,0,com.sec.android.app.shealth,0,86400000,7c1fde38-1571-4da2-b915-7c9d79507565,2025-01-15 00:00:00.000,
0,62900750,0,0,0,300,0,90,0,62900750,2025-01-27 12:59:42.506,10,2025-01-27 12:59:42.506,0.0,30,30,-1,0,0,0,0,8,0.0,0,0.0,ec6ecf08-d061-48c0-a304-06174c551fc7.extra_data.json,64Z1605Zgy,0,com.sec.android.app.shealth,0,86400000,ec6ecf08-d061-48c0-a304-06174c551fc7,2025-01-14 00:00:00.000,
0,62900750,0,0,0,300,0,90,0,62900750,2025-01-27 12:59:42.691,10,2025-01-27 12:59:42.691,0.0,30,30,-1,0,0,0,0,8,0.0,0,0.0,3ce06e6c-b86c-43f1-a856-1724ec4a8a19.extra_data.json,64Z1605Zgy,0,com.sec.android.app.shealth,0,86400000,3ce06e6c-b86c-43f1-a856-1724ec4a8a19,2025-01-13 00:00:00.000,
0,62900750,0,0,0,300,0,90,0,62900750,2025-01-27 12:59:42.829,10,2025-01-27 12:59:42.829,0.0,30,30,-1,0,0,0,0,8,0.0,0,0.0,81013865-83c0-4b1a-9fa1-9b4cdc681555.extra_data.json,64Z1605Zgy,0,com.sec.android.app.shealth,0,86400000,81013865-83c0-4b1a-9fa1-9b4cdc681555,2025-01-12 00:00:00.000,
0,62900750,0,0,0,300,0,90,0,62900750,2025-02-21 09:36:13.468,10,2025-01-28 02:35:27.838,0.0,30,30,-1,0,0,0,0,8,0.0,0,0.0,fdc23740-c023-4b12-a701-8da398901fa6.extra_data.json,64Z1605Zgy,0,com.sec.android.app.shealth,0,86400000,fdc23740-c023-4b12-a701-8da398901fa6,2025-01-28 00:00:00.000,
0,62900750,0,0,0,300,0,90,0,62900750,2025-02-21 09:36:13.266,10,2025-01-29 02:40:53.680,0.0,30,30,-1,0,0,0,0,8,0.0,0,0.0,accd6585-4e1f-45b9-979f-44610d81a216.extra_data.json,64Z1605Zgy,0,com.sec.android.app.shealth,0,86400000,accd6585-4e1f-45b9-979f-44610d81a216,2025-01-29 00:00:00.000,
0,62900750,0,0,0,300,0,90,0,62900750,2025-02-21 09:36:13.035,10,2025-01-30 02:45:22.874,0.0,30,30,-1,0,0,0,0,8,0.0,0,0.0,160bf625-976f-439a-a864-831c4013f138.extra_data.json,64Z1605Zgy,0,com.sec.android.app.shealth,0,86400000,160bf625-976f-439a-a864-831c4013f138,2025-01-30 00:00:00.000,
0,62900750,0,0,0,300,0,90,0,62900750,2025-02-21 09:36:12.787,10,2025-01-31 02:50:18.322,0.0,30,30,-1,0,0,0,0,8,0.0,0,0.0,fb278111-b65e-4c78-8937-e4de545281a7.extra_data.json,64Z1605Zgy,0,com.sec.android.app.shealth,0,86400000,fb278111-b65e-4c78-8937-e4de545281a7,2025-01-31 00:00:00.000,
0,62900750,0,0,0,300,0,90,0,62900750,2025-02-21 09:36:12.164,10,2025-02-01 02:54:54.577,0.0,30,30,-1,0,0,0,0,8,0.0,0,0.0,64e22040-009a-4cb8-b30e-f23edcc321bd.extra_data.json,64Z1605Zgy,0,com.sec.android.app.shealth,0,86400000,64e22040-009a-4cb8-b30e-f23edcc321bd,2025-02-01 00:00:00.000,
0,62900750,0,0,0,300,0,90,0,62900750,2025-02-21 09:36:11.754,10,2025-02-02 02:59:23.414,0.0,30,30,-1,0,0,0,0,8,0.0,0,0.0,0a8d2ffc-592a-4027-82da-101fd13588b7.extra_data.json,64Z1605Zgy,0,com.sec.android.app.shealth,0,86400000,0a8d2ffc-592a-4027-82da-101fd13588b7,2025-02-02 00:00:00.000,
0,62900750,0,0,0,300,0,90,0,62930070,2025-03-02 13:38:54.597,10,2025-02-03 03:12:11.911,0.0,30,30,-1,0,0,0,0,8,0.0,0,0.0,283c8f23-504e-4774-b87f-363152517944.extra_data.json,64Z1605Zgy,0,com.sec.android.app.shealth,0,86400000,283c8f23-504e-4774-b87f-363152517944,2025-02-03 00:00:00.000,
0,62900750,0,0,0,300,0,90,0,62930070,2025-03-14 18:45:31.570,10,2025-02-21 09:35:11.023,0.0,30,30,-1,0,0,0,0,8,0.0,0,0.0,bcd47719-0b6a-42f5-871a-b994343a6d11.extra_data.json,64Z1605Zgy,0,com.sec.android.app.shealth,0,86400000,bcd47719-0b6a-42f5-871a-b994343a6d11,2025-02-21 00:00:00.000,
0,62900750,0,0,0,300,0,90,0,62930070,2025-03-14 18:45:31.775,10,2025-02-21 09:35:16.003,0.0,30,30,-1,0,0,0,0,8,0.0,0,0.0,74794f59-8b2a-4d2d-bca0-07b3c93f454d.extra_data.json,64Z1605Zgy,0,com.sec.android.app.shealth,0,86400000,74794f59-8b2a-4d2d-bca0-07b3c93f454d,2025-02-20 00:00:00.000,
0,62900750,0,0,0,300,0,90,0,62930070,2025-03-14 18:45:32.172,10,2025-02-21 09:35:16.805,0.0,30,30,-1,0,0,0,0,8,0.0,0,0.0,37244a05-e838-4dbc-948e-919ee652788e.extra_data.json,64Z1605Zgy,0,com.sec.android.app.shealth,0,86400000,37244a05-e838-4dbc-948e-919ee652788e,2025-02-19 00:00:00.000,
0,62900750,0,0,0,300,0,90,0,62930070,2025-03-14 18:45:32.502,10,2025-02-21 09:35:17.518,0.0,30,30,-1,0,0,0,0,8,0.0,0,0.0,c45892ce-69d5-4b22-8bfb-add8c517f54c.extra_data.json,64Z1605Zgy,0,com.sec.android.app.shealth,0,86400000,c45892ce-69d5-4b22-8bfb-add8c517f54c,2025-02-18 00:00:00.000,
0,62900750,0,0,0,300,0,90,0,62930070,2025-03-14 18:45:32.783,10,2025-02-21 09:35:24.968,0.0,30,30,-1,0,0,0,0,8,0.0,0,0.0,70dd9fd7-bbd0-4e36-ae44-1bca051d5dc7.extra_data.json,64Z1605Zgy,0,com.sec.android.app.shealth,0,86400000,70dd9fd7-bbd0-4e36-ae44-1bca051d5dc7,2025-02-17 00:00:00.000,
0,62900750,0,0,0,300,0,90,0,62930070,2025-03-14 18:45:33.051,10,2025-02-21 09:35:26.480,0.0,30,30,-1,0,0,0,0,8,0.0,0,0.0,a4ec6ae8-010b-4963-9c8f-aa155a7b2363.extra_data.json,64Z1605Zgy,0,com.sec.android.app.shealth,0,86400000,a4ec6ae8-010b-4963-9c8f-aa155a7b2363,2025-02-16 00:00:00.000,
0,62900750,0,0,0,300,0,90,0,62930070,2025-03-14 18:45:33.235,10,2025-02-21 09:35:28.781,0.0,30,30,-1,0,0,0,0,8,0.0,0,0.0,417d87ac-ffa3-4cb4-b76a-f91be60aa467.extra_data.json,64Z1605Zgy,0,com.sec.android.app.shealth,0,86400000,417d87ac-ffa3-4cb4-b76a-f91be60aa467,2025-02-15 00:00:00.000,
0,62900750,0,0,0,300,0,90,0,62930070,2025-03-07 13:41:17.899,10,2025-02-21 09:35:30.954,0.0,30,30,-1,0,0,0,0,8,0.0,0,0.0,b2cc275a-db6f-4116-b102-ab8d8dd28761.extra_data.json,64Z1605Zgy,0,com.sec.android.app.shealth,0,86400000,b2cc275a-db6f-4116-b102-ab8d8dd28761,2025-02-14 00:00:00.000,
0,62900750,0,0,0,300,0,90,0,62930070,2025-03-07 13:41:18.017,10,2025-02-21 09:35:42.116,0.0,30,30,-1,0,0,0,0,8,0.0,0,0.0,06772fe9-9f2d-4311-b4db-cb02228f3adc.extra_data.json,64Z1605Zgy,0,com.sec.android.app.shealth,0,86400000,06772fe9-9f2d-4311-b4db-cb02228f3adc,2025-02-13 00:00:00.000,
0,62900750,0,0,0,300,0,90,0,62930070,2025-03-07 13:41:18.124,10,2025-02-21 09:35:43.120,0.0,30,30,-1,0,0,0,0,8,0.0,0,0.0,fc957c13-ae99-4258-8d3d-95a6586efcb3.extra_data.json,64Z1605Zgy,0,com.sec.android.app.shealth,0,86400000,fc957c13-ae99-4258-8d3d-95a6586efcb3,2025-02-12 00:00:00.000,
0,62900750,0,0,0,300,0,90,0,62930070,2025-03-07 13:41:18.227,10,2025-02-21 09:35:43.949,0.0,30,30,-1,0,0,0,0,8,0.0,0,0.0,9b3affa3-b576-4b92-84f3-f45b46981ba5.extra_data.json,64Z1605Zgy,0,com.sec.android.app.shealth,0,86400000,9b3affa3-b576-4b92-84f3-f45b46981ba5,2025-02-11 00:00:00.000,
0,62900750,0,0,0,300,0,90,0,62930070,2025-03-07 13:41:18.335,10,2025-02-21 09:35:45.549,0.0,30,30,-1,0,0,0,0,8,0.0,0,0.0,81e88986-804d-4cf9-85ea-61e5c73fda19.extra_data.json,64Z1605Zgy,0,com.sec.android.app.shealth,0,86400000,81e88986-804d-4cf9-85ea-61e5c73fda19,2025-02-10 00:00:00.000,
0,62900750,0,0,0,300,0,90,0,62930070,2025-03-07 13:41:18.463,10,2025-02-21 09:35:46.636,0.0,30,30,-1,0,0,0,0,8,0.0,0,0.0,21c5ec8f-c8e0-4c10-863d-0cbcb69aae73.extra_data.json,64Z1605Zgy,0,com.sec.android.app.shealth,0,86400000,21c5ec8f-c8e0-4c10-863d-0cbcb69aae73,2025-02-09 00:00:00.000,
0,62900750,0,0,0,300,0,90,0,62930070,2025-03-07 13:41:18.579,10,2025-02-21 09:35:47.634,0.0,30,30,-1,0,0,0,0,8,0.0,0,0.0,10cd44ae-bf13-48f1-b8e4-6d3ef7923959.extra_data.json,64Z1605Zgy,0,com.sec.android.app.shealth,0,86400000,10cd44ae-bf13-48f1-b8e4-6d3ef7923959,2025-02-08 00:00:00.000,
0,62900750,0,0,0,300,0,90,0,62930070,2025-03-06 18:28:58.816,10,2025-02-21 09:35:48.177,0.0,30,30,-1,0,0,0,0,8,0.0,0,0.0,b3ea331d-f46a-41dd-89c5-4a8328a82532.extra_data.json,64Z1605Zgy,0,com.sec.android.app.shealth,0,86400000,b3ea331d-f46a-41dd-89c5-4a8328a82532,2025-02-07 00:00:00.000,
0,62900750,0,0,0,300,0,90,0,62930070,2025-03-02 13:38:54.260,10,2025-02-21 09:35:48.810,0.0,30,30,-1,0,0,0,0,8,0.0,0,0.0,821eaa29-e4da-4aad-94ae-48c33b5df4a8.extra_data.json,64Z1605Zgy,0,com.sec.android.app.shealth,0,86400000,821eaa29-e4da-4aad-94ae-48c33b5df4a8,2025-02-06 00:00:00.000,
0,62900750,0,0,0,300,0,90,0,62930070,2025-03-02 13:38:54.372,10,2025-02-21 09:35:49.514,0.0,30,30,-1,0,0,0,0,8,0.0,0,0.0,87b935e9-b6db-448b-9cb1-3d4a5d5c328c.extra_data.json,64Z1605Zgy,0,com.sec.android.app.shealth,0,86400000,87b935e9-b6db-448b-9cb1-3d4a5d5c328c,2025-02-05 00:00:00.000,
0,62900750,0,0,0,300,0,90,0,62930070,2025-03-02 13:38:54.497,10,2025-02-21 09:35:50.276,0.0,30,30,-1,0,0,0,0,8,0.0,0,0.0,97f90c16-48f1-4e7e-8727-f305e525dd84.extra_data.json,64Z1605Zgy,0,com.sec.android.app.shealth,0,86400000,97f90c16-48f1-4e7e-8727-f305e525dd84,2025-02-04 00:00:00.000,
0,62930070,0,0,0,300,0,90,0,62930070,2025-03-29 10:12:25.556,10,2025-03-02 13:38:48.996,0.0,30,30,-1,0,0,0,0,8,0.0,0,0.0,1e7ab604-8b7e-4d9d-974b-ffa12e468f66.extra_data.json,64Z1605Zgy,0,com.sec.android.app.shealth,0,86400000,1e7ab604-8b7e-4d9d-974b-ffa12e468f66,2025-03-02 00:00:00.000,
0,62930070,0,0,0,300,0,90,0,62930070,2025-03-14 18:45:29.634,10,2025-03-02 13:38:50.622,0.0,30,30,-1,0,0,0,0,8,0.0,0,0.0,ad3e3989-6e30-4c73-a1bf-33ff386b3efb.extra_data.json,64Z1605Zgy,0,com.sec.android.app.shealth,0,86400000,ad3e3989-6e30-4c73-a1bf-33ff386b3efb,2025-03-01 00:00:00.000,
0,62930070,0,0,0,300,0,90,0,62930070,2025-03-14 18:45:29.847,10,2025-03-02 13:38:50.818,0.0,30,30,-1,0,0,0,0,8,0.0,0,0.0,e5f02781-a67b-4746-b599-dd892bfc53d6.extra_data.json,64Z1605Zgy,0,com.sec.android.app.shealth,0,86400000,e5f02781-a67b-4746-b599-dd892bfc53d6,2025-02-28 00:00:00.000,
0,62930070,0,0,0,300,0,90,0,62930070,2025-03-14 18:45:30.117,10,2025-03-02 13:38:50.984,0.0,30,30,-1,0,0,0,0,8,0.0,0,0.0,1027f1ad-700d-475f-af9e-9648ef5ea610.extra_data.json,64Z1605Zgy,0,com.sec.android.app.shealth,0,86400000,1027f1ad-700d-475f-af9e-9648ef5ea610,2025-02-27 00:00:00.000,
0,62930070,0,0,0,300,0,90,0,62930070,2025-03-14 18:45:30.434,10,2025-03-02 13:38:51.170,0.0,30,30,-1,0,0,0,0,8,0.0,0,0.0,cf996929-37f4-4742-a8b8-c5f477bef071.extra_data.json,64Z1605Zgy,0,com.sec.android.app.shealth,0,86400000,cf996929-37f4-4742-a8b8-c5f477bef071,2025-02-26 00:00:00.000,
0,62930070,0,0,0,300,0,90,0,62930070,2025-03-14 18:45:30.698,10,2025-03-02 13:38:51.495,0.0,30,30,-1,0,0,0,0,8,0.0,0,0.0,7a670013-3f83-4181-9397-bb4131d714a4.extra_data.json,64Z1605Zgy,0,com.sec.android.app.shealth,0,86400000,7a670013-3f83-4181-9397-bb4131d714a4,2025-02-25 00:00:00.000,
0,62930070,0,0,0,300,0,90,0,62930070,2025-03-14 18:45:30.889,10,2025-03-02 13:38:51.678,0.0,30,30,-1,0,0,0,0,8,0.0,0,0.0,a757a368-999b-4d0e-bb49-56b1ebfeb604.extra_data.json,64Z1605Zgy,0,com.sec.android.app.shealth,0,86400000,a757a368-999b-4d0e-bb49-56b1ebfeb604,2025-02-24 00:00:00.000,
0,62930070,0,0,0,300,0,90,0,62930070,2025-03-14 18:45:31.137,10,2025-03-02 13:38:51.978,0.0,30,30,-1,0,0,0,0,8,0.0,0,0.0,2f7c6237-b713-4757-a81f-f8e2b787f3ff.extra_data.json,64Z1605Zgy,0,com.sec.android.app.shealth,0,86400000,2f7c6237-b713-4757-a81f-f8e2b787f3ff,2025-02-23 00:00:00.000,
0,62930070,0,0,0,300,0,90,0,62930070,2025-03-14 18:45:31.328,10,2025-03-02 13:38:52.235,0.0,30,30,-1,0,0,0,0,8,0.0,0,0.0,60ece069-8a98-4b6b-9df0-c3be579425eb.extra_data.json,64Z1605Zgy,0,com.sec.android.app.shealth,0,86400000,60ece069-8a98-4b6b-9df0-c3be579425eb,2025-02-22 00:00:00.000,
0,62930070,0,0,0,300,0,90,0,62930070,2025-03-29 10:12:24.602,10,2025-03-03 11:17:22.012,0.0,30,30,-1,0,0,0,0,8,0.0,0,0.0,80f6142a-a5a6-4a4a-9161-4cf6227e4ffc.extra_data.json,64Z1605Zgy,0,com.sec.android.app.shealth,0,86400000,80f6142a-a5a6-4a4a-9161-4cf6227e4ffc,2025-03-03 00:00:00.000,
0,62930070,0,0,298,300,198766,90,0,62930070,2025-03-29 10:12:21.368,10,2025-03-06 15:49:56.999,0.0,30,30,-1,46690,3,3,0,8,218.88998,0,12.129997,2124c45f-8b35-4f8f-9deb-3494c28f8009.extra_data.json,64Z1605Zgy,0,com.sec.android.app.shealth,198766,86400000,2124c45f-8b35-4f8f-9deb-3494c28f8009,2025-03-06 00:00:00.000,
0,62930070,0,0,231,300,152475,90,0,62930070,2025-03-29 10:12:22.167,10,2025-03-06 15:50:01.468,0.0,30,30,-1,53092,2,2,0,8,168.93,0,9.769999,430687f6-d64b-4803-aa82-fee2cab6367a.extra_data.json,64Z1605Zgy,2400,com.sec.android.app.shealth,150075,86400000,430687f6-d64b-4803-aa82-fee2cab6367a,2025-03-05 00:00:00.000,
0,62930070,0,1437000,5287,300,4399800,90,799972,62930070,2025-03-29 10:12:23.544,10,2025-03-06 15:50:02.181,0.0,30,30,-1,799972,80,10,0,8,3706.0488,180000,313.68527,87a78eec-c6cd-403f-b2c8-7c036fc26548.extra_data.json,64Z1605Zgy,6800,com.sec.android.app.shealth,3593028,86400000,87a78eec-c6cd-403f-b2c8-7c036fc26548,2025-03-04 00:00:00.000,
0,62930070,0,0,4251,300,2828982,90,0,62930070,2025-03-29 10:12:19.996,10,2025-03-07 01:04:02.791,0.0,30,30,-1,120000,52,12,0,8,3065.6099,0,177.43,be03bc8f-e848-4442-b955-d483d24bd26e.extra_data.json,64Z1605Zgy,3600,com.sec.android.app.shealth,2825382,86400000,be03bc8f-e848-4442-b955-d483d24bd26e,2025-03-07 00:00:00.000,
0,62930070,0,0,0,300,0,90,0,62930070,2025-03-29 10:12:18.322,10,2025-03-07 23:00:02.742,0.0,30,30,-1,0,0,0,0,8,0.0,0,0.0,3cbe3209-93b2-4e57-b416-f2485f17ea4e.extra_data.json,64Z1605Zgy,0,com.sec.android.app.shealth,0,86400000,3cbe3209-93b2-4e57-b416-f2485f17ea4e,2025-03-08 00:00:00.000,
0,62930070,0,0,0,300,0,90,0,62930070,2025-03-29 10:12:17.078,10,2025-03-09 00:46:54.605,0.0,30,30,-1,0,0,0,0,8,0.0,0,0.0,a738be0b-863a-41c3-8932-4c97b37b7e96.extra_data.json,64Z1605Zgy,0,com.sec.android.app.shealth,0,86400000,a738be0b-863a-41c3-8932-4c97b37b7e96,2025-03-09 00:00:00.000,
0,62930070,0,0,0,300,0,90,0,62930070,2025-03-29 10:12:15.944,10,2025-03-10 04:52:15.845,0.0,30,30,-1,0,0,0,0,8,0.0,0,0.0,d7a59b95-516e-4cae-b8e8-13abaf3708a6.extra_data.json,64Z1605Zgy,0,com.sec.android.app.shealth,0,86400000,d7a59b95-516e-4cae-b8e8-13abaf3708a6,2025-03-10 00:00:00.000,
0,62930070,0,0,7831,300,5186991,90,0,62930070,2025-04-07 07:00:57.588,10,2025-03-14 17:25:43.234,0.0,30,30,-1,120000,94,17,0,8,5694.4224,0,323.25,b9688072-7220-4d9d-bcca-c1e3d7b88fe0.extra_data.json,64Z1605Zgy,29200,com.sec.android.app.shealth,5157791,86400000,b9688072-7220-4d9d-bcca-c1e3d7b88fe0,2025-03-14 00:00:00.000,
0,62930070,0,0,1975,300,1308327,90,0,62930070,2025-04-07 07:00:58.534,10,2025-03-14 17:26:00.693,0.0,30,30,-1,60000,23,8,0,8,1456.7295,0,78.69,a9435dcd-4a20-415f-aef1-53073ca4769e.extra_data.json,64Z1605Zgy,400,com.sec.android.app.shealth,1307927,86400000,a9435dcd-4a20-415f-aef1-53073ca4769e,2025-03-13 00:00:00.000,
0,62930070,0,0,0,300,0,90,0,62930070,2025-04-07 07:00:58.936,10,2025-03-14 17:26:01.758,0.0,30,30,-1,0,0,0,0,8,0.0,0,0.0,f3d9fbd2-5c15-41c6-8d6b-48a7c18a7b91.extra_data.json,64Z1605Zgy,0,com.sec.android.app.shealth,0,86400000,f3d9fbd2-5c15-41c6-8d6b-48a7c18a7b91,2025-03-12 00:00:00.000,
0,62930070,0,0,0,300,0,90,0,62930070,2025-04-07 07:00:59.329,10,2025-03-14 17:26:04.052,0.0,30,30,-1,0,0,0,0,8,0.0,0,0.0,4be12f9b-6227-44ad-8a36-0d7efa881c11.extra_data.json,64Z1605Zgy,0,com.sec.android.app.shealth,0,86400000,4be12f9b-6227-44ad-8a36-0d7efa881c11,2025-03-11 00:00:00.000,
0,62930070,0,0,142,300,94714,90,0,62930070,2025-04-07 07:00:56.556,10,2025-03-14 23:00:01.935,0.0,30,30,-1,24012,1,1,0,8,103.78,0,5.6299996,f07d9aa8-aef8-4fce-8b2e-6aa523758f00.extra_data.json,64Z1605Zgy,0,com.sec.android.app.shealth,94714,86400000,f07d9aa8-aef8-4fce-8b2e-6aa523758f00,2025-03-15 00:00:00.000,
0,62930070,0,0,0,300,0,90,0,62930070,2025-04-07 07:00:55.726,10,2025-03-15 23:02:58.995,0.0,30,30,-1,0,0,0,0,8,0.0,0,0.0,54b52510-16a7-4a52-89cc-8b15f961322d.extra_data.json,64Z1605Zgy,0,com.sec.android.app.shealth,0,86400000,54b52510-16a7-4a52-89cc-8b15f961322d,2025-03-16 00:00:00.000,
0,62930070,0,0,0,300,0,90,0,62930070,2025-04-07 07:00:55.349,10,2025-03-16 23:00:01.593,0.0,30,30,-1,0,0,0,0,8,0.0,0,0.0,534a0060-4fde-4e9d-b05a-7edc239c583f.extra_data.json,64Z1605Zgy,0,com.sec.android.app.shealth,0,86400000,534a0060-4fde-4e9d-b05a-7edc239c583f,2025-03-17 00:00:00.000,
0,62930070,0,0,0,300,0,90,0,62950170,2025-04-14 12:57:07.108,10,2025-03-17 23:00:14.007,0.0,30,30,-1,0,0,0,0,8,0.0,0,0.0,ffbbfd49-14de-48a6-9d7e-40c78b05d3af.extra_data.json,64Z1605Zgy,0,com.sec.android.app.shealth,0,86400000,ffbbfd49-14de-48a6-9d7e-40c78b05d3af,2025-03-18 00:00:00.000,
0,62930070,0,0,0,300,0,90,0,62950170,2025-04-14 12:57:06.894,10,2025-03-19 03:05:42.320,0.0,30,30,-1,0,0,0,0,8,0.0,0,0.0,e6805702-41ab-426c-a3e6-785ca66ce3c4.extra_data.json,64Z1605Zgy,0,com.sec.android.app.shealth,0,86400000,e6805702-41ab-426c-a3e6-785ca66ce3c4,2025-03-19 00:00:00.000,
0,62930070,0,0,0,300,0,90,0,62950170,2025-04-14 12:57:06.744,10,2025-03-20 03:09:49.084,0.0,30,30,-1,0,0,0,0,8,0.0,0,0.0,8443d4f6-e7d0-4e30-9938-7889f80b594d.extra_data.json,64Z1605Zgy,0,com.sec.android.app.shealth,0,86400000,8443d4f6-e7d0-4e30-9938-7889f80b594d,2025-03-20 00:00:00.000,
0,62930070,0,0,3017,300,1998960,90,0,62950170,2025-04-17 15:32:48.483,10,2025-03-21 03:13:47.057,0.0,30,30,-1,60000,36,9,0,8,2243.7703,0,143.18001,820631a1-50ce-4cc5-a806-08e2c953f614.extra_data.json,64Z1605Zgy,18000,com.sec.android.app.shealth,1980960,86400000,820631a1-50ce-4cc5-a806-08e2c953f614,2025-03-21 00:00:00.000,
0,62930070,0,0,558,300,372186,90,0,62950170,2025-04-17 15:32:48.221,10,2025-03-22 03:18:21.106,0.0,30,30,-1,40020,6,3,0,8,397.02002,0,26.09,b017e59e-2d79-4fb2-b3e0-ae306bf564a4.extra_data.json,64Z1605Zgy,0,com.sec.android.app.shealth,372186,86400000,b017e59e-2d79-4fb2-b3e0-ae306bf564a4,2025-03-22 00:00:00.000,
0,62930070,0,0,2176,300,1434549,90,0,62950170,2025-04-17 15:32:47.973,10,2025-03-23 03:23:40.782,0.0,30,30,-1,60000,25,7,0,8,1585.8899,0,100.84999,48e346e2-c946-474e-a679-90324c54db76.extra_data.json,64Z1605Zgy,9200,com.sec.android.app.shealth,1425349,86400000,48e346e2-c946-474e-a679-90324c54db76,2025-03-23 00:00:00.000,
0,62930070,0,0,0,300,0,90,0,62950170,2025-04-20 07:26:52.261,10,2025-03-24 03:28:26.983,0.0,30,30,-1,0,0,0,0,8,0.0,0,0.0,4f3379ad-065b-45e7-b0d2-05598da624a3.extra_data.json,64Z1605Zgy,0,com.sec.android.app.shealth,0,86400000,4f3379ad-065b-45e7-b0d2-05598da624a3,2025-03-24 00:00:00.000,
0,62930070,0,0,0,300,0,90,0,62950170,2025-04-25 18:15:50.996,10,2025-03-29 10:11:38.881,0.0,30,30,-1,0,0,0,0,8,0.0,0,0.0,b77e5cb5-ace8-4115-b99b-2c9ea0e5a2eb.extra_data.json,64Z1605Zgy,0,com.sec.android.app.shealth,0,86400000,b77e5cb5-ace8-4115-b99b-2c9ea0e5a2eb,2025-03-29 00:00:00.000,
0,62930070,0,0,0,300,0,90,0,62950170,2025-04-24 20:08:44.335,10,2025-03-29 10:11:46.819,0.0,30,30,-1,0,0,0,0,8,0.0,0,0.0,dec5186a-e4b5-4af7-9535-181945357e7c.extra_data.json,64Z1605Zgy,0,com.sec.android.app.shealth,0,86400000,dec5186a-e4b5-4af7-9535-181945357e7c,2025-03-28 00:00:00.000,
0,62930070,0,0,0,300,0,90,0,62950170,2025-04-22 14:59:19.429,10,2025-03-29 10:11:49.553,0.0,30,30,-1,0,0,0,0,8,0.0,0,0.0,1058c130-2f17-47ce-a5c2-d1338e1d1574.extra_data.json,64Z1605Zgy,0,com.sec.android.app.shealth,0,86400000,1058c130-2f17-47ce-a5c2-d1338e1d1574,2025-03-27 00:00:00.000,
0,62930070,0,0,0,300,0,90,0,62950170,2025-04-22 14:59:20.557,10,2025-03-29 10:11:52.413,0.0,30,30,-1,0,0,0,0,8,0.0,0,0.0,a4e8b8b3-8ee3-408f-8de1-20dd41971f6e.extra_data.json,64Z1605Zgy,0,com.sec.android.app.shealth,0,86400000,a4e8b8b3-8ee3-408f-8de1-20dd41971f6e,2025-03-26 00:00:00.000,
0,62930070,0,0,0,300,0,90,0,62950170,2025-04-20 07:26:51.679,10,2025-03-29 10:11:53.929,0.0,30,30,-1,0,0,0,0,8,0.0,0,0.0,c50eb2cc-30aa-4d8f-8d6b-dd264ef78aef.extra_data.json,64Z1605Zgy,0,com.sec.android.app.shealth,0,86400000,c50eb2cc-30aa-4d8f-8d6b-dd264ef78aef,2025-03-25 00:00:00.000,
0,62930070,0,0,0,300,0,90,0,62950170,2025-05-04 06:55:06.134,10,2025-04-07 07:00:30.167,0.0,30,30,-1,0,0,0,0,8,0.0,0,0.0,2bc770f6-6784-45f5-8f65-587a4dbe9cbb.extra_data.json,64Z1605Zgy,0,com.sec.android.app.shealth,0,86400000,2bc770f6-6784-45f5-8f65-587a4dbe9cbb,2025-04-07 00:00:00.000,
0,62930070,0,0,0,300,0,90,0,62950170,2025-04-29 16:12:39.540,10,2025-04-07 07:00:38.633,0.0,30,30,-1,0,0,0,0,8,0.0,0,0.0,85c3cc83-2c9a-4794-af76-ebdd6798a919.extra_data.json,64Z1605Zgy,0,com.sec.android.app.shealth,0,86400000,85c3cc83-2c9a-4794-af76-ebdd6798a919,2025-04-06 00:00:00.000,
0,62930070,0,0,0,300,0,90,0,62950170,2025-04-29 16:12:39.931,10,2025-04-07 07:00:42.204,0.0,30,30,-1,0,0,0,0,8,0.0,0,0.0,39cd5226-924a-492c-84eb-681493806ac7.extra_data.json,64Z1605Zgy,0,com.sec.android.app.shealth,0,86400000,39cd5226-924a-492c-84eb-681493806ac7,2025-04-05 00:00:00.000,
0,62930070,0,0,0,300,0,90,0,62950170,2025-04-29 16:12:40.154,10,2025-04-07 07:00:43.037,0.0,30,30,-1,0,0,0,0,8,0.0,0,0.0,89bcc220-3a92-41ae-b14e-3a5ba4fd0acc.extra_data.json,64Z1605Zgy,0,com.sec.android.app.shealth,0,86400000,89bcc220-3a92-41ae-b14e-3a5ba4fd0acc,2025-04-04 00:00:00.000,
0,62930070,0,0,0,300,0,90,0,62950170,2025-04-29 16:12:40.329,10,2025-04-07 07:00:43.935,0.0,30,30,-1,0,0,0,0,8,0.0,0,0.0,d252cd7e-c1c7-4e42-88e1-324ec9a144c6.extra_data.json,64Z1605Zgy,0,com.sec.android.app.shealth,0,86400000,d252cd7e-c1c7-4e42-88e1-324ec9a144c6,2025-04-03 00:00:00.000,
0,62930070,0,0,0,300,0,90,0,62950170,2025-04-29 16:12:40.445,10,2025-04-07 07:00:44.461,0.0,30,30,-1,0,0,0,0,8,0.0,0,0.0,5621284b-6602-4c7c-9b6b-977efd730cc2.extra_data.json,64Z1605Zgy,0,com.sec.android.app.shealth,0,86400000,5621284b-6602-4c7c-9b6b-977efd730cc2,2025-04-02 00:00:00.000,
0,62930070,0,0,0,300,0,90,0,62950170,2025-04-28 18:44:34.003,10,2025-04-07 07:00:45.132,0.0,30,30,-1,0,0,0,0,8,0.0,0,0.0,23b071e5-519f-4024-812c-def44a0f4717.extra_data.json,64Z1605Zgy,0,com.sec.android.app.shealth,0,86400000,23b071e5-519f-4024-812c-def44a0f4717,2025-04-01 00:00:00.000,
0,62930070,0,0,0,300,0,90,0,62950170,2025-04-27 18:48:58.107,10,2025-04-07 07:00:46.577,0.0,30,30,-1,0,0,0,0,8,0.0,0,0.0,d65ad90d-ff56-4803-899b-a84d0c12fe14.extra_data.json,64Z1605Zgy,0,com.sec.android.app.shealth,0,86400000,d65ad90d-ff56-4803-899b-a84d0c12fe14,2025-03-31 00:00:00.000,
0,62930070,0,0,0,300,0,90,0,62950170,2025-04-25 18:15:50.901,10,2025-04-07 07:00:48.027,0.0,30,30,-1,0,0,0,0,8,0.0,0,0.0,684fec7a-7a3b-4bcf-bc02-529e3130d9cd.extra_data.json,64Z1605Zgy,0,com.sec.android.app.shealth,0,86400000,684fec7a-7a3b-4bcf-bc02-529e3130d9cd,2025-03-30 00:00:00.000,
0,62950170,0,0,0,300,0,90,0,62950170,2025-05-04 06:55:05.580,10,2025-04-07 22:00:01.647,0.0,30,30,-1,0,0,0,0,8,0.0,0,0.0,c0b66f0b-2143-4c87-9344-aebd7fb09afe.extra_data.json,64Z1605Zgy,0,com.sec.android.app.shealth,0,86400000,c0b66f0b-2143-4c87-9344-aebd7fb09afe,2025-04-08 00:00:00.000,
0,62950170,0,0,0,300,0,90,0,62950170,2025-05-06 11:43:18.762,10,2025-04-08 22:00:01.751,0.0,30,30,-1,0,0,0,0,8,0.0,0,0.0,5b0f82b9-e3bc-482f-a112-a535d88d4de2.extra_data.json,64Z1605Zgy,0,com.sec.android.app.shealth,0,86400000,5b0f82b9-e3bc-482f-a112-a535d88d4de2,2025-04-09 00:00:00.000,
0,62950170,0,0,0,300,0,90,0,62950170,2025-05-06 11:43:17.969,10,2025-04-14 12:56:55.947,0.0,30,30,-1,0,0,0,0,8,0.0,0,0.0,a85b77ee-0c1a-45c4-8f66-d73f6bf8eb74.extra_data.json,64Z1605Zgy,0,com.sec.android.app.shealth,0,86400000,a85b77ee-0c1a-45c4-8f66-d73f6bf8eb74,2025-04-14 00:00:00.000,
0,62950170,0,0,52,300,34684,90,0,62950170,2025-05-06 11:43:18.097,10,2025-04-14 12:56:57.269,0.0,30,30,-1,18009,0,2,0,8,38.22,0,2.58,ecbff07b-538f-4683-87d7-6b8e53bdb459.extra_data.json,64Z1605Zgy,0,com.sec.android.app.shealth,34684,86400000,ecbff07b-538f-4683-87d7-6b8e53bdb459,2025-04-13 00:00:00.000,
0,62950170,0,0,0,300,0,90,0,62950170,2025-05-06 11:43:18.256,10,2025-04-14 12:56:57.419,0.0,30,30,-1,0,0,0,0,8,0.0,0,0.0,6f08c753-0441-4c56-b16b-7f3bff56695f.extra_data.json,64Z1605Zgy,0,com.sec.android.app.shealth,0,86400000,6f08c753-0441-4c56-b16b-7f3bff56695f,2025-04-12 00:00:00.000,
0,62950170,0,0,0,300,0,90,0,62950170,2025-05-06 11:43:18.397,10,2025-04-14 12:56:57.556,0.0,30,30,-1,0,0,0,0,8,0.0,0,0.0,02ded8e4-3372-4354-b44b-db5882d81d5b.extra_data.json,64Z1605Zgy,0,com.sec.android.app.shealth,0,86400000,02ded8e4-3372-4354-b44b-db5882d81d5b,2025-04-11 00:00:00.000,
0,62950170,0,0,0,300,0,90,0,62950170,2025-05-06 11:43:18.590,10,2025-04-14 12:56:57.667,0.0,30,30,-1,0,0,0,0,8,0.0,0,0.0,d2384316-9699-46e4-acc2-dc1e10624eb2.extra_data.json,64Z1605Zgy,0,com.sec.android.app.shealth,0,86400000,d2384316-9699-46e4-acc2-dc1e10624eb2,2025-04-10 00:00:00.000,
0,62950170,0,0,0,300,0,90,0,62950170,2025-05-06 11:43:17.806,10,2025-04-14 22:00:01.365,0.0,30,30,-1,0,0,0,0,8,0.0,0,0.0,13fdfcb7-dc4d-493a-a2e3-f30a8d26369f.extra_data.json,64Z1605Zgy,0,com.sec.android.app.shealth,0,86400000,13fdfcb7-dc4d-493a-a2e3-f30a8d26369f,2025-04-15 00:00:00.000,
0,62950170,0,0,0,300,0,90,0,62950170,2025-05-06 11:43:17.573,10,2025-04-17 15:32:42.554,0.0,30,30,-1,0,0,0,0,8,0.0,0,0.0,0647b618-92d3-426d-aa35-caf96bcc4dee.extra_data.json,64Z1605Zgy,0,com.sec.android.app.shealth,0,86400000,0647b618-92d3-426d-aa35-caf96bcc4dee,2025-04-17 00:00:00.000,
0,62950170,0,0,0,300,0,90,0,62950170,2025-05-06 11:43:17.702,10,2025-04-17 15:32:43.319,0.0,30,30,-1,0,0,0,0,8,0.0,0,0.0,871c7729-7dda-4238-bf22-32a6bdbfd9b0.extra_data.json,64Z1605Zgy,0,com.sec.android.app.shealth,0,86400000,871c7729-7dda-4238-bf22-32a6bdbfd9b0,2025-04-16 00:00:00.000,
0,62950170,0,0,0,300,0,90,0,62950170,2025-05-06 11:43:17.194,10,2025-04-20 07:26:24.335,0.0,30,30,-1,0,0,0,0,8,0.0,0,0.0,d8f28146-6ca4-4318-a63b-8b1bde968aa1.extra_data.json,64Z1605Zgy,0,com.sec.android.app.shealth,0,86400000,d8f28146-6ca4-4318-a63b-8b1bde968aa1,2025-04-20 00:00:00.000,
0,62950170,0,0,0,300,0,90,0,62950170,2025-05-06 11:43:17.334,10,2025-04-20 07:26:27.309,0.0,30,30,-1,0,0,0,0,8,0.0,0,0.0,05ce64ce-4a6d-439d-b987-8b6f556b23ff.extra_data.json,64Z1605Zgy,0,com.sec.android.app.shealth,0,86400000,05ce64ce-4a6d-439d-b987-8b6f556b23ff,2025-04-19 00:00:00.000,
0,62950170,0,0,0,300,0,90,0,62950170,2025-05-06 11:43:17.453,10,2025-04-20 07:26:28.546,0.0,30,30,-1,0,0,0,0,8,0.0,0,0.0,cf528f6a-a7d9-4268-864f-1175e36bf5fc.extra_data.json,64Z1605Zgy,0,com.sec.android.app.shealth,0,86400000,cf528f6a-a7d9-4268-864f-1175e36bf5fc,2025-04-18 00:00:00.000,
0,62950170,0,0,33,300,22011,90,0,62950170,2025-05-06 11:43:16.910,10,2025-04-22 14:38:46.575,0.0,30,30,-1,12673,0,1,0,8,24.77396,0,1.4772424,17766111-475f-4423-8ca7-037b9b6e85d6.extra_data.json,64Z1605Zgy,0,com.sec.android.app.shealth,22011,86400000,17766111-475f-4423-8ca7-037b9b6e85d6,2025-04-22 00:00:00.000,
0,62950170,0,0,0,300,0,90,0,62950170,2025-05-06 11:43:17.037,10,2025-04-22 14:38:53.887,0.0,30,30,-1,0,0,0,0,8,0.0,0,0.0,3fde5566-1765-4106-9356-8ac54d73a92f.extra_data.json,64Z1605Zgy,0,com.sec.android.app.shealth,0,86400000,3fde5566-1765-4106-9356-8ac54d73a92f,2025-04-21 00:00:00.000,
0,62950170,0,0,5143,300,3224922,90,0,62950170,2025-05-06 11:43:16.570,10,2025-04-24 16:37:57.100,0.0,30,30,-1,300000,58,9,0,8,3812.9211,0,220.93002,f8adcb32-d278-4320-968c-b5c78ac5c779.extra_data.json,64Z1605Zgy,0,com.sec.android.app.shealth,3224922,86400000,f8adcb32-d278-4320-968c-b5c78ac5c779,2025-04-24 00:00:00.000,
0,62950170,0,0,0,300,0,90,0,62950170,2025-05-06 11:43:16.782,10,2025-04-24 16:38:08.702,0.0,30,30,-1,0,0,0,0,8,0.0,0,0.0,a9fc11ce-fc81-4aa2-b58e-b33c47843f3c.extra_data.json,64Z1605Zgy,0,com.sec.android.app.shealth,0,86400000,a9fc11ce-fc81-4aa2-b58e-b33c47843f3c,2025-04-23 00:00:00.000,
0,62950170,0,3783000,11193,300,7112185,90,0,62950170,2025-05-06 11:43:16.291,10,2025-04-25 05:40:48.580,0.0,30,30,-1,1444540,131,10,0,8,8372.39,2040000,642.25073,7d989591-1b4b-4fd8-bd8b-0faa8e204ff7.extra_data.json,64Z1605Zgy,10510,com.sec.android.app.shealth,7101675,86400000,7d989591-1b4b-4fd8-bd8b-0faa8e204ff7,2025-04-25 00:00:00.000,
0,62950170,0,0,4261,300,2806986,90,0,62950170,2025-05-06 11:43:15.517,10,2025-04-27 11:34:43.608,0.0,30,30,-1,120000,51,11,0,8,3088.8887,0,193.52379,8375a0a7-fc7b-41f2-b929-a474a41c8b3c.extra_data.json,64Z1605Zgy,400,com.sec.android.app.shealth,2806586,86400000,8375a0a7-fc7b-41f2-b929-a474a41c8b3c,2025-04-27 00:00:00.000,
0,62950170,0,2146000,7903,300,4973942,90,0,62950170,2025-05-06 11:43:15.817,10,2025-04-27 11:34:53.944,0.0,30,30,-1,1154206,91,10,0,8,5895.289,1740000,458.19458,a8f2637e-6c75-416c-8642-59ec13815f1a.extra_data.json,64Z1605Zgy,3600,com.sec.android.app.shealth,4970342,86400000,a8f2637e-6c75-416c-8642-59ec13815f1a,2025-04-26 00:00:00.000,
0,62950170,0,3792000,7885,300,5144697,90,0,62950170,2025-05-06 11:43:15.241,10,2025-04-28 13:22:45.922,0.0,30,30,-1,999475,94,7,0,8,5906.021,240000,488.14633,3cf29493-9ecf-4eb1-87fc-e94c2ee27861.extra_data.json,64Z1605Zgy,25,com.sec.android.app.shealth,5144672,86400000,3cf29493-9ecf-4eb1-87fc-e94c2ee27861,2025-04-28 00:00:00.000,
0,62950170,0,3026000,8044,300,4892575,90,0,62950170,2025-05-06 11:43:14.899,10,2025-04-28 22:56:31.884,0.0,30,30,-1,2194178,90,5,0,8,6037.5005,1740000,446.396,5bd05925-da86-479f-b4c3-797010763dd7.extra_data.json,64Z1605Zgy,0,com.sec.android.app.shealth,4892575,86400000,5bd05925-da86-479f-b4c3-797010763dd7,2025-04-29 00:00:00.000,
0,62950170,0,3021000,8460,300,5144227,90,0,62950170,2025-05-06 11:43:14.574,10,2025-04-30 01:19:27.843,0.0,30,30,-1,1310325,94,10,0,8,6351.5786,180000,471.1611,1d571e44-9b1d-4be4-a26c-2c744cc77e3d.extra_data.json,64Z1605Zgy,4800,com.sec.android.app.shealth,5139427,86400000,1d571e44-9b1d-4be4-a26c-2c744cc77e3d,2025-04-30 00:00:00.000,
0,62950170,0,0,0,300,0,90,0,62950170,2025-05-06 11:43:13.286,10,2025-05-04 06:53:49.453,0.0,30,30,-1,0,0,0,0,8,0.0,0,0.0,af6b713f-0455-4578-bdf8-b947a897f66f.extra_data.json,64Z1605Zgy,0,com.sec.android.app.shealth,0,86400000,af6b713f-0455-4578-bdf8-b947a897f66f,2025-05-04 00:00:00.000,
0,62950170,0,0,4041,300,2603311,90,0,62950170,2025-05-06 11:43:13.516,10,2025-05-04 06:53:55.026,0.0,30,30,-1,240000,47,10,0,8,2949.99,0,177.33997,0e0bf7b8-17ce-4b10-b822-3dc1295714f7.extra_data.json,64Z1605Zgy,1119,com.sec.android.app.shealth,2602192,86400000,0e0bf7b8-17ce-4b10-b822-3dc1295714f7,2025-05-03 00:00:00.000,
0,62950170,0,0,3824,300,2525989,90,0,62950170,2025-05-06 11:43:13.802,10,2025-05-04 06:53:56.379,0.0,30,30,-1,120000,45,10,0,8,2788.09,0,174.01999,4365ab3d-21df-4dd1-8541-b9dc9a21df52.extra_data.json,64Z1605Zgy,26800,com.sec.android.app.shealth,2499189,86400000,4365ab3d-21df-4dd1-8541-b9dc9a21df52,2025-05-02 00:00:00.000,
0,62950170,0,4228000,9601,300,6147893,90,0,62950170,2025-05-06 11:43:14.215,10,2025-05-04 06:53:58.128,0.0,30,30,-1,1757036,113,7,0,8,7111.355,1380000,579.0501,e8a4e622-de75-44ee-91bd-2f89d7fdd2cd.extra_data.json,64Z1605Zgy,2000,com.sec.android.app.shealth,6145893,86400000,e8a4e622-de75-44ee-91bd-2f89d7fdd2cd,2025-05-01 00:00:00.000,
0,62950170,0,0,45,300,30015,90,0,62950170,2025-05-07 01:51:09.422,10,2025-05-06 07:58:17.632,0.0,30,30,-1,16675,0,1,0,8,33.14,0,1.95,3caa5699-1fff-44d3-96df-711347f713cd.extra_data.json,64Z1605Zgy,0,com.sec.android.app.shealth,30015,86400000,3caa5699-1fff-44d3-96df-711347f713cd,2025-05-06 00:00:00.000,
0,62950170,0,0,4598,300,3021729,90,0,62950170,2025-05-06 11:43:19.249,10,2025-05-06 07:58:19.545,0.0,30,30,-1,60000,55,14,0,8,3413.9092,0,209.43991,c2c1d6f7-d46a-4f81-9f46-31d705b2cc6b.extra_data.json,64Z1605Zgy,2400,com.sec.android.app.shealth,3019329,86400000,c2c1d6f7-d46a-4f81-9f46-31d705b2cc6b,2025-05-05 00:00:00.000,
0,62950170,0,0,0,300,0,90,0,62950170,2025-05-08 01:55:16.147,10,2025-05-07 01:51:07.088,0.0,30,30,-1,0,0,0,0,8,0.0,0,0.0,cd215419-ac07-4dba-ab81-74a8b18a0208.extra_data.json,64Z1605Zgy,0,com.sec.android.app.shealth,0,86400000,cd215419-ac07-4dba-ab81-74a8b18a0208,2025-05-07 00:00:00.000,
0,62950170,0,0,0,300,0,90,0,62950170,2025-05-09 00:19:48.104,10,2025-05-08 01:55:13.944,0.0,30,30,-1,0,0,0,0,8,0.0,0,0.0,6f391c24-efb9-4076-b32e-066efd1e2e83.extra_data.json,64Z1605Zgy,0,com.sec.android.app.shealth,0,86400000,6f391c24-efb9-4076-b32e-066efd1e2e83,2025-05-08 00:00:00.000,
0,62950170,0,0,0,300,0,90,0,62950170,2025-05-09 12:55:33.748,10,2025-05-09 00:19:46.045,0.0,30,30,-1,0,0,0,0,8,0.0,0,0.0,a720e19a-710c-40d1-a633-11a997fed262.extra_data.json,64Z1605Zgy,0,com.sec.android.app.shealth,0,86400000,a720e19a-710c-40d1-a633-11a997fed262,2025-05-09 00:00:00.000,
0,62950170,0,0,0,300,0,90,0,62950170,2025-05-10 17:47:14.428,10,2025-05-10 17:47:02.994,0.0,30,30,-1,0,0,0,0,8,0.0,0,0.0,7249c549-c16b-4e93-a446-0b8699813d5b.extra_data.json,64Z1605Zgy,0,com.sec.android.app.shealth,0,86400000,7249c549-c16b-4e93-a446-0b8699813d5b,2025-05-10 00:00:00.000,
