com.samsung.shealth.tracker.heart_rate,6295017,3
source,tag_id,com.samsung.health.heart_rate.create_sh_ver,com.samsung.health.heart_rate.heart_beat_count,com.samsung.health.heart_rate.start_time,com.samsung.health.heart_rate.custom,com.samsung.health.heart_rate.binning_data,com.samsung.health.heart_rate.modify_sh_ver,com.samsung.health.heart_rate.update_time,com.samsung.health.heart_rate.create_time,com.samsung.health.heart_rate.client_data_id,com.samsung.health.heart_rate.max,com.samsung.health.heart_rate.min,com.samsung.health.heart_rate.client_data_ver,com.samsung.health.heart_rate.time_offset,com.samsung.health.heart_rate.deviceuuid,com.samsung.health.heart_rate.comment,com.samsung.health.heart_rate.pkg_name,com.samsung.health.heart_rate.end_time,com.samsung.health.heart_rate.datauuid,com.samsung.health.heart_rate.heart_rate
,21312,62670070,1,2024-07-03 08:50:58.525,,,62670070,2024-07-03 08:50:59.546,2024-07-03 08:50:59.546,,,,,UTC+0200,ooOmDJ1LSk,,com.sec.android.app.shealth,2024-07-03 08:50:58.525,852fd3e2-4927-4e46-8d1f-d307a8c32bfa,76.0,
,21312,62670070,1,2024-07-03 09:10:29.313,,,62670070,2024-07-03 09:15:01.133,2024-07-03 09:15:01.133,,,,,UTC+0200,ooOmDJ1LSk,,com.sec.android.app.shealth,2024-07-03 09:10:29.313,ebcfeddf-efce-4c22-97a0-b81de6aa436d,68.0,
,21312,62670070,1,2024-07-03 09:20:29.247,,,62670070,2024-07-03 09:35:01.476,2024-07-03 09:35:01.476,,,,,UTC+0200,ooOmDJ1LSk,,com.sec.android.app.shealth,2024-07-03 09:20:29.247,303a5a3a-56f2-4a78-977b-9530d37a12c5,64.0,
,21312,62670070,1,2024-07-03 09:30:29.247,,,62670070,2024-07-03 09:35:01.479,2024-07-03 09:35:01.479,,,,,UTC+0200,ooOmDJ1LSk,,com.sec.android.app.shealth,2024-07-03 09:30:29.247,fda99400-e385-4a90-a46f-722fd2bf1e40,66.0,
,21312,62670070,1,2024-07-03 09:40:29.300,,,62670070,2024-07-03 09:40:36.565,2024-07-03 09:40:36.565,,,,,UTC+0200,ooOmDJ1LSk,,com.sec.android.app.shealth,2024-07-03 09:40:29.300,f11b4e08-f4b9-4d61-bd2c-5c9f7819c5c9,63.0,
,21312,62650131,1,2024-07-03 10:10:29.317,,,62650131,2024-07-03 10:11:22.860,2024-07-03 10:11:22.860,,,,,UTC+0200,ooOmDJ1LSk,,com.sec.android.app.shealth,2024-07-03 10:10:29.317,638d78ca-35a3-4d34-a6e7-dd8adeac7613,57.0,
,21312,62650131,1,2024-07-03 10:20:29.221,,,62650131,2024-07-03 10:26:56.398,2024-07-03 10:26:56.398,,,,,UTC+0200,ooOmDJ1LSk,,com.sec.android.app.shealth,2024-07-03 10:20:29.221,bb5da661-9b48-485f-9a82-a23c27026517,64.0,
,21312,62650131,1,2024-07-03 10:30:29.238,,,62650131,2024-07-03 10:32:38.215,2024-07-03 10:32:38.215,,,,,UTC+0200,ooOmDJ1LSk,,com.sec.android.app.shealth,2024-07-03 10:30:29.238,2205ddee-50eb-495c-a199-d74b54077c4f,58.0,
,21312,62650131,1,2024-07-03 10:40:30.277,,,62650131,2024-07-03 10:40:52.118,2024-07-03 10:40:52.118,,,,,UTC+0200,ooOmDJ1LSk,,com.sec.android.app.shealth,2024-07-03 10:40:30.277,e2876782-228b-494c-b613-67edb4cbb340,86.0,
,21312,62650131,1,2024-07-03 11:10:29.357,,,62650131,2024-07-03 11:12:14.463,2024-07-03 11:12:14.463,,,,,UTC+0200,ooOmDJ1LSk,,com.sec.android.app.shealth,2024-07-03 11:10:29.357,10d537fd-75d4-4957-a886-150ed6a77c93,71.0,
,21312,62650131,1,2024-07-03 11:20:29.243,,,62650131,2024-07-03 11:21:10.106,2024-07-03 11:21:10.106,,,,,UTC+0200,ooOmDJ1LSk,,com.sec.android.app.shealth,2024-07-03 11:20:29.243,9b079304-00b7-417f-8e7f-a2be94afc75a,74.0,
,21312,62650131,1,2024-07-03 11:30:30.421,,,62650131,2024-07-03 11:31:01.120,2024-07-03 11:31:01.120,,,,,UTC+0200,ooOmDJ1LSk,,com.sec.android.app.shealth,2024-07-03 11:30:30.421,d5ba11c0-84cc-42ea-8462-0d1c2811e107,68.0,
,21312,62650131,1,2024-07-03 11:50:30.982,,,62650131,2024-07-03 11:50:41.148,2024-07-03 11:50:41.148,,,,,UTC+0200,ooOmDJ1LSk,,com.sec.android.app.shealth,2024-07-03 11:50:30.982,c1104160-2e67-47a0-96c7-bc3b31701e56,64.0,
,21312,62650131,1,2024-07-03 12:00:29.260,,,62650131,2024-07-03 12:13:11.686,2024-07-03 12:13:11.686,,,,,UTC+0200,ooOmDJ1LSk,,com.sec.android.app.shealth,2024-07-03 12:00:29.260,1046d30d-d357-4ce0-a29e-eec84c428c9f,69.0,
,21312,62650131,1,2024-07-03 12:10:29.260,,,62650131,2024-07-03 12:13:11.690,2024-07-03 12:13:11.690,,,,,UTC+0200,ooOmDJ1LSk,,com.sec.android.app.shealth,2024-07-03 12:10:29.260,df8914cf-07e7-4223-bbd1-85862ce71403,69.0,
,21312,62650131,1,2024-07-03 12:30:29.263,,,62650131,2024-07-03 12:34:59.456,2024-07-03 12:34:59.456,,,,,UTC+0200,ooOmDJ1LSk,,com.sec.android.app.shealth,2024-07-03 12:30:29.263,6d6411da-82fb-4be1-8c08-82204b96c804,69.0,
,21312,62650131,1,2024-07-03 12:50:29.297,,,62650131,2024-07-03 12:54:33.794,2024-07-03 12:54:33.794,,,,,UTC+0200,ooOmDJ1LSk,,com.sec.android.app.shealth,2024-07-03 12:50:29.297,1c6ae3d3-181c-4a78-9b0e-3ff225d5736f,69.0,
,21312,62650131,1,2024-07-03 12:40:29.297,,,62650131,2024-07-03 12:54:33.794,2024-07-03 12:54:33.794,,,,,UTC+0200,ooOmDJ1LSk,,com.sec.android.app.shealth,2024-07-03 12:40:29.297,4fc0631d-42f8-41b9-b2b1-450e53794a48,69.0,
,21312,62650131,1,2024-07-03 13:10:49.804,,,62650131,2024-07-03 13:11:00.898,2024-07-03 13:11:00.898,,,,,UTC+0200,ooOmDJ1LSk,,com.sec.android.app.shealth,2024-07-03 13:10:49.804,da9fa60d-f44a-4ca1-97b1-8b0ba7f5675b,76.0,
,21312,62650131,1,2024-07-03 13:30:29.254,,,62650131,2024-07-03 13:46:11.687,2024-07-03 13:46:11.687,,,,,UTC+0200,ooOmDJ1LSk,,com.sec.android.app.shealth,2024-07-03 13:30:29.254,3890a580-4379-4e22-be5d-5b827f797e78,68.0,
,21312,62650131,1,2024-07-03 13:40:29.254,,,62650131,2024-07-03 13:46:11.736,2024-07-03 13:46:11.736,,,,,UTC+0200,ooOmDJ1LSk,,com.sec.android.app.shealth,2024-07-03 13:40:29.254,6fa01bde-c92b-4f17-bfa4-82211af8b365,65.0,
,21312,62650131,1,2024-07-03 13:50:29.259,,,62650131,2024-07-03 13:55:00.319,2024-07-03 13:55:00.319,,,,,UTC+0200,ooOmDJ1LSk,,com.sec.android.app.shealth,2024-07-03 13:50:29.259,1a27912e-f20f-4eba-81f6-1cd412ff4170,72.0,
,21312,62650131,1,2024-07-03 14:01:01.955,,,62650131,2024-07-03 14:13:48.140,2024-07-03 14:13:48.140,,,,,UTC+0200,ooOmDJ1LSk,,com.sec.android.app.shealth,2024-07-03 14:01:01.955,49bf46c8-dce6-40f9-b1a4-15f979114452,70.0,
,21312,62650131,1,2024-07-03 14:11:01.955,,,62650131,2024-07-03 14:13:48.303,2024-07-03 14:13:48.303,,,,,UTC+0200,ooOmDJ1LSk,,com.sec.android.app.shealth,2024-07-03 14:11:01.955,35dbc91a-f0c5-463a-8884-cd85e442912e,78.0,
,21312,62650131,1,2024-07-03 14:20:43.494,,,62650131,2024-07-03 14:21:20.111,2024-07-03 14:21:20.111,,,,,UTC+0200,ooOmDJ1LSk,,com.sec.android.app.shealth,2024-07-03 14:20:43.494,276990b6-cdfa-46c3-941d-8922adc2e786,62.0,
,21312,62650131,1,2024-07-03 14:30:44.990,,,62650131,2024-07-03 14:32:26.231,2024-07-03 14:32:26.231,,,,,UTC+0200,ooOmDJ1LSk,,com.sec.android.app.shealth,2024-07-03 14:30:44.990,d8dfdd13-7406-4300-a5bc-3064ed2e0ae7,72.0,
,21312,62650131,1,2024-07-03 14:50:30.565,,,62650131,2024-07-03 14:50:51.270,2024-07-03 14:50:51.270,,,,,UTC+0200,ooOmDJ1LSk,,com.sec.android.app.shealth,2024-07-03 14:50:30.565,884283e4-4465-42b9-b729-e5bbb6cb27b1,82.0,
,21312,62650131,1,2024-07-03 15:00:29.356,,,62650131,2024-07-03 15:12:11.618,2024-07-03 15:12:11.618,,,,,UTC+0200,ooOmDJ1LSk,,com.sec.android.app.shealth,2024-07-03 15:00:29.356,366560ba-1894-457c-ba3e-676e9c8a1b52,64.0,
,21312,62650131,1,2024-07-03 15:10:29.356,,,62650131,2024-07-03 15:12:11.673,2024-07-03 15:12:11.673,,,,,UTC+0200,ooOmDJ1LSk,,com.sec.android.app.shealth,2024-07-03 15:10:29.356,8fc4b5fe-38cd-4dd1-b929-7a3057b93319,67.0,
,21312,62650131,1,2024-07-03 15:20:29.385,,,62650131,2024-07-03 15:22:54.393,2024-07-03 15:22:54.393,,,,,UTC+0200,ooOmDJ1LSk,,com.sec.android.app.shealth,2024-07-03 15:20:29.385,7218b092-7305-48c9-8476-563f9ad43af9,64.0,
,21312,62650131,1,2024-07-03 15:30:29.289,,,62650131,2024-07-03 15:34:59.567,2024-07-03 15:34:59.567,,,,,UTC+0200,ooOmDJ1LSk,,com.sec.android.app.shealth,2024-07-03 15:30:29.289,439da30f-a902-4090-ab8f-506483d57cd7,62.0,
,21312,62650131,1,2024-07-03 16:10:29.305,,,62650131,2024-07-03 16:10:51.765,2024-07-03 16:10:51.765,,,,,UTC+0200,ooOmDJ1LSk,,com.sec.android.app.shealth,2024-07-03 16:10:29.305,ad7c80cf-eee0-4a3f-ae93-80f87de58d7a,69.0,
,21312,62650131,1,2024-07-03 16:20:29.352,,,62650131,2024-07-03 16:24:32.310,2024-07-03 16:24:32.310,,,,,UTC+0200,ooOmDJ1LSk,,com.sec.android.app.shealth,2024-07-03 16:20:29.352,bf3e6dc6-da82-497a-9943-ebdaf61bfa50,61.0,
,21312,62650131,1,2024-07-03 16:40:47.623,,,62650131,2024-07-03 16:58:24.491,2024-07-03 16:58:24.491,,,,,UTC+0200,ooOmDJ1LSk,,com.sec.android.app.shealth,2024-07-03 16:40:47.623,5a1e048e-7650-4ce2-9622-199484e3c3e8,71.0,
,21312,62650131,1,2024-07-03 16:50:47.623,,,62650131,2024-07-03 16:58:24.494,2024-07-03 16:58:24.494,,,,,UTC+0200,ooOmDJ1LSk,,com.sec.android.app.shealth,2024-07-03 16:50:47.623,ecf6161c-5a2f-4a15-8f43-f2f496a0f335,71.0,
,21312,62650131,1,2024-07-03 17:00:29.241,,,62650131,2024-07-03 17:04:39.134,2024-07-03 17:04:39.134,,,,,UTC+0200,ooOmDJ1LSk,,com.sec.android.app.shealth,2024-07-03 17:00:29.241,53c80474-ca6b-4a87-9905-6e821be1c371,75.0,
,21312,62650131,1,2024-07-03 17:12:45.572,,,62650131,2024-07-03 17:13:18.114,2024-07-03 17:13:18.114,,,,,UTC+0200,ooOmDJ1LSk,,com.sec.android.app.shealth,2024-07-03 17:12:45.572,b3eef724-3509-4007-9418-03a4fc6d29b9,74.0,
,21312,62650131,1,2024-07-03 17:20:29.304,,,62650131,2024-07-03 17:24:10.672,2024-07-03 17:24:10.672,,,,,UTC+0200,ooOmDJ1LSk,,com.sec.android.app.shealth,2024-07-03 17:20:29.304,e8ac171d-42cc-45fd-92fb-07e498882a15,82.0,
,21312,62650131,1,2024-07-03 17:30:29.291,,,62650131,2024-07-03 17:35:00.168,2024-07-03 17:35:00.168,,,,,UTC+0200,ooOmDJ1LSk,,com.sec.android.app.shealth,2024-07-03 17:30:29.291,0260897f-2b0c-4981-82f3-9d91b4158b21,70.0,
,21312,62650131,1,2024-07-03 17:40:29.305,,,62650131,2024-07-03 17:53:07.280,2024-07-03 17:53:07.280,,,,,UTC+0200,ooOmDJ1LSk,,com.sec.android.app.shealth,2024-07-03 17:40:29.305,f61a6bd1-9149-42a4-8dbb-20a99b8c07a8,83.0,
,21312,62650131,1,2024-07-03 17:50:29.305,,,62650131,2024-07-03 17:53:07.313,2024-07-03 17:53:07.313,,,,,UTC+0200,ooOmDJ1LSk,,com.sec.android.app.shealth,2024-07-03 17:50:29.305,ec9e708d-0c1e-44a7-a040-11760723d317,66.0,
,21312,62650131,1,2024-07-03 18:00:29.373,,,62650131,2024-07-03 18:14:59.424,2024-07-03 18:14:59.424,,,,,UTC+0200,ooOmDJ1LSk,,com.sec.android.app.shealth,2024-07-03 18:00:29.373,862f4120-3b0e-4387-81a8-9066ab7a1310,67.0,
,21312,62650131,1,2024-07-03 18:10:29.373,,,62650131,2024-07-03 18:14:59.429,2024-07-03 18:14:59.429,,,,,UTC+0200,ooOmDJ1LSk,,com.sec.android.app.shealth,2024-07-03 18:10:29.373,3797a8ea-dfc0-469c-b530-34b02707ead3,72.0,
,21312,62650131,1,2024-07-03 18:20:29.333,,,62650131,2024-07-03 18:22:10.786,2024-07-03 18:22:10.786,,,,,UTC+0200,ooOmDJ1LSk,,com.sec.android.app.shealth,2024-07-03 18:20:29.333,46a71c00-82b7-4457-ae7f-324c30ef8c34,72.0,
,21312,62650131,1,2024-07-03 18:30:29.262,,,62650131,2024-07-03 18:34:59.073,2024-07-03 18:34:59.073,,,,,UTC+0200,ooOmDJ1LSk,,com.sec.android.app.shealth,2024-07-03 18:30:29.262,e77d26c3-0fd7-4757-9e13-69de0e502ff8,76.0,
,21312,62650131,1,2024-07-03 18:50:29.275,,,62650131,2024-07-03 18:55:01.051,2024-07-03 18:55:01.051,,,,,UTC+0200,ooOmDJ1LSk,,com.sec.android.app.shealth,2024-07-03 18:50:29.275,89290bbf-80b3-4128-97f0-c6065e1ef086,86.0,
,21312,62650131,1,2024-07-03 18:40:29.275,,,62650131,2024-07-03 18:55:01.054,2024-07-03 18:55:01.054,,,,,UTC+0200,ooOmDJ1LSk,,com.sec.android.app.shealth,2024-07-03 18:40:29.275,c967125d-e9bb-47fe-92d6-ca60f24b53be,69.0,
,21312,62650131,1,2024-07-03 19:00:29.278,,,62650131,2024-07-03 19:15:00.938,2024-07-03 19:15:00.938,,,,,UTC+0200,ooOmDJ1LSk,,com.sec.android.app.shealth,2024-07-03 19:00:29.278,aeb9771c-6b2f-443c-8797-e13eafa9856b,71.0,
,21312,62650131,1,2024-07-03 19:10:29.278,,,62650131,2024-07-03 19:15:00.943,2024-07-03 19:15:00.943,,,,,UTC+0200,ooOmDJ1LSk,,com.sec.android.app.shealth,2024-07-03 19:10:29.278,086488c4-ba58-48db-ad83-066fe0db7af9,70.0,
,21312,62650131,1,2024-07-03 19:20:29.300,,,62650131,2024-07-03 19:20:30.839,2024-07-03 19:20:30.839,,,,,UTC+0200,ooOmDJ1LSk,,com.sec.android.app.shealth,2024-07-03 19:20:29.300,d72be96d-cb7c-4086-ad9a-391f0cfd1a69,80.0,
,21312,62670031,1,2024-07-03 21:40:29.382,,,62670031,2024-07-03 21:54:59.309,2024-07-03 21:54:59.309,,,,,UTC+0200,ooOmDJ1LSk,,com.sec.android.app.shealth,2024-07-03 21:40:29.382,58ed7ea6-8a0a-4870-bb68-c75b2be72383,63.0,
,21312,62670031,1,2024-07-03 21:50:29.382,,,62670031,2024-07-03 21:54:59.319,2024-07-03 21:54:59.319,,,,,UTC+0200,ooOmDJ1LSk,,com.sec.android.app.shealth,2024-07-03 21:50:29.382,97dc32c2-67f4-4476-b95e-38c3a4f5ac76,64.0,
,21312,62670031,1,2024-07-03 22:00:29.306,,,62670031,2024-07-03 22:14:59.312,2024-07-03 22:14:59.312,,,,,UTC+0200,ooOmDJ1LSk,,com.sec.android.app.shealth,2024-07-03 22:00:29.306,518a8340-3865-4107-ba17-2022d65ba5ed,59.0,
,21312,62670031,1,2024-07-03 22:10:29.306,,,62670031,2024-07-03 22:14:59.318,2024-07-03 22:14:59.318,,,,,UTC+0200,ooOmDJ1LSk,,com.sec.android.app.shealth,2024-07-03 22:10:29.306,19f4917a-944c-4784-8ccc-1769abf6dfed,65.0,
,21312,62670031,1,2024-07-03 22:20:29.374,,,62670031,2024-07-03 22:35:00.048,2024-07-03 22:35:00.048,,,,,UTC+0200,ooOmDJ1LSk,,com.sec.android.app.shealth,2024-07-03 22:20:29.374,e48d5ac9-aba0-48f7-9c9d-6359389d8c48,62.0,
,21312,62670031,1,2024-07-03 22:30:29.374,,,62670031,2024-07-03 22:35:00.055,2024-07-03 22:35:00.055,,,,,UTC+0200,ooOmDJ1LSk,,com.sec.android.app.shealth,2024-07-03 22:30:29.374,3504127a-0c3f-470f-9bfe-b773439fe7f3,70.0,
,21312,62670031,1,2024-07-03 22:40:59.614,,,62670031,2024-07-03 22:54:59.350,2024-07-03 22:54:59.350,,,,,UTC+0200,ooOmDJ1LSk,,com.sec.android.app.shealth,2024-07-03 22:40:59.614,002e9d84-4fd1-4728-8820-7a80cd94a70a,61.0,
,21312,62670031,1,2024-07-03 22:50:59.614,,,62670031,2024-07-03 22:54:59.358,2024-07-03 22:54:59.358,,,,,UTC+0200,ooOmDJ1LSk,,com.sec.android.app.shealth,2024-07-03 22:50:59.614,85402c39-8324-442f-bb80-c4a32266fd6c,63.0,
,21312,62670031,1,2024-07-03 23:00:29.306,,,62670031,2024-07-03 23:09:19.812,2024-07-03 23:09:19.812,,,,,UTC+0200,ooOmDJ1LSk,,com.sec.android.app.shealth,2024-07-03 23:00:29.306,49e90265-9089-4312-a8d6-75f4322d6239,67.0,
,21312,62670031,1,2024-07-03 23:20:29.364,,,62670031,2024-07-03 23:35:00.054,2024-07-03 23:35:00.054,,,,,UTC+0200,ooOmDJ1LSk,,com.sec.android.app.shealth,2024-07-03 23:20:29.364,b7ceb33a-1c45-4fe8-bb70-f5aedf124592,65.0,
,21312,62670031,1,2024-07-03 23:30:29.364,,,62670031,2024-07-03 23:35:00.063,2024-07-03 23:35:00.063,,,,,UTC+0200,ooOmDJ1LSk,,com.sec.android.app.shealth,2024-07-03 23:30:29.364,564fefdc-8121-40a7-b6ef-4ac8a3a52d2b,62.0,
,21312,62670031,1,2024-07-03 23:40:29.273,,,62670031,2024-07-03 23:55:00.310,2024-07-03 23:55:00.310,,,,,UTC+0200,ooOmDJ1LSk,,com.sec.android.app.shealth,2024-07-03 23:40:29.273,b29b5a7f-0e77-4bee-bfaa-965342ce4492,62.0,
,21312,62670031,1,2024-07-03 23:50:29.273,,,62670031,2024-07-03 23:55:00.315,2024-07-03 23:55:00.315,,,,,UTC+0200,ooOmDJ1LSk,,com.sec.android.app.shealth,2024-07-03 23:50:29.273,8d457698-3010-4310-b3ad-af07955f91b8,66.0,
,21312,62670031,1,2024-07-04 00:00:29.335,,,62670031,2024-07-04 00:14:59.198,2024-07-04 00:14:59.198,,,,,UTC+0200,ooOmDJ1LSk,,com.sec.android.app.shealth,2024-07-04 00:00:29.335,cee757b4-4d72-41cb-9bc2-10a72abdc4da,61.0,
,21312,62670031,1,2024-07-04 00:10:29.335,,,62670031,2024-07-04 00:14:59.213,2024-07-04 00:14:59.213,,,,,UTC+0200,ooOmDJ1LSk,,com.sec.android.app.shealth,2024-07-04 00:10:29.335,ec791ed1-a722-4f8a-ad2c-be1afe8efce4,60.0,
,21312,62670031,1,2024-07-04 00:20:29.316,,,62670031,2024-07-04 00:34:59.369,2024-07-04 00:34:59.369,,,,,UTC+0200,ooOmDJ1LSk,,com.sec.android.app.shealth,2024-07-04 00:20:29.316,8c4df3dc-a432-44ad-9eeb-2ed94f841dff,58.0,
,21312,62670031,1,2024-07-04 00:30:29.316,,,62670031,2024-07-04 00:34:59.393,2024-07-04 00:34:59.393,,,,,UTC+0200,ooOmDJ1LSk,,com.sec.android.app.shealth,2024-07-04 00:30:29.316,b19910a1-fa5e-4b09-b3ce-ddda0df71e4f,62.0,
,21312,62670031,1,2024-07-04 00:40:29.363,,,62670031,2024-07-04 00:55:00.290,2024-07-04 00:55:00.290,,,,,UTC+0200,ooOmDJ1LSk,,com.sec.android.app.shealth,2024-07-04 00:40:29.363,e1a7931d-0cf6-40f2-8103-13e081247e0e,62.0,
,21312,62670031,1,2024-07-04 00:50:29.363,,,62670031,2024-07-04 00:55:00.298,2024-07-04 00:55:00.298,,,,,UTC+0200,ooOmDJ1LSk,,com.sec.android.app.shealth,2024-07-04 00:50:29.363,3df35ea6-d7b6-4cb9-a197-6a281cdfbf95,58.0,
,21312,62670031,1,2024-07-04 01:00:29.373,,,62670031,2024-07-04 01:09:25.157,2024-07-04 01:09:25.157,,,,,UTC+0200,ooOmDJ1LSk,,com.sec.android.app.shealth,2024-07-04 01:00:29.373,74b178e4-36d8-4541-b1f1-239620ab07e8,57.0,
,21312,62670031,1,2024-07-04 01:10:38.811,,,62670031,2024-07-04 01:15:00.045,2024-07-04 01:15:00.045,,,,,UTC+0200,ooOmDJ1LSk,,com.sec.android.app.shealth,2024-07-04 01:10:38.811,8737de90-2ed1-46d4-86a0-6af5016edadc,58.0,
,21312,62670031,1,2024-07-04 01:20:29.356,,,62670031,2024-07-04 01:35:00.046,2024-07-04 01:35:00.046,,,,,UTC+0200,ooOmDJ1LSk,,com.sec.android.app.shealth,2024-07-04 01:20:29.356,e2c8faf1-e39c-4767-9219-a90e62f93c2f,64.0,
,21312,62670031,1,2024-07-04 01:30:29.356,,,62670031,2024-07-04 01:35:00.054,2024-07-04 01:35:00.054,,,,,UTC+0200,ooOmDJ1LSk,,com.sec.android.app.shealth,2024-07-04 01:30:29.356,6d92ce9f-2e8f-45f0-be76-4c01d0d7988d,65.0,
,21312,62670031,1,2024-07-04 01:40:29.335,,,62670031,2024-07-04 01:55:00.042,2024-07-04 01:55:00.042,,,,,UTC+0200,ooOmDJ1LSk,,com.sec.android.app.shealth,2024-07-04 01:40:29.335,0bda0ac0-2aa3-46ec-92e7-f5012430d586,69.0,
,21312,62670031,1,2024-07-04 01:50:29.335,,,62670031,2024-07-04 01:55:00.050,2024-07-04 01:55:00.050,,,,,UTC+0200,ooOmDJ1LSk,,com.sec.android.app.shealth,2024-07-04 01:50:29.335,3b30360b-a32c-4014-8754-e3a7bb069902,65.0,
,21312,62670031,1,2024-07-04 02:00:29.335,,,62670031,2024-07-04 02:15:00.437,2024-07-04 02:15:00.437,,,,,UTC+0200,ooOmDJ1LSk,,com.sec.android.app.shealth,2024-07-04 02:00:29.335,36ece2ca-c5c4-4999-bd4e-fbd1a182f5ab,65.0,
,21312,62670031,1,2024-07-04 02:10:29.335,,,62670031,2024-07-04 02:15:00.444,2024-07-04 02:15:00.444,,,,,UTC+0200,ooOmDJ1LSk,,com.sec.android.app.shealth,2024-07-04 02:10:29.335,2dc88509-6a29-4150-a4a2-88da4fd824af,60.0,
,21312,62670031,1,2024-07-04 02:20:29.335,,,62670031,2024-07-04 02:35:00.462,2024-07-04 02:35:00.462,,,,,UTC+0200,ooOmDJ1LSk,,com.sec.android.app.shealth,2024-07-04 02:20:29.335,ffcd24e0-0057-4f4e-be89-266fdfe0068e,64.0,
,21312,62670031,1,2024-07-04 02:30:29.335,,,62670031,2024-07-04 02:35:00.469,2024-07-04 02:35:00.469,,,,,UTC+0200,ooOmDJ1LSk,,com.sec.android.app.shealth,2024-07-04 02:30:29.335,9e11102c-dc4c-43c1-aabf-74fac64b3903,60.0,
,21312,62670031,1,2024-07-04 02:40:29.356,,,62670031,2024-07-04 02:54:59.164,2024-07-04 02:54:59.164,,,,,UTC+0200,ooOmDJ1LSk,,com.sec.android.app.shealth,2024-07-04 02:40:29.356,a30d5408-9aca-46d4-b025-a07c1a11f308,57.0,
,21312,62670031,1,2024-07-04 02:50:29.356,,,62670031,2024-07-04 02:54:59.169,2024-07-04 02:54:59.169,,,,,UTC+0200,ooOmDJ1LSk,,com.sec.android.app.shealth,2024-07-04 02:50:29.356,4e64edf4-bfe0-4b54-9bd8-33ab60e66362,62.0,
,21312,62670031,1,2024-07-04 03:00:20.188,,,62670031,2024-07-04 03:12:49.130,2024-07-04 03:12:49.130,,,,,UTC+0200,ooOmDJ1LSk,,com.sec.android.app.shealth,2024-07-04 03:00:20.188,6b5b25ea-87db-42a3-a9fc-171010af2863,62.0,
,21312,62670031,1,2024-07-04 03:20:29.342,,,62670031,2024-07-04 03:35:00.347,2024-07-04 03:35:00.347,,,,,UTC+0200,ooOmDJ1LSk,,com.sec.android.app.shealth,2024-07-04 03:20:29.342,b3e9b653-69c0-42fc-a78b-3f43cd93b16e,57.0,
,21312,62670031,1,2024-07-04 03:30:29.342,,,62670031,2024-07-04 03:35:00.351,2024-07-04 03:35:00.351,,,,,UTC+0200,ooOmDJ1LSk,,com.sec.android.app.shealth,2024-07-04 03:30:29.342,e9075f3b-331f-401d-b6ee-5b36e2ac5463,56.0,
,21312,62670031,1,2024-07-04 03:40:29.323,,,62670031,2024-07-04 03:55:00.199,2024-07-04 03:55:00.199,,,,,UTC+0200,ooOmDJ1LSk,,com.sec.android.app.shealth,2024-07-04 03:40:29.323,954879ab-8c3c-4508-a71e-459f4605d6af,54.0,
,21312,62670031,1,2024-07-04 03:50:29.323,,,62670031,2024-07-04 03:55:00.204,2024-07-04 03:55:00.204,,,,,UTC+0200,ooOmDJ1LSk,,com.sec.android.app.shealth,2024-07-04 03:50:29.323,77ffa191-955e-4a74-91c0-c0ac35c4f7d3,54.0,
,21312,62670031,1,2024-07-04 04:00:29.311,,,62670031,2024-07-04 04:15:00.045,2024-07-04 04:15:00.045,,,,,UTC+0200,ooOmDJ1LSk,,com.sec.android.app.shealth,2024-07-04 04:00:29.311,2eeebcb4-9b55-4951-bab3-6d2bee9784cb,55.0,
,21312,62670031,1,2024-07-04 04:10:29.311,,,62670031,2024-07-04 04:15:00.050,2024-07-04 04:15:00.050,,,,,UTC+0200,ooOmDJ1LSk,,com.sec.android.app.shealth,2024-07-04 04:10:29.311,198be32b-5170-4a1a-b0c0-ef76250b7354,53.0,
,21312,62670031,1,2024-07-04 04:20:29.359,,,62670031,2024-07-04 04:35:00.050,2024-07-04 04:35:00.050,,,,,UTC+0200,ooOmDJ1LSk,,com.sec.android.app.shealth,2024-07-04 04:20:29.359,be7e7f1c-3354-4400-94e3-8b070d863a14,56.0,
,21312,62670031,1,2024-07-04 04:30:29.359,,,62670031,2024-07-04 04:35:00.059,2024-07-04 04:35:00.059,,,,,UTC+0200,ooOmDJ1LSk,,com.sec.android.app.shealth,2024-07-04 04:30:29.359,eee1a04c-621f-4adf-a59c-0d06ec1a0623,55.0,
,21312,62670031,1,2024-07-04 04:40:29.356,,,62670031,2024-07-04 04:55:01.046,2024-07-04 04:55:01.046,,,,,UTC+0200,ooOmDJ1LSk,,com.sec.android.app.shealth,2024-07-04 04:40:29.356,78516d9d-48a5-4458-97bc-5603bb8ce3cb,57.0,
,21312,62670031,1,2024-07-04 04:50:29.356,,,62670031,2024-07-04 04:55:01.055,2024-07-04 04:55:01.055,,,,,UTC+0200,ooOmDJ1LSk,,com.sec.android.app.shealth,2024-07-04 04:50:29.356,6e38956e-6c83-41f7-91d1-647745b214f8,52.0,
,21312,62670031,1,2024-07-04 05:00:29.272,,,62670031,2024-07-04 05:11:42.536,2024-07-04 05:11:42.536,,,,,UTC+0200,ooOmDJ1LSk,,com.sec.android.app.shealth,2024-07-04 05:00:29.272,2aa5d35e-f454-4ec1-a926-c34c5ac6701a,67.0,
,21312,62670031,1,2024-07-04 05:10:29.272,,,62670031,2024-07-04 05:11:42.541,2024-07-04 05:11:42.541,,,,,UTC+0200,ooOmDJ1LSk,,com.sec.android.app.shealth,2024-07-04 05:10:29.272,b06f5c7b-dd7d-4941-8a8d-9c386827ee1e,61.0,
,21312,62670031,1,2024-07-04 05:20:29.283,,,62670031,2024-07-04 05:33:03.579,2024-07-04 05:33:03.579,,,,,UTC+0200,ooOmDJ1LSk,,com.sec.android.app.shealth,2024-07-04 05:20:29.283,2cad28db-4ed8-4e73-80ef-30b85ed47265,59.0,
,21312,62670031,1,2024-07-04 05:30:29.283,,,62670031,2024-07-04 05:33:03.584,2024-07-04 05:33:03.584,,,,,UTC+0200,ooOmDJ1LSk,,com.sec.android.app.shealth,2024-07-04 05:30:29.283,eee6222d-48c3-4f82-951f-470458e62f97,61.0,
,21312,62670031,1,2024-07-04 05:40:30.502,,,62670031,2024-07-04 05:40:31.301,2024-07-04 05:40:31.301,,,,,UTC+0200,ooOmDJ1LSk,,com.sec.android.app.shealth,2024-07-04 05:40:30.502,bfff7fd0-5f75-4bbf-9a3d-3999d5667fad,86.0,
,21312,62670031,1,2024-07-04 05:50:29.255,,,62670031,2024-07-04 05:56:09.635,2024-07-04 05:56:09.635,,,,,UTC+0200,ooOmDJ1LSk,,com.sec.android.app.shealth,2024-07-04 05:50:29.255,741d25ad-6761-4fb0-be0b-a397cc81a89b,71.0,
,21312,62670031,1,2024-07-04 06:10:31.195,,,62670031,2024-07-04 06:11:50.134,2024-07-04 06:11:50.134,,,,,UTC+0200,ooOmDJ1LSk,,com.sec.android.app.shealth,2024-07-04 06:10:31.195,f3423d23-ba2d-4944-948c-11d57c56f0e2,76.0,
,21312,62670031,1,2024-07-04 06:20:29.272,,,62670031,2024-07-04 06:20:36.875,2024-07-04 06:20:36.875,,,,,UTC+0200,ooOmDJ1LSk,,com.sec.android.app.shealth,2024-07-04 06:20:29.272,a751996d-9341-4fc7-b304-d4679f71b1cb,82.0,
,21312,62670031,1,2024-07-04 06:50:29.273,,,62670031,2024-07-04 06:53:43.155,2024-07-04 06:53:43.155,,,,,UTC+0200,ooOmDJ1LSk,,com.sec.android.app.shealth,2024-07-04 06:50:29.273,fac1c847-d603-42f2-a1c3-9b294a71d4f7,77.0,
,21312,62670031,1,2024-07-04 07:00:29.304,,,62670031,2024-07-04 07:14:28.473,2024-07-04 07:14:28.473,,,,,UTC+0200,ooOmDJ1LSk,,com.sec.android.app.shealth,2024-07-04 07:00:29.304,add6a015-f362-405f-b31b-bac267908ec9,83.0,
,21312,62670031,1,2024-07-04 07:10:29.304,,,62670031,2024-07-04 07:14:28.510,2024-07-04 07:14:28.510,,,,,UTC+0200,ooOmDJ1LSk,,com.sec.android.app.shealth,2024-07-04 07:10:29.304,66779811-2ad1-476e-93c6-5766e37bf589,91.0,
,21312,62670031,1,2024-07-04 07:20:29.303,,,62670031,2024-07-04 07:21:42.431,2024-07-04 07:21:42.431,,,,,UTC+0200,ooOmDJ1LSk,,com.sec.android.app.shealth,2024-07-04 07:20:29.303,d77c316c-d61c-4827-9048-11f9afb20c60,81.0,
,21312,62670031,1,2024-07-04 07:31:01.965,,,62670031,2024-07-04 07:31:20.378,2024-07-04 07:31:20.378,,,,,UTC+0200,ooOmDJ1LSk,,com.sec.android.app.shealth,2024-07-04 07:31:01.965,b27abe22-292d-48a7-8b5f-3450bbc99016,80.0,
,21312,62670031,1,2024-07-04 07:40:29.430,,,62670031,2024-07-04 07:42:27.321,2024-07-04 07:42:27.321,,,,,UTC+0200,ooOmDJ1LSk,,com.sec.android.app.shealth,2024-07-04 07:40:29.430,7fab0f2c-300e-4dba-9e9b-ebd02d128509,76.0,
,21312,62670031,1,2024-07-04 07:51:00.454,,,62670031,2024-07-04 07:54:59.168,2024-07-04 07:54:59.168,,,,,UTC+0200,ooOmDJ1LSk,,com.sec.android.app.shealth,2024-07-04 07:51:00.454,e75b1bac-a990-41f8-aefd-c40220e78072,71.0,
,21312,62670031,1,2024-07-04 08:01:05.774,,,62670031,2024-07-04 08:03:15.304,2024-07-04 08:03:15.304,,,,,UTC+0200,ooOmDJ1LSk,,com.sec.android.app.shealth,2024-07-04 08:01:05.774,5ab452c6-86bd-48bb-a5e6-b5a4fd36f8ce,77.0,
,21312,62670031,1,2024-07-04 08:20:31.710,,,62670031,2024-07-04 08:21:36.175,2024-07-04 08:21:36.175,,,,,UTC+0200,ooOmDJ1LSk,,com.sec.android.app.shealth,2024-07-04 08:20:31.710,12b58521-c95f-4d29-a814-7dd9f458105b,71.0,
,21312,62670031,1,2024-07-04 08:30:29.320,,,62670031,2024-07-04 08:34:59.065,2024-07-04 08:34:59.065,,,,,UTC+0200,ooOmDJ1LSk,,com.sec.android.app.shealth,2024-07-04 08:30:29.320,f646d999-a7d5-48e3-9102-2f59e32b97e3,68.0,
,21312,62670031,1,2024-07-04 08:40:29.252,,,62670031,2024-07-04 08:46:14.973,2024-07-04 08:46:14.973,,,,,UTC+0200,ooOmDJ1LSk,,com.sec.android.app.shealth,2024-07-04 08:40:29.252,a10c819c-ab23-440b-9dff-685633ab0d75,65.0,
,21312,62670031,1,2024-07-04 09:10:29.255,,,62670031,2024-07-04 09:14:59.618,2024-07-04 09:14:59.618,,,,,UTC+0200,ooOmDJ1LSk,,com.sec.android.app.shealth,2024-07-04 09:10:29.255,011be015-5a34-42c7-b5f6-f9dd977ac001,61.0,
,21312,62670031,1,2024-07-04 09:20:29.280,,,62670031,2024-07-04 09:20:53.984,2024-07-04 09:20:53.984,,,,,UTC+0200,ooOmDJ1LSk,,com.sec.android.app.shealth,2024-07-04 09:20:29.280,280a68a3-2b99-406d-a208-67e294900388,59.0,
,21312,62670031,1,2024-07-04 09:30:29.345,,,62670031,2024-07-04 09:31:51.352,2024-07-04 09:31:51.352,,,,,UTC+0200,ooOmDJ1LSk,,com.sec.android.app.shealth,2024-07-04 09:30:29.345,b26c3d2c-9012-4374-b2cd-8df47507926c,60.0,
,21312,62670031,1,2024-07-04 09:40:29.215,,,62670031,2024-07-04 09:48:32.066,2024-07-04 09:48:32.066,,,,,UTC+0200,ooOmDJ1LSk,,com.sec.android.app.shealth,2024-07-04 09:40:29.215,b9641832-edd5-4f3d-933b-10cef441dea5,69.0,
,21312,62670031,1,2024-07-04 10:00:29.267,,,62670031,2024-07-04 10:13:54.210,2024-07-04 10:13:54.210,,,,,UTC+0200,ooOmDJ1LSk,,com.sec.android.app.shealth,2024-07-04 10:00:29.267,d6357fb3-5599-4e22-8fe2-d23766e3131d,57.0,
,21312,62670031,1,2024-07-04 10:10:29.267,,,62670031,2024-07-04 10:13:54.232,2024-07-04 10:13:54.232,,,,,UTC+0200,ooOmDJ1LSk,,com.sec.android.app.shealth,2024-07-04 10:10:29.267,1a50225a-a24a-413f-a4a7-14f298883e74,57.0,
,21312,62670031,1,2024-07-04 10:30:29.290,,,62670031,2024-07-04 10:31:47.689,2024-07-04 10:31:47.689,,,,,UTC+0200,ooOmDJ1LSk,,com.sec.android.app.shealth,2024-07-04 10:30:29.290,d07366f0-0a8f-4927-b311-38a64197fc00,65.0,
,21312,62670031,1,2024-07-04 10:40:29.207,,,62670031,2024-07-04 10:43:56.758,2024-07-04 10:43:56.758,,,,,UTC+0200,ooOmDJ1LSk,,com.sec.android.app.shealth,2024-07-04 10:40:29.207,7d65f518-b7aa-4a73-a91a-217fa89bead0,62.0,
,21312,62670031,1,2024-07-04 10:50:29.306,,,62670031,2024-07-04 10:54:59.605,2024-07-04 10:54:59.605,,,,,UTC+0200,ooOmDJ1LSk,,com.sec.android.app.shealth,2024-07-04 10:50:29.306,e1c41307-9769-44b7-94a8-3fef5b19eb0f,76.0,
,21312,62670031,1,2024-07-04 11:10:29.298,,,62670031,2024-07-04 11:11:18.071,2024-07-04 11:11:18.071,,,,,UTC+0200,ooOmDJ1LSk,,com.sec.android.app.shealth,2024-07-04 11:10:29.298,9e0b91fc-326c-490c-8b1b-a402589db538,76.0,
,21312,62670031,1,2024-07-04 11:30:29.779,,,62670031,2024-07-04 11:31:08.575,2024-07-04 11:31:08.575,,,,,UTC+0200,ooOmDJ1LSk,,com.sec.android.app.shealth,2024-07-04 11:30:29.779,d4066e32-f6f1-4d22-a48d-17db6b72670a,81.0,
,21312,62670031,1,2024-07-04 11:40:29.342,,,62670031,2024-07-04 11:46:49.861,2024-07-04 11:46:49.861,,,,,UTC+0200,ooOmDJ1LSk,,com.sec.android.app.shealth,2024-07-04 11:40:29.342,3574814a-250e-48ce-ab5a-5daa6caa6b62,68.0,
,21312,62670031,1,2024-07-04 11:50:29.235,,,62670031,2024-07-04 11:54:59.368,2024-07-04 11:54:59.368,,,,,UTC+0200,ooOmDJ1LSk,,com.sec.android.app.shealth,2024-07-04 11:50:29.235,ebbd512c-da0a-4454-b847-f67962980151,71.0,
,21312,62670031,1,2024-07-04 12:00:29.236,,,62670031,2024-07-04 12:14:59.858,2024-07-04 12:14:59.858,,,,,UTC+0200,ooOmDJ1LSk,,com.sec.android.app.shealth,2024-07-04 12:00:29.236,b3f7d5af-b356-4c71-a4b8-c4cb4ea43a06,70.0,
,21312,62670031,1,2024-07-04 12:10:29.236,,,62670031,2024-07-04 12:14:59.865,2024-07-04 12:14:59.865,,,,,UTC+0200,ooOmDJ1LSk,,com.sec.android.app.shealth,2024-07-04 12:10:29.236,66fb179c-7748-4c62-aa48-c489df48c38e,70.0,
,21312,62670031,1,2024-07-04 12:20:29.305,,,62670031,2024-07-04 12:23:35.797,2024-07-04 12:23:35.797,,,,,UTC+0200,ooOmDJ1LSk,,com.sec.android.app.shealth,2024-07-04 12:20:29.305,48e3276e-6843-44cd-92db-a7f535e4d219,70.0,
,21312,62670031,1,2024-07-04 12:30:29.379,,,62670031,2024-07-04 12:35:00.681,2024-07-04 12:35:00.681,,,,,UTC+0200,ooOmDJ1LSk,,com.sec.android.app.shealth,2024-07-04 12:30:29.379,c4812889-f485-4c3f-96a6-89b62da0524b,82.0,
,21312,62670031,1,2024-07-04 12:40:29.309,,,62670031,2024-07-04 12:41:02.899,2024-07-04 12:41:02.899,,,,,UTC+0200,ooOmDJ1LSk,,com.sec.android.app.shealth,2024-07-04 12:40:29.309,54738813-cf70-4cda-8931-a9460110d1df,64.0,
,21312,62670031,1,2024-07-04 12:50:29.271,,,62670031,2024-07-04 12:50:29.318,2024-07-04 12:50:29.318,,,,,UTC+0200,ooOmDJ1LSk,,com.sec.android.app.shealth,2024-07-04 12:50:29.271,591937ce-866e-4711-95a0-d65480d2b5ae,76.0,
,21312,62670031,1,2024-07-04 13:00:29.214,,,62670031,2024-07-04 13:14:59.109,2024-07-04 13:14:59.109,,,,,UTC+0200,ooOmDJ1LSk,,com.sec.android.app.shealth,2024-07-04 13:00:29.214,9817b356-e875-45a9-bf2f-f88f9e3f9f76,74.0,
,21312,62670031,1,2024-07-04 13:10:29.214,,,62670031,2024-07-04 13:14:59.113,2024-07-04 13:14:59.113,,,,,UTC+0200,ooOmDJ1LSk,,com.sec.android.app.shealth,2024-07-04 13:10:29.214,d6ff3a6f-0402-4740-982a-d2f3cac5c9c5,74.0,
,21312,62670031,1,2024-07-04 13:20:29.359,,,62670031,2024-07-04 13:34:59.791,2024-07-04 13:34:59.791,,,,,UTC+0200,ooOmDJ1LSk,,com.sec.android.app.shealth,2024-07-04 13:20:29.359,8def541b-ba3e-4e3a-9a2d-bcb5a4f349fb,79.0,
,21312,62670031,1,2024-07-04 13:30:29.359,,,62670031,2024-07-04 13:34:59.796,2024-07-04 13:34:59.796,,,,,UTC+0200,ooOmDJ1LSk,,com.sec.android.app.shealth,2024-07-04 13:30:29.359,d2617df1-7198-4571-a403-0045adcdeed5,74.0,
,21312,62670031,1,2024-07-04 13:40:29.266,,,62670031,2024-07-04 13:54:59.588,2024-07-04 13:54:59.588,,,,,UTC+0200,ooOmDJ1LSk,,com.sec.android.app.shealth,2024-07-04 13:40:29.266,0a1fc2e4-146b-432e-8835-e9dcda76b0e9,71.0,
,21312,62670031,1,2024-07-04 13:50:29.266,,,62670031,2024-07-04 13:54:59.598,2024-07-04 13:54:59.598,,,,,UTC+0200,ooOmDJ1LSk,,com.sec.android.app.shealth,2024-07-04 13:50:29.266,d6d9f757-5579-4ff1-b78d-09e7214b345d,67.0,
,21312,62670031,1,2024-07-04 14:00:29.257,,,62670031,2024-07-04 14:00:43.048,2024-07-04 14:00:43.048,,,,,UTC+0200,ooOmDJ1LSk,,com.sec.android.app.shealth,2024-07-04 14:00:29.257,c1188207-192f-4fd3-ad55-e8b258dedb6c,71.0,
,21312,62670031,1,2024-07-04 14:10:29.385,,,62670031,2024-07-04 14:11:06.236,2024-07-04 14:11:06.236,,,,,UTC+0200,ooOmDJ1LSk,,com.sec.android.app.shealth,2024-07-04 14:10:29.385,592c1b3c-1da0-4b0f-98d8-7017d4d4736c,75.0,
,21312,62670031,1,2024-07-04 16:10:29.276,,,62670031,2024-07-04 16:14:59.430,2024-07-04 16:14:59.430,,,,,UTC+0200,ooOmDJ1LSk,,com.sec.android.app.shealth,2024-07-04 16:10:29.276,2036a545-5f2f-4b48-9576-80fd0a356d40,72.0,
,21312,62670031,1,2024-07-04 16:20:29.295,,,62670031,2024-07-04 16:26:55.387,2024-07-04 16:26:55.387,,,,,UTC+0200,ooOmDJ1LSk,,com.sec.android.app.shealth,2024-07-04 16:20:29.295,3dc1ee4f-a5fb-4556-a2da-12d233ef5a3d,73.0,
,21312,62670031,1,2024-07-04 16:30:29.297,,,62670031,2024-07-04 16:31:45.670,2024-07-04 16:31:45.670,,,,,UTC+0200,ooOmDJ1LSk,,com.sec.android.app.shealth,2024-07-04 16:30:29.297,bebbddee-1cd7-4209-908f-fe1eb678c16f,74.0,
,21312,62670031,1,2024-07-04 16:40:29.225,,,62670031,2024-07-04 16:43:10.314,2024-07-04 16:43:10.314,,,,,UTC+0200,ooOmDJ1LSk,,com.sec.android.app.shealth,2024-07-04 16:40:29.225,33b25db4-62cf-46f3-819f-e953305c593a,73.0,
,21312,62670031,1,2024-07-04 16:50:29.237,,,62670031,2024-07-04 16:54:59.428,2024-07-04 16:54:59.428,,,,,UTC+0200,ooOmDJ1LSk,,com.sec.android.app.shealth,2024-07-04 16:50:29.237,18a5342f-8c5f-4874-b1af-ce510066fc0c,69.0,
,21312,62670031,1,2024-07-04 17:00:29.277,,,62670031,2024-07-04 17:00:45.942,2024-07-04 17:00:45.942,,,,,UTC+0200,ooOmDJ1LSk,,com.sec.android.app.shealth,2024-07-04 17:00:29.277,bdcd27fd-adf1-455f-9f78-1acd8a82e848,69.0,
,21312,62670031,1,2024-07-04 17:10:29.303,,,62670031,2024-07-04 17:14:59.965,2024-07-04 17:14:59.965,,,,,UTC+0200,ooOmDJ1LSk,,com.sec.android.app.shealth,2024-07-04 17:10:29.303,d6f0755f-7221-412c-ad2e-3004a7450b9a,78.0,
,21312,62670031,1,2024-07-04 17:20:51.631,,,62670031,2024-07-04 17:23:30.489,2024-07-04 17:23:30.489,,,,,UTC+0200,ooOmDJ1LSk,,com.sec.android.app.shealth,2024-07-04 17:20:51.631,2a60867a-1bb0-42fc-bfdb-d567cc3da014,86.0,
,21312,62670031,1,2024-07-04 17:40:29.451,,,62670031,2024-07-04 17:41:51.130,2024-07-04 17:41:51.130,,,,,UTC+0200,ooOmDJ1LSk,,com.sec.android.app.shealth,2024-07-04 17:40:29.451,953c4db8-0200-4e24-86db-f2142750239d,80.0,
,21312,62670031,1,2024-07-04 17:50:36.072,,,62670031,2024-07-04 17:55:00.431,2024-07-04 17:55:00.431,,,,,UTC+0200,ooOmDJ1LSk,,com.sec.android.app.shealth,2024-07-04 17:50:36.072,9acae5a2-646e-4b2c-9b9d-5f487e1f702b,86.0,
,21312,62670031,1,2024-07-04 18:10:29.301,,,62670031,2024-07-04 18:11:26.429,2024-07-04 18:11:26.429,,,,,UTC+0200,ooOmDJ1LSk,,com.sec.android.app.shealth,2024-07-04 18:10:29.301,c3b3bf78-ca50-45b5-bbfb-3fac39216e46,86.0,
,21312,62670031,1,2024-07-04 18:21:59.298,,,62670031,2024-07-04 18:22:28.315,2024-07-04 18:22:28.315,,,,,UTC+0200,ooOmDJ1LSk,,com.sec.android.app.shealth,2024-07-04 18:21:59.298,10878b51-b27c-446b-ba49-306a33258049,98.0,
,21312,62670031,1,2024-07-04 18:40:58.452,,,62670031,2024-07-04 18:42:13.578,2024-07-04 18:42:13.578,,,,,UTC+0200,ooOmDJ1LSk,,com.sec.android.app.shealth,2024-07-04 18:40:58.452,f6833bc9-21f6-468e-9d14-b23f9df2e0d0,87.0,
,21312,62670031,1,2024-07-04 20:40:29.307,,,62670031,2024-07-04 20:42:27.619,2024-07-04 20:42:27.619,,,,,UTC+0200,ooOmDJ1LSk,,com.sec.android.app.shealth,2024-07-04 20:40:29.307,b446074c-1188-4096-90ef-4b4ee63f8c4c,69.0,
,21312,62670031,1,2024-07-04 20:50:29.316,,,62670031,2024-07-04 20:55:01.130,2024-07-04 20:55:01.130,,,,,UTC+0200,ooOmDJ1LSk,,com.sec.android.app.shealth,2024-07-04 20:50:29.316,e9f02d38-7ec9-4544-8508-2e23604e2a85,69.0,
,21312,62670031,1,2024-07-04 21:00:29.358,,,62670031,2024-07-04 21:04:42.229,2024-07-04 21:04:42.229,,,,,UTC+0200,ooOmDJ1LSk,,com.sec.android.app.shealth,2024-07-04 21:00:29.358,3f71d7ae-2bd7-4322-9868-a915530e30f7,68.0,
,21312,62670031,1,2024-07-04 21:10:29.329,,,62670031,2024-07-04 21:15:00.048,2024-07-04 21:15:00.048,,,,,UTC+0200,ooOmDJ1LSk,,com.sec.android.app.shealth,2024-07-04 21:10:29.329,813bf759-e99b-411c-85b0-0573bfc93813,65.0,
,21312,62670031,1,2024-07-04 21:20:29.207,,,62670031,2024-07-04 21:34:59.074,2024-07-04 21:34:59.074,,,,,UTC+0200,ooOmDJ1LSk,,com.sec.android.app.shealth,2024-07-04 21:20:29.207,0d6a297a-1364-4cb3-9bf1-2e71599ef063,66.0,
,21312,62670031,1,2024-07-04 21:30:29.207,,,62670031,2024-07-04 21:34:59.083,2024-07-04 21:34:59.083,,,,,UTC+0200,ooOmDJ1LSk,,com.sec.android.app.shealth,2024-07-04 21:30:29.207,4837239c-6fba-4dcb-a962-402e50fc7673,67.0,
,21312,62670031,1,2024-07-04 21:40:29.300,,,62670031,2024-07-04 21:54:59.177,2024-07-04 21:54:59.177,,,,,UTC+0200,ooOmDJ1LSk,,com.sec.android.app.shealth,2024-07-04 21:40:29.300,fc9f82e8-6433-4c9d-bec9-4c42cf4506ec,64.0,
,21312,62670031,1,2024-07-04 21:50:29.300,,,62670031,2024-07-04 21:54:59.184,2024-07-04 21:54:59.184,,,,,UTC+0200,ooOmDJ1LSk,,com.sec.android.app.shealth,2024-07-04 21:50:29.300,bb064908-3cdd-4386-b1f4-4aba19783bf6,63.0,
,21312,62670031,1,2024-07-04 22:00:29.317,,,62670031,2024-07-04 22:15:00.045,2024-07-04 22:15:00.045,,,,,UTC+0200,ooOmDJ1LSk,,com.sec.android.app.shealth,2024-07-04 22:00:29.317,acbb63df-c1ba-4a77-a22f-3d100d6af42b,62.0,
,21312,62670031,1,2024-07-04 22:10:29.317,,,62670031,2024-07-04 22:15:00.055,2024-07-04 22:15:00.055,,,,,UTC+0200,ooOmDJ1LSk,,com.sec.android.app.shealth,2024-07-04 22:10:29.317,bcc303c4-43a4-46f0-b54b-fe0ceeaa77ed,60.0,
,21312,62670031,1,2024-07-04 22:20:29.351,,,62670031,2024-07-04 22:35:00.482,2024-07-04 22:35:00.482,,,,,UTC+0200,ooOmDJ1LSk,,com.sec.android.app.shealth,2024-07-04 22:20:29.351,ec3667bd-fe04-4b54-b400-a4540d87568c,60.0,
,21312,62670031,1,2024-07-04 22:30:29.351,,,62670031,2024-07-04 22:35:00.487,2024-07-04 22:35:00.487,,,,,UTC+0200,ooOmDJ1LSk,,com.sec.android.app.shealth,2024-07-04 22:30:29.351,aec219a0-058f-4363-b68d-ece48ded727a,62.0,
,21312,62670031,1,2024-07-04 22:40:29.206,,,62670031,2024-07-04 22:55:01.103,2024-07-04 22:55:01.103,,,,,UTC+0200,ooOmDJ1LSk,,com.sec.android.app.shealth,2024-07-04 22:40:29.206,e42b2273-214a-4ca1-a8ca-183183e72a39,61.0,
,21312,62670031,1,2024-07-04 22:50:29.206,,,62670031,2024-07-04 22:55:01.112,2024-07-04 22:55:01.112,,,,,UTC+0200,ooOmDJ1LSk,,com.sec.android.app.shealth,2024-07-04 22:50:29.206,5f990314-e1f4-4aab-935f-489cc330dae6,64.0,
,21312,62670031,1,2024-07-04 23:00:29.381,,,62670031,2024-07-04 23:15:00.041,2024-07-04 23:15:00.041,,,,,UTC+0200,ooOmDJ1LSk,,com.sec.android.app.shealth,2024-07-04 23:00:29.381,eaaa3c11-cbb0-4f58-bdbd-ac7dfc6d6313,61.0,
,21312,62670031,1,2024-07-04 23:10:29.381,,,62670031,2024-07-04 23:15:00.050,2024-07-04 23:15:00.050,,,,,UTC+0200,ooOmDJ1LSk,,com.sec.android.app.shealth,2024-07-04 23:10:29.381,42bdb716-45fc-4a0c-8234-fd392a73093f,59.0,
,21312,62670031,1,2024-07-04 23:20:29.315,,,62670031,2024-07-04 23:35:00.046,2024-07-04 23:35:00.046,,,,,UTC+0200,ooOmDJ1LSk,,com.sec.android.app.shealth,2024-07-04 23:20:29.315,81018ad6-f4a9-4e52-8669-46268d701d17,62.0,
,21312,62670031,1,2024-07-04 23:30:29.315,,,62670031,2024-07-04 23:35:00.056,2024-07-04 23:35:00.056,,,,,UTC+0200,ooOmDJ1LSk,,com.sec.android.app.shealth,2024-07-04 23:30:29.315,456c5d39-be83-4ae1-9005-1e011af78daa,62.0,
,21312,62670031,1,2024-07-04 23:40:29.331,,,62670031,2024-07-04 23:55:00.395,2024-07-04 23:55:00.395,,,,,UTC+0200,ooOmDJ1LSk,,com.sec.android.app.shealth,2024-07-04 23:40:29.331,473d8ad6-c261-4148-a5bf-637c1f4b0991,61.0,
,21312,62670031,1,2024-07-04 23:50:29.331,,,62670031,2024-07-04 23:55:00.414,2024-07-04 23:55:00.414,,,,,UTC+0200,ooOmDJ1LSk,,com.sec.android.app.shealth,2024-07-04 23:50:29.331,5ddb69b4-ee97-48e4-b725-c8a528d1f224,61.0,
,21312,62670031,1,2024-07-05 00:00:29.280,,,62670031,2024-07-05 00:15:00.058,2024-07-05 00:15:00.058,,,,,UTC+0200,ooOmDJ1LSk,,com.sec.android.app.shealth,2024-07-05 00:00:29.280,adf8c603-02d2-4c4b-b9db-36e878771248,58.0,
,21312,62670031,1,2024-07-05 00:10:29.280,,,62670031,2024-07-05 00:15:00.071,2024-07-05 00:15:00.071,,,,,UTC+0200,ooOmDJ1LSk,,com.sec.android.app.shealth,2024-07-05 00:10:29.280,25e8a3b0-68c4-4801-8029-5a54ac797697,59.0,
,21312,62670031,1,2024-07-05 00:20:29.335,,,62670031,2024-07-05 00:34:59.146,2024-07-05 00:34:59.146,,,,,UTC+0200,ooOmDJ1LSk,,com.sec.android.app.shealth,2024-07-05 00:20:29.335,d6d480de-3a21-4bea-8660-373679c1a311,59.0,
,21312,62670031,1,2024-07-05 00:30:29.335,,,62670031,2024-07-05 00:34:59.153,2024-07-05 00:34:59.153,,,,,UTC+0200,ooOmDJ1LSk,,com.sec.android.app.shealth,2024-07-05 00:30:29.335,1c15a094-2e31-4b4a-83f7-3bc704838a59,62.0,
,21312,62670031,1,2024-07-05 00:40:29.279,,,62670031,2024-07-05 00:55:00.068,2024-07-05 00:55:00.068,,,,,UTC+0200,ooOmDJ1LSk,,com.sec.android.app.shealth,2024-07-05 00:40:29.279,d252c0c5-37e8-4779-85e3-468325f2232a,56.0,
,21312,62670031,1,2024-07-05 00:50:29.279,,,62670031,2024-07-05 00:55:00.073,2024-07-05 00:55:00.073,,,,,UTC+0200,ooOmDJ1LSk,,com.sec.android.app.shealth,2024-07-05 00:50:29.279,0e5a32c8-9254-42ee-aae8-3e839e4e1c0b,59.0,
,21312,62670031,1,2024-07-05 01:00:29.315,,,62670031,2024-07-05 01:15:00.045,2024-07-05 01:15:00.045,,,,,UTC+0200,ooOmDJ1LSk,,com.sec.android.app.shealth,2024-07-05 01:00:29.315,ca07c76d-de27-427d-8e31-9e589b3f43de,59.0,
,21312,62670031,1,2024-07-05 01:10:29.315,,,62670031,2024-07-05 01:15:00.051,2024-07-05 01:15:00.051,,,,,UTC+0200,ooOmDJ1LSk,,com.sec.android.app.shealth,2024-07-05 01:10:29.315,34744fbe-f1ab-44e4-b1ee-f9cce85b16fc,59.0,
,21312,62670031,1,2024-07-05 01:20:29.300,,,62670031,2024-07-05 01:34:59.074,2024-07-05 01:34:59.074,,,,,UTC+0200,ooOmDJ1LSk,,com.sec.android.app.shealth,2024-07-05 01:20:29.300,359a2a17-e1d0-4619-ae2c-e63429bc3dbf,58.0,
,21312,62670031,1,2024-07-05 01:30:29.300,,,62670031,2024-07-05 01:34:59.083,2024-07-05 01:34:59.083,,,,,UTC+0200,ooOmDJ1LSk,,com.sec.android.app.shealth,2024-07-05 01:30:29.300,ffcae1ff-05dc-41b4-96ce-d6f91034be17,59.0,
,21312,62670031,1,2024-07-05 01:40:29.325,,,62670031,2024-07-05 01:54:59.204,2024-07-05 01:54:59.204,,,,,UTC+0200,ooOmDJ1LSk,,com.sec.android.app.shealth,2024-07-05 01:40:29.325,2eaa1b50-5b36-456b-a9bf-7f4f520ffb51,59.0,
,21312,62670031,1,2024-07-05 01:50:29.325,,,62670031,2024-07-05 01:54:59.213,2024-07-05 01:54:59.213,,,,,UTC+0200,ooOmDJ1LSk,,com.sec.android.app.shealth,2024-07-05 01:50:29.325,169fb86f-a534-4d8a-b1c8-8a8a6e673ba2,58.0,
,21312,62670031,1,2024-07-05 02:00:29.311,,,62670031,2024-07-05 02:15:00.455,2024-07-05 02:15:00.455,,,,,UTC+0200,ooOmDJ1LSk,,com.sec.android.app.shealth,2024-07-05 02:00:29.311,59e6d038-4fc2-4780-be5d-8fa5de88c547,59.0,
,21312,62670031,1,2024-07-05 02:10:29.311,,,62670031,2024-07-05 02:15:00.464,2024-07-05 02:15:00.464,,,,,UTC+0200,ooOmDJ1LSk,,com.sec.android.app.shealth,2024-07-05 02:10:29.311,2e488d20-ba36-419e-882b-dd7e51db86c3,58.0,
,21312,62670031,1,2024-07-05 02:20:29.359,,,62670031,2024-07-05 02:34:59.465,2024-07-05 02:34:59.465,,,,,UTC+0200,ooOmDJ1LSk,,com.sec.android.app.shealth,2024-07-05 02:20:29.359,9e162f01-8771-4a17-a7be-6be372d435d6,57.0,
,21312,62670031,1,2024-07-05 02:30:29.359,,,62670031,2024-07-05 02:34:59.487,2024-07-05 02:34:59.487,,,,,UTC+0200,ooOmDJ1LSk,,com.sec.android.app.shealth,2024-07-05 02:30:29.359,997769ef-6714-4357-8ea7-24a120bdb574,58.0,
,21312,62670031,1,2024-07-05 02:40:29.352,,,62670031,2024-07-05 02:55:00.045,2024-07-05 02:55:00.045,,,,,UTC+0200,ooOmDJ1LSk,,com.sec.android.app.shealth,2024-07-05 02:40:29.352,963eae91-dec4-4810-a132-31abb00fe457,60.0,
,21312,62670031,1,2024-07-05 02:50:29.352,,,62670031,2024-07-05 02:55:00.055,2024-07-05 02:55:00.055,,,,,UTC+0200,ooOmDJ1LSk,,com.sec.android.app.shealth,2024-07-05 02:50:29.352,7863028f-d5a4-46b0-b1a8-4a80308a959e,59.0,
,21312,62670031,1,2024-07-05 03:00:29.326,,,62670031,2024-07-05 03:14:59.154,2024-07-05 03:14:59.154,,,,,UTC+0200,ooOmDJ1LSk,,com.sec.android.app.shealth,2024-07-05 03:00:29.326,fd7beee9-1eb1-4e54-9881-471f3a1b66fc,58.0,
,21312,62670031,1,2024-07-05 03:10:29.326,,,62670031,2024-07-05 03:14:59.170,2024-07-05 03:14:59.170,,,,,UTC+0200,ooOmDJ1LSk,,com.sec.android.app.shealth,2024-07-05 03:10:29.326,9e3e5ffe-a205-4f42-897c-d851c011733a,59.0,
,21312,62670031,1,2024-07-05 03:20:29.368,,,62670031,2024-07-05 03:34:59.136,2024-07-05 03:34:59.136,,,,,UTC+0200,ooOmDJ1LSk,,com.sec.android.app.shealth,2024-07-05 03:20:29.368,b87aa4ef-7ece-4d2a-a539-a900518a64b1,57.0,
,21312,62670031,1,2024-07-05 03:30:29.368,,,62670031,2024-07-05 03:34:59.142,2024-07-05 03:34:59.142,,,,,UTC+0200,ooOmDJ1LSk,,com.sec.android.app.shealth,2024-07-05 03:30:29.368,c9dcc85d-bc24-4acf-8c12-e2b3e975bb2c,58.0,
,21312,62670031,1,2024-07-05 03:40:29.372,,,62670031,2024-07-05 03:55:01.044,2024-07-05 03:55:01.044,,,,,UTC+0200,ooOmDJ1LSk,,com.sec.android.app.shealth,2024-07-05 03:40:29.372,8a0278d8-1da5-4268-99bc-50654781e4d9,59.0,
,21312,62670031,1,2024-07-05 03:50:29.372,,,62670031,2024-07-05 03:55:01.050,2024-07-05 03:55:01.050,,,,,UTC+0200,ooOmDJ1LSk,,com.sec.android.app.shealth,2024-07-05 03:50:29.372,43919df5-ce23-4ce4-8421-4318cdb1f503,60.0,
,21312,62670031,1,2024-07-05 04:00:29.324,,,62670031,2024-07-05 04:15:00.500,2024-07-05 04:15:00.500,,,,,UTC+0200,ooOmDJ1LSk,,com.sec.android.app.shealth,2024-07-05 04:00:29.324,ba3c6ee0-678b-4246-aee8-ced427373b2b,56.0,
,21312,62670031,1,2024-07-05 04:10:29.324,,,62670031,2024-07-05 04:15:00.509,2024-07-05 04:15:00.509,,,,,UTC+0200,ooOmDJ1LSk,,com.sec.android.app.shealth,2024-07-05 04:10:29.324,74b7c0a6-b6e6-4442-9125-642b6996f1f0,55.0,
,21312,62670031,1,2024-07-05 04:20:29.342,,,62670031,2024-07-05 04:35:00.060,2024-07-05 04:35:00.060,,,,,UTC+0200,ooOmDJ1LSk,,com.sec.android.app.shealth,2024-07-05 04:20:29.342,eb12de0f-5a72-4ae6-b24a-180b59100620,54.0,
,21312,62670031,1,2024-07-05 04:30:29.342,,,62670031,2024-07-05 04:35:00.074,2024-07-05 04:35:00.074,,,,,UTC+0200,ooOmDJ1LSk,,com.sec.android.app.shealth,2024-07-05 04:30:29.342,a38b79b8-ef17-4454-a7e2-09b9400e3c26,60.0,
,21312,62670031,1,2024-07-05 04:40:29.351,,,62670031,2024-07-05 04:55:00.474,2024-07-05 04:55:00.474,,,,,UTC+0200,ooOmDJ1LSk,,com.sec.android.app.shealth,2024-07-05 04:40:29.351,f79290fc-80cb-4573-be46-62223dc9a0d0,60.0,
,21312,62670031,1,2024-07-05 04:50:29.351,,,62670031,2024-07-05 04:55:00.483,2024-07-05 04:55:00.483,,,,,UTC+0200,ooOmDJ1LSk,,com.sec.android.app.shealth,2024-07-05 04:50:29.351,76a716ff-75e6-4ce2-af88-d815e0e053d5,56.0,
,21312,62670031,1,2024-07-05 05:10:29.364,,,62670031,2024-07-05 05:14:07.566,2024-07-05 05:14:07.566,,,,,UTC+0200,ooOmDJ1LSk,,com.sec.android.app.shealth,2024-07-05 05:10:29.364,b0672c52-32ed-4678-98e3-6276adea2771,59.0,
,21312,62670031,1,2024-07-05 05:20:29.229,,,62670031,2024-07-05 05:35:00.690,2024-07-05 05:35:00.690,,,,,UTC+0200,ooOmDJ1LSk,,com.sec.android.app.shealth,2024-07-05 05:20:29.229,fd7f914a-a389-490e-8d59-97eda4931745,54.0,
,21312,62670031,1,2024-07-05 05:30:29.229,,,62670031,2024-07-05 05:35:00.703,2024-07-05 05:35:00.703,,,,,UTC+0200,ooOmDJ1LSk,,com.sec.android.app.shealth,2024-07-05 05:30:29.229,1b3b4dc4-0aaa-4647-8d2d-da172788ea33,57.0,
,21312,62670031,1,2024-07-05 05:40:29.411,,,62670031,2024-07-05 05:44:49.797,2024-07-05 05:44:49.797,,,,,UTC+0200,ooOmDJ1LSk,,com.sec.android.app.shealth,2024-07-05 05:40:29.411,c156cea3-515e-4b22-8a0e-7d907beffbf2,57.0,
,21312,62670031,1,2024-07-05 06:00:29.328,,,62670031,2024-07-05 06:01:12.179,2024-07-05 06:01:12.179,,,,,UTC+0200,ooOmDJ1LSk,,com.sec.android.app.shealth,2024-07-05 06:00:29.328,478bcfba-547e-4fb3-955d-78aa876c8339,67.0,
,21312,62670031,1,2024-07-05 06:20:29.315,,,62670031,2024-07-05 06:20:30.866,2024-07-05 06:20:30.866,,,,,UTC+0200,ooOmDJ1LSk,,com.sec.android.app.shealth,2024-07-05 06:20:29.315,be2e3d54-4664-4af9-9665-a98ae9c37264,77.0,
,21312,62670031,1,2024-07-05 06:30:29.249,,,62670031,2024-07-05 06:30:31.029,2024-07-05 06:30:31.029,,,,,UTC+0200,ooOmDJ1LSk,,com.sec.android.app.shealth,2024-07-05 06:30:29.249,b7f1487d-fc52-49b6-95bb-5170a1fcfb91,70.0,
,21312,62670031,1,2024-07-05 06:40:29.216,,,62670031,2024-07-05 06:52:14.871,2024-07-05 06:52:14.871,,,,,UTC+0200,ooOmDJ1LSk,,com.sec.android.app.shealth,2024-07-05 06:40:29.216,3b213ed4-3c0f-42c1-8026-ee4514e3b4ff,77.0,
,21312,62670031,1,2024-07-05 06:50:29.216,,,62670031,2024-07-05 06:52:14.901,2024-07-05 06:52:14.901,,,,,UTC+0200,ooOmDJ1LSk,,com.sec.android.app.shealth,2024-07-05 06:50:29.216,00ec377c-15bf-4daf-9053-b2810a381c0b,71.0,
,21312,62670031,1,2024-07-05 07:00:29.248,,,62670031,2024-07-05 07:00:29.715,2024-07-05 07:00:29.715,,,,,UTC+0200,ooOmDJ1LSk,,com.sec.android.app.shealth,2024-07-05 07:00:29.248,a82d73e6-02a1-4b54-9f10-203ff6993f52,69.0,
,21312,62670031,1,2024-07-05 07:10:39.561,,,62670031,2024-07-05 07:10:39.935,2024-07-05 07:10:39.935,,,,,UTC+0200,ooOmDJ1LSk,,com.sec.android.app.shealth,2024-07-05 07:10:39.561,75851f78-ef07-49b2-b17d-b46c33bbd965,82.0,
,21312,62670031,1,2024-07-05 07:20:29.400,,,62670031,2024-07-05 07:20:30.269,2024-07-05 07:20:30.269,,,,,UTC+0200,ooOmDJ1LSk,,com.sec.android.app.shealth,2024-07-05 07:20:29.400,2a65f4d9-641c-43a9-ace7-0cf690b30281,84.0,
,21312,62670031,1,2024-07-05 08:00:29.274,,,62670031,2024-07-05 08:05:57.824,2024-07-05 08:05:57.824,,,,,UTC+0200,ooOmDJ1LSk,,com.sec.android.app.shealth,2024-07-05 08:00:29.274,9a48aad7-33df-4a7d-87b2-2f961084c9f6,81.0,
,21312,62670031,1,2024-07-05 08:20:29.267,,,62670031,2024-07-05 08:26:56.417,2024-07-05 08:26:56.417,,,,,UTC+0200,ooOmDJ1LSk,,com.sec.android.app.shealth,2024-07-05 08:20:29.267,5d15a5e6-033c-454d-a74f-e8f92adf6aa0,76.0,
,21312,62670031,1,2024-07-05 08:30:29.289,,,62670031,2024-07-05 08:35:00.865,2024-07-05 08:35:00.865,,,,,UTC+0200,ooOmDJ1LSk,,com.sec.android.app.shealth,2024-07-05 08:30:29.289,a3dd06e2-7f84-4ea4-b8f9-3a96921c723a,75.0,
,21312,62670031,1,2024-07-05 08:40:29.381,,,62670031,2024-07-05 08:44:17.450,2024-07-05 08:44:17.450,,,,,UTC+0200,ooOmDJ1LSk,,com.sec.android.app.shealth,2024-07-05 08:40:29.381,a82a31dd-28f2-4a9c-af07-eb146bdebb88,73.0,
,21312,62670031,1,2024-07-05 09:10:53.923,,,62670031,2024-07-05 09:14:19.851,2024-07-05 09:14:19.851,,,,,UTC+0200,ooOmDJ1LSk,,com.sec.android.app.shealth,2024-07-05 09:10:53.923,471ba580-b7d3-439b-b21c-052544391ee7,73.0,
,21312,62670031,1,2024-07-05 09:30:29.308,,,62670031,2024-07-05 09:31:55.758,2024-07-05 09:31:55.758,,,,,UTC+0200,ooOmDJ1LSk,,com.sec.android.app.shealth,2024-07-05 09:30:29.308,2648cfe1-4ea0-4481-b1d0-c912f8ba02ac,76.0,
,21312,62670031,1,2024-07-05 09:50:30.645,,,62670031,2024-07-05 10:00:58.677,2024-07-05 10:00:58.677,,,,,UTC+0200,ooOmDJ1LSk,,com.sec.android.app.shealth,2024-07-05 09:50:30.645,c3dc44e0-d01e-412d-bd74-08f07e0451da,74.0,
,21312,62670031,1,2024-07-05 10:31:07.261,,,62670031,2024-07-05 10:35:00.398,2024-07-05 10:35:00.398,,,,,UTC+0200,ooOmDJ1LSk,,com.sec.android.app.shealth,2024-07-05 10:31:07.261,e5e59f14-eb46-4b57-9ad5-ca7f33a3b13f,83.0,
,21312,62670031,1,2024-07-05 10:40:46.856,,,62670031,2024-07-05 10:40:49.146,2024-07-05 10:40:49.146,,,,,UTC+0200,ooOmDJ1LSk,,com.sec.android.app.shealth,2024-07-05 10:40:46.856,ae4004e5-8713-4e01-afa2-0e96b9b57339,81.0,
,21312,62670031,1,2024-07-05 10:51:14.977,,,62670031,2024-07-05 10:54:59.537,2024-07-05 10:54:59.537,,,,,UTC+0200,ooOmDJ1LSk,,com.sec.android.app.shealth,2024-07-05 10:51:14.977,b557611e-f441-4ba4-a0a7-50217ff46fcd,84.0,
,21312,62670031,1,2024-07-05 11:00:58.585,,,62670031,2024-07-05 11:03:45.221,2024-07-05 11:03:45.221,,,,,UTC+0200,ooOmDJ1LSk,,com.sec.android.app.shealth,2024-07-05 11:00:58.585,3a1c663e-9882-460f-9e6c-c00fd08ef579,67.0,
,21312,62670031,1,2024-07-05 11:20:55.363,,,62670031,2024-07-05 11:20:55.612,2024-07-05 11:20:55.612,,,,,UTC+0200,ooOmDJ1LSk,,com.sec.android.app.shealth,2024-07-05 11:20:55.363,104bc426-5172-4db2-9ad1-e3d41991ceec,82.0,
,21312,62670031,1,2024-07-05 11:50:29.265,,,62670031,2024-07-05 12:11:14.137,2024-07-05 12:11:14.137,,,,,UTC+0200,ooOmDJ1LSk,,com.sec.android.app.shealth,2024-07-05 11:50:29.265,0b3ce497-5ad7-48b2-9336-328e5dc4f514,82.0,
,21312,62670031,1,2024-07-05 12:00:29.265,,,62670031,2024-07-05 12:11:14.147,2024-07-05 12:11:14.147,,,,,UTC+0200,ooOmDJ1LSk,,com.sec.android.app.shealth,2024-07-05 12:00:29.265,a3db572f-7928-412b-98d0-3114c3b44a30,84.0,
,21312,62670031,1,2024-07-05 12:10:29.265,,,62670031,2024-07-05 12:11:14.169,2024-07-05 12:11:14.169,,,,,UTC+0200,ooOmDJ1LSk,,com.sec.android.app.shealth,2024-07-05 12:10:29.265,54616f5c-c9fc-477b-ba1c-1a71b21303e0,82.0,
,21312,62670031,1,2024-07-05 12:20:29.280,,,62670031,2024-07-05 12:27:54.902,2024-07-05 12:27:54.902,,,,,UTC+0200,ooOmDJ1LSk,,com.sec.android.app.shealth,2024-07-05 12:20:29.280,c9226d17-88a5-40ba-a079-499540d922a8,84.0,
,21312,62670031,1,2024-07-05 12:40:38.931,,,62670031,2024-07-05 12:40:39.917,2024-07-05 12:40:39.917,,,,,UTC+0200,ooOmDJ1LSk,,com.sec.android.app.shealth,2024-07-05 12:40:38.931,e54b0cda-8b3d-49af-8e4b-d10f9d241557,90.0,
,21312,62670031,1,2024-07-05 13:00:29.310,,,62670031,2024-07-05 13:04:29.763,2024-07-05 13:04:29.763,,,,,UTC+0200,ooOmDJ1LSk,,com.sec.android.app.shealth,2024-07-05 13:00:29.310,b255bdf7-5d0d-47c2-8ea9-1118bc583e53,45.0,
,21312,62670031,1,2024-07-05 13:10:29.286,,,62670031,2024-07-05 13:10:53.752,2024-07-05 13:10:53.752,,,,,UTC+0200,ooOmDJ1LSk,,com.sec.android.app.shealth,2024-07-05 13:10:29.286,88153564-ddb7-40ef-8d44-f89ea273e3ae,82.0,
,21312,62670031,1,2024-07-05 13:20:29.293,,,62670031,2024-07-05 13:24:36.795,2024-07-05 13:24:36.795,,,,,UTC+0200,ooOmDJ1LSk,,com.sec.android.app.shealth,2024-07-05 13:20:29.293,834690c8-f14c-4c41-a36e-bd4c1ffd312b,85.0,
,21312,62670031,1,2024-07-05 13:30:29.388,,,62670031,2024-07-05 13:30:54.385,2024-07-05 13:30:54.385,,,,,UTC+0200,ooOmDJ1LSk,,com.sec.android.app.shealth,2024-07-05 13:30:29.388,2561ec9d-33ce-4afe-a321-37f72ea6a855,83.0,
,21312,62670031,1,2024-07-05 13:40:29.269,,,62670031,2024-07-05 13:40:42.389,2024-07-05 13:40:42.389,,,,,UTC+0200,ooOmDJ1LSk,,com.sec.android.app.shealth,2024-07-05 13:40:29.269,9ddf8306-bdfc-4858-a337-de9070fd6104,77.0,
,21312,62670031,1,2024-07-05 14:40:29.391,,,62670031,2024-07-05 14:47:31.516,2024-07-05 14:47:31.516,,,,,UTC+0200,ooOmDJ1LSk,,com.sec.android.app.shealth,2024-07-05 14:40:29.391,96c1647a-e4fe-4254-867c-3f18397dff60,71.0,
,21312,62670031,1,2024-07-05 14:50:29.378,,,62670031,2024-07-05 14:55:00.510,2024-07-05 14:55:00.510,,,,,UTC+0200,ooOmDJ1LSk,,com.sec.android.app.shealth,2024-07-05 14:50:29.378,e1ea2611-dc41-45c0-a77b-2d40cfb1689e,75.0,
,21312,62670031,1,2024-07-05 15:00:29.282,,,62670031,2024-07-05 15:08:10.548,2024-07-05 15:08:10.548,,,,,UTC+0200,ooOmDJ1LSk,,com.sec.android.app.shealth,2024-07-05 15:00:29.282,83ff5691-f477-48e9-be8a-0471dd3b32d8,70.0,
,21312,62670031,1,2024-07-05 15:10:29.272,,,62670031,2024-07-05 15:10:28.990,2024-07-05 15:10:28.990,,,,,UTC+0200,ooOmDJ1LSk,,com.sec.android.app.shealth,2024-07-05 15:10:29.272,b60ac1b0-24c8-4fa0-aa4d-ccae06f8dfeb,66.0,
,21312,62670031,1,2024-07-05 16:40:29.261,,,62670031,2024-07-05 16:46:03.383,2024-07-05 16:46:03.383,,,,,UTC+0200,ooOmDJ1LSk,,com.sec.android.app.shealth,2024-07-05 16:40:29.261,2b26a3a9-f941-48ac-b3af-6a1b78cd9618,76.0,
,21312,62670031,1,2024-07-05 16:50:57.281,,,62670031,2024-07-05 16:59:55.912,2024-07-05 16:59:55.912,,,,,UTC+0200,ooOmDJ1LSk,,com.sec.android.app.shealth,2024-07-05 16:50:57.281,d83c36b0-8fa4-45b7-8bfe-1d3f0a05ae6a,70.0,
,21312,62670031,1,2024-07-05 17:20:30.633,,,62670031,2024-07-05 17:20:55.188,2024-07-05 17:20:55.188,,,,,UTC+0200,ooOmDJ1LSk,,com.sec.android.app.shealth,2024-07-05 17:20:30.633,47b4927d-6a1f-46d1-968b-6cc8641522cd,83.0,
,21312,62670031,1,2024-07-05 17:30:29.286,,,62670031,2024-07-05 17:34:20.679,2024-07-05 17:34:20.679,,,,,UTC+0200,ooOmDJ1LSk,,com.sec.android.app.shealth,2024-07-05 17:30:29.286,805f7bd2-157d-4d79-85b1-d111b345d3ec,68.0,
,21312,62670031,1,2024-07-05 17:40:29.263,,,62670031,2024-07-05 17:41:18.215,2024-07-05 17:41:18.215,,,,,UTC+0200,ooOmDJ1LSk,,com.sec.android.app.shealth,2024-07-05 17:40:29.263,614623be-87c7-4f3e-ba6c-10df97c354de,79.0,
,21312,62670031,1,2024-07-05 17:50:59.478,,,62670031,2024-07-05 17:51:33.812,2024-07-05 17:51:33.812,,,,,UTC+0200,ooOmDJ1LSk,,com.sec.android.app.shealth,2024-07-05 17:50:59.478,427a9352-d9a6-4fe1-bffc-15035b96996e,77.0,
,21312,62670031,1,2024-07-05 18:00:29.344,,,62670031,2024-07-05 18:01:22.590,2024-07-05 18:01:22.590,,,,,UTC+0200,ooOmDJ1LSk,,com.sec.android.app.shealth,2024-07-05 18:00:29.344,e983c532-673d-46d6-b97d-5fe747202894,81.0,
,21312,62670031,1,2024-07-05 18:20:29.328,,,62670031,2024-07-05 18:41:13.125,2024-07-05 18:41:13.125,,,,,UTC+0200,ooOmDJ1LSk,,com.sec.android.app.shealth,2024-07-05 18:20:29.328,36769e27-eaec-44ba-9709-77e259243492,77.0,
,21312,62670031,1,2024-07-05 18:30:29.328,,,62670031,2024-07-05 18:41:13.139,2024-07-05 18:41:13.139,,,,,UTC+0200,ooOmDJ1LSk,,com.sec.android.app.shealth,2024-07-05 18:30:29.328,75a0d7a3-b1b8-45ce-a139-d8c19f86ba4f,77.0,
,21312,62670031,1,2024-07-05 18:40:29.328,,,62670031,2024-07-05 18:41:13.186,2024-07-05 18:41:13.186,,,,,UTC+0200,ooOmDJ1LSk,,com.sec.android.app.shealth,2024-07-05 18:40:29.328,e8593ff8-2bf2-4184-9ec1-cd2e67c1d8ce,79.0,
,21312,62670031,1,2024-07-05 18:50:29.337,,,62670031,2024-07-05 18:55:00.440,2024-07-05 18:55:00.440,,,,,UTC+0200,ooOmDJ1LSk,,com.sec.android.app.shealth,2024-07-05 18:50:29.337,be6e3560-e8b5-48ff-88ca-78d612b5cba3,75.0,
,21312,62670031,1,2024-07-05 19:00:29.300,,,62670031,2024-07-05 19:01:53.445,2024-07-05 19:01:53.445,,,,,UTC+0200,ooOmDJ1LSk,,com.sec.android.app.shealth,2024-07-05 19:00:29.300,6d26ec1f-5f7f-4b27-b65f-ed18425296bb,72.0,
,21312,62670031,1,2024-07-05 19:10:29.253,,,62670031,2024-07-05 19:10:30.799,2024-07-05 19:10:30.799,,,,,UTC+0200,ooOmDJ1LSk,,com.sec.android.app.shealth,2024-07-05 19:10:29.253,aeb8b3cd-7219-48e5-bdb9-9762d1d46a80,69.0,
,21312,62670031,1,2024-07-05 19:20:29.301,,,62670031,2024-07-05 19:22:08.196,2024-07-05 19:22:08.196,,,,,UTC+0200,ooOmDJ1LSk,,com.sec.android.app.shealth,2024-07-05 19:20:29.301,75c2827b-9ba3-42f9-8d15-d176c4949418,70.0,
,21312,62670031,1,2024-07-05 19:30:29.392,,,62670031,2024-07-05 19:34:26.924,2024-07-05 19:34:26.924,,,,,UTC+0200,ooOmDJ1LSk,,com.sec.android.app.shealth,2024-07-05 19:30:29.392,dfde65e9-5989-428c-a52b-5fe927683f63,67.0,
,21312,62670031,1,2024-07-05 19:40:29.252,,,62670031,2024-07-05 19:40:29.942,2024-07-05 19:40:29.942,,,,,UTC+0200,ooOmDJ1LSk,,com.sec.android.app.shealth,2024-07-05 19:40:29.252,4e6126bc-3863-416a-88fb-53671c9b3700,69.0,
,21312,62670031,1,2024-07-05 19:50:29.291,,,62670031,2024-07-05 19:52:41.123,2024-07-05 19:52:41.123,,,,,UTC+0200,ooOmDJ1LSk,,com.sec.android.app.shealth,2024-07-05 19:50:29.291,0fab9334-9cb2-48cc-b4a4-ba60b364281a,67.0,
,21312,62670031,1,2024-07-05 20:00:29.290,,,62670031,2024-07-05 20:15:01.364,2024-07-05 20:15:01.364,,,,,UTC+0200,ooOmDJ1LSk,,com.sec.android.app.shealth,2024-07-05 20:00:29.290,617d22dd-684e-42e0-a84b-1c60e6f09e48,66.0,
,21312,62670031,1,2024-07-05 20:10:29.290,,,62670031,2024-07-05 20:15:01.372,2024-07-05 20:15:01.372,,,,,UTC+0200,ooOmDJ1LSk,,com.sec.android.app.shealth,2024-07-05 20:10:29.290,460fc2ca-2b8f-4a9f-873c-f748089f0d8b,64.0,
,21312,62670031,1,2024-07-05 20:20:29.333,,,62670031,2024-07-05 20:31:32.230,2024-07-05 20:31:32.230,,,,,UTC+0200,ooOmDJ1LSk,,com.sec.android.app.shealth,2024-07-05 20:20:29.333,830e93bd-42ba-4b8a-a3f3-071e79c7b6f8,63.0,
,21312,62670031,1,2024-07-05 20:41:25.102,,,62670031,2024-07-05 20:41:36.130,2024-07-05 20:41:36.130,,,,,UTC+0200,ooOmDJ1LSk,,com.sec.android.app.shealth,2024-07-05 20:41:25.102,fbcb9035-5000-4418-a37d-bd734b253220,78.0,
,21312,62670031,1,2024-07-05 20:50:29.347,,,62670031,2024-07-05 20:55:00.476,2024-07-05 20:55:00.476,,,,,UTC+0200,ooOmDJ1LSk,,com.sec.android.app.shealth,2024-07-05 20:50:29.347,620f502f-f78d-4002-8602-8cc3339aa9b5,64.0,
,21312,62670031,1,2024-07-05 21:00:29.255,,,62670031,2024-07-05 21:15:02.047,2024-07-05 21:15:02.047,,,,,UTC+0200,ooOmDJ1LSk,,com.sec.android.app.shealth,2024-07-05 21:00:29.255,ee08dacd-4be0-4d94-ae84-d5f58ec5d928,62.0,
,21312,62670031,1,2024-07-05 21:10:29.255,,,62670031,2024-07-05 21:15:02.053,2024-07-05 21:15:02.053,,,,,UTC+0200,ooOmDJ1LSk,,com.sec.android.app.shealth,2024-07-05 21:10:29.255,3b6a0738-724d-4a3e-bf66-e77063cc448d,63.0,
,21312,62670031,1,2024-07-05 21:20:29.292,,,62670031,2024-07-05 21:35:01.025,2024-07-05 21:35:01.025,,,,,UTC+0200,ooOmDJ1LSk,,com.sec.android.app.shealth,2024-07-05 21:20:29.292,471b8ed9-f4d1-4cae-9715-1e66872718c8,61.0,
,21312,62670031,1,2024-07-05 21:30:29.292,,,62670031,2024-07-05 21:35:01.037,2024-07-05 21:35:01.037,,,,,UTC+0200,ooOmDJ1LSk,,com.sec.android.app.shealth,2024-07-05 21:30:29.292,7a6ffe07-b1ce-47eb-af67-824a214787f4,60.0,
,21312,62670031,1,2024-07-05 21:40:29.365,,,62670031,2024-07-05 21:55:00.259,2024-07-05 21:55:00.259,,,,,UTC+0200,ooOmDJ1LSk,,com.sec.android.app.shealth,2024-07-05 21:40:29.365,161d705e-529f-4554-b750-276bfbd4e491,59.0,
,21312,62670031,1,2024-07-05 21:50:29.365,,,62670031,2024-07-05 21:55:00.278,2024-07-05 21:55:00.278,,,,,UTC+0200,ooOmDJ1LSk,,com.sec.android.app.shealth,2024-07-05 21:50:29.365,7acd4ac1-8e5e-4f05-a89e-bcf3a333f220,60.0,
,21312,62670031,1,2024-07-05 22:00:29.294,,,62670031,2024-07-05 22:14:59.577,2024-07-05 22:14:59.577,,,,,UTC+0200,ooOmDJ1LSk,,com.sec.android.app.shealth,2024-07-05 22:00:29.294,4f404d35-dd2a-4b2e-8ec2-72ceb4be4ad4,60.0,
,21312,62670031,1,2024-07-05 22:10:29.294,,,62670031,2024-07-05 22:14:59.589,2024-07-05 22:14:59.589,,,,,UTC+0200,ooOmDJ1LSk,,com.sec.android.app.shealth,2024-07-05 22:10:29.294,083c5885-e0bb-4903-b352-2b9bec82ceb6,60.0,
,21312,62670031,1,2024-07-05 22:20:29.327,,,62670031,2024-07-05 22:35:00.168,2024-07-05 22:35:00.168,,,,,UTC+0200,ooOmDJ1LSk,,com.sec.android.app.shealth,2024-07-05 22:20:29.327,208071a1-e045-45d6-844a-17bcce31e342,58.0,
,21312,62670031,1,2024-07-05 22:30:29.327,,,62670031,2024-07-05 22:35:00.260,2024-07-05 22:35:00.260,,,,,UTC+0200,ooOmDJ1LSk,,com.sec.android.app.shealth,2024-07-05 22:30:29.327,b7253582-02ee-4059-b3fa-945d7c62e0a8,58.0,
,21312,62670031,1,2024-07-05 22:40:29.337,,,62670031,2024-07-05 22:55:03.917,2024-07-05 22:55:03.917,,,,,UTC+0200,ooOmDJ1LSk,,com.sec.android.app.shealth,2024-07-05 22:40:29.337,736082d9-f428-48c9-afb9-0603ae12c6b9,58.0,
,21312,62670031,1,2024-07-05 22:50:29.337,,,62670031,2024-07-05 22:55:04.014,2024-07-05 22:55:04.014,,,,,UTC+0200,ooOmDJ1LSk,,com.sec.android.app.shealth,2024-07-05 22:50:29.337,ffe17a13-e50c-472d-a28a-ad6da659d323,58.0,
,21312,62670031,1,2024-07-05 23:00:29.285,,,62670031,2024-07-05 23:15:02.538,2024-07-05 23:15:02.538,,,,,UTC+0200,ooOmDJ1LSk,,com.sec.android.app.shealth,2024-07-05 23:00:29.285,304d9251-05af-43bc-88e5-c5c8a9d3e27e,58.0,
,21312,62670031,1,2024-07-05 23:10:29.285,,,62670031,2024-07-05 23:15:02.551,2024-07-05 23:15:02.551,,,,,UTC+0200,ooOmDJ1LSk,,com.sec.android.app.shealth,2024-07-05 23:10:29.285,b20ebce0-12d7-42a3-96be-8b57525a81cc,60.0,
,21312,62670031,1,2024-07-05 23:20:29.365,,,62670031,2024-07-05 23:34:59.435,2024-07-05 23:34:59.435,,,,,UTC+0200,ooOmDJ1LSk,,com.sec.android.app.shealth,2024-07-05 23:20:29.365,8bf60c8b-e118-489e-b56c-a4f4eb138112,62.0,
,21312,62670031,1,2024-07-05 23:30:29.365,,,62670031,2024-07-05 23:34:59.442,2024-07-05 23:34:59.442,,,,,UTC+0200,ooOmDJ1LSk,,com.sec.android.app.shealth,2024-07-05 23:30:29.365,6366f54e-65ac-4773-acc2-61e3829a5065,58.0,
,21312,62670031,1,2024-07-05 23:40:29.307,,,62670031,2024-07-05 23:55:00.057,2024-07-05 23:55:00.057,,,,,UTC+0200,ooOmDJ1LSk,,com.sec.android.app.shealth,2024-07-05 23:40:29.307,a3bedad4-38b0-4b98-b858-78fd4cda1fa7,57.0,
,21312,62670031,1,2024-07-05 23:50:29.307,,,62670031,2024-07-05 23:55:00.067,2024-07-05 23:55:00.067,,,,,UTC+0200,ooOmDJ1LSk,,com.sec.android.app.shealth,2024-07-05 23:50:29.307,03ae0621-0d7a-472d-a93b-bc81f674f8ba,60.0,
,21312,62670031,1,2024-07-06 00:00:58.480,,,62670031,2024-07-06 00:15:00.513,2024-07-06 00:15:00.513,,,,,UTC+0200,ooOmDJ1LSk,,com.sec.android.app.shealth,2024-07-06 00:00:58.480,2c98dac3-5b2d-4778-9439-6ed9e0a3b96c,62.0,
,21312,62670031,1,2024-07-06 00:10:58.480,,,62670031,2024-07-06 00:15:00.522,2024-07-06 00:15:00.522,,,,,UTC+0200,ooOmDJ1LSk,,com.sec.android.app.shealth,2024-07-06 00:10:58.480,7473c3d3-2f13-4551-b854-c701c07a72a1,61.0,
,21312,62670031,1,2024-07-06 00:20:29.289,,,62670031,2024-07-06 00:34:59.998,2024-07-06 00:34:59.998,,,,,UTC+0200,ooOmDJ1LSk,,com.sec.android.app.shealth,2024-07-06 00:20:29.289,4beac7a1-b21a-4db4-9fcf-c5459f60f5a7,65.0,
,21312,62670031,1,2024-07-06 00:30:29.289,,,62670031,2024-07-06 00:35:00.011,2024-07-06 00:35:00.011,,,,,UTC+0200,ooOmDJ1LSk,,com.sec.android.app.shealth,2024-07-06 00:30:29.289,daedd079-791e-46e7-ac9a-da73b61f6532,66.0,
,21312,62670031,1,2024-07-06 00:40:29.305,,,62670031,2024-07-06 00:55:02.079,2024-07-06 00:55:02.079,,,,,UTC+0200,ooOmDJ1LSk,,com.sec.android.app.shealth,2024-07-06 00:40:29.305,9423b934-1028-48ec-82d8-a15a4d708343,64.0,
,21312,62670031,1,2024-07-06 00:50:29.305,,,62670031,2024-07-06 00:55:02.089,2024-07-06 00:55:02.089,,,,,UTC+0200,ooOmDJ1LSk,,com.sec.android.app.shealth,2024-07-06 00:50:29.305,209bd35e-7b33-4da5-904e-f80b850d80b3,67.0,
,21312,62670031,1,2024-07-06 01:00:29.314,,,62670031,2024-07-06 01:15:03.053,2024-07-06 01:15:03.053,,,,,UTC+0200,ooOmDJ1LSk,,com.sec.android.app.shealth,2024-07-06 01:00:29.314,437421eb-4537-4119-a889-1107f05d7839,65.0,
,21312,62670031,1,2024-07-06 01:10:29.314,,,62670031,2024-07-06 01:15:03.063,2024-07-06 01:15:03.063,,,,,UTC+0200,ooOmDJ1LSk,,com.sec.android.app.shealth,2024-07-06 01:10:29.314,63ab40e3-97cc-4c31-a613-d727efb8817d,69.0,
,21312,62670031,1,2024-07-06 01:20:29.299,,,62670031,2024-07-06 01:35:03.464,2024-07-06 01:35:03.464,,,,,UTC+0200,ooOmDJ1LSk,,com.sec.android.app.shealth,2024-07-06 01:20:29.299,5c8f760b-e2be-4f6c-9c9e-2fbedeecf370,62.0,
,21312,62670031,1,2024-07-06 01:30:29.299,,,62670031,2024-07-06 01:35:03.473,2024-07-06 01:35:03.473,,,,,UTC+0200,ooOmDJ1LSk,,com.sec.android.app.shealth,2024-07-06 01:30:29.299,5d50333e-521d-4dc3-b9b6-c253449f2c57,65.0,
,21312,62670031,1,2024-07-06 01:40:29.378,,,62670031,2024-07-06 01:55:01.466,2024-07-06 01:55:01.466,,,,,UTC+0200,ooOmDJ1LSk,,com.sec.android.app.shealth,2024-07-06 01:40:29.378,688abde7-bcfd-4295-adef-733f333430b0,66.0,
,21312,62670031,1,2024-07-06 01:50:29.378,,,62670031,2024-07-06 01:55:01.473,2024-07-06 01:55:01.473,,,,,UTC+0200,ooOmDJ1LSk,,com.sec.android.app.shealth,2024-07-06 01:50:29.378,c3c13694-4d27-4f16-bc12-4b3d9da50b61,70.0,
,21312,62670031,1,2024-07-06 02:00:29.318,,,62670031,2024-07-06 02:15:02.054,2024-07-06 02:15:02.054,,,,,UTC+0200,ooOmDJ1LSk,,com.sec.android.app.shealth,2024-07-06 02:00:29.318,7ca8a937-343e-404d-b6bf-d09e83a9857d,65.0,
,21312,62670031,1,2024-07-06 02:10:29.318,,,62670031,2024-07-06 02:15:02.062,2024-07-06 02:15:02.062,,,,,UTC+0200,ooOmDJ1LSk,,com.sec.android.app.shealth,2024-07-06 02:10:29.318,a0393212-3a11-4d81-8803-7c7fd09ec041,59.0,
,21312,62670031,1,2024-07-06 02:20:29.321,,,62670031,2024-07-06 02:35:01.386,2024-07-06 02:35:01.386,,,,,UTC+0200,ooOmDJ1LSk,,com.sec.android.app.shealth,2024-07-06 02:20:29.321,fc3001a0-2c1f-4a52-a575-8d908ca680f0,57.0,
,21312,62670031,1,2024-07-06 02:30:29.321,,,62670031,2024-07-06 02:35:01.397,2024-07-06 02:35:01.397,,,,,UTC+0200,ooOmDJ1LSk,,com.sec.android.app.shealth,2024-07-06 02:30:29.321,274c70c7-e7b7-4612-b995-6753cc2ee3a8,60.0,
,21312,62670031,1,2024-07-06 02:40:29.346,,,62670031,2024-07-06 02:55:01.369,2024-07-06 02:55:01.369,,,,,UTC+0200,ooOmDJ1LSk,,com.sec.android.app.shealth,2024-07-06 02:40:29.346,ee1b3adf-c83b-4ac6-b9f0-0f216e0c9df6,58.0,
,21312,62670031,1,2024-07-06 02:50:29.346,,,62670031,2024-07-06 02:55:01.379,2024-07-06 02:55:01.379,,,,,UTC+0200,ooOmDJ1LSk,,com.sec.android.app.shealth,2024-07-06 02:50:29.346,cd28c56c-7890-4960-bb5f-fe304dde9b9f,59.0,
,21312,62670031,1,2024-07-06 03:00:29.351,,,62670031,2024-07-06 03:15:02.502,2024-07-06 03:15:02.502,,,,,UTC+0200,ooOmDJ1LSk,,com.sec.android.app.shealth,2024-07-06 03:00:29.351,a99e3e19-3afc-40a3-9bfc-d55a93404e6d,60.0,
,21312,62670031,1,2024-07-06 03:10:29.351,,,62670031,2024-07-06 03:15:02.515,2024-07-06 03:15:02.515,,,,,UTC+0200,ooOmDJ1LSk,,com.sec.android.app.shealth,2024-07-06 03:10:29.351,9b015d67-0f59-40b2-a8a4-b5390acbe3e7,60.0,
,21312,62670031,1,2024-07-06 03:20:29.295,,,62670031,2024-07-06 03:35:01.799,2024-07-06 03:35:01.799,,,,,UTC+0200,ooOmDJ1LSk,,com.sec.android.app.shealth,2024-07-06 03:20:29.295,660da557-9e17-48a7-9f6e-e7edd2881ad4,60.0,
,21312,62670031,1,2024-07-06 03:30:29.295,,,62670031,2024-07-06 03:35:01.811,2024-07-06 03:35:01.811,,,,,UTC+0200,ooOmDJ1LSk,,com.sec.android.app.shealth,2024-07-06 03:30:29.295,ccdaf2c7-235f-400a-93a9-9ef21bacf956,63.0,
,21312,62670031,1,2024-07-06 03:40:29.301,,,62670031,2024-07-06 03:55:03.051,2024-07-06 03:55:03.051,,,,,UTC+0200,ooOmDJ1LSk,,com.sec.android.app.shealth,2024-07-06 03:40:29.301,661d06cd-d03c-460b-8a55-06996ddd09ce,65.0,
,21312,62670031,1,2024-07-06 03:50:29.301,,,62670031,2024-07-06 03:55:03.061,2024-07-06 03:55:03.061,,,,,UTC+0200,ooOmDJ1LSk,,com.sec.android.app.shealth,2024-07-06 03:50:29.301,cfbdbe4f-170d-471f-a081-cc82171b5136,62.0,
,21312,62670031,1,2024-07-06 04:00:29.330,,,62670031,2024-07-06 04:05:47.977,2024-07-06 04:05:47.977,,,,,UTC+0200,ooOmDJ1LSk,,com.sec.android.app.shealth,2024-07-06 04:00:29.330,a4fe5238-097d-472a-a0be-c7b3055eff71,61.0,
,21312,62670031,1,2024-07-06 04:11:02.323,,,62670031,2024-07-06 04:15:00.518,2024-07-06 04:15:00.518,,,,,UTC+0200,ooOmDJ1LSk,,com.sec.android.app.shealth,2024-07-06 04:11:02.323,8386a2a3-5ab6-4162-8ecc-780db3a5d31d,68.0,
,21312,62670031,1,2024-07-06 04:20:29.239,,,62670031,2024-07-06 04:35:01.319,2024-07-06 04:35:01.319,,,,,UTC+0200,ooOmDJ1LSk,,com.sec.android.app.shealth,2024-07-06 04:20:29.239,3211d759-41de-4b45-99db-2f99dff94ec1,57.0,
,21312,62670031,1,2024-07-06 04:30:29.239,,,62670031,2024-07-06 04:35:01.353,2024-07-06 04:35:01.353,,,,,UTC+0200,ooOmDJ1LSk,,com.sec.android.app.shealth,2024-07-06 04:30:29.239,57cf0511-763e-4dae-adb2-d7a9afff32d6,56.0,
,21312,62670031,1,2024-07-06 04:40:29.323,,,62670031,2024-07-06 04:55:00.250,2024-07-06 04:55:00.250,,,,,UTC+0200,ooOmDJ1LSk,,com.sec.android.app.shealth,2024-07-06 04:40:29.323,890fe53a-3d0b-4e03-b591-140f04225086,60.0,
,21312,62670031,1,2024-07-06 04:50:29.323,,,62670031,2024-07-06 04:55:00.261,2024-07-06 04:55:00.261,,,,,UTC+0200,ooOmDJ1LSk,,com.sec.android.app.shealth,2024-07-06 04:50:29.323,e7fbced2-e4fa-4c9d-8e7c-c66b70e94580,62.0,
,21312,62670031,1,2024-07-06 05:00:29.339,,,62670031,2024-07-06 05:00:56.796,2024-07-06 05:00:56.796,,,,,UTC+0200,ooOmDJ1LSk,,com.sec.android.app.shealth,2024-07-06 05:00:29.339,9d9f4d98-796a-40bd-a995-a344a679e42b,59.0,
,21312,62670031,1,2024-07-06 05:10:29.252,,,62670031,2024-07-06 05:15:00.343,2024-07-06 05:15:00.343,,,,,UTC+0200,ooOmDJ1LSk,,com.sec.android.app.shealth,2024-07-06 05:10:29.252,5145aab0-5b40-477b-8f37-25fac636ed82,58.0,
,21312,62670031,1,2024-07-06 14:30:29.332,,,62670031,2024-07-06 14:35:01.707,2024-07-06 14:35:01.707,,,,,UTC+0200,ooOmDJ1LSk,,com.sec.android.app.shealth,2024-07-06 14:30:29.332,0d1482c6-22df-449b-aabb-d44029e993e9,69.0,
,21312,62670031,1,2024-07-06 14:40:22.508,,,62670031,2024-07-06 14:55:01.049,2024-07-06 14:55:01.049,,,,,UTC+0200,ooOmDJ1LSk,,com.sec.android.app.shealth,2024-07-06 14:40:22.508,8ea16b3d-1c1c-488a-9704-e45753a4d5dd,71.0,
,21312,62670031,1,2024-07-06 15:00:29.272,,,62670031,2024-07-06 15:15:00.351,2024-07-06 15:15:00.351,,,,,UTC+0200,ooOmDJ1LSk,,com.sec.android.app.shealth,2024-07-06 15:00:29.272,57c1a054-fe56-4758-bb96-4823e01d0242,76.0,
,21312,62670031,1,2024-07-06 15:10:29.272,,,62670031,2024-07-06 15:15:00.357,2024-07-06 15:15:00.357,,,,,UTC+0200,ooOmDJ1LSk,,com.sec.android.app.shealth,2024-07-06 15:10:29.272,733734ba-7217-4886-b253-8140a1a1f5b4,82.0,
,21312,62670031,1,2024-07-06 15:20:29.236,,,62670031,2024-07-06 15:29:32.275,2024-07-06 15:29:32.275,,,,,UTC+0200,ooOmDJ1LSk,,com.sec.android.app.shealth,2024-07-06 15:20:29.236,fbc74daa-3321-4f00-a46f-7c9f618ac834,83.0,
,21312,62670031,1,2024-07-06 15:30:29.227,,,62670031,2024-07-06 15:31:04.717,2024-07-06 15:31:04.717,,,,,UTC+0200,ooOmDJ1LSk,,com.sec.android.app.shealth,2024-07-06 15:30:29.227,ec5a27a8-73d5-4f92-840a-a1838b56098c,76.0,
,21312,62670031,1,2024-07-06 15:40:29.401,,,62670031,2024-07-06 15:55:00.830,2024-07-06 15:55:00.830,,,,,UTC+0200,ooOmDJ1LSk,,com.sec.android.app.shealth,2024-07-06 15:40:29.401,3f4f70e6-5bd9-4035-be72-820d4302e9a4,71.0,
,21312,62670031,1,2024-07-06 15:50:29.401,,,62670031,2024-07-06 15:55:00.848,2024-07-06 15:55:00.848,,,,,UTC+0200,ooOmDJ1LSk,,com.sec.android.app.shealth,2024-07-06 15:50:29.401,21a8d365-7ca0-4b93-8f59-5f37b5f1f62e,78.0,
,21312,62670031,1,2024-07-06 16:00:29.332,,,62670031,2024-07-06 16:05:53.172,2024-07-06 16:05:53.172,,,,,UTC+0200,ooOmDJ1LSk,,com.sec.android.app.shealth,2024-07-06 16:00:29.332,25a083ce-975e-4169-8d62-199390acd0f6,71.0,
,21312,62670031,1,2024-07-06 16:20:29.303,,,62670031,2024-07-06 16:21:44.210,2024-07-06 16:21:44.210,,,,,UTC+0200,ooOmDJ1LSk,,com.sec.android.app.shealth,2024-07-06 16:20:29.303,e616865b-f2a8-41de-845d-a5d5b0741ca8,66.0,
,21312,62670031,1,2024-07-06 16:30:29.291,,,62670031,2024-07-06 16:31:14.224,2024-07-06 16:31:14.224,,,,,UTC+0200,ooOmDJ1LSk,,com.sec.android.app.shealth,2024-07-06 16:30:29.291,d5e8fc2d-4b2e-47f8-ac25-dab0c5298ed4,68.0,
,21312,62670031,1,2024-07-06 16:40:29.305,,,62670031,2024-07-06 16:43:25.403,2024-07-06 16:43:25.403,,,,,UTC+0200,ooOmDJ1LSk,,com.sec.android.app.shealth,2024-07-06 16:40:29.305,d7d2d5e1-4905-40f3-b9c5-b30884a121c1,65.0,
,21312,62670031,1,2024-07-06 16:50:29.370,,,62670031,2024-07-06 16:50:30.141,2024-07-06 16:50:30.141,,,,,UTC+0200,ooOmDJ1LSk,,com.sec.android.app.shealth,2024-07-06 16:50:29.370,d02103ea-7b46-46a1-8245-e192096a8d31,78.0,
,21312,62670031,1,2024-07-06 17:10:30.642,,,62670031,2024-07-06 17:11:35.145,2024-07-06 17:11:35.145,,,,,UTC+0200,ooOmDJ1LSk,,com.sec.android.app.shealth,2024-07-06 17:10:30.642,c397b712-0f94-43b7-902d-7434d4d2c351,76.0,
,21312,62670031,1,2024-07-06 17:30:29.221,,,62670031,2024-07-06 17:33:15.869,2024-07-06 17:33:15.869,,,,,UTC+0200,ooOmDJ1LSk,,com.sec.android.app.shealth,2024-07-06 17:30:29.221,faf1e7d7-b4ac-40d1-bf9f-7028cbbbef09,66.0,
,21312,62670031,1,2024-07-06 17:40:29.236,,,62670031,2024-07-06 17:45:12.188,2024-07-06 17:45:12.188,,,,,UTC+0200,ooOmDJ1LSk,,com.sec.android.app.shealth,2024-07-06 17:40:29.236,f8c7452e-c318-4552-ba5a-87dc742f15e0,73.0,
,21312,62670031,1,2024-07-06 17:50:29.290,,,62670031,2024-07-06 18:00:28.394,2024-07-06 18:00:28.394,,,,,UTC+0200,ooOmDJ1LSk,,com.sec.android.app.shealth,2024-07-06 17:50:29.290,ce483414-ceec-43e6-b7e0-9dd23c85ab8b,72.0,
,21312,62670031,1,2024-07-06 18:00:29.303,,,62670031,2024-07-06 18:00:30.461,2024-07-06 18:00:30.461,,,,,UTC+0200,ooOmDJ1LSk,,com.sec.android.app.shealth,2024-07-06 18:00:29.303,fd890d17-dcd2-4886-8477-a9fb9ef7cef0,70.0,
,21312,62670031,1,2024-07-06 18:10:29.265,,,62670031,2024-07-06 18:15:01.056,2024-07-06 18:15:01.056,,,,,UTC+0200,ooOmDJ1LSk,,com.sec.android.app.shealth,2024-07-06 18:10:29.265,677550a7-6b55-44ba-95cb-72ca7e17aa7b,72.0,
,21312,62670031,1,2024-07-06 18:20:29.337,,,62670031,2024-07-06 18:24:59.240,2024-07-06 18:24:59.240,,,,,UTC+0200,ooOmDJ1LSk,,com.sec.android.app.shealth,2024-07-06 18:20:29.337,43b81b2c-5519-401d-83fe-e39c2c2d018a,70.0,
,21312,62670031,1,2024-07-06 18:30:29.309,,,62670031,2024-07-06 18:33:16.428,2024-07-06 18:33:16.428,,,,,UTC+0200,ooOmDJ1LSk,,com.sec.android.app.shealth,2024-07-06 18:30:29.309,b5093df1-1155-45b1-9598-0df249d6206e,74.0,
,21312,62670031,1,2024-07-06 18:40:29.259,,,62670031,2024-07-06 18:41:38.543,2024-07-06 18:41:38.543,,,,,UTC+0200,ooOmDJ1LSk,,com.sec.android.app.shealth,2024-07-06 18:40:29.259,89aea943-060f-4792-bbe0-2e7619576699,72.0,
,21312,62670031,1,2024-07-06 18:50:29.232,,,62670031,2024-07-06 18:55:00.069,2024-07-06 18:55:00.069,,,,,UTC+0200,ooOmDJ1LSk,,com.sec.android.app.shealth,2024-07-06 18:50:29.232,2177ce60-b8f6-4170-924e-1baf34c5c239,73.0,
,21312,62670031,1,2024-07-06 19:00:35.532,,,62670031,2024-07-06 19:01:18.790,2024-07-06 19:01:18.790,,,,,UTC+0200,ooOmDJ1LSk,,com.sec.android.app.shealth,2024-07-06 19:00:35.532,1d1ef942-61d5-40f7-ab97-2de2571a9b65,76.0,
,21312,62670031,1,2024-07-06 19:11:00.052,,,62670031,2024-07-06 19:14:22.622,2024-07-06 19:14:22.622,,,,,UTC+0200,ooOmDJ1LSk,,com.sec.android.app.shealth,2024-07-06 19:11:00.052,2e55505c-4a2d-4d26-b980-cd18d7afed84,86.0,
,21312,62670031,1,2024-07-06 19:20:29.266,,,62670031,2024-07-06 19:21:22.845,2024-07-06 19:21:22.845,,,,,UTC+0200,ooOmDJ1LSk,,com.sec.android.app.shealth,2024-07-06 19:20:29.266,625e0696-2478-4ba4-b7db-309bc46a9295,72.0,
,21312,62670031,1,2024-07-06 19:30:29.237,,,62670031,2024-07-06 19:30:43.765,2024-07-06 19:30:43.765,,,,,UTC+0200,ooOmDJ1LSk,,com.sec.android.app.shealth,2024-07-06 19:30:29.237,ab5e5726-b7c5-47d6-bf3a-3d6b40de11cf,69.0,
,21312,62670031,1,2024-07-06 19:40:29.251,,,62670031,2024-07-06 19:43:12.654,2024-07-06 19:43:12.654,,,,,UTC+0200,ooOmDJ1LSk,,com.sec.android.app.shealth,2024-07-06 19:40:29.251,bebec295-e465-4c8b-a5a9-86958eac65b9,70.0,
,21312,62670031,1,2024-07-06 19:50:29.396,,,62670031,2024-07-06 19:54:49.975,2024-07-06 19:54:49.975,,,,,UTC+0200,ooOmDJ1LSk,,com.sec.android.app.shealth,2024-07-06 19:50:29.396,93310e0e-c800-418a-87cd-3017546928f3,71.0,
,21312,62670031,1,2024-07-06 20:00:29.342,,,62670031,2024-07-06 20:15:01.062,2024-07-06 20:15:01.062,,,,,UTC+0200,ooOmDJ1LSk,,com.sec.android.app.shealth,2024-07-06 20:00:29.342,04b1f87f-8aa3-4d42-b734-27cae403aeb1,69.0,
,21312,62670031,1,2024-07-06 20:10:29.342,,,62670031,2024-07-06 20:15:01.072,2024-07-06 20:15:01.072,,,,,UTC+0200,ooOmDJ1LSk,,com.sec.android.app.shealth,2024-07-06 20:10:29.342,4e016a8d-7b82-48e0-a101-6ea8c8e73aa7,71.0,
,21312,62670031,1,2024-07-06 20:20:49.105,,,62670031,2024-07-06 20:23:10.164,2024-07-06 20:23:10.164,,,,,UTC+0200,ooOmDJ1LSk,,com.sec.android.app.shealth,2024-07-06 20:20:49.105,d2e157da-39cc-4881-854a-95e9a2d7c808,79.0,
,21312,62670031,1,2024-07-06 20:30:29.260,,,62670031,2024-07-06 20:35:00.468,2024-07-06 20:35:00.468,,,,,UTC+0200,ooOmDJ1LSk,,com.sec.android.app.shealth,2024-07-06 20:30:29.260,ac3a9fac-a495-44e2-9adc-2e2a80eb343c,73.0,
,21312,62670031,1,2024-07-06 20:40:29.274,,,62670031,2024-07-06 20:55:00.503,2024-07-06 20:55:00.503,,,,,UTC+0200,ooOmDJ1LSk,,com.sec.android.app.shealth,2024-07-06 20:40:29.274,ed5df8a4-6614-4564-9f0c-4162a2e2268a,70.0,
,21312,62670031,1,2024-07-06 20:50:29.274,,,62670031,2024-07-06 20:55:00.507,2024-07-06 20:55:00.507,,,,,UTC+0200,ooOmDJ1LSk,,com.sec.android.app.shealth,2024-07-06 20:50:29.274,b31fcf8e-d68f-4e45-8ef9-7c2be21e44d1,89.0,
,21312,62670031,1,2024-07-06 21:00:29.379,,,62670031,2024-07-06 21:07:38.097,2024-07-06 21:07:38.097,,,,,UTC+0200,ooOmDJ1LSk,,com.sec.android.app.shealth,2024-07-06 21:00:29.379,ee1b655a-54ff-45f7-be9e-1a6d544f1492,67.0,
,21312,62670031,1,2024-07-06 21:10:29.378,,,62670031,2024-07-06 21:15:00.588,2024-07-06 21:15:00.588,,,,,UTC+0200,ooOmDJ1LSk,,com.sec.android.app.shealth,2024-07-06 21:10:29.378,6701fa1e-86c4-4e1d-af3a-d1db16020a66,68.0,
,21312,62670031,1,2024-07-06 21:20:29.298,,,62670031,2024-07-06 21:35:01.059,2024-07-06 21:35:01.059,,,,,UTC+0200,ooOmDJ1LSk,,com.sec.android.app.shealth,2024-07-06 21:20:29.298,ecda35b1-8d15-4497-acc7-0363299e319e,71.0,
,21312,62670031,1,2024-07-06 21:30:29.298,,,62670031,2024-07-06 21:35:01.063,2024-07-06 21:35:01.063,,,,,UTC+0200,ooOmDJ1LSk,,com.sec.android.app.shealth,2024-07-06 21:30:29.298,52e9d1c1-9619-4a0f-8024-aefc8822a878,71.0,
,21312,62670031,1,2024-07-06 21:40:29.364,,,62670031,2024-07-06 21:50:06.434,2024-07-06 21:50:06.434,,,,,UTC+0200,ooOmDJ1LSk,,com.sec.android.app.shealth,2024-07-06 21:40:29.364,426a4847-0844-48a6-b6f8-eb531846aab8,60.0,
,21312,62701231,1,2024-07-06 21:51:04.747,,,62701231,2024-07-06 21:51:05.788,2024-07-06 21:51:05.788,,,,,UTC+0200,ooOmDJ1LSk,,com.sec.android.app.shealth,2024-07-06 21:51:04.747,45b1a015-0dac-4e08-82c8-e5feeef55224,69.0,
,21312,62701231,1,2024-07-06 22:00:29.330,,,62701231,2024-07-06 22:15:00.240,2024-07-06 22:15:00.240,,,,,UTC+0200,ooOmDJ1LSk,,com.sec.android.app.shealth,2024-07-06 22:00:29.330,4cd6cb02-19cd-4ca9-b6e8-4805d532c574,70.0,
,21312,62701231,1,2024-07-06 22:10:29.330,,,62701231,2024-07-06 22:15:00.247,2024-07-06 22:15:00.247,,,,,UTC+0200,ooOmDJ1LSk,,com.sec.android.app.shealth,2024-07-06 22:10:29.330,e282f6d9-0f12-431b-b83a-6f70568fb809,69.0,
,21312,62701231,1,2024-07-06 22:21:50.849,,,62701231,2024-07-06 22:32:33.266,2024-07-06 22:32:33.266,,,,,UTC+0200,ooOmDJ1LSk,,com.sec.android.app.shealth,2024-07-06 22:21:50.849,d8e1bc44-5597-4d73-9ec6-8c2edd417058,70.0,
,21312,62701231,1,2024-07-06 22:40:59.615,,,62701231,2024-07-06 22:55:00.052,2024-07-06 22:55:00.052,,,,,UTC+0200,ooOmDJ1LSk,,com.sec.android.app.shealth,2024-07-06 22:40:59.615,29c6d6c9-ab04-422a-8c18-6b0c250ccd7d,74.0,
,21312,62701231,1,2024-07-06 23:10:29.393,,,62701231,2024-07-06 23:14:59.639,2024-07-06 23:14:59.639,,,,,UTC+0200,ooOmDJ1LSk,,com.sec.android.app.shealth,2024-07-06 23:10:29.393,f344ac2d-792e-4c1b-9daa-0b66d064fbf0,63.0,
,21312,62701231,1,2024-07-06 23:20:29.317,,,62701231,2024-07-06 23:35:00.012,2024-07-06 23:35:00.012,,,,,UTC+0200,ooOmDJ1LSk,,com.sec.android.app.shealth,2024-07-06 23:20:29.317,905ec68d-295e-48d5-9480-5ca70739aafd,69.0,
,21312,62701231,1,2024-07-06 23:30:29.317,,,62701231,2024-07-06 23:35:00.024,2024-07-06 23:35:00.024,,,,,UTC+0200,ooOmDJ1LSk,,com.sec.android.app.shealth,2024-07-06 23:30:29.317,2c5c88ba-dc29-4bc9-b40c-338374be6ced,69.0,
,21312,62701231,1,2024-07-06 23:40:29.372,,,62701231,2024-07-06 23:55:00.055,2024-07-06 23:55:00.055,,,,,UTC+0200,ooOmDJ1LSk,,com.sec.android.app.shealth,2024-07-06 23:40:29.372,a710fa10-04f4-4c5e-934a-0078a6f4807a,68.0,
,21312,62701231,1,2024-07-06 23:50:29.372,,,62701231,2024-07-06 23:55:00.065,2024-07-06 23:55:00.065,,,,,UTC+0200,ooOmDJ1LSk,,com.sec.android.app.shealth,2024-07-06 23:50:29.372,11c028e3-b7c0-49e8-a180-3c6955f49869,67.0,
,21313,62701231,1,2024-07-06 23:00:00.000,,68b54b94-4c78-4cb8-a44a-a3cf915be15e.com.samsung.health.heart_rate.binning_data.json,62701231,2024-07-07 00:14:53.114,2024-07-06 23:14:59.625,,76.0,62.0,,UTC+0200,ooOmDJ1LSk,,com.sec.android.app.shealth,2024-07-06 23:59:59.999,68b54b94-4c78-4cb8-a44a-a3cf915be15e,65.0,
,21313,62701231,1,2024-07-07 00:00:00.000,,180014b5-9a75-4c97-bfdc-67df67cfd2bc.com.samsung.health.heart_rate.binning_data.json,62701231,2024-07-07 01:05:06.582,2024-07-07 01:05:06.582,,83.0,57.0,,UTC+0200,ooOmDJ1LSk,,com.sec.android.app.shealth,2024-07-07 00:59:59.999,180014b5-9a75-4c97-bfdc-67df67cfd2bc,64.0,
,21313,62701231,1,2024-07-07 01:00:00.000,,1f7665ab-1edc-4d50-b8da-dcb1c8907bee.com.samsung.health.heart_rate.binning_data.json,62701231,2024-07-07 02:05:07.779,2024-07-07 02:05:07.779,,75.0,55.0,,UTC+0200,ooOmDJ1LSk,,com.sec.android.app.shealth,2024-07-07 01:59:59.999,1f7665ab-1edc-4d50-b8da-dcb1c8907bee,64.0,
,21313,62701231,1,2024-07-07 02:00:00.000,,e35e79d7-bbc9-4e7c-92e5-b646d9f36d13.com.samsung.health.heart_rate.binning_data.json,62701231,2024-07-07 03:09:24.172,2024-07-07 03:09:24.172,,77.0,49.0,,UTC+0200,ooOmDJ1LSk,,com.sec.android.app.shealth,2024-07-07 02:59:59.999,e35e79d7-bbc9-4e7c-92e5-b646d9f36d13,62.0,
,21313,62701231,1,2024-07-07 03:00:00.000,,814661ac-4b29-4446-b669-77222465aeff.com.samsung.health.heart_rate.binning_data.json,62701231,2024-07-07 04:05:21.300,2024-07-07 04:05:21.300,,70.0,55.0,,UTC+0200,ooOmDJ1LSk,,com.sec.android.app.shealth,2024-07-07 03:59:59.999,814661ac-4b29-4446-b669-77222465aeff,62.0,
,21313,62701231,1,2024-07-07 04:00:00.000,,dbd7ff5d-e3f8-4dd8-b614-65a7d25ba8e9.com.samsung.health.heart_rate.binning_data.json,62701231,2024-07-07 05:05:20.374,2024-07-07 05:05:20.374,,76.0,51.0,,UTC+0200,ooOmDJ1LSk,,com.sec.android.app.shealth,2024-07-07 04:59:59.999,dbd7ff5d-e3f8-4dd8-b614-65a7d25ba8e9,59.0,
,21313,62701231,1,2024-07-07 05:00:00.000,,fa335681-bed9-46a3-a394-e3e858c0a4f6.com.samsung.health.heart_rate.binning_data.json,62701231,2024-07-07 06:05:06.786,2024-07-07 06:05:06.786,,85.0,51.0,,UTC+0200,ooOmDJ1LSk,,com.sec.android.app.shealth,2024-07-07 05:59:59.999,fa335681-bed9-46a3-a394-e3e858c0a4f6,58.0,
,21312,62701231,1,2024-07-07 07:20:59.428,,,62701231,2024-07-07 07:27:36.676,2024-07-07 07:27:36.676,,,,,UTC+0200,ooOmDJ1LSk,,com.sec.android.app.shealth,2024-07-07 07:20:59.428,515aef26-f5e7-435a-9aab-579cde548c3b,74.0,
,21312,62701231,1,2024-07-07 07:30:52.552,,,62701231,2024-07-07 07:31:17.987,2024-07-07 07:31:17.987,,,,,UTC+0200,ooOmDJ1LSk,,com.sec.android.app.shealth,2024-07-07 07:30:52.552,8a827d9a-1b5b-423a-a1e6-7672413cc7d1,74.0,
,21312,62701231,1,2024-07-07 07:40:29.314,,,62701231,2024-07-07 07:45:43.744,2024-07-07 07:45:43.744,,,,,UTC+0200,ooOmDJ1LSk,,com.sec.android.app.shealth,2024-07-07 07:40:29.314,b8af4ca8-3c10-4847-8f3b-d3d11ff02f35,63.0,
,21312,62701231,1,2024-07-07 10:20:29.311,,,62701231,2024-07-07 10:35:01.819,2024-07-07 10:35:01.819,,,,,UTC+0200,ooOmDJ1LSk,,com.sec.android.app.shealth,2024-07-07 10:20:29.311,5416e411-ae15-49dd-b1b8-22054c72aa4e,78.0,
,21312,62701231,1,2024-07-07 10:30:29.311,,,62701231,2024-07-07 10:35:01.831,2024-07-07 10:35:01.831,,,,,UTC+0200,ooOmDJ1LSk,,com.sec.android.app.shealth,2024-07-07 10:30:29.311,68a4bc61-726d-4394-9a17-adae6623fff1,67.0,
,21313,62701231,1,2024-07-07 06:00:00.000,,d171457b-30d9-47e0-b8e7-b357d538bc13.com.samsung.health.heart_rate.binning_data.json,62701231,2024-07-07 10:51:40.614,2024-07-07 06:51:33.532,,99.0,52.0,,UTC+0200,ooOmDJ1LSk,,com.sec.android.app.shealth,2024-07-07 06:59:59.999,d171457b-30d9-47e0-b8e7-b357d538bc13,59.0,
,21313,62701231,1,2024-07-07 10:00:00.000,,23a0c546-9677-4b77-86c7-5bad77030892.com.samsung.health.heart_rate.binning_data.json,62701231,2024-07-07 11:05:35.673,2024-07-07 10:12:42.187,,83.0,55.0,,UTC+0200,ooOmDJ1LSk,,com.sec.android.app.shealth,2024-07-07 10:59:59.999,23a0c546-9677-4b77-86c7-5bad77030892,66.0,
,21313,62701231,1,2024-07-07 11:00:00.000,,eb906345-f090-4f02-b9e1-3ba593205c8c.com.samsung.health.heart_rate.binning_data.json,62701231,2024-07-07 20:55:00.949,2024-07-07 11:18:36.585,,78.0,56.0,,UTC+0200,ooOmDJ1LSk,,com.sec.android.app.shealth,2024-07-07 11:59:59.999,eb906345-f090-4f02-b9e1-3ba593205c8c,69.0,
,21312,62701231,1,2024-07-07 11:31:07.760,,,62701231,2024-07-07 11:31:42.168,2024-07-07 11:31:42.168,,,,,UTC+0200,ooOmDJ1LSk,,com.sec.android.app.shealth,2024-07-07 11:31:07.760,ed288695-173a-4894-871c-71690631426b,72.0,
,21312,62701231,1,2024-07-07 11:40:29.375,,,62701231,2024-07-07 11:55:01.491,2024-07-07 11:55:01.491,,,,,UTC+0200,ooOmDJ1LSk,,com.sec.android.app.shealth,2024-07-07 11:40:29.375,f35c4f7f-5466-465c-97ec-0f27270140bc,76.0,
,21312,62701231,1,2024-07-07 11:50:29.375,,,62701231,2024-07-07 11:55:01.493,2024-07-07 11:55:01.493,,,,,UTC+0200,ooOmDJ1LSk,,com.sec.android.app.shealth,2024-07-07 11:50:29.375,d00187dd-068f-4c32-a363-35bb044588c8,72.0,
,21312,62701231,1,2024-07-07 12:10:29.329,,,62701231,2024-07-07 12:15:01.061,2024-07-07 12:15:01.061,,,,,UTC+0200,ooOmDJ1LSk,,com.sec.android.app.shealth,2024-07-07 12:10:29.329,f2a2a658-814f-449d-bf34-912a5b1695bf,67.0,
,21312,62701231,1,2024-07-07 12:20:29.332,,,62701231,2024-07-07 12:28:59.543,2024-07-07 12:28:59.543,,,,,UTC+0200,ooOmDJ1LSk,,com.sec.android.app.shealth,2024-07-07 12:20:29.332,329983d9-064a-43eb-b7bd-f189bd8a69ec,70.0,
,21312,62701231,1,2024-07-07 12:31:11.727,,,62701231,2024-07-07 12:35:01.042,2024-07-07 12:35:01.042,,,,,UTC+0200,ooOmDJ1LSk,,com.sec.android.app.shealth,2024-07-07 12:31:11.727,8c1715b5-5156-40f7-a7bf-33ae0521af71,68.0,
,21312,62701231,1,2024-07-07 12:40:29.321,,,62701231,2024-07-07 12:46:48.689,2024-07-07 12:46:48.689,,,,,UTC+0200,ooOmDJ1LSk,,com.sec.android.app.shealth,2024-07-07 12:40:29.321,dcc8f520-d0f6-4eb1-9885-7941361cde69,70.0,
,21312,62701231,1,2024-07-07 12:50:29.251,,,62701231,2024-07-07 12:50:52.050,2024-07-07 12:50:52.050,,,,,UTC+0200,ooOmDJ1LSk,,com.sec.android.app.shealth,2024-07-07 12:50:29.251,e3a8f3ce-6b38-49c6-9c1c-a5da232c6716,71.0,
,21312,62701231,1,2024-07-07 13:00:29.314,,,62701231,2024-07-07 13:08:42.261,2024-07-07 13:08:42.261,,,,,UTC+0200,ooOmDJ1LSk,,com.sec.android.app.shealth,2024-07-07 13:00:29.314,bde3d641-710e-47ff-be52-bd71f39a55c8,68.0,
,21312,62701231,1,2024-07-07 13:10:29.292,,,62701231,2024-07-07 13:15:00.312,2024-07-07 13:15:00.312,,,,,UTC+0200,ooOmDJ1LSk,,com.sec.android.app.shealth,2024-07-07 13:10:29.292,be639ecb-13e3-4cc3-bd7c-ba4ef5c41d33,67.0,
,21312,62701231,1,2024-07-07 13:20:29.314,,,62701231,2024-07-07 13:22:33.875,2024-07-07 13:22:33.875,,,,,UTC+0200,ooOmDJ1LSk,,com.sec.android.app.shealth,2024-07-07 13:20:29.314,eef26d30-3c33-4fee-8cdc-7303314ef8d8,65.0,
,21312,62701231,1,2024-07-07 13:30:41.095,,,62701231,2024-07-07 13:32:10.889,2024-07-07 13:32:10.889,,,,,UTC+0200,ooOmDJ1LSk,,com.sec.android.app.shealth,2024-07-07 13:30:41.095,df3ea5e0-93ac-47ff-ad6b-fe6a55ae5987,75.0,
,21312,62701231,1,2024-07-07 13:40:29.358,,,62701231,2024-07-07 13:43:38.686,2024-07-07 13:43:38.686,,,,,UTC+0200,ooOmDJ1LSk,,com.sec.android.app.shealth,2024-07-07 13:40:29.358,a9500cc5-29de-41f8-84c0-7cc5e44ab70a,66.0,
,21312,62701231,1,2024-07-07 13:50:29.322,,,62701231,2024-07-07 13:55:00.325,2024-07-07 13:55:00.325,,,,,UTC+0200,ooOmDJ1LSk,,com.sec.android.app.shealth,2024-07-07 13:50:29.322,e6372e4f-8c90-4239-ad3b-77fe4e6f77e9,66.0,
,21312,62701231,1,2024-07-07 14:10:29.330,,,62701231,2024-07-07 14:15:00.147,2024-07-07 14:15:00.147,,,,,UTC+0200,ooOmDJ1LSk,,com.sec.android.app.shealth,2024-07-07 14:10:29.330,c3a26ba1-19a8-4cea-b2dd-d3f7f19c2fa6,68.0,
,21312,62701231,1,2024-07-07 14:20:29.364,,,62701231,2024-07-07 14:22:48.582,2024-07-07 14:22:48.582,,,,,UTC+0200,ooOmDJ1LSk,,com.sec.android.app.shealth,2024-07-07 14:20:29.364,fd5abb33-fd10-4daa-b370-0f073a3f838f,65.0,
,21312,62701231,1,2024-07-07 14:30:29.256,,,62701231,2024-07-07 14:35:00.424,2024-07-07 14:35:00.424,,,,,UTC+0200,ooOmDJ1LSk,,com.sec.android.app.shealth,2024-07-07 14:30:29.256,3bb9b37e-f46c-4c63-a18a-d927e66e104c,65.0,
,21312,62701231,1,2024-07-07 14:40:29.277,,,62701231,2024-07-07 14:48:17.052,2024-07-07 14:48:17.052,,,,,UTC+0200,ooOmDJ1LSk,,com.sec.android.app.shealth,2024-07-07 14:40:29.277,8e4ceff4-94e4-48ed-80ae-78e136ab0bc9,60.0,
,21312,62701231,1,2024-07-07 14:50:29.313,,,62701231,2024-07-07 14:51:38.032,2024-07-07 14:51:38.032,,,,,UTC+0200,ooOmDJ1LSk,,com.sec.android.app.shealth,2024-07-07 14:50:29.313,9b38b862-2513-4875-b689-f8bf55bcba8c,67.0,
,21312,62701231,1,2024-07-07 15:00:29.320,,,62701231,2024-07-07 15:01:06.714,2024-07-07 15:01:06.714,,,,,UTC+0200,ooOmDJ1LSk,,com.sec.android.app.shealth,2024-07-07 15:00:29.320,f15b42da-e4a2-44ae-8561-d0e4fa6f6027,83.0,
,21312,62701231,1,2024-07-07 15:21:07.150,,,62701231,2024-07-07 15:21:33.164,2024-07-07 15:21:33.164,,,,,UTC+0200,ooOmDJ1LSk,,com.sec.android.app.shealth,2024-07-07 15:21:07.150,42c72dc5-99a0-4934-b2f4-6cac158e3683,80.0,
,21312,62701231,1,2024-07-07 15:30:29.312,,,62701231,2024-07-07 15:35:26.159,2024-07-07 15:35:26.159,,,,,UTC+0200,ooOmDJ1LSk,,com.sec.android.app.shealth,2024-07-07 15:30:29.312,bb81dc51-d8b4-4960-98ab-a281ee5c256c,66.0,
,21312,62701231,1,2024-07-07 15:40:29.305,,,62701231,2024-07-07 15:46:49.489,2024-07-07 15:46:49.489,,,,,UTC+0200,ooOmDJ1LSk,,com.sec.android.app.shealth,2024-07-07 15:40:29.305,cb4adf83-0a06-457c-a4d1-9b6b411405f6,64.0,
,21312,62701231,1,2024-07-07 15:50:29.291,,,62701231,2024-07-07 15:55:00.047,2024-07-07 15:55:00.047,,,,,UTC+0200,ooOmDJ1LSk,,com.sec.android.app.shealth,2024-07-07 15:50:29.291,aaf31832-d937-4970-abfb-85674a8c6229,68.0,
,21312,62701231,1,2024-07-07 16:00:32.278,,,62701231,2024-07-07 16:04:48.423,2024-07-07 16:04:48.423,,,,,UTC+0200,ooOmDJ1LSk,,com.sec.android.app.shealth,2024-07-07 16:00:32.278,498ef7fc-d0e2-42dc-b190-2e1a9cc7f503,79.0,
,21312,62701231,1,2024-07-07 16:20:29.240,,,62701231,2024-07-07 16:22:03.504,2024-07-07 16:22:03.504,,,,,UTC+0200,ooOmDJ1LSk,,com.sec.android.app.shealth,2024-07-07 16:20:29.240,4aba74f0-27a8-4cc9-8dbc-d0733b493ce5,77.0,
,21312,62701231,1,2024-07-07 16:30:29.346,,,62701231,2024-07-07 16:35:00.051,2024-07-07 16:35:00.051,,,,,UTC+0200,ooOmDJ1LSk,,com.sec.android.app.shealth,2024-07-07 16:30:29.346,03999818-6326-47e4-b0cf-b735d0de966c,60.0,
,21312,62701231,1,2024-07-07 16:40:29.352,,,62701231,2024-07-07 16:52:07.687,2024-07-07 16:52:07.687,,,,,UTC+0200,ooOmDJ1LSk,,com.sec.android.app.shealth,2024-07-07 16:40:29.352,ddff2c61-9e47-40c1-ae28-7926e4627ff8,81.0,
,21312,62701231,1,2024-07-07 16:50:29.352,,,62701231,2024-07-07 16:52:07.712,2024-07-07 16:52:07.712,,,,,UTC+0200,ooOmDJ1LSk,,com.sec.android.app.shealth,2024-07-07 16:50:29.352,310a30f5-2a0c-4ff4-bf44-a069576a02c8,80.0,
,21312,62701231,1,2024-07-07 17:30:29.915,,,62701231,2024-07-07 17:31:27.563,2024-07-07 17:31:27.563,,,,,UTC+0200,ooOmDJ1LSk,,com.sec.android.app.shealth,2024-07-07 17:30:29.915,9d5d125e-d4b5-4715-b21b-6ba5a4c43ad2,80.0,
,21312,62701231,1,2024-07-07 17:40:29.392,,,62701231,2024-07-07 17:43:16.502,2024-07-07 17:43:16.502,,,,,UTC+0200,ooOmDJ1LSk,,com.sec.android.app.shealth,2024-07-07 17:40:29.392,77fed501-c98e-4dec-b0d7-c11d1dc9fee2,72.0,
,21312,62701231,1,2024-07-07 17:50:59.432,,,62701231,2024-07-07 17:55:35.894,2024-07-07 17:55:35.894,,,,,UTC+0200,ooOmDJ1LSk,,com.sec.android.app.shealth,2024-07-07 17:50:59.432,4dc6f278-3286-4bcd-bd76-a9318809718d,77.0,
,21312,62701231,1,2024-07-07 18:00:55.833,,,62701231,2024-07-07 18:01:19.232,2024-07-07 18:01:19.232,,,,,UTC+0200,ooOmDJ1LSk,,com.sec.android.app.shealth,2024-07-07 18:00:55.833,f4c03169-49f3-4155-82d7-44cd446d4be6,81.0,
,21312,62701231,1,2024-07-07 18:10:29.321,,,62701231,2024-07-07 18:11:35.961,2024-07-07 18:11:35.961,,,,,UTC+0200,ooOmDJ1LSk,,com.sec.android.app.shealth,2024-07-07 18:10:29.321,630d9241-f0c9-4033-9c50-8b7e8ca8aaa3,84.0,
,21312,62701231,1,2024-07-07 18:20:29.303,,,62701231,2024-07-07 18:21:10.789,2024-07-07 18:21:10.789,,,,,UTC+0200,ooOmDJ1LSk,,com.sec.android.app.shealth,2024-07-07 18:20:29.303,2018aa24-5f27-4ed6-80d5-720b94396a4c,75.0,
,21312,62701231,1,2024-07-07 18:30:29.203,,,62701231,2024-07-07 18:34:43.727,2024-07-07 18:34:43.727,,,,,UTC+0200,ooOmDJ1LSk,,com.sec.android.app.shealth,2024-07-07 18:30:29.203,6eea0096-2f93-4887-8951-deef457e89d9,72.0,
,21312,62701231,1,2024-07-07 18:40:29.343,,,62701231,2024-07-07 18:41:08.334,2024-07-07 18:41:08.334,,,,,UTC+0200,ooOmDJ1LSk,,com.sec.android.app.shealth,2024-07-07 18:40:29.343,d309f389-e919-46ef-a0ed-f1d666d7bb09,74.0,
,21312,62701231,1,2024-07-07 18:50:30.782,,,62701231,2024-07-07 18:51:18.114,2024-07-07 18:51:18.114,,,,,UTC+0200,ooOmDJ1LSk,,com.sec.android.app.shealth,2024-07-07 18:50:30.782,48e11e71-a382-4cf6-87ad-28957eaab56d,84.0,
,21312,62701231,1,2024-07-07 19:00:29.242,,,62701231,2024-07-07 19:14:54.144,2024-07-07 19:14:54.144,,,,,UTC+0200,ooOmDJ1LSk,,com.sec.android.app.shealth,2024-07-07 19:00:29.242,a3dd27b4-409b-45c6-aa68-78e78e04837c,77.0,
,21312,62701231,1,2024-07-07 19:10:29.242,,,62701231,2024-07-07 19:14:54.156,2024-07-07 19:14:54.156,,,,,UTC+0200,ooOmDJ1LSk,,com.sec.android.app.shealth,2024-07-07 19:10:29.242,a37802d1-9fb0-4ecb-a061-9772fa8f5279,77.0,
,21312,62701231,1,2024-07-07 19:20:29.288,,,62701231,2024-07-07 19:20:29.187,2024-07-07 19:20:29.187,,,,,UTC+0200,ooOmDJ1LSk,,com.sec.android.app.shealth,2024-07-07 19:20:29.288,ddbddd7d-91a2-4ea0-bfa8-c20211b690b6,73.0,
,21312,62701231,1,2024-07-07 19:40:29.381,,,62701231,2024-07-07 19:54:05.319,2024-07-07 19:54:05.319,,,,,UTC+0200,ooOmDJ1LSk,,com.sec.android.app.shealth,2024-07-07 19:40:29.381,a82bb52c-0c7d-48f0-9d84-8abd42998450,69.0,
,21312,62701231,1,2024-07-07 19:50:29.381,,,62701231,2024-07-07 19:54:05.328,2024-07-07 19:54:05.328,,,,,UTC+0200,ooOmDJ1LSk,,com.sec.android.app.shealth,2024-07-07 19:50:29.381,ff82fd17-a19d-4537-af45-afea5a0afcdb,69.0,
,21313,62701231,1,2024-07-07 20:00:00.000,,389f6757-8d9b-4562-9a89-0483837c06a3.com.samsung.health.heart_rate.binning_data.json,62701231,2024-07-07 21:09:56.237,2024-07-07 20:15:02.079,,76.0,71.0,,UTC+0200,ooOmDJ1LSk,,com.sec.android.app.shealth,2024-07-07 20:59:59.999,389f6757-8d9b-4562-9a89-0483837c06a3,73.0,
,21312,62701231,1,2024-07-07 20:20:29.226,,,62701231,2024-07-07 20:26:32.271,2024-07-07 20:26:32.271,,,,,UTC+0200,ooOmDJ1LSk,,com.sec.android.app.shealth,2024-07-07 20:20:29.226,d7276370-57c8-436f-9e4e-5d014d8b746f,68.0,
,21312,62701231,1,2024-07-07 20:30:29.242,,,62701231,2024-07-07 20:35:00.488,2024-07-07 20:35:00.488,,,,,UTC+0200,ooOmDJ1LSk,,com.sec.android.app.shealth,2024-07-07 20:30:29.242,96de6b61-43e2-47e3-9428-a3b2b55146dd,65.0,
,21313,62701231,1,2024-07-07 21:00:00.000,,b39ad0c4-5805-40b8-9ce3-0c40a67fab61.com.samsung.health.heart_rate.binning_data.json,62701231,2024-07-07 22:00:02.539,2024-07-07 21:12:45.489,,82.0,60.0,,UTC+0200,ooOmDJ1LSk,,com.sec.android.app.shealth,2024-07-07 21:59:59.999,b39ad0c4-5805-40b8-9ce3-0c40a67fab61,73.0,
,21313,62701231,1,2024-07-07 22:00:00.000,,30e8a7c3-60be-4007-8069-2aa603888b77.com.samsung.health.heart_rate.binning_data.json,62701231,2024-07-07 23:06:12.251,2024-07-07 23:06:12.251,,87.0,59.0,,UTC+0200,ooOmDJ1LSk,,com.sec.android.app.shealth,2024-07-07 22:59:59.999,30e8a7c3-60be-4007-8069-2aa603888b77,74.0,
,21313,62701231,1,2024-07-07 23:00:00.000,,dec7a8b0-883d-4e54-9d1f-cde4eaa33692.com.samsung.health.heart_rate.binning_data.json,62701231,2024-07-08 00:06:47.265,2024-07-07 23:09:32.146,,86.0,56.0,,UTC+0200,ooOmDJ1LSk,,com.sec.android.app.shealth,2024-07-07 23:59:59.999,dec7a8b0-883d-4e54-9d1f-cde4eaa33692,72.0,
,21313,62701231,1,2024-07-08 00:00:00.000,,59c05e8f-bf97-4113-a7fa-49b23d138eff.com.samsung.health.heart_rate.binning_data.json,62701231,2024-07-08 01:07:22.303,2024-07-08 00:07:18.234,,81.0,55.0,,UTC+0200,ooOmDJ1LSk,,com.sec.android.app.shealth,2024-07-08 00:59:59.999,59c05e8f-bf97-4113-a7fa-49b23d138eff,66.0,
,21313,62701231,1,2024-07-08 01:00:00.000,,50608330-99a4-4579-a351-28ca1e6daefe.com.samsung.health.heart_rate.binning_data.json,62701231,2024-07-08 02:07:07.488,2024-07-08 01:10:01.356,,80.0,55.0,,UTC+0200,ooOmDJ1LSk,,com.sec.android.app.shealth,2024-07-08 01:59:59.999,50608330-99a4-4579-a351-28ca1e6daefe,64.0,
,21313,62701231,1,2024-07-08 02:00:00.000,,7d11a28a-a234-41a9-85b3-ab7a67e9af6b.com.samsung.health.heart_rate.binning_data.json,62701231,2024-07-08 03:05:08.550,2024-07-08 02:07:07.793,,74.0,55.0,,UTC+0200,ooOmDJ1LSk,,com.sec.android.app.shealth,2024-07-08 02:59:59.999,7d11a28a-a234-41a9-85b3-ab7a67e9af6b,66.0,
,21313,62701231,1,2024-07-08 03:00:00.000,,8f4d4b13-e675-40f7-99fd-4c7f975903f1.com.samsung.health.heart_rate.binning_data.json,62701231,2024-07-08 03:05:08.748,2024-07-08 03:05:08.748,,73.0,60.0,,UTC+0200,ooOmDJ1LSk,,com.sec.android.app.shealth,2024-07-08 03:05:08.737,8f4d4b13-e675-40f7-99fd-4c7f975903f1,69.0,
,21312,62701231,1,2024-07-08 09:40:29.276,,,62701231,2024-07-08 09:40:30.543,2024-07-08 09:40:30.543,,,,,UTC+0200,ooOmDJ1LSk,,com.sec.android.app.shealth,2024-07-08 09:40:29.276,83dc6c3e-a14d-4704-b65b-7be3a7aaafb9,67.0,
,21312,62701231,1,2024-07-08 09:50:29.296,,,62701231,2024-07-08 09:55:01.043,2024-07-08 09:55:01.043,,,,,UTC+0200,ooOmDJ1LSk,,com.sec.android.app.shealth,2024-07-08 09:50:29.296,cef9133e-6578-47f8-b93a-735aa43c2a8b,65.0,
,21312,62701231,1,2024-07-08 10:00:29.302,,,62701231,2024-07-08 10:15:00.231,2024-07-08 10:15:00.231,,,,,UTC+0200,ooOmDJ1LSk,,com.sec.android.app.shealth,2024-07-08 10:00:29.302,7e23c359-26a8-45d2-852e-9b256aba3a70,66.0,
,21312,62701231,1,2024-07-08 10:10:29.302,,,62701231,2024-07-08 10:15:00.237,2024-07-08 10:15:00.237,,,,,UTC+0200,ooOmDJ1LSk,,com.sec.android.app.shealth,2024-07-08 10:10:29.302,3a0bb3fd-e981-46ce-8396-efb637e0ed9c,63.0,
,21312,62701231,1,2024-07-08 10:20:29.205,,,62701231,2024-07-08 10:20:37.026,2024-07-08 10:20:37.026,,,,,UTC+0200,ooOmDJ1LSk,,com.sec.android.app.shealth,2024-07-08 10:20:29.205,c5f79a6b-bf52-40e9-a551-019699c1be9e,75.0,
,21312,62701231,1,2024-07-08 11:00:29.795,,,62701231,2024-07-08 11:00:41.107,2024-07-08 11:00:41.107,,,,,UTC+0200,ooOmDJ1LSk,,com.sec.android.app.shealth,2024-07-08 11:00:29.795,a9059a01-49d5-43a9-b91f-79483148ec72,73.0,
,21312,62701231,1,2024-07-08 11:10:53.003,,,62701231,2024-07-08 11:23:24.190,2024-07-08 11:23:24.190,,,,,UTC+0200,ooOmDJ1LSk,,com.sec.android.app.shealth,2024-07-08 11:10:53.003,1b61dafb-6c8c-4038-94c0-3c6e7b726bad,77.0,
,21312,62701231,1,2024-07-08 11:40:29.375,,,62701231,2024-07-08 11:44:01.051,2024-07-08 11:44:01.051,,,,,UTC+0200,ooOmDJ1LSk,,com.sec.android.app.shealth,2024-07-08 11:40:29.375,880bec07-3c52-4fbf-9ca1-d2a3e591e6cd,76.0,
,21312,62701231,1,2024-07-08 12:10:29.318,,,62701231,2024-07-08 12:15:01.060,2024-07-08 12:15:01.060,,,,,UTC+0200,ooOmDJ1LSk,,com.sec.android.app.shealth,2024-07-08 12:10:29.318,d776012c-86f1-46e1-aee7-09e24672a02e,78.0,
,21312,62701231,1,2024-07-08 12:20:29.309,,,62701231,2024-07-08 12:27:51.758,2024-07-08 12:27:51.758,,,,,UTC+0200,ooOmDJ1LSk,,com.sec.android.app.shealth,2024-07-08 12:20:29.309,d1040d1e-51ca-4117-81e2-5a2ec782c7e7,78.0,
,21312,62701231,1,2024-07-08 12:30:29.276,,,62701231,2024-07-08 12:35:00.088,2024-07-08 12:35:00.088,,,,,UTC+0200,ooOmDJ1LSk,,com.sec.android.app.shealth,2024-07-08 12:30:29.276,06fd1ca6-c2cb-49f1-863e-9546a66752b6,78.0,
,21312,62701231,1,2024-07-08 12:40:29.314,,,62701231,2024-07-08 12:41:13.446,2024-07-08 12:41:13.446,,,,,UTC+0200,ooOmDJ1LSk,,com.sec.android.app.shealth,2024-07-08 12:40:29.314,bd2ed748-53f8-47c0-b365-8ef282000b14,81.0,
,21312,62701231,1,2024-07-08 12:50:29.389,,,62701231,2024-07-08 12:55:00.271,2024-07-08 12:55:00.271,,,,,UTC+0200,ooOmDJ1LSk,,com.sec.android.app.shealth,2024-07-08 12:50:29.389,9c4bfc1d-7e82-4fc1-968a-7be5f688d72f,74.0,
,21312,62701231,1,2024-07-08 13:00:29.374,,,62701231,2024-07-08 13:14:34.407,2024-07-08 13:14:34.407,,,,,UTC+0200,ooOmDJ1LSk,,com.sec.android.app.shealth,2024-07-08 13:00:29.374,29b6538d-08e7-45a9-b722-972daf49f3ca,77.0,
,21312,62701231,1,2024-07-08 13:10:29.374,,,62701231,2024-07-08 13:14:34.448,2024-07-08 13:14:34.448,,,,,UTC+0200,ooOmDJ1LSk,,com.sec.android.app.shealth,2024-07-08 13:10:29.374,0588a222-3221-4eaa-ac15-3bd2b05a34e5,76.0,
,21312,62701231,1,2024-07-08 13:20:29.396,,,62701231,2024-07-08 13:27:42.581,2024-07-08 13:27:42.581,,,,,UTC+0200,ooOmDJ1LSk,,com.sec.android.app.shealth,2024-07-08 13:20:29.396,2fb93155-4ca3-45c7-b588-1dbfb87049e6,79.0,
,21312,62701231,1,2024-07-08 13:30:29.347,,,62701231,2024-07-08 13:35:01.174,2024-07-08 13:35:01.174,,,,,UTC+0200,ooOmDJ1LSk,,com.sec.android.app.shealth,2024-07-08 13:30:29.347,a7481093-91a7-44cb-950d-763c349defe1,74.0,
,21312,62701231,1,2024-07-08 13:40:29.349,,,62701231,2024-07-08 13:43:49.486,2024-07-08 13:43:49.486,,,,,UTC+0200,ooOmDJ1LSk,,com.sec.android.app.shealth,2024-07-08 13:40:29.349,ea072730-fc50-488d-8d25-449cc9b4d1a5,73.0,
,21312,62701231,1,2024-07-08 13:50:29.323,,,62701231,2024-07-08 13:55:00.076,2024-07-08 13:55:00.076,,,,,UTC+0200,ooOmDJ1LSk,,com.sec.android.app.shealth,2024-07-08 13:50:29.323,da9c4d52-3c20-4f79-a083-7e668575402b,70.0,
,21312,62701231,1,2024-07-08 14:01:14.563,,,62701231,2024-07-08 14:02:33.194,2024-07-08 14:02:33.194,,,,,UTC+0200,ooOmDJ1LSk,,com.sec.android.app.shealth,2024-07-08 14:01:14.563,a09c5636-c7ef-4f0d-bde7-64d988006534,79.0,
,21312,62701231,1,2024-07-08 14:10:29.247,,,62701231,2024-07-08 14:14:57.181,2024-07-08 14:14:57.181,,,,,UTC+0200,ooOmDJ1LSk,,com.sec.android.app.shealth,2024-07-08 14:10:29.247,e6bec408-fc2d-4817-8293-ebd4b2f94a49,79.0,
,21312,62701231,1,2024-07-08 14:20:29.317,,,62701231,2024-07-08 14:35:00.057,2024-07-08 14:35:00.057,,,,,UTC+0200,ooOmDJ1LSk,,com.sec.android.app.shealth,2024-07-08 14:20:29.317,b6408e4d-580a-4275-a75b-3ac91e710f32,69.0,
,21312,62701231,1,2024-07-08 14:30:29.317,,,62701231,2024-07-08 14:35:00.075,2024-07-08 14:35:00.075,,,,,UTC+0200,ooOmDJ1LSk,,com.sec.android.app.shealth,2024-07-08 14:30:29.317,5deb6389-713f-4ae4-b5f4-1ec6bbda5c96,67.0,
,21312,62701231,1,2024-07-08 14:40:51.756,,,62701231,2024-07-08 14:41:58.418,2024-07-08 14:41:58.418,,,,,UTC+0200,ooOmDJ1LSk,,com.sec.android.app.shealth,2024-07-08 14:40:51.756,ade5af3f-2403-41be-8dd7-1e6f45be5441,82.0,
,21312,62701231,1,2024-07-08 15:11:07.474,,,62701231,2024-07-08 15:13:42.042,2024-07-08 15:13:42.042,,,,,UTC+0200,ooOmDJ1LSk,,com.sec.android.app.shealth,2024-07-08 15:11:07.474,03ede3ed-8326-43ac-abe7-64884a939fea,83.0,
,21312,62701231,1,2024-07-08 15:20:50.998,,,62701231,2024-07-08 15:22:19.828,2024-07-08 15:22:19.828,,,,,UTC+0200,ooOmDJ1LSk,,com.sec.android.app.shealth,2024-07-08 15:20:50.998,66edeb33-11c8-4b32-8d95-29062f1a1e9a,78.0,
,21312,62701231,1,2024-07-08 15:30:32.879,,,62701231,2024-07-08 15:31:04.887,2024-07-08 15:31:04.887,,,,,UTC+0200,ooOmDJ1LSk,,com.sec.android.app.shealth,2024-07-08 15:30:32.879,c7a72b4c-cd06-48d3-994c-b6bc5793650b,79.0,
,21312,62701231,1,2024-07-08 16:10:41.387,,,62701231,2024-07-08 16:13:27.310,2024-07-08 16:13:27.310,,,,,UTC+0200,ooOmDJ1LSk,,com.sec.android.app.shealth,2024-07-08 16:10:41.387,784216f8-81eb-4299-9606-b1a4a3854e17,75.0,
,21312,62701231,1,2024-07-08 16:20:29.289,,,62701231,2024-07-08 16:24:46.953,2024-07-08 16:24:46.953,,,,,UTC+0200,ooOmDJ1LSk,,com.sec.android.app.shealth,2024-07-08 16:20:29.289,7540087e-7fb7-475e-9ed0-968988039915,74.0,
,21312,62701231,1,2024-07-08 16:50:46.839,,,62701231,2024-07-08 16:50:53.810,2024-07-08 16:50:53.810,,,,,UTC+0200,ooOmDJ1LSk,,com.sec.android.app.shealth,2024-07-08 16:50:46.839,60a2ba60-deba-4236-8f7b-9ab9adf9d92c,77.0,
,21312,62701231,1,2024-07-08 17:11:35.252,,,62701231,2024-07-08 17:12:15.477,2024-07-08 17:12:15.477,,,,,UTC+0200,ooOmDJ1LSk,,com.sec.android.app.shealth,2024-07-08 17:11:35.252,a52774ee-75ef-4ca3-9eac-80381270ae0a,80.0,
,21312,62701231,1,2024-07-08 17:50:29.334,,,62701231,2024-07-08 17:51:30.278,2024-07-08 17:51:30.278,,,,,UTC+0200,ooOmDJ1LSk,,com.sec.android.app.shealth,2024-07-08 17:50:29.334,cf868fa9-108f-46f0-a25b-fce5a9f71745,85.0,
,21312,62701231,1,2024-07-08 18:00:29.278,,,62701231,2024-07-08 18:06:41.292,2024-07-08 18:06:41.292,,,,,UTC+0200,ooOmDJ1LSk,,com.sec.android.app.shealth,2024-07-08 18:00:29.278,18cac129-1580-4e29-ac5c-77b4eb3297ba,81.0,
,21312,62701231,1,2024-07-08 18:10:29.322,,,62701231,2024-07-08 18:15:00.059,2024-07-08 18:15:00.059,,,,,UTC+0200,ooOmDJ1LSk,,com.sec.android.app.shealth,2024-07-08 18:10:29.322,98ad9900-11ad-4e7e-bc5c-58522ec35872,82.0,
,21312,62701231,1,2024-07-08 18:20:29.319,,,62701231,2024-07-08 18:29:30.509,2024-07-08 18:29:30.509,,,,,UTC+0200,ooOmDJ1LSk,,com.sec.android.app.shealth,2024-07-08 18:20:29.319,856039d8-8832-41d5-a906-683e68512c08,76.0,
,21312,62701231,1,2024-07-08 18:30:29.234,,,62701231,2024-07-08 18:32:12.274,2024-07-08 18:32:12.274,,,,,UTC+0200,ooOmDJ1LSk,,com.sec.android.app.shealth,2024-07-08 18:30:29.234,534e22fa-cb34-4dba-aa94-e8ff0bfc8b3d,77.0,
,21312,62701231,1,2024-07-08 20:00:29.381,,,62701231,2024-07-08 20:04:09.251,2024-07-08 20:04:09.251,,,,,UTC+0200,ooOmDJ1LSk,,com.sec.android.app.shealth,2024-07-08 20:00:29.381,a2bf6248-c345-4ce6-8bcc-9db8f8007171,83.0,
,21312,62701231,1,2024-07-08 20:10:29.344,,,62701231,2024-07-08 20:35:02.058,2024-07-08 20:35:02.058,,,,,UTC+0200,ooOmDJ1LSk,,com.sec.android.app.shealth,2024-07-08 20:10:29.344,2ea15e4b-5854-4fab-abc7-0bbb1ad3ff2d,67.0,
,21312,62701231,1,2024-07-08 20:20:29.344,,,62701231,2024-07-08 20:35:02.074,2024-07-08 20:35:02.074,,,,,UTC+0200,ooOmDJ1LSk,,com.sec.android.app.shealth,2024-07-08 20:20:29.344,f03416c4-ab21-4b58-b8e7-243c7214bba5,66.0,
,21312,62701231,1,2024-07-08 20:30:29.344,,,62701231,2024-07-08 20:35:02.081,2024-07-08 20:35:02.081,,,,,UTC+0200,ooOmDJ1LSk,,com.sec.android.app.shealth,2024-07-08 20:30:29.344,389baed6-a7cf-4f1d-ad08-fdc8235b521f,67.0,
,21312,62701231,1,2024-07-08 20:40:29.304,,,62701231,2024-07-08 20:55:01.048,2024-07-08 20:55:01.048,,,,,UTC+0200,ooOmDJ1LSk,,com.sec.android.app.shealth,2024-07-08 20:40:29.304,a7cfc012-2ebf-480b-a68f-7c494dce1637,69.0,
,21312,62701231,1,2024-07-08 20:50:29.304,,,62701231,2024-07-08 20:55:01.057,2024-07-08 20:55:01.057,,,,,UTC+0200,ooOmDJ1LSk,,com.sec.android.app.shealth,2024-07-08 20:50:29.304,115878fa-acbe-4562-8f82-72b15de0eb9f,66.0,
,21312,62701231,1,2024-07-08 21:10:29.365,,,62701231,2024-07-08 21:15:01.349,2024-07-08 21:15:01.349,,,,,UTC+0200,ooOmDJ1LSk,,com.sec.android.app.shealth,2024-07-08 21:10:29.365,9d991ad5-a54e-466c-85c1-c30daf6e5092,62.0,
,21312,62701231,1,2024-07-08 21:20:29.288,,,62701231,2024-07-08 21:35:01.060,2024-07-08 21:35:01.060,,,,,UTC+0200,ooOmDJ1LSk,,com.sec.android.app.shealth,2024-07-08 21:20:29.288,de9a612e-f048-4227-83c2-65bf7cad11a6,62.0,
,21312,62701231,1,2024-07-08 21:30:29.288,,,62701231,2024-07-08 21:35:01.070,2024-07-08 21:35:01.070,,,,,UTC+0200,ooOmDJ1LSk,,com.sec.android.app.shealth,2024-07-08 21:30:29.288,48f8fa12-deb8-4b4b-8275-f55bcbcea327,65.0,
,21312,62701231,1,2024-07-08 21:40:29.330,,,62701231,2024-07-08 21:55:00.112,2024-07-08 21:55:00.112,,,,,UTC+0200,ooOmDJ1LSk,,com.sec.android.app.shealth,2024-07-08 21:40:29.330,ccaf4b4b-871a-463e-9ae5-512501301c58,65.0,
,21312,62701231,1,2024-07-08 21:50:29.330,,,62701231,2024-07-08 21:55:00.129,2024-07-08 21:55:00.129,,,,,UTC+0200,ooOmDJ1LSk,,com.sec.android.app.shealth,2024-07-08 21:50:29.330,88886c5a-3bdb-40fa-93d6-c37e02b73078,65.0,
,21313,62701231,1,2024-07-08 21:00:00.000,,941d6351-95fe-4008-9c22-b1d659fd2365.com.samsung.health.heart_rate.binning_data.json,62701231,2024-07-08 22:10:05.758,2024-07-08 21:08:04.850,,67.0,60.0,,UTC+0200,ooOmDJ1LSk,,com.sec.android.app.shealth,2024-07-08 21:59:59.999,941d6351-95fe-4008-9c22-b1d659fd2365,64.0,
,21313,62701231,1,2024-07-08 22:00:00.000,,f36a6cbd-aefd-4438-bfb3-ceaca2c8b72d.com.samsung.health.heart_rate.binning_data.json,62701231,2024-07-08 23:07:45.235,2024-07-08 22:10:06.108,,72.0,53.0,,UTC+0200,ooOmDJ1LSk,,com.sec.android.app.shealth,2024-07-08 22:59:59.999,f36a6cbd-aefd-4438-bfb3-ceaca2c8b72d,59.0,
,21313,62701231,1,2024-07-08 23:00:00.000,,ed340be8-47b5-4efa-91d1-af79710b9538.com.samsung.health.heart_rate.binning_data.json,62701231,2024-07-09 00:08:22.210,2024-07-08 23:10:17.336,,73.0,53.0,,UTC+0200,ooOmDJ1LSk,,com.sec.android.app.shealth,2024-07-08 23:59:59.999,ed340be8-47b5-4efa-91d1-af79710b9538,58.0,
,21313,62701231,1,2024-07-09 00:00:00.000,,9ee397ba-380e-481e-938d-626d81758d8c.com.samsung.health.heart_rate.binning_data.json,62701231,2024-07-09 01:08:59.195,2024-07-09 00:13:25.164,,75.0,53.0,,UTC+0200,ooOmDJ1LSk,,com.sec.android.app.shealth,2024-07-09 00:59:59.999,9ee397ba-380e-481e-938d-626d81758d8c,58.0,
,21313,62701231,1,2024-07-09 01:00:00.000,,5b5363bf-749c-45a9-88a8-b0d7c8f6047b.com.samsung.health.heart_rate.binning_data.json,62701231,2024-07-09 02:09:36.200,2024-07-09 01:14:02.132,,69.0,52.0,,UTC+0200,ooOmDJ1LSk,,com.sec.android.app.shealth,2024-07-09 01:59:59.999,5b5363bf-749c-45a9-88a8-b0d7c8f6047b,57.0,
,21313,62701231,1,2024-07-09 02:00:00.000,,41371c7a-a3d1-4255-8c61-8557bcad87ad.com.samsung.health.heart_rate.binning_data.json,62701231,2024-07-09 03:02:17.864,2024-07-09 02:15:01.031,,82.0,50.0,,UTC+0200,ooOmDJ1LSk,,com.sec.android.app.shealth,2024-07-09 02:59:59.999,41371c7a-a3d1-4255-8c61-8557bcad87ad,57.0,
,21313,62701231,1,2024-07-09 03:00:00.000,,861b2036-b888-42aa-93a2-6ec2b10ee3d6.com.samsung.health.heart_rate.binning_data.json,62701231,2024-07-09 04:06:10.285,2024-07-09 03:02:18.200,,81.0,48.0,,UTC+0200,ooOmDJ1LSk,,com.sec.android.app.shealth,2024-07-09 03:59:59.999,861b2036-b888-42aa-93a2-6ec2b10ee3d6,54.0,
,21313,62701231,1,2024-07-09 04:00:00.000,,639f6693-0a9a-45d4-a88e-2c5da32e2f04.com.samsung.health.heart_rate.binning_data.json,62701231,2024-07-09 05:01:00.930,2024-07-09 04:11:15.473,,82.0,49.0,,UTC+0200,ooOmDJ1LSk,,com.sec.android.app.shealth,2024-07-09 04:59:59.999,639f6693-0a9a-45d4-a88e-2c5da32e2f04,56.0,
,21313,62701231,1,2024-07-09 05:00:00.000,,e946e35c-e522-4b4c-b809-96a8d5a5600c.com.samsung.health.heart_rate.binning_data.json,62701231,2024-07-09 05:45:42.804,2024-07-09 05:01:01.109,,82.0,52.0,,UTC+0200,ooOmDJ1LSk,,com.sec.android.app.shealth,2024-07-09 05:45:42.742,e946e35c-e522-4b4c-b809-96a8d5a5600c,61.0,
,21312,62701231,1,2024-07-09 05:50:29.374,,,62701231,2024-07-09 05:57:10.161,2024-07-09 05:57:10.161,,,,,UTC+0200,ooOmDJ1LSk,,com.sec.android.app.shealth,2024-07-09 05:50:29.374,8a175550-8b68-4b65-83f5-b07c7505ff0f,68.0,
,21312,62701231,1,2024-07-09 06:00:53.946,,,62701231,2024-07-09 06:02:01.752,2024-07-09 06:02:01.752,,,,,UTC+0200,ooOmDJ1LSk,,com.sec.android.app.shealth,2024-07-09 06:00:53.946,27306d23-d207-462a-831e-d081d4d9eb9b,76.0,
,21312,62701231,1,2024-07-09 06:31:10.164,,,62701231,2024-07-09 06:33:06.953,2024-07-09 06:33:06.953,,,,,UTC+0200,ooOmDJ1LSk,,com.sec.android.app.shealth,2024-07-09 06:31:10.164,28379601-508b-444f-b8ba-bb9da4871ae9,81.0,
,21312,62701231,1,2024-07-09 07:00:48.961,,,62701231,2024-07-09 07:05:52.155,2024-07-09 07:05:52.155,,,,,UTC+0200,ooOmDJ1LSk,,com.sec.android.app.shealth,2024-07-09 07:00:48.961,c895c8d1-3845-4e10-818f-06a28784063b,83.0,
,21312,62701231,1,2024-07-09 07:20:31.419,,,62701231,2024-07-09 07:21:28.112,2024-07-09 07:21:28.112,,,,,UTC+0200,ooOmDJ1LSk,,com.sec.android.app.shealth,2024-07-09 07:20:31.419,1fb574e6-d440-42cb-85ba-bab687e7d78f,89.0,
,21312,62701231,1,2024-07-09 07:40:29.841,,,62701231,2024-07-09 07:40:32.409,2024-07-09 07:40:32.409,,,,,UTC+0200,ooOmDJ1LSk,,com.sec.android.app.shealth,2024-07-09 07:40:29.841,d75f9bc4-7ec4-4755-9c5a-77e1cb1d3aa1,87.0,
,21312,62701231,1,2024-07-09 08:00:29.315,,,62701231,2024-07-09 08:00:29.164,2024-07-09 08:00:29.164,,,,,UTC+0200,ooOmDJ1LSk,,com.sec.android.app.shealth,2024-07-09 08:00:29.315,72b1d3c3-e0ae-4c81-ac66-1c8369ba046a,82.0,
,21312,62701231,1,2024-07-09 08:10:29.314,,,62701231,2024-07-09 08:12:55.483,2024-07-09 08:12:55.483,,,,,UTC+0200,ooOmDJ1LSk,,com.sec.android.app.shealth,2024-07-09 08:10:29.314,b35a50b2-6600-4aa0-8b52-0facda8c6e2b,75.0,
,21312,62701231,1,2024-07-09 08:20:30.168,,,62701231,2024-07-09 08:20:32.135,2024-07-09 08:20:32.135,,,,,UTC+0200,ooOmDJ1LSk,,com.sec.android.app.shealth,2024-07-09 08:20:30.168,39bbdd34-342e-44a7-a97d-7a9ff36ee406,72.0,
,21312,62701231,1,2024-07-09 08:31:08.904,,,62701231,2024-07-09 08:31:48.205,2024-07-09 08:31:48.205,,,,,UTC+0200,ooOmDJ1LSk,,com.sec.android.app.shealth,2024-07-09 08:31:08.904,80e7e510-b6cc-4541-a589-9902307be785,79.0,
,21312,62701231,1,2024-07-09 08:50:29.351,,,62701231,2024-07-09 08:52:44.956,2024-07-09 08:52:44.956,,,,,UTC+0200,ooOmDJ1LSk,,com.sec.android.app.shealth,2024-07-09 08:50:29.351,c5b7f402-5c9b-487e-ba65-26fb29c81ec7,77.0,
,21312,62701231,1,2024-07-09 09:00:35.392,,,62701231,2024-07-09 09:11:14.303,2024-07-09 09:11:14.303,,,,,UTC+0200,ooOmDJ1LSk,,com.sec.android.app.shealth,2024-07-09 09:00:35.392,cb1ff483-ccef-46dd-9527-c1d929106574,70.0,
,21312,62701231,1,2024-07-09 09:20:29.384,,,62701231,2024-07-09 09:54:59.183,2024-07-09 09:54:59.183,,,,,UTC+0200,ooOmDJ1LSk,,com.sec.android.app.shealth,2024-07-09 09:20:29.384,fe4e7827-a55a-4545-8488-c1acd1d60555,85.0,
,21312,62701231,1,2024-07-09 09:30:29.384,,,62701231,2024-07-09 09:54:59.215,2024-07-09 09:54:59.215,,,,,UTC+0200,ooOmDJ1LSk,,com.sec.android.app.shealth,2024-07-09 09:30:29.384,77b8f69e-c1a7-4e0c-a597-b4f180929656,80.0,
,21312,62701231,1,2024-07-09 09:40:29.384,,,62701231,2024-07-09 09:54:59.230,2024-07-09 09:54:59.230,,,,,UTC+0200,ooOmDJ1LSk,,com.sec.android.app.shealth,2024-07-09 09:40:29.384,c4454073-3181-4e4f-9f9e-0ff5e35586d7,73.0,
,21312,62701231,1,2024-07-09 09:50:29.384,,,62701231,2024-07-09 09:54:59.247,2024-07-09 09:54:59.247,,,,,UTC+0200,ooOmDJ1LSk,,com.sec.android.app.shealth,2024-07-09 09:50:29.384,92cf0f6e-4f34-4a02-9053-2a7032e72716,76.0,
,21312,62701231,1,2024-07-09 10:00:29.265,,,62701231,2024-07-09 10:04:03.925,2024-07-09 10:04:03.925,,,,,UTC+0200,ooOmDJ1LSk,,com.sec.android.app.shealth,2024-07-09 10:00:29.265,6b2dfb53-c83c-481e-a83e-058fe293cad6,80.0,
,21312,62701231,1,2024-07-09 10:20:29.363,,,62701231,2024-07-09 10:23:59.011,2024-07-09 10:23:59.011,,,,,UTC+0200,ooOmDJ1LSk,,com.sec.android.app.shealth,2024-07-09 10:20:29.363,394047a2-179f-4a5b-ba43-3a8983e425bd,70.0,
,21312,62650131,1,2024-07-10 10:40:37.292,,,62650131,2024-07-10 10:43:58.656,2024-07-10 10:43:58.656,,,,,UTC+0200,C8oz8zt6m4,,com.sec.android.app.shealth,2024-07-10 10:40:37.292,b4954a69-5940-42ed-9dd3-445a3230a279,75.0,
,21312,62650131,1,2024-07-10 10:50:29.268,,,62650131,2024-07-10 10:55:02.207,2024-07-10 10:55:02.207,,,,,UTC+0200,C8oz8zt6m4,,com.sec.android.app.shealth,2024-07-10 10:50:29.268,f65b07b9-e3e9-4358-a00b-4fa93ea28217,76.0,
,21312,62650131,1,2024-07-10 11:00:29.349,,,62650131,2024-07-10 11:07:31.441,2024-07-10 11:07:31.441,,,,,UTC+0200,C8oz8zt6m4,,com.sec.android.app.shealth,2024-07-10 11:00:29.349,681593bc-4949-4490-8775-21ba4f8bfa34,76.0,
,21312,62650131,1,2024-07-10 11:20:29.210,,,62650131,2024-07-10 11:23:16.413,2024-07-10 11:23:16.413,,,,,UTC+0200,C8oz8zt6m4,,com.sec.android.app.shealth,2024-07-10 11:20:29.210,8fa2e9c8-a1ee-4f8a-a335-2499eb1d656e,76.0,
,21312,62650131,1,2024-07-10 11:30:29.375,,,62650131,2024-07-10 11:30:49.802,2024-07-10 11:30:49.802,,,,,UTC+0200,C8oz8zt6m4,,com.sec.android.app.shealth,2024-07-10 11:30:29.375,a225a0fd-56b6-44cf-9a20-29053d83e22e,79.0,
,21312,62650131,1,2024-07-10 11:50:30.883,,,62650131,2024-07-10 11:50:38.134,2024-07-10 11:50:38.134,,,,,UTC+0200,C8oz8zt6m4,,com.sec.android.app.shealth,2024-07-10 11:50:30.883,9180f246-47c1-4a50-b97e-4573fab7a273,86.0,
,21312,62650131,1,2024-07-10 12:00:48.073,,,62650131,2024-07-10 12:01:42.152,2024-07-10 12:01:42.152,,,,,UTC+0200,C8oz8zt6m4,,com.sec.android.app.shealth,2024-07-10 12:00:48.073,9ce027e0-ed4c-44c7-be8c-91445ae40081,100.0,
,21312,62650131,1,2024-07-10 12:10:29.316,,,62650131,2024-07-10 12:15:00.179,2024-07-10 12:15:00.179,,,,,UTC+0200,C8oz8zt6m4,,com.sec.android.app.shealth,2024-07-10 12:10:29.316,6d42516f-3388-4a21-b9f2-db4711e96d52,85.0,
,21312,62650131,1,2024-07-10 12:20:29.382,,,62650131,2024-07-10 12:24:16.153,2024-07-10 12:24:16.153,,,,,UTC+0200,C8oz8zt6m4,,com.sec.android.app.shealth,2024-07-10 12:20:29.382,4d267578-5036-4b72-95fb-156fc41afd6a,86.0,
,21312,62650131,1,2024-07-10 12:30:58.415,,,62650131,2024-07-10 12:32:12.508,2024-07-10 12:32:12.508,,,,,UTC+0200,C8oz8zt6m4,,com.sec.android.app.shealth,2024-07-10 12:30:58.415,03fd6b3c-8a85-4331-b837-b624d4aec746,90.0,
,21312,62650131,1,2024-07-10 12:40:29.382,,,62650131,2024-07-10 12:44:39.396,2024-07-10 12:44:39.396,,,,,UTC+0200,C8oz8zt6m4,,com.sec.android.app.shealth,2024-07-10 12:40:29.382,b888a901-bcc9-4c7f-9b3a-11729f704f0a,82.0,
,21312,62650131,1,2024-07-10 12:50:29.378,,,62650131,2024-07-10 12:54:59.067,2024-07-10 12:54:59.067,,,,,UTC+0200,C8oz8zt6m4,,com.sec.android.app.shealth,2024-07-10 12:50:29.378,e49964f5-ef5f-456f-936b-dc6ee36d58b4,85.0,
,21312,62650131,1,2024-07-10 13:00:36.884,,,62650131,2024-07-10 13:01:46.049,2024-07-10 13:01:46.049,,,,,UTC+0200,C8oz8zt6m4,,com.sec.android.app.shealth,2024-07-10 13:00:36.884,a73b6479-a13d-4d20-b556-5dc31c60540c,86.0,
,21312,62650131,1,2024-07-10 13:10:38.813,,,62650131,2024-07-10 13:11:37.126,2024-07-10 13:11:37.126,,,,,UTC+0200,C8oz8zt6m4,,com.sec.android.app.shealth,2024-07-10 13:10:38.813,95a2a84b-4b28-4097-abce-bb49fa50658f,88.0,
,21312,62650131,1,2024-07-10 13:21:03.902,,,62650131,2024-07-10 13:21:38.667,2024-07-10 13:21:38.667,,,,,UTC+0200,C8oz8zt6m4,,com.sec.android.app.shealth,2024-07-10 13:21:03.902,4d898d24-563a-435e-ab12-d95d70b8bfc3,100.0,
,21312,62650131,1,2024-07-10 13:30:29.324,,,62650131,2024-07-10 13:30:35.864,2024-07-10 13:30:35.864,,,,,UTC+0200,C8oz8zt6m4,,com.sec.android.app.shealth,2024-07-10 13:30:29.324,317feb4d-2026-4dbf-9d88-767ea3b70c43,79.0,
,21312,62650131,1,2024-07-10 13:40:29.395,,,62650131,2024-07-10 13:47:40.719,2024-07-10 13:47:40.719,,,,,UTC+0200,C8oz8zt6m4,,com.sec.android.app.shealth,2024-07-10 13:40:29.395,9eb5c4c9-5d2d-4ec4-8dfa-ae5078e332e1,79.0,
,21312,62650131,1,2024-07-10 13:50:29.345,,,62650131,2024-07-10 13:51:27.225,2024-07-10 13:51:27.225,,,,,UTC+0200,C8oz8zt6m4,,com.sec.android.app.shealth,2024-07-10 13:50:29.345,fc456cb8-b624-4ac9-9944-3e48b4963157,74.0,
,21312,62650131,1,2024-07-10 14:00:29.306,,,62650131,2024-07-10 14:01:16.247,2024-07-10 14:01:16.247,,,,,UTC+0200,C8oz8zt6m4,,com.sec.android.app.shealth,2024-07-10 14:00:29.306,7544ec97-d0ea-4807-9d86-e9f863458d0e,73.0,
,21312,62650131,1,2024-07-10 14:10:29.328,,,62650131,2024-07-10 14:10:45.418,2024-07-10 14:10:45.418,,,,,UTC+0200,C8oz8zt6m4,,com.sec.android.app.shealth,2024-07-10 14:10:29.328,6109ce89-983b-454f-b80d-4640ae8bbacd,78.0,
,21312,62650131,1,2024-07-10 14:20:29.382,,,62650131,2024-07-10 14:21:16.108,2024-07-10 14:21:16.108,,,,,UTC+0200,C8oz8zt6m4,,com.sec.android.app.shealth,2024-07-10 14:20:29.382,77f63634-547e-46f9-9f13-b15d20f5be70,77.0,
,21312,62650131,1,2024-07-10 14:30:48.551,,,62650131,2024-07-10 14:35:00.040,2024-07-10 14:35:00.040,,,,,UTC+0200,C8oz8zt6m4,,com.sec.android.app.shealth,2024-07-10 14:30:48.551,e136c35a-09f9-49e0-bce2-fb1877a10181,80.0,
,21312,62650131,1,2024-07-10 14:40:29.336,,,62650131,2024-07-10 14:51:42.521,2024-07-10 14:51:42.521,,,,,UTC+0200,C8oz8zt6m4,,com.sec.android.app.shealth,2024-07-10 14:40:29.336,1280dc28-1e84-43bb-8d69-f74ffdd5fcbe,80.0,
,21312,62650131,1,2024-07-10 14:50:29.336,,,62650131,2024-07-10 14:51:42.587,2024-07-10 14:51:42.587,,,,,UTC+0200,C8oz8zt6m4,,com.sec.android.app.shealth,2024-07-10 14:50:29.336,d362eaae-0dfc-40a1-a02d-1fc261660985,77.0,
,21312,62650131,1,2024-07-10 15:31:21.204,,,62650131,2024-07-10 15:32:23.727,2024-07-10 15:32:23.727,,,,,UTC+0200,C8oz8zt6m4,,com.sec.android.app.shealth,2024-07-10 15:31:21.204,3b818ca9-8d11-4d43-94d9-e7eb46911259,90.0,
,21312,62650131,1,2024-07-10 15:40:29.344,,,62650131,2024-07-10 15:55:00.339,2024-07-10 15:55:00.339,,,,,UTC+0200,C8oz8zt6m4,,com.sec.android.app.shealth,2024-07-10 15:40:29.344,085c6a7c-0463-4063-9941-daefdb28feee,76.0,
,21312,62650131,1,2024-07-10 15:50:29.344,,,62650131,2024-07-10 15:55:00.347,2024-07-10 15:55:00.347,,,,,UTC+0200,C8oz8zt6m4,,com.sec.android.app.shealth,2024-07-10 15:50:29.344,3abc0e3d-432f-482c-8c16-3c3f2eb15cef,75.0,
,21312,62650131,1,2024-07-10 16:00:33.041,,,62650131,2024-07-10 16:06:06.928,2024-07-10 16:06:06.928,,,,,UTC+0200,C8oz8zt6m4,,com.sec.android.app.shealth,2024-07-10 16:00:33.041,f84b109d-59ec-4af4-98db-177cc3c6bf4b,73.0,
,21312,62650131,1,2024-07-10 16:10:29.256,,,62650131,2024-07-10 16:15:00.578,2024-07-10 16:15:00.578,,,,,UTC+0200,C8oz8zt6m4,,com.sec.android.app.shealth,2024-07-10 16:10:29.256,d2d0360a-bc7a-49ee-8459-27522e8cea98,72.0,
,21312,62650131,1,2024-07-10 16:20:29.304,,,62650131,2024-07-10 16:21:38.590,2024-07-10 16:21:38.590,,,,,UTC+0200,C8oz8zt6m4,,com.sec.android.app.shealth,2024-07-10 16:20:29.304,238c9535-5c4f-40d0-b6fa-f78d0c5fdd21,72.0,
,21312,62650131,1,2024-07-10 16:30:29.345,,,62650131,2024-07-10 16:35:00.288,2024-07-10 16:35:00.288,,,,,UTC+0200,C8oz8zt6m4,,com.sec.android.app.shealth,2024-07-10 16:30:29.345,ffed79c1-8a17-4635-91d3-d5bf08421699,73.0,
,21312,62650131,1,2024-07-10 16:40:29.222,,,62650131,2024-07-10 16:50:00.485,2024-07-10 16:50:00.485,,,,,UTC+0200,C8oz8zt6m4,,com.sec.android.app.shealth,2024-07-10 16:40:29.222,055e8e51-3566-46e0-9125-45668a2e35d8,72.0,
,21312,62650131,1,2024-07-10 16:50:29.355,,,62650131,2024-07-10 16:51:32.420,2024-07-10 16:51:32.420,,,,,UTC+0200,C8oz8zt6m4,,com.sec.android.app.shealth,2024-07-10 16:50:29.355,34a2bee1-bc7f-4f68-9468-d684b93b02cc,74.0,
,21312,62650131,1,2024-07-10 17:10:29.298,,,62650131,2024-07-10 17:11:02.765,2024-07-10 17:11:02.765,,,,,UTC+0200,C8oz8zt6m4,,com.sec.android.app.shealth,2024-07-10 17:10:29.298,f3a21b0f-9084-4941-b1d3-982b92c58650,82.0,
,21312,62650131,1,2024-07-10 18:41:05.844,,,62650131,2024-07-10 18:41:06.346,2024-07-10 18:41:06.346,,,,,UTC+0200,C8oz8zt6m4,,com.sec.android.app.shealth,2024-07-10 18:41:05.844,4b03c73c-1f8b-4243-a1e3-87baa95ac72a,88.0,
,21312,62650131,1,2024-07-10 18:50:29.309,,,62650131,2024-07-10 18:54:08.788,2024-07-10 18:54:08.788,,,,,UTC+0200,C8oz8zt6m4,,com.sec.android.app.shealth,2024-07-10 18:50:29.309,d6429ee7-a827-4f2a-8275-7b3d8fb38c3e,77.0,
,21312,62650131,1,2024-07-10 19:12:08.019,,,62650131,2024-07-10 19:14:22.631,2024-07-10 19:14:22.631,,,,,UTC+0200,C8oz8zt6m4,,com.sec.android.app.shealth,2024-07-10 19:12:08.019,4cd99224-61e7-4de1-aa8e-3ca798651170,78.0,
,21312,62650131,1,2024-07-10 19:30:41.293,,,62650131,2024-07-10 19:35:20.329,2024-07-10 19:35:20.329,,,,,UTC+0200,C8oz8zt6m4,,com.sec.android.app.shealth,2024-07-10 19:30:41.293,63e7a2ed-0d54-4a9a-b98a-06baf212b585,76.0,
,21312,62650131,1,2024-07-10 20:00:44.533,,,62650131,2024-07-10 20:14:59.160,2024-07-10 20:14:59.160,,,,,UTC+0200,C8oz8zt6m4,,com.sec.android.app.shealth,2024-07-10 20:00:44.533,6a61d1aa-57eb-4e03-b295-683b8d8aab7b,78.0,
,21312,62650131,1,2024-07-10 20:10:44.533,,,62650131,2024-07-10 20:14:59.170,2024-07-10 20:14:59.170,,,,,UTC+0200,C8oz8zt6m4,,com.sec.android.app.shealth,2024-07-10 20:10:44.533,6175e03a-432f-409a-88f9-4a7bbb4e8bdf,82.0,
,21312,62650131,1,2024-07-10 20:20:31.407,,,62650131,2024-07-10 20:21:26.116,2024-07-10 20:21:26.116,,,,,UTC+0200,C8oz8zt6m4,,com.sec.android.app.shealth,2024-07-10 20:20:31.407,2da233da-a360-4ca7-828a-a6185eb8c1bd,75.0,
,21312,62650131,1,2024-07-10 20:40:29.362,,,62650131,2024-07-10 20:55:01.013,2024-07-10 20:55:01.013,,,,,UTC+0200,C8oz8zt6m4,,com.sec.android.app.shealth,2024-07-10 20:40:29.362,deadf459-dcd7-42a3-a96b-5df76583ab62,80.0,
,21312,62650131,1,2024-07-10 20:50:29.362,,,62650131,2024-07-10 20:55:01.027,2024-07-10 20:55:01.027,,,,,UTC+0200,C8oz8zt6m4,,com.sec.android.app.shealth,2024-07-10 20:50:29.362,9ccfefd9-d867-4d5c-be2f-c95b7e5d6d8e,79.0,
,21312,62650131,1,2024-07-10 21:10:45.692,,,62650131,2024-07-10 21:15:00.355,2024-07-10 21:15:00.355,,,,,UTC+0200,C8oz8zt6m4,,com.sec.android.app.shealth,2024-07-10 21:10:45.692,08ff2fea-890b-41ee-a208-9dbac8d2b247,72.0,
,21312,62650131,1,2024-07-10 21:30:29.237,,,62650131,2024-07-10 21:35:01.119,2024-07-10 21:35:01.119,,,,,UTC+0200,C8oz8zt6m4,,com.sec.android.app.shealth,2024-07-10 21:30:29.237,cf324e93-8f80-43d4-976c-5e42dbd33783,76.0,
,21312,62650131,1,2024-07-10 21:50:29.328,,,62650131,2024-07-10 21:55:00.830,2024-07-10 21:55:00.830,,,,,UTC+0200,C8oz8zt6m4,,com.sec.android.app.shealth,2024-07-10 21:50:29.328,c3b61ab9-63eb-4360-9bd0-8fb34241f1e5,77.0,
,21312,62650131,1,2024-07-10 22:40:29.329,,,62650131,2024-07-10 22:55:01.494,2024-07-10 22:55:01.494,,,,,UTC+0200,C8oz8zt6m4,,com.sec.android.app.shealth,2024-07-10 22:40:29.329,486957e7-9e06-46e7-8bc5-1811c26ce7e7,62.0,
,21312,62650131,1,2024-07-10 22:50:29.329,,,62650131,2024-07-10 22:55:01.501,2024-07-10 22:55:01.501,,,,,UTC+0200,C8oz8zt6m4,,com.sec.android.app.shealth,2024-07-10 22:50:29.329,e685b9d1-730a-4942-8d1f-7a8fd4e68ce5,61.0,
,21312,62670031,1,2024-07-10 23:10:29.298,,,62670031,2024-07-10 23:15:01.291,2024-07-10 23:15:01.291,,,,,UTC+0200,C8oz8zt6m4,,com.sec.android.app.shealth,2024-07-10 23:10:29.298,a26718a5-8cc3-4b97-a4a6-04cb974eaf79,63.0,
,21312,62670031,1,2024-07-10 23:20:29.320,,,62670031,2024-07-10 23:35:00.128,2024-07-10 23:35:00.128,,,,,UTC+0200,C8oz8zt6m4,,com.sec.android.app.shealth,2024-07-10 23:20:29.320,ca15167d-01f1-48e9-8cfa-d77e47757aea,69.0,
,21312,62670031,1,2024-07-10 23:30:29.320,,,62670031,2024-07-10 23:35:00.149,2024-07-10 23:35:00.149,,,,,UTC+0200,C8oz8zt6m4,,com.sec.android.app.shealth,2024-07-10 23:30:29.320,d42e87b3-ee15-4ec3-a7fd-3bb31c32ae0c,72.0,
,21312,62670031,1,2024-07-10 23:40:29.345,,,62670031,2024-07-10 23:55:00.527,2024-07-10 23:55:00.527,,,,,UTC+0200,C8oz8zt6m4,,com.sec.android.app.shealth,2024-07-10 23:40:29.345,4b84c400-6a9f-43f3-b891-c53026289796,73.0,
,21312,62670031,1,2024-07-10 23:50:29.345,,,62670031,2024-07-10 23:55:00.533,2024-07-10 23:55:00.533,,,,,UTC+0200,C8oz8zt6m4,,com.sec.android.app.shealth,2024-07-10 23:50:29.345,f59a34d2-f74e-4e09-93a3-6a6d4141985a,72.0,
,21312,62670031,1,2024-07-11 00:00:29.308,,,62670031,2024-07-11 00:15:01.154,2024-07-11 00:15:01.154,,,,,UTC+0200,C8oz8zt6m4,,com.sec.android.app.shealth,2024-07-11 00:00:29.308,0e502681-1269-408f-a948-6dd7b77d78d3,70.0,
,21312,62670031,1,2024-07-11 00:10:29.308,,,62670031,2024-07-11 00:15:01.166,2024-07-11 00:15:01.166,,,,,UTC+0200,C8oz8zt6m4,,com.sec.android.app.shealth,2024-07-11 00:10:29.308,13b2158d-ff9a-4ade-b083-f8515f003dea,69.0,
,21312,62670031,1,2024-07-11 00:20:29.327,,,62670031,2024-07-11 00:35:01.055,2024-07-11 00:35:01.055,,,,,UTC+0200,C8oz8zt6m4,,com.sec.android.app.shealth,2024-07-11 00:20:29.327,3c6c8412-845e-407d-824c-08130297db7a,73.0,
,21312,62670031,1,2024-07-11 00:30:29.327,,,62670031,2024-07-11 00:35:01.063,2024-07-11 00:35:01.063,,,,,UTC+0200,C8oz8zt6m4,,com.sec.android.app.shealth,2024-07-11 00:30:29.327,e749a6a1-856f-42d8-a2c5-3dcb05817c7b,70.0,
,21312,62670031,1,2024-07-11 00:40:29.295,,,62670031,2024-07-11 00:55:00.914,2024-07-11 00:55:00.914,,,,,UTC+0200,C8oz8zt6m4,,com.sec.android.app.shealth,2024-07-11 00:40:29.295,611ef842-5264-407a-b66c-b25f2f34e1bd,68.0,
,21312,62670031,1,2024-07-11 00:50:29.295,,,62670031,2024-07-11 00:55:00.921,2024-07-11 00:55:00.921,,,,,UTC+0200,C8oz8zt6m4,,com.sec.android.app.shealth,2024-07-11 00:50:29.295,5437e15b-bda3-46a0-ab8f-61dbd59cca1a,63.0,
,21312,62670031,1,2024-07-11 01:00:29.325,,,62670031,2024-07-11 01:15:01.046,2024-07-11 01:15:01.046,,,,,UTC+0200,C8oz8zt6m4,,com.sec.android.app.shealth,2024-07-11 01:00:29.325,027add11-5a8a-415b-b970-49cbaa4fe0f2,69.0,
,21312,62670031,1,2024-07-11 01:10:29.325,,,62670031,2024-07-11 01:15:01.055,2024-07-11 01:15:01.055,,,,,UTC+0200,C8oz8zt6m4,,com.sec.android.app.shealth,2024-07-11 01:10:29.325,bf596958-29e3-4ce2-8364-126b3460bc73,71.0,
,21312,62670031,1,2024-07-11 01:20:29.303,,,62670031,2024-07-11 01:35:00.344,2024-07-11 01:35:00.344,,,,,UTC+0200,C8oz8zt6m4,,com.sec.android.app.shealth,2024-07-11 01:20:29.303,9513b50c-c36c-4522-8369-763f36e7f1d5,72.0,
,21312,62670031,1,2024-07-11 01:30:29.303,,,62670031,2024-07-11 01:35:00.353,2024-07-11 01:35:00.353,,,,,UTC+0200,C8oz8zt6m4,,com.sec.android.app.shealth,2024-07-11 01:30:29.303,b0c3df18-a673-4019-a35d-d6b1384f1f9c,71.0,
,21312,62670031,1,2024-07-11 01:40:29.380,,,62670031,2024-07-11 01:55:00.519,2024-07-11 01:55:00.519,,,,,UTC+0200,C8oz8zt6m4,,com.sec.android.app.shealth,2024-07-11 01:40:29.380,94422351-78c5-490e-b660-5c27173729e4,65.0,
,21312,62670031,1,2024-07-11 01:50:29.380,,,62670031,2024-07-11 01:55:00.525,2024-07-11 01:55:00.525,,,,,UTC+0200,C8oz8zt6m4,,com.sec.android.app.shealth,2024-07-11 01:50:29.380,37da0c46-cc80-42c8-b142-db3646640b7f,64.0,
,21312,62670031,1,2024-07-11 02:00:29.304,,,62670031,2024-07-11 02:15:01.107,2024-07-11 02:15:01.107,,,,,UTC+0200,C8oz8zt6m4,,com.sec.android.app.shealth,2024-07-11 02:00:29.304,bb34b30e-b402-47ed-8b11-adb17554c149,69.0,
,21312,62670031,1,2024-07-11 02:10:29.304,,,62670031,2024-07-11 02:15:01.113,2024-07-11 02:15:01.113,,,,,UTC+0200,C8oz8zt6m4,,com.sec.android.app.shealth,2024-07-11 02:10:29.304,094aafe0-506d-4ac4-9519-68953a734dc1,63.0,
,21312,62670031,1,2024-07-11 02:20:29.345,,,62670031,2024-07-11 02:35:01.051,2024-07-11 02:35:01.051,,,,,UTC+0200,C8oz8zt6m4,,com.sec.android.app.shealth,2024-07-11 02:20:29.345,76330740-0df6-4efe-bd9b-3170832b3179,65.0,
,21312,62670031,1,2024-07-11 02:30:29.345,,,62670031,2024-07-11 02:35:01.060,2024-07-11 02:35:01.060,,,,,UTC+0200,C8oz8zt6m4,,com.sec.android.app.shealth,2024-07-11 02:30:29.345,9dac83b2-3903-4c17-ac8f-bca3a9e79e54,63.0,
,21312,62670031,1,2024-07-11 02:41:06.419,,,62670031,2024-07-11 02:55:01.171,2024-07-11 02:55:01.171,,,,,UTC+0200,C8oz8zt6m4,,com.sec.android.app.shealth,2024-07-11 02:41:06.419,3c4fe4b2-7784-4657-883d-0052c596d53c,64.0,
,21312,62670031,1,2024-07-11 02:51:06.419,,,62670031,2024-07-11 02:55:01.177,2024-07-11 02:55:01.177,,,,,UTC+0200,C8oz8zt6m4,,com.sec.android.app.shealth,2024-07-11 02:51:06.419,3ae1f1a8-0d04-4393-85d9-2ed7dacccb52,55.0,
,21312,62670031,1,2024-07-11 03:00:29.336,,,62670031,2024-07-11 03:15:00.072,2024-07-11 03:15:00.072,,,,,UTC+0200,C8oz8zt6m4,,com.sec.android.app.shealth,2024-07-11 03:00:29.336,acbbf550-793c-4154-819b-3f5dbafb5b3c,63.0,
,21312,62670031,1,2024-07-11 03:10:29.336,,,62670031,2024-07-11 03:15:00.077,2024-07-11 03:15:00.077,,,,,UTC+0200,C8oz8zt6m4,,com.sec.android.app.shealth,2024-07-11 03:10:29.336,7d389b67-0010-4f33-96ca-f1bf1fc4f651,70.0,
,21312,62670031,1,2024-07-11 03:20:29.336,,,62670031,2024-07-11 03:35:01.040,2024-07-11 03:35:01.040,,,,,UTC+0200,C8oz8zt6m4,,com.sec.android.app.shealth,2024-07-11 03:20:29.336,a9515929-2578-44ae-91cf-6a712d883162,66.0,
,21312,62670031,1,2024-07-11 03:30:29.336,,,62670031,2024-07-11 03:35:01.048,2024-07-11 03:35:01.048,,,,,UTC+0200,C8oz8zt6m4,,com.sec.android.app.shealth,2024-07-11 03:30:29.336,038ede30-3add-464b-b77d-5dc7cb27f6ba,64.0,
,21312,62670031,1,2024-07-11 03:40:29.329,,,62670031,2024-07-11 03:55:02.044,2024-07-11 03:55:02.044,,,,,UTC+0200,C8oz8zt6m4,,com.sec.android.app.shealth,2024-07-11 03:40:29.329,94582cd4-e273-4dcc-8391-758adb859a34,66.0,
,21312,62670031,1,2024-07-11 03:50:29.329,,,62670031,2024-07-11 03:55:02.052,2024-07-11 03:55:02.052,,,,,UTC+0200,C8oz8zt6m4,,com.sec.android.app.shealth,2024-07-11 03:50:29.329,78e16b09-878a-40e7-939a-3a3f92891d60,67.0,
,21312,62670031,1,2024-07-11 04:00:29.215,,,62670031,2024-07-11 04:15:01.042,2024-07-11 04:15:01.042,,,,,UTC+0200,C8oz8zt6m4,,com.sec.android.app.shealth,2024-07-11 04:00:29.215,5c0615fd-4390-4dad-be08-698b50be830f,64.0,
,21312,62670031,1,2024-07-11 04:10:29.215,,,62670031,2024-07-11 04:15:01.050,2024-07-11 04:15:01.050,,,,,UTC+0200,C8oz8zt6m4,,com.sec.android.app.shealth,2024-07-11 04:10:29.215,5f449e73-239d-408f-a1bb-f330dfd98a4f,64.0,
,21312,62670031,1,2024-07-11 04:20:29.225,,,62670031,2024-07-11 04:35:01.055,2024-07-11 04:35:01.055,,,,,UTC+0200,C8oz8zt6m4,,com.sec.android.app.shealth,2024-07-11 04:20:29.225,b5e3ec6f-8726-4d10-9cea-d3ffc7289843,65.0,
,21312,62670031,1,2024-07-11 07:00:28.328,,,62670031,2024-07-11 07:00:55.158,2024-07-11 07:00:55.158,,,,,UTC+0200,C8oz8zt6m4,,com.sec.android.app.shealth,2024-07-11 07:00:28.328,c966bd02-3e14-4de1-bc72-740698cf5c57,74.0,
,21312,62670031,1,2024-07-11 07:10:30.802,,,62670031,2024-07-11 07:10:54.129,2024-07-11 07:10:54.129,,,,,UTC+0200,C8oz8zt6m4,,com.sec.android.app.shealth,2024-07-11 07:10:30.802,2d8be856-7b25-46e3-8dd9-cc511bc12775,75.0,
,21312,62670031,1,2024-07-11 07:20:29.292,,,62670031,2024-07-11 07:35:01.461,2024-07-11 07:35:01.461,,,,,UTC+0200,C8oz8zt6m4,,com.sec.android.app.shealth,2024-07-11 07:20:29.292,980bce0b-f5d4-43da-a7de-d745f02371f8,77.0,
,21312,62670031,1,2024-07-11 07:30:29.292,,,62670031,2024-07-11 07:35:01.469,2024-07-11 07:35:01.469,,,,,UTC+0200,C8oz8zt6m4,,com.sec.android.app.shealth,2024-07-11 07:30:29.292,57bad9a1-094a-4f79-8acb-e7aeffeb42cd,73.0,
,21312,62670031,1,2024-07-11 07:40:58.625,,,62670031,2024-07-11 07:55:02.066,2024-07-11 07:55:02.066,,,,,UTC+0200,C8oz8zt6m4,,com.sec.android.app.shealth,2024-07-11 07:40:58.625,0ced75ae-340c-486f-bef2-957b0938b0d9,71.0,
,21312,62670031,1,2024-07-11 07:50:58.625,,,62670031,2024-07-11 07:55:02.071,2024-07-11 07:55:02.071,,,,,UTC+0200,C8oz8zt6m4,,com.sec.android.app.shealth,2024-07-11 07:50:58.625,861d80a1-d3e7-4004-aadb-aba262be931b,78.0,
,21312,62670031,1,2024-07-11 08:00:29.326,,,62670031,2024-07-11 08:01:27.429,2024-07-11 08:01:27.429,,,,,UTC+0200,C8oz8zt6m4,,com.sec.android.app.shealth,2024-07-11 08:00:29.326,938744e6-ac49-4b88-95d2-9f1e5bfaf383,69.0,
,21312,62670031,1,2024-07-11 08:10:29.287,,,62670031,2024-07-11 08:10:56.834,2024-07-11 08:10:56.834,,,,,UTC+0200,C8oz8zt6m4,,com.sec.android.app.shealth,2024-07-11 08:10:29.287,2acf0a55-e08b-4cee-86c5-2845dc6c915d,80.0,
,21312,62670031,1,2024-07-11 10:10:29.337,,,62670031,2024-07-11 10:12:50.439,2024-07-11 10:12:50.439,,,,,UTC+0200,C8oz8zt6m4,,com.sec.android.app.shealth,2024-07-11 10:10:29.337,db01f746-e4e0-4b73-af56-3d388dd3d047,78.0,
,21312,62670031,1,2024-07-11 11:00:31.852,,,62670031,2024-07-11 11:00:36.176,2024-07-11 11:00:36.176,,,,,UTC+0200,C8oz8zt6m4,,com.sec.android.app.shealth,2024-07-11 11:00:31.852,4d9091aa-6ebb-4e97-b139-34076024095a,83.0,
,21312,62670031,1,2024-07-11 11:10:29.273,,,62670031,2024-07-11 11:15:00.911,2024-07-11 11:15:00.911,,,,,UTC+0200,C8oz8zt6m4,,com.sec.android.app.shealth,2024-07-11 11:10:29.273,878e92e7-900e-44c6-a948-ddd4796f1d57,82.0,
,21312,62670031,1,2024-07-11 11:20:29.342,,,62670031,2024-07-11 11:23:05.775,2024-07-11 11:23:05.775,,,,,UTC+0200,C8oz8zt6m4,,com.sec.android.app.shealth,2024-07-11 11:20:29.342,45823fdb-54e9-4899-976b-949b290ebbf3,82.0,
,21312,62670031,1,2024-07-11 11:30:29.396,,,62670031,2024-07-11 11:30:44.589,2024-07-11 11:30:44.589,,,,,UTC+0200,C8oz8zt6m4,,com.sec.android.app.shealth,2024-07-11 11:30:29.396,7de11a34-92fa-4bc8-8864-4caebaed9a2f,83.0,
,21312,62670031,1,2024-07-11 12:10:31.300,,,62670031,2024-07-11 12:11:49.132,2024-07-11 12:11:49.132,,,,,UTC+0200,C8oz8zt6m4,,com.sec.android.app.shealth,2024-07-11 12:10:31.300,b1afc6ac-658a-48cd-af25-fbddaa97cd82,82.0,
,21312,62670031,1,2024-07-11 12:21:05.023,,,62670031,2024-07-11 12:21:28.925,2024-07-11 12:21:28.925,,,,,UTC+0200,C8oz8zt6m4,,com.sec.android.app.shealth,2024-07-11 12:21:05.023,2b87314b-b996-4e82-83f8-2364e29884da,95.0,
,21312,62670031,1,2024-07-11 12:30:29.284,,,62670031,2024-07-11 12:35:00.942,2024-07-11 12:35:00.942,,,,,UTC+0200,C8oz8zt6m4,,com.sec.android.app.shealth,2024-07-11 12:30:29.284,e11794aa-4a28-43c5-bc4e-303ea191eb16,84.0,
,21312,62670031,1,2024-07-11 12:40:29.290,,,62670031,2024-07-11 12:43:21.698,2024-07-11 12:43:21.698,,,,,UTC+0200,C8oz8zt6m4,,com.sec.android.app.shealth,2024-07-11 12:40:29.290,bd2d11e1-907f-4dcf-9c16-9663d5e58f4a,91.0,
,21312,62670031,1,2024-07-11 12:50:29.287,,,62670031,2024-07-11 12:51:28.417,2024-07-11 12:51:28.417,,,,,UTC+0200,C8oz8zt6m4,,com.sec.android.app.shealth,2024-07-11 12:50:29.287,cea64899-4858-42ca-9739-03cec62c2ae0,83.0,
,21312,62670031,1,2024-07-11 13:00:29.356,,,62670031,2024-07-11 13:11:42.126,2024-07-11 13:11:42.126,,,,,UTC+0200,C8oz8zt6m4,,com.sec.android.app.shealth,2024-07-11 13:00:29.356,1e568627-ff87-47e0-9b97-731e917b826d,84.0,
,21312,62670031,1,2024-07-11 13:10:29.356,,,62670031,2024-07-11 13:11:42.129,2024-07-11 13:11:42.129,,,,,UTC+0200,C8oz8zt6m4,,com.sec.android.app.shealth,2024-07-11 13:10:29.356,fd52a67a-fe89-44cc-8101-b760fbb8765e,81.0,
,21312,62670031,1,2024-07-11 13:20:29.241,,,62670031,2024-07-11 13:22:22.492,2024-07-11 13:22:22.492,,,,,UTC+0200,C8oz8zt6m4,,com.sec.android.app.shealth,2024-07-11 13:20:29.241,cc2519de-874e-4cb8-abfc-062487811571,82.0,
,21312,62670031,1,2024-07-11 13:30:29.420,,,62670031,2024-07-11 13:30:39.000,2024-07-11 13:30:39.000,,,,,UTC+0200,C8oz8zt6m4,,com.sec.android.app.shealth,2024-07-11 13:30:29.420,7b67a995-0f80-494e-bcd7-6d409c06b8c3,80.0,
,21312,62670031,1,2024-07-11 18:51:38.928,,,62670031,2024-07-11 18:52:38.141,2024-07-11 18:52:38.141,,,,,UTC+0200,C8oz8zt6m4,,com.sec.android.app.shealth,2024-07-11 18:51:38.928,4dcbdd04-7c68-4bd6-82f2-a2a5ea2fc7c8,84.0,
,21312,62670031,1,2024-07-11 21:00:29.307,,,62670031,2024-07-11 21:15:00.053,2024-07-11 21:15:00.053,,,,,UTC+0200,C8oz8zt6m4,,com.sec.android.app.shealth,2024-07-11 21:00:29.307,752b6579-7b86-4cc5-83af-8ad9154a209e,73.0,
,21312,62670031,1,2024-07-11 21:10:29.307,,,62670031,2024-07-11 21:15:00.060,2024-07-11 21:15:00.060,,,,,UTC+0200,C8oz8zt6m4,,com.sec.android.app.shealth,2024-07-11 21:10:29.307,f5490442-ece0-4631-a5ea-cdd9046d9973,74.0,
,21312,62670031,1,2024-07-11 21:20:59.441,,,62670031,2024-07-11 21:35:00.264,2024-07-11 21:35:00.264,,,,,UTC+0200,C8oz8zt6m4,,com.sec.android.app.shealth,2024-07-11 21:20:59.441,2dd51c4b-d64a-408a-8abb-0c5c2e1dfd65,72.0,
,21312,62670031,1,2024-07-11 21:30:59.441,,,62670031,2024-07-11 21:35:00.280,2024-07-11 21:35:00.280,,,,,UTC+0200,C8oz8zt6m4,,com.sec.android.app.shealth,2024-07-11 21:30:59.441,fd6582aa-f362-4cae-8c0c-8595d8f966e5,69.0,
,21312,62670031,1,2024-07-11 21:40:29.236,,,62670031,2024-07-11 21:55:01.053,2024-07-11 21:55:01.053,,,,,UTC+0200,C8oz8zt6m4,,com.sec.android.app.shealth,2024-07-11 21:40:29.236,184b15f1-d5b8-48ba-aa02-b5d9b9f86c5b,68.0,
,21312,62670031,1,2024-07-11 21:50:29.236,,,62670031,2024-07-11 21:55:01.058,2024-07-11 21:55:01.058,,,,,UTC+0200,C8oz8zt6m4,,com.sec.android.app.shealth,2024-07-11 21:50:29.236,8d7f1294-f82c-4447-bc14-3d6f18d9b5a0,71.0,
,21312,62670031,1,2024-07-11 22:00:29.311,,,62670031,2024-07-11 22:15:00.371,2024-07-11 22:15:00.371,,,,,UTC+0200,C8oz8zt6m4,,com.sec.android.app.shealth,2024-07-11 22:00:29.311,4f281ab2-0a0d-47ec-b352-6059cc9419dd,75.0,
,21312,62670031,1,2024-07-11 22:10:29.311,,,62670031,2024-07-11 22:15:00.381,2024-07-11 22:15:00.381,,,,,UTC+0200,C8oz8zt6m4,,com.sec.android.app.shealth,2024-07-11 22:10:29.311,3e96b915-8a97-4e38-9d55-0fce98f97dde,73.0,
,21312,62670031,1,2024-07-11 22:20:29.269,,,62670031,2024-07-11 22:35:00.304,2024-07-11 22:35:00.304,,,,,UTC+0200,C8oz8zt6m4,,com.sec.android.app.shealth,2024-07-11 22:20:29.269,53c4cdf4-ae1a-4cab-b05f-90c619c67ec8,69.0,
,21312,62670031,1,2024-07-11 22:30:29.269,,,62670031,2024-07-11 22:35:00.315,2024-07-11 22:35:00.315,,,,,UTC+0200,C8oz8zt6m4,,com.sec.android.app.shealth,2024-07-11 22:30:29.269,95fc3aff-bd89-48c7-90aa-ad186879c7c6,68.0,
,21312,62670031,1,2024-07-11 22:40:29.317,,,62670031,2024-07-11 22:55:00.088,2024-07-11 22:55:00.088,,,,,UTC+0200,C8oz8zt6m4,,com.sec.android.app.shealth,2024-07-11 22:40:29.317,f73fba6a-2fe4-43cf-8126-79d5abf8e5f1,66.0,
,21312,62670031,1,2024-07-11 22:50:29.317,,,62670031,2024-07-11 22:55:00.097,2024-07-11 22:55:00.097,,,,,UTC+0200,C8oz8zt6m4,,com.sec.android.app.shealth,2024-07-11 22:50:29.317,b44162e8-b090-4b42-a17e-c81f6ffb4237,64.0,
,21312,62670031,1,2024-07-11 23:00:29.228,,,62670031,2024-07-11 23:14:59.187,2024-07-11 23:14:59.187,,,,,UTC+0200,C8oz8zt6m4,,com.sec.android.app.shealth,2024-07-11 23:00:29.228,dd5ed4ef-1ce5-411f-832a-d26260747d8e,64.0,
,21312,62670031,1,2024-07-11 23:10:29.228,,,62670031,2024-07-11 23:14:59.196,2024-07-11 23:14:59.196,,,,,UTC+0200,C8oz8zt6m4,,com.sec.android.app.shealth,2024-07-11 23:10:29.228,69f9d0a0-60a7-4ce8-bd87-e0c49d286951,69.0,
,21312,62670031,1,2024-07-11 23:20:29.283,,,62670031,2024-07-11 23:35:00.293,2024-07-11 23:35:00.293,,,,,UTC+0200,C8oz8zt6m4,,com.sec.android.app.shealth,2024-07-11 23:20:29.283,b462b80e-3c64-4159-9768-43648ce0f212,70.0,
,21312,62670031,1,2024-07-11 23:30:29.283,,,62670031,2024-07-11 23:35:00.307,2024-07-11 23:35:00.307,,,,,UTC+0200,C8oz8zt6m4,,com.sec.android.app.shealth,2024-07-11 23:30:29.283,0a8fa62f-98fb-49ac-afa2-5f3da8740b7d,69.0,
,21312,62670031,1,2024-07-11 23:40:29.229,,,62670031,2024-07-11 23:55:00.486,2024-07-11 23:55:00.486,,,,,UTC+0200,C8oz8zt6m4,,com.sec.android.app.shealth,2024-07-11 23:40:29.229,9d373bbf-e9a1-4c84-af19-3803118e3c15,71.0,
,21312,62670031,1,2024-07-11 23:50:29.229,,,62670031,2024-07-11 23:55:00.495,2024-07-11 23:55:00.495,,,,,UTC+0200,C8oz8zt6m4,,com.sec.android.app.shealth,2024-07-11 23:50:29.229,38ad006c-7578-4d13-92f2-c809f661ec84,68.0,
,21312,62670031,1,2024-07-12 00:00:29.246,,,62670031,2024-07-12 00:14:59.304,2024-07-12 00:14:59.304,,,,,UTC+0200,C8oz8zt6m4,,com.sec.android.app.shealth,2024-07-12 00:00:29.246,5567e5a9-33e8-4d9d-bf9f-ca22aa901246,68.0,
,21312,62670031,1,2024-07-12 00:10:29.246,,,62670031,2024-07-12 00:14:59.313,2024-07-12 00:14:59.313,,,,,UTC+0200,C8oz8zt6m4,,com.sec.android.app.shealth,2024-07-12 00:10:29.246,25899059-1d7f-4043-af81-64c8aa9abe3c,69.0,
,21312,62670031,1,2024-07-12 00:20:29.213,,,62670031,2024-07-12 00:35:00.051,2024-07-12 00:35:00.051,,,,,UTC+0200,C8oz8zt6m4,,com.sec.android.app.shealth,2024-07-12 00:20:29.213,31d754f9-69db-4f70-87f1-2c93a9c8a009,68.0,
,21312,62670031,1,2024-07-12 00:30:29.213,,,62670031,2024-07-12 00:35:00.057,2024-07-12 00:35:00.057,,,,,UTC+0200,C8oz8zt6m4,,com.sec.android.app.shealth,2024-07-12 00:30:29.213,496f80b8-5a57-41e0-a27b-3c30cba61556,66.0,
,21312,62670031,1,2024-07-12 00:40:29.324,,,62670031,2024-07-12 00:55:00.057,2024-07-12 00:55:00.057,,,,,UTC+0200,C8oz8zt6m4,,com.sec.android.app.shealth,2024-07-12 00:40:29.324,19c15cbb-98e8-4755-a03d-94af98efb8c3,74.0,
,21312,62670031,1,2024-07-12 00:50:29.324,,,62670031,2024-07-12 00:55:00.066,2024-07-12 00:55:00.066,,,,,UTC+0200,C8oz8zt6m4,,com.sec.android.app.shealth,2024-07-12 00:50:29.324,47020781-933a-42dc-94fc-79c7086e2e06,70.0,
,21312,62670031,1,2024-07-12 01:00:29.361,,,62670031,2024-07-12 01:15:01.054,2024-07-12 01:15:01.054,,,,,UTC+0200,C8oz8zt6m4,,com.sec.android.app.shealth,2024-07-12 01:00:29.361,59812d43-43c1-48c5-91d0-a3718a252af1,65.0,
,21312,62670031,1,2024-07-12 01:10:29.361,,,62670031,2024-07-12 01:15:01.059,2024-07-12 01:15:01.059,,,,,UTC+0200,C8oz8zt6m4,,com.sec.android.app.shealth,2024-07-12 01:10:29.361,c7854cf3-5566-4a0f-b0cc-934b564ac174,64.0,
,21312,62670031,1,2024-07-12 01:20:29.285,,,62670031,2024-07-12 01:35:00.053,2024-07-12 01:35:00.053,,,,,UTC+0200,C8oz8zt6m4,,com.sec.android.app.shealth,2024-07-12 01:20:29.285,044d4e86-88a7-4ca9-a490-1db7e992a93d,65.0,
,21312,62670031,1,2024-07-12 01:30:29.285,,,62670031,2024-07-12 01:35:00.059,2024-07-12 01:35:00.059,,,,,UTC+0200,C8oz8zt6m4,,com.sec.android.app.shealth,2024-07-12 01:30:29.285,8851662f-2472-4b84-82dd-dea261675915,67.0,
,21312,62670031,1,2024-07-12 01:40:29.334,,,62670031,2024-07-12 01:55:00.044,2024-07-12 01:55:00.044,,,,,UTC+0200,C8oz8zt6m4,,com.sec.android.app.shealth,2024-07-12 01:40:29.334,1088e695-d5fd-4cb6-9922-883fc770bb2e,68.0,
,21312,62670031,1,2024-07-12 01:50:29.334,,,62670031,2024-07-12 01:55:00.055,2024-07-12 01:55:00.055,,,,,UTC+0200,C8oz8zt6m4,,com.sec.android.app.shealth,2024-07-12 01:50:29.334,d69cb17b-7e2e-42fa-8f27-fed5dd846448,62.0,
,21312,62670031,1,2024-07-12 02:00:29.301,,,62670031,2024-07-12 02:14:59.130,2024-07-12 02:14:59.130,,,,,UTC+0200,C8oz8zt6m4,,com.sec.android.app.shealth,2024-07-12 02:00:29.301,90697afd-4320-41a6-9c16-46595420a89f,65.0,
,21312,62670031,1,2024-07-12 02:10:29.301,,,62670031,2024-07-12 02:14:59.147,2024-07-12 02:14:59.147,,,,,UTC+0200,C8oz8zt6m4,,com.sec.android.app.shealth,2024-07-12 02:10:29.301,dfe3c605-fcc2-4541-b046-48b6b0bee69c,60.0,
,21312,62670031,1,2024-07-12 02:20:29.234,,,62670031,2024-07-12 02:35:00.081,2024-07-12 02:35:00.081,,,,,UTC+0200,C8oz8zt6m4,,com.sec.android.app.shealth,2024-07-12 02:20:29.234,6111e776-082e-4ee3-a0a7-27d680ecd275,63.0,
,21312,62670031,1,2024-07-12 02:30:29.234,,,62670031,2024-07-12 02:35:00.092,2024-07-12 02:35:00.092,,,,,UTC+0200,C8oz8zt6m4,,com.sec.android.app.shealth,2024-07-12 02:30:29.234,985f8782-80ab-43d9-a67c-a7003c9c70ac,61.0,
,21312,62670031,1,2024-07-12 02:40:29.289,,,62670031,2024-07-12 02:55:00.048,2024-07-12 02:55:00.048,,,,,UTC+0200,C8oz8zt6m4,,com.sec.android.app.shealth,2024-07-12 02:40:29.289,9cea7ce3-7667-4533-8613-a80bc66b2202,61.0,
,21312,62670031,1,2024-07-12 02:50:29.289,,,62670031,2024-07-12 02:55:00.057,2024-07-12 02:55:00.057,,,,,UTC+0200,C8oz8zt6m4,,com.sec.android.app.shealth,2024-07-12 02:50:29.289,b09b4f27-a579-46e6-a749-ad5dac2a776d,60.0,
,21312,62670031,1,2024-07-12 03:00:29.313,,,62670031,2024-07-12 03:14:59.148,2024-07-12 03:14:59.148,,,,,UTC+0200,C8oz8zt6m4,,com.sec.android.app.shealth,2024-07-12 03:00:29.313,827665e5-2564-4a01-b687-9053457b1cb4,60.0,
,21312,62670031,1,2024-07-12 03:10:29.313,,,62670031,2024-07-12 03:14:59.159,2024-07-12 03:14:59.159,,,,,UTC+0200,C8oz8zt6m4,,com.sec.android.app.shealth,2024-07-12 03:10:29.313,004e1b02-d063-47bf-9734-4cf67bf06d25,56.0,
,21312,62670031,1,2024-07-12 03:20:29.258,,,62670031,2024-07-12 03:35:00.081,2024-07-12 03:35:00.081,,,,,UTC+0200,C8oz8zt6m4,,com.sec.android.app.shealth,2024-07-12 03:20:29.258,47129052-40cc-4c0a-92a3-6d1f57091069,58.0,
,21312,62670031,1,2024-07-12 03:30:29.258,,,62670031,2024-07-12 03:35:00.090,2024-07-12 03:35:00.090,,,,,UTC+0200,C8oz8zt6m4,,com.sec.android.app.shealth,2024-07-12 03:30:29.258,bff1b996-b9b9-473e-a946-50be1bd8d77d,59.0,
,21312,62670031,1,2024-07-12 03:40:29.291,,,62670031,2024-07-12 03:55:00.490,2024-07-12 03:55:00.490,,,,,UTC+0200,C8oz8zt6m4,,com.sec.android.app.shealth,2024-07-12 03:40:29.291,e601fc6c-d865-497e-add0-ab5495c78496,63.0,
,21312,62670031,1,2024-07-12 03:50:29.291,,,62670031,2024-07-12 03:55:00.499,2024-07-12 03:55:00.499,,,,,UTC+0200,C8oz8zt6m4,,com.sec.android.app.shealth,2024-07-12 03:50:29.291,1d18e1e0-d20a-43dd-b46e-61aa1fab5af2,61.0,
,21312,62670031,1,2024-07-12 04:00:29.241,,,62670031,2024-07-12 04:15:00.711,2024-07-12 04:15:00.711,,,,,UTC+0200,C8oz8zt6m4,,com.sec.android.app.shealth,2024-07-12 04:00:29.241,db5695e6-8baf-4267-a627-15b7bb2be8ac,62.0,
,21312,62670031,1,2024-07-12 04:10:29.241,,,62670031,2024-07-12 04:15:00.725,2024-07-12 04:15:00.725,,,,,UTC+0200,C8oz8zt6m4,,com.sec.android.app.shealth,2024-07-12 04:10:29.241,1eb55f68-d78c-4ebf-b533-a36e5510f369,63.0,
,21312,62670031,1,2024-07-12 04:20:29.293,,,62670031,2024-07-12 04:34:59.242,2024-07-12 04:34:59.242,,,,,UTC+0200,C8oz8zt6m4,,com.sec.android.app.shealth,2024-07-12 04:20:29.293,9d35da4d-67ae-479c-91c6-beaf03567d89,61.0,
,21312,62670031,1,2024-07-12 04:30:29.293,,,62670031,2024-07-12 04:34:59.254,2024-07-12 04:34:59.254,,,,,UTC+0200,C8oz8zt6m4,,com.sec.android.app.shealth,2024-07-12 04:30:29.293,56cb1142-fd52-4167-ad78-314f0c107179,66.0,
,21312,62670031,1,2024-07-12 04:40:29.267,,,62670031,2024-07-12 04:55:01.056,2024-07-12 04:55:01.056,,,,,UTC+0200,C8oz8zt6m4,,com.sec.android.app.shealth,2024-07-12 04:40:29.267,8272fda4-8b4d-41b5-bdf4-56069a86a7c1,60.0,
,21312,62670031,1,2024-07-12 04:50:29.267,,,62670031,2024-07-12 04:55:01.065,2024-07-12 04:55:01.065,,,,,UTC+0200,C8oz8zt6m4,,com.sec.android.app.shealth,2024-07-12 04:50:29.267,c18f8f46-2528-4e45-bbc7-831a6fe55a9b,65.0,
,21312,62670031,1,2024-07-12 05:00:29.331,,,62670031,2024-07-12 05:09:09.960,2024-07-12 05:09:09.960,,,,,UTC+0200,C8oz8zt6m4,,com.sec.android.app.shealth,2024-07-12 05:00:29.331,40cdad83-76cf-44ec-903d-8d0924f41e4c,60.0,
,21312,62670031,1,2024-07-12 05:10:29.220,,,62670031,2024-07-12 05:15:01.047,2024-07-12 05:15:01.047,,,,,UTC+0200,C8oz8zt6m4,,com.sec.android.app.shealth,2024-07-12 05:10:29.220,38c1a80d-40bf-4233-baff-034a6e8df5ff,64.0,
,21312,62670031,1,2024-07-12 05:20:29.317,,,62670031,2024-07-12 05:22:56.765,2024-07-12 05:22:56.765,,,,,UTC+0200,C8oz8zt6m4,,com.sec.android.app.shealth,2024-07-12 05:20:29.317,97144990-0d53-40cb-9f5a-537d2c75d680,58.0,
,21312,62670031,1,2024-07-12 05:30:29.288,,,62670031,2024-07-12 05:35:00.223,2024-07-12 05:35:00.223,,,,,UTC+0200,C8oz8zt6m4,,com.sec.android.app.shealth,2024-07-12 05:30:29.288,3cba8f9c-cfa1-42d6-b860-b551a75f2a10,57.0,
,21312,62670031,1,2024-07-12 05:40:29.271,,,62670031,2024-07-12 05:55:00.073,2024-07-12 05:55:00.073,,,,,UTC+0200,C8oz8zt6m4,,com.sec.android.app.shealth,2024-07-12 05:40:29.271,e1a5dfd8-8923-4920-a33d-c6e6a205ee1b,61.0,
,21312,62670031,1,2024-07-12 05:50:29.271,,,62670031,2024-07-12 05:55:00.083,2024-07-12 05:55:00.083,,,,,UTC+0200,C8oz8zt6m4,,com.sec.android.app.shealth,2024-07-12 05:50:29.271,31c11c89-ecde-4682-b0ec-96af2576f777,64.0,
,21312,62670031,1,2024-07-12 06:00:29.301,,,62670031,2024-07-12 06:00:55.582,2024-07-12 06:00:55.582,,,,,UTC+0200,C8oz8zt6m4,,com.sec.android.app.shealth,2024-07-12 06:00:29.301,5711b643-8342-4b07-9e24-a590bf59fe77,63.0,
,21312,62670031,1,2024-07-12 06:10:35.978,,,62670031,2024-07-12 06:11:09.146,2024-07-12 06:11:09.146,,,,,UTC+0200,C8oz8zt6m4,,com.sec.android.app.shealth,2024-07-12 06:10:35.978,46708b73-6035-42ce-a2c7-1bc11c64bbbd,81.0,
,21312,62670031,1,2024-07-12 06:20:37.190,,,62670031,2024-07-12 06:22:02.969,2024-07-12 06:22:02.969,,,,,UTC+0200,C8oz8zt6m4,,com.sec.android.app.shealth,2024-07-12 06:20:37.190,1f4246cc-f3c5-4cc7-842e-77d14d364a4b,72.0,
,21312,62670031,1,2024-07-12 06:30:59.264,,,62670031,2024-07-12 06:35:00.044,2024-07-12 06:35:00.044,,,,,UTC+0200,C8oz8zt6m4,,com.sec.android.app.shealth,2024-07-12 06:30:59.264,616afa3a-6b66-4a32-ad01-f33de4613e75,72.0,
,21312,62670031,1,2024-07-12 06:40:35.272,,,62670031,2024-07-12 06:42:16.648,2024-07-12 06:42:16.648,,,,,UTC+0200,C8oz8zt6m4,,com.sec.android.app.shealth,2024-07-12 06:40:35.272,404c2276-2543-461d-947d-55960cb4e47e,88.0,
,21312,62670031,1,2024-07-12 06:50:30.055,,,62670031,2024-07-12 06:50:45.816,2024-07-12 06:50:45.816,,,,,UTC+0200,C8oz8zt6m4,,com.sec.android.app.shealth,2024-07-12 06:50:30.055,7a8b1cb0-1f2c-473f-aca7-fe9ee8d3cd63,82.0,
,21312,62670031,1,2024-07-12 07:00:29.323,,,62670031,2024-07-12 07:12:34.183,2024-07-12 07:12:34.183,,,,,UTC+0200,C8oz8zt6m4,,com.sec.android.app.shealth,2024-07-12 07:00:29.323,ea6d9288-c777-4055-895c-de4a066f6a92,76.0,
,21312,62670031,1,2024-07-12 07:10:29.323,,,62670031,2024-07-12 07:12:34.204,2024-07-12 07:12:34.204,,,,,UTC+0200,C8oz8zt6m4,,com.sec.android.app.shealth,2024-07-12 07:10:29.323,28222a89-66ac-46bc-aa10-861f14bc3796,76.0,
,21312,62670031,1,2024-07-12 08:50:29.286,,,62670031,2024-07-12 08:55:00.999,2024-07-12 08:55:00.999,,,,,UTC+0200,C8oz8zt6m4,,com.sec.android.app.shealth,2024-07-12 08:50:29.286,7464d9ca-2d9c-406a-9bb7-69c7bab30966,69.0,
,21312,62670031,1,2024-07-12 09:10:29.361,,,62670031,2024-07-12 09:11:06.485,2024-07-12 09:11:06.485,,,,,UTC+0200,C8oz8zt6m4,,com.sec.android.app.shealth,2024-07-12 09:10:29.361,912b1ef2-777e-4284-8e2e-1f0cbf236b67,71.0,
,21312,62670031,1,2024-07-12 09:20:32.397,,,62670031,2024-07-12 09:35:00.204,2024-07-12 09:35:00.204,,,,,UTC+0200,C8oz8zt6m4,,com.sec.android.app.shealth,2024-07-12 09:20:32.397,0d8821ba-d0c0-4941-b6ce-5e36699c7d8a,67.0,
,21312,62670031,1,2024-07-12 09:30:32.397,,,62670031,2024-07-12 09:35:00.215,2024-07-12 09:35:00.215,,,,,UTC+0200,C8oz8zt6m4,,com.sec.android.app.shealth,2024-07-12 09:30:32.397,cab6a273-9c26-40db-a0a1-90f9247e3367,77.0,
,21312,62670031,1,2024-07-12 09:40:29.243,,,62670031,2024-07-12 09:55:00.619,2024-07-12 09:55:00.619,,,,,UTC+0200,C8oz8zt6m4,,com.sec.android.app.shealth,2024-07-12 09:40:29.243,55d9d2c9-5520-4b38-a9d3-d40281477b7e,66.0,
,21312,62670031,1,2024-07-12 09:50:29.243,,,62670031,2024-07-12 09:55:00.626,2024-07-12 09:55:00.626,,,,,UTC+0200,C8oz8zt6m4,,com.sec.android.app.shealth,2024-07-12 09:50:29.243,9c577ea0-67a6-475c-a1a3-619eb182ecf8,66.0,
,21312,62670031,1,2024-07-12 10:00:29.269,,,62670031,2024-07-12 10:04:02.040,2024-07-12 10:04:02.040,,,,,UTC+0200,C8oz8zt6m4,,com.sec.android.app.shealth,2024-07-12 10:00:29.269,c929e2c1-14ae-420f-b98e-ea53e0784358,64.0,
,21312,62670031,1,2024-07-12 10:30:29.341,,,62670031,2024-07-12 10:35:00.337,2024-07-12 10:35:00.337,,,,,UTC+0200,C8oz8zt6m4,,com.sec.android.app.shealth,2024-07-12 10:30:29.341,09c64a3f-4c6b-4ebf-846d-9144b1645261,73.0,
,21312,62670031,1,2024-07-12 10:40:29.309,,,62670031,2024-07-12 10:45:28.850,2024-07-12 10:45:28.850,,,,,UTC+0200,C8oz8zt6m4,,com.sec.android.app.shealth,2024-07-12 10:40:29.309,f53ff5a3-f975-4a94-a405-ad9504ad5ada,77.0,
,21312,62670031,1,2024-07-12 11:10:29.365,,,62670031,2024-07-12 11:15:01.478,2024-07-12 11:15:01.478,,,,,UTC+0200,C8oz8zt6m4,,com.sec.android.app.shealth,2024-07-12 11:10:29.365,5c88b1a3-ae2a-4dd4-a069-d716d177adcd,75.0,
,21312,62670031,1,2024-07-12 11:30:59.513,,,62670031,2024-07-12 11:35:00.074,2024-07-12 11:35:00.074,,,,,UTC+0200,C8oz8zt6m4,,com.sec.android.app.shealth,2024-07-12 11:30:59.513,d82da032-f073-4846-99f7-55ede8c395f0,81.0,
,21312,62670031,1,2024-07-12 11:40:29.349,,,62670031,2024-07-12 11:41:11.830,2024-07-12 11:41:11.830,,,,,UTC+0200,C8oz8zt6m4,,com.sec.android.app.shealth,2024-07-12 11:40:29.349,ae9f4723-5441-4dd2-9d90-e977435be49d,78.0,
,21312,62670031,1,2024-07-12 11:50:29.329,,,62670031,2024-07-12 11:55:00.471,2024-07-12 11:55:00.471,,,,,UTC+0200,C8oz8zt6m4,,com.sec.android.app.shealth,2024-07-12 11:50:29.329,23ee3d10-0107-46a9-99aa-e71800cf7537,73.0,
,21312,62670031,1,2024-07-12 12:00:29.213,,,62670031,2024-07-12 12:08:16.745,2024-07-12 12:08:16.745,,,,,UTC+0200,C8oz8zt6m4,,com.sec.android.app.shealth,2024-07-12 12:00:29.213,48b27d92-556c-4e51-a185-d0e0968b98e3,80.0,
,21312,62670031,1,2024-07-12 12:10:29.340,,,62670031,2024-07-12 12:14:36.084,2024-07-12 12:14:36.084,,,,,UTC+0200,C8oz8zt6m4,,com.sec.android.app.shealth,2024-07-12 12:10:29.340,1377926e-f558-4bde-b339-416ac6a53577,81.0,
,21312,62670031,1,2024-07-12 12:20:30.179,,,62670031,2024-07-12 12:28:14.148,2024-07-12 12:28:14.148,,,,,UTC+0200,C8oz8zt6m4,,com.sec.android.app.shealth,2024-07-12 12:20:30.179,9b252006-049d-4248-a330-a6a3230aca34,88.0,
,21312,62670031,1,2024-07-12 12:30:29.321,,,62670031,2024-07-12 12:35:00.102,2024-07-12 12:35:00.102,,,,,UTC+0200,C8oz8zt6m4,,com.sec.android.app.shealth,2024-07-12 12:30:29.321,ada1ab0f-f451-42e7-9ee1-97d018602e39,76.0,
,21312,62670031,1,2024-07-12 12:40:29.364,,,62670031,2024-07-12 12:45:22.000,2024-07-12 12:45:22.000,,,,,UTC+0200,C8oz8zt6m4,,com.sec.android.app.shealth,2024-07-12 12:40:29.364,75459c4d-99d7-467c-9e3a-be9a33fbcfb2,77.0,
,21312,62670031,1,2024-07-12 13:00:55.084,,,62670031,2024-07-12 13:13:30.146,2024-07-12 13:13:30.146,,,,,UTC+0200,C8oz8zt6m4,,com.sec.android.app.shealth,2024-07-12 13:00:55.084,b8ab5561-f0b6-4c7a-94aa-e5e7a66f9524,78.0,
,21312,62670031,1,2024-07-12 13:20:29.369,,,62670031,2024-07-12 13:34:32.657,2024-07-12 13:34:32.657,,,,,UTC+0200,C8oz8zt6m4,,com.sec.android.app.shealth,2024-07-12 13:20:29.369,3814e171-5269-4c4b-9559-270d51d830a2,79.0,
,21312,62670031,1,2024-07-12 13:30:29.369,,,62670031,2024-07-12 13:34:32.669,2024-07-12 13:34:32.669,,,,,UTC+0200,C8oz8zt6m4,,com.sec.android.app.shealth,2024-07-12 13:30:29.369,df3dfa44-c6ae-4708-8a3e-d0eae2856c93,76.0,
,21312,62670031,1,2024-07-12 13:50:30.145,,,62670031,2024-07-12 13:51:11.451,2024-07-12 13:51:11.451,,,,,UTC+0200,C8oz8zt6m4,,com.sec.android.app.shealth,2024-07-12 13:50:30.145,e76a535e-ac38-413a-b1d9-60e5ac63857c,96.0,
,21312,62670031,1,2024-07-12 14:00:29.349,,,62670031,2024-07-12 14:02:08.349,2024-07-12 14:02:08.349,,,,,UTC+0200,C8oz8zt6m4,,com.sec.android.app.shealth,2024-07-12 14:00:29.349,767fb4fd-8021-4713-bb6e-a5bfad6e7a86,94.0,
,21312,62670031,1,2024-07-12 14:40:29.377,,,62670031,2024-07-12 14:45:52.031,2024-07-12 14:45:52.031,,,,,UTC+0200,C8oz8zt6m4,,com.sec.android.app.shealth,2024-07-12 14:40:29.377,6eb0e904-15f8-49b0-9b37-f5702dd4eef5,73.0,
,21312,62670031,1,2024-07-12 14:50:56.257,,,62670031,2024-07-12 14:51:43.146,2024-07-12 14:51:43.146,,,,,UTC+0200,C8oz8zt6m4,,com.sec.android.app.shealth,2024-07-12 14:50:56.257,6df5c943-6077-447b-889b-43147dd6cf6d,91.0,
,21312,62670031,1,2024-07-12 15:00:29.322,,,62670031,2024-07-12 15:01:04.620,2024-07-12 15:01:04.620,,,,,UTC+0200,C8oz8zt6m4,,com.sec.android.app.shealth,2024-07-12 15:00:29.322,bed0197d-15ba-4cd0-a9bb-f3f47697aaa8,72.0,
,21312,62670031,1,2024-07-12 15:10:29.321,,,62670031,2024-07-12 15:12:36.876,2024-07-12 15:12:36.876,,,,,UTC+0200,C8oz8zt6m4,,com.sec.android.app.shealth,2024-07-12 15:10:29.321,1e2dde18-71d1-4bc2-bb22-f1b41a4f9dcf,71.0,
,21312,62670031,1,2024-07-12 15:20:29.357,,,62670031,2024-07-12 15:20:54.229,2024-07-12 15:20:54.229,,,,,UTC+0200,C8oz8zt6m4,,com.sec.android.app.shealth,2024-07-12 15:20:29.357,e8056d2b-e0f7-4601-98c8-0d56c9e9e65e,68.0,
,21312,62670031,1,2024-07-12 15:30:29.364,,,62670031,2024-07-12 15:30:46.624,2024-07-12 15:30:46.624,,,,,UTC+0200,C8oz8zt6m4,,com.sec.android.app.shealth,2024-07-12 15:30:29.364,eff62156-2656-42c5-b59d-de8fd5442d2a,70.0,
,21312,62670031,1,2024-07-12 15:40:29.364,,,62670031,2024-07-12 15:41:20.772,2024-07-12 15:41:20.772,,,,,UTC+0200,C8oz8zt6m4,,com.sec.android.app.shealth,2024-07-12 15:40:29.364,67e034a6-6690-4c37-9c89-7f9f0ca48276,73.0,
,21312,62670031,1,2024-07-12 15:50:32.593,,,62670031,2024-07-12 15:54:16.148,2024-07-12 15:54:16.148,,,,,UTC+0200,C8oz8zt6m4,,com.sec.android.app.shealth,2024-07-12 15:50:32.593,85d5b0cb-4ec1-4985-9d93-b3a26d086e81,75.0,
,21312,62670031,1,2024-07-12 16:00:30.846,,,62670031,2024-07-12 16:00:40.143,2024-07-12 16:00:40.143,,,,,UTC+0200,C8oz8zt6m4,,com.sec.android.app.shealth,2024-07-12 16:00:30.846,26c0096f-fffd-478f-b7f0-da1a909db542,74.0,
,21312,62670031,1,2024-07-12 16:10:29.304,,,62670031,2024-07-12 16:34:18.449,2024-07-12 16:34:18.449,,,,,UTC+0200,C8oz8zt6m4,,com.sec.android.app.shealth,2024-07-12 16:10:29.304,b137e327-805d-4cfa-afa0-65453f3994ea,70.0,
,21312,62670031,1,2024-07-12 16:20:29.304,,,62670031,2024-07-12 16:34:18.477,2024-07-12 16:34:18.477,,,,,UTC+0200,C8oz8zt6m4,,com.sec.android.app.shealth,2024-07-12 16:20:29.304,3c3badf7-b5bc-4a9d-a5ba-e3e2bbde7904,68.0,
,21312,62670031,1,2024-07-12 16:30:29.304,,,62670031,2024-07-12 16:34:18.491,2024-07-12 16:34:18.491,,,,,UTC+0200,C8oz8zt6m4,,com.sec.android.app.shealth,2024-07-12 16:30:29.304,2ba241dc-c3fa-4c77-979c-5e1286efdfee,67.0,
,21312,62670031,1,2024-07-12 16:40:30.208,,,62670031,2024-07-12 16:40:34.156,2024-07-12 16:40:34.156,,,,,UTC+0200,C8oz8zt6m4,,com.sec.android.app.shealth,2024-07-12 16:40:30.208,2d55a207-988a-452c-b80a-b3f6eeccaf70,101.0,
,21312,62670031,1,2024-07-12 17:10:48.958,,,62670031,2024-07-12 17:11:52.166,2024-07-12 17:11:52.166,,,,,UTC+0200,C8oz8zt6m4,,com.sec.android.app.shealth,2024-07-12 17:10:48.958,a8015fd9-0c27-47da-9fb8-765116e1cb4e,73.0,
,21312,62670031,1,2024-07-12 17:30:29.381,,,62670031,2024-07-12 17:35:01.055,2024-07-12 17:35:01.055,,,,,UTC+0200,C8oz8zt6m4,,com.sec.android.app.shealth,2024-07-12 17:30:29.381,49097ec1-01bc-46a6-9c32-32bb5174a07a,70.0,
,21312,62670031,1,2024-07-12 17:40:29.295,,,62670031,2024-07-12 17:45:51.137,2024-07-12 17:45:51.137,,,,,UTC+0200,C8oz8zt6m4,,com.sec.android.app.shealth,2024-07-12 17:40:29.295,095c3179-035f-420b-90b4-1d745b22916f,76.0,
,21312,62670031,1,2024-07-12 17:50:30.102,,,62670031,2024-07-12 17:50:50.143,2024-07-12 17:50:50.143,,,,,UTC+0200,C8oz8zt6m4,,com.sec.android.app.shealth,2024-07-12 17:50:30.102,967c8b6d-31cb-4712-8536-6dacc32a5b10,79.0,
,21312,62670031,1,2024-07-12 18:10:38.883,,,62670031,2024-07-12 18:14:14.150,2024-07-12 18:14:14.150,,,,,UTC+0200,C8oz8zt6m4,,com.sec.android.app.shealth,2024-07-12 18:10:38.883,f6cc7d05-fd6c-43fa-936f-74f5b36c5c41,82.0,
,21312,62670031,1,2024-07-12 18:20:29.323,,,62670031,2024-07-12 18:23:14.429,2024-07-12 18:23:14.429,,,,,UTC+0200,C8oz8zt6m4,,com.sec.android.app.shealth,2024-07-12 18:20:29.323,b6a346c3-7496-435a-9e75-cdeb83725fe3,87.0,
,21312,62670031,1,2024-07-12 18:30:29.362,,,62670031,2024-07-12 18:35:00.055,2024-07-12 18:35:00.055,,,,,UTC+0200,C8oz8zt6m4,,com.sec.android.app.shealth,2024-07-12 18:30:29.362,a5107500-9d78-4e64-b572-2cecb57248d6,78.0,
,21312,62670031,1,2024-07-12 18:40:29.280,,,62670031,2024-07-12 18:46:35.487,2024-07-12 18:46:35.487,,,,,UTC+0200,C8oz8zt6m4,,com.sec.android.app.shealth,2024-07-12 18:40:29.280,b3968cde-28fd-4e44-b65b-e9575f4e1d95,76.0,
,21312,62670031,1,2024-07-12 18:50:29.323,,,62670031,2024-07-12 18:53:18.833,2024-07-12 18:53:18.833,,,,,UTC+0200,C8oz8zt6m4,,com.sec.android.app.shealth,2024-07-12 18:50:29.323,00362134-39c1-40ad-bb7a-34397b2e3d65,76.0,
,21312,62670031,1,2024-07-12 19:00:29.329,,,62670031,2024-07-12 19:04:44.435,2024-07-12 19:04:44.435,,,,,UTC+0200,C8oz8zt6m4,,com.sec.android.app.shealth,2024-07-12 19:00:29.329,ff6fbe12-5062-4bfd-9f92-9658afff0e45,73.0,
,21312,62670031,1,2024-07-12 19:10:29.216,,,62670031,2024-07-12 19:11:57.205,2024-07-12 19:11:57.205,,,,,UTC+0200,C8oz8zt6m4,,com.sec.android.app.shealth,2024-07-12 19:10:29.216,872fc083-b30c-4afb-ae4b-4829c886fc68,71.0,
,21312,62670031,1,2024-07-12 19:20:29.309,,,62670031,2024-07-12 19:21:47.468,2024-07-12 19:21:47.468,,,,,UTC+0200,C8oz8zt6m4,,com.sec.android.app.shealth,2024-07-12 19:20:29.309,a2837852-26b8-4ab1-befc-fd013bdf8ddd,71.0,
,21312,62670031,1,2024-07-12 19:30:29.237,,,62670031,2024-07-12 19:31:58.196,2024-07-12 19:31:58.196,,,,,UTC+0200,C8oz8zt6m4,,com.sec.android.app.shealth,2024-07-12 19:30:29.237,6b7d166e-989e-473e-9d32-554ba6e0333a,70.0,
,21312,62670031,1,2024-07-12 19:40:29.387,,,62670031,2024-07-12 19:44:58.466,2024-07-12 19:44:58.466,,,,,UTC+0200,C8oz8zt6m4,,com.sec.android.app.shealth,2024-07-12 19:40:29.387,b56f1df1-596a-4960-af32-46cd98a56986,72.0,
,21312,62670031,1,2024-07-12 19:50:29.261,,,62670031,2024-07-12 19:51:09.816,2024-07-12 19:51:09.816,,,,,UTC+0200,C8oz8zt6m4,,com.sec.android.app.shealth,2024-07-12 19:50:29.261,a66ec27b-3ce7-40c6-ba3a-2ec5975be3ce,75.0,
,21312,62670031,1,2024-07-12 20:00:29.280,,,62670031,2024-07-12 20:15:00.151,2024-07-12 20:15:00.151,,,,,UTC+0200,C8oz8zt6m4,,com.sec.android.app.shealth,2024-07-12 20:00:29.280,34c03995-6666-49e3-b982-df324cc21b9c,72.0,
,21312,62670031,1,2024-07-12 20:10:29.280,,,62670031,2024-07-12 20:15:00.158,2024-07-12 20:15:00.158,,,,,UTC+0200,C8oz8zt6m4,,com.sec.android.app.shealth,2024-07-12 20:10:29.280,6ce174b1-81fb-4b0d-91d7-62f6adb55aa2,75.0,
,21312,62670031,1,2024-07-12 20:20:29.309,,,62670031,2024-07-12 20:35:01.054,2024-07-12 20:35:01.054,,,,,UTC+0200,C8oz8zt6m4,,com.sec.android.app.shealth,2024-07-12 20:20:29.309,06f1856d-8881-4a72-b22d-0e4b63ebbad7,71.0,
,21312,62670031,1,2024-07-12 20:30:29.309,,,62670031,2024-07-12 20:35:01.060,2024-07-12 20:35:01.060,,,,,UTC+0200,C8oz8zt6m4,,com.sec.android.app.shealth,2024-07-12 20:30:29.309,35c4ac9d-7dc8-4e4e-8737-d5f1d82ac3a5,69.0,
,21312,62670031,1,2024-07-12 20:40:29.375,,,62670031,2024-07-12 20:50:33.156,2024-07-12 20:50:33.156,,,,,UTC+0200,C8oz8zt6m4,,com.sec.android.app.shealth,2024-07-12 20:40:29.375,8e4ec54a-bd86-4ce4-93d6-9abd096c9b87,65.0,
,21312,62670031,1,2024-07-12 21:10:29.324,,,62670031,2024-07-12 21:13:21.436,2024-07-12 21:13:21.436,,,,,UTC+0200,C8oz8zt6m4,,com.sec.android.app.shealth,2024-07-12 21:10:29.324,b8e05b27-65a2-410f-b993-18aa5fa5edfb,63.0,
,21312,62670031,1,2024-07-12 21:20:29.396,,,62670031,2024-07-12 21:30:47.377,2024-07-12 21:30:47.377,,,,,UTC+0200,C8oz8zt6m4,,com.sec.android.app.shealth,2024-07-12 21:20:29.396,b0eb4fa4-5b47-4b68-8286-e1da34c16c34,67.0,
,21312,62670031,1,2024-07-12 21:30:29.396,,,62670031,2024-07-12 21:30:47.388,2024-07-12 21:30:47.388,,,,,UTC+0200,C8oz8zt6m4,,com.sec.android.app.shealth,2024-07-12 21:30:29.396,98abe2ad-13f1-4320-a237-ce7e23e3586e,73.0,
,21312,62670031,1,2024-07-12 21:50:29.373,,,62670031,2024-07-12 21:55:00.457,2024-07-12 21:55:00.457,,,,,UTC+0200,C8oz8zt6m4,,com.sec.android.app.shealth,2024-07-12 21:50:29.373,87808368-8d91-4c37-b730-edd2a176463d,63.0,
,21312,62670031,1,2024-07-12 22:00:29.336,,,62670031,2024-07-12 22:15:00.468,2024-07-12 22:15:00.468,,,,,UTC+0200,C8oz8zt6m4,,com.sec.android.app.shealth,2024-07-12 22:00:29.336,5b9916a4-b034-4cd4-9883-41b71c4869e1,64.0,
,21312,62670031,1,2024-07-12 22:10:29.336,,,62670031,2024-07-12 22:15:00.476,2024-07-12 22:15:00.476,,,,,UTC+0200,C8oz8zt6m4,,com.sec.android.app.shealth,2024-07-12 22:10:29.336,c673c137-5a1c-4de0-8262-1e8cbfbf2bae,64.0,
,21312,62670031,1,2024-07-12 22:20:29.301,,,62670031,2024-07-12 22:34:59.363,2024-07-12 22:34:59.363,,,,,UTC+0200,C8oz8zt6m4,,com.sec.android.app.shealth,2024-07-12 22:20:29.301,335742f2-de94-4d66-9422-b606899f9707,64.0,
,21312,62670031,1,2024-07-12 22:30:29.301,,,62670031,2024-07-12 22:34:59.372,2024-07-12 22:34:59.372,,,,,UTC+0200,C8oz8zt6m4,,com.sec.android.app.shealth,2024-07-12 22:30:29.301,e4a6ba45-01c9-4009-9c82-3f7bb4a8798b,66.0,
,21312,62670031,1,2024-07-12 22:40:29.274,,,62670031,2024-07-12 22:55:00.076,2024-07-12 22:55:00.076,,,,,UTC+0200,C8oz8zt6m4,,com.sec.android.app.shealth,2024-07-12 22:40:29.274,df28c806-195c-4b8a-8916-a71214b5547e,63.0,
,21312,62670031,1,2024-07-12 22:50:29.274,,,62670031,2024-07-12 22:55:00.085,2024-07-12 22:55:00.085,,,,,UTC+0200,C8oz8zt6m4,,com.sec.android.app.shealth,2024-07-12 22:50:29.274,b774ce56-b788-4c0a-a294-15658d79f00e,65.0,
,21312,62670031,1,2024-07-12 23:00:29.340,,,62670031,2024-07-12 23:15:00.472,2024-07-12 23:15:00.472,,,,,UTC+0200,C8oz8zt6m4,,com.sec.android.app.shealth,2024-07-12 23:00:29.340,4964847a-7212-4fde-879e-8005b0911423,71.0,
,21312,62670031,1,2024-07-12 23:10:29.340,,,62670031,2024-07-12 23:15:00.478,2024-07-12 23:15:00.478,,,,,UTC+0200,C8oz8zt6m4,,com.sec.android.app.shealth,2024-07-12 23:10:29.340,76c4677b-912e-4e1f-adea-f2217466432c,65.0,
,21312,62670031,1,2024-07-12 23:20:29.312,,,62670031,2024-07-12 23:35:00.061,2024-07-12 23:35:00.061,,,,,UTC+0200,C8oz8zt6m4,,com.sec.android.app.shealth,2024-07-12 23:20:29.312,b6af68cf-ed32-470c-8f5e-21b5bf2a8191,63.0,
,21312,62670031,1,2024-07-12 23:30:29.312,,,62670031,2024-07-12 23:35:00.071,2024-07-12 23:35:00.071,,,,,UTC+0200,C8oz8zt6m4,,com.sec.android.app.shealth,2024-07-12 23:30:29.312,e70e528e-4da3-4ff9-960b-e56bd94c668b,63.0,
,21312,62670031,1,2024-07-12 23:40:29.392,,,62670031,2024-07-12 23:55:00.390,2024-07-12 23:55:00.390,,,,,UTC+0200,C8oz8zt6m4,,com.sec.android.app.shealth,2024-07-12 23:40:29.392,765f9a74-c739-481f-af22-bb0d8fc5954e,72.0,
,21312,62670031,1,2024-07-12 23:50:29.392,,,62670031,2024-07-12 23:55:00.397,2024-07-12 23:55:00.397,,,,,UTC+0200,C8oz8zt6m4,,com.sec.android.app.shealth,2024-07-12 23:50:29.392,9fce25a8-7a57-470a-96b9-d6f1ee38f7a9,66.0,
,21312,62670031,1,2024-07-13 00:00:29.323,,,62670031,2024-07-13 00:15:00.050,2024-07-13 00:15:00.050,,,,,UTC+0200,C8oz8zt6m4,,com.sec.android.app.shealth,2024-07-13 00:00:29.323,500aed90-e05d-4204-bd1a-70c2d2d99d72,63.0,
,21312,62670031,1,2024-07-13 00:10:29.323,,,62670031,2024-07-13 00:15:00.057,2024-07-13 00:15:00.057,,,,,UTC+0200,C8oz8zt6m4,,com.sec.android.app.shealth,2024-07-13 00:10:29.323,59b85db2-a369-4a55-83f0-35f567a72015,69.0,
,21312,62670031,1,2024-07-13 00:20:29.203,,,62670031,2024-07-13 00:34:59.096,2024-07-13 00:34:59.096,,,,,UTC+0200,C8oz8zt6m4,,com.sec.android.app.shealth,2024-07-13 00:20:29.203,6f24d637-3482-4123-96f1-9932b4ed8564,67.0,
,21312,62670031,1,2024-07-13 00:30:29.203,,,62670031,2024-07-13 00:34:59.114,2024-07-13 00:34:59.114,,,,,UTC+0200,C8oz8zt6m4,,com.sec.android.app.shealth,2024-07-13 00:30:29.203,b04582b7-875a-4e51-85d3-cca44b567af3,66.0,
,21312,62670031,1,2024-07-13 00:40:29.401,,,62670031,2024-07-13 00:55:01.052,2024-07-13 00:55:01.052,,,,,UTC+0200,C8oz8zt6m4,,com.sec.android.app.shealth,2024-07-13 00:40:29.401,9658e7db-de60-4a07-a3b6-dc3f47a19540,62.0,
,21312,62670031,1,2024-07-13 00:50:29.401,,,62670031,2024-07-13 00:55:01.062,2024-07-13 00:55:01.062,,,,,UTC+0200,C8oz8zt6m4,,com.sec.android.app.shealth,2024-07-13 00:50:29.401,fc3cba12-69c1-4508-8539-84bb5909f5af,67.0,
,21312,62670031,1,2024-07-13 01:00:29.298,,,62670031,2024-07-13 01:14:59.136,2024-07-13 01:14:59.136,,,,,UTC+0200,C8oz8zt6m4,,com.sec.android.app.shealth,2024-07-13 01:00:29.298,cd6dedcb-b96a-4f0d-8655-1ee0e8e34985,66.0,
,21312,62670031,1,2024-07-13 01:10:29.298,,,62670031,2024-07-13 01:14:59.145,2024-07-13 01:14:59.145,,,,,UTC+0200,C8oz8zt6m4,,com.sec.android.app.shealth,2024-07-13 01:10:29.298,2025c6be-c7cd-40ea-a299-374fd6477a23,61.0,
,21312,62670031,1,2024-07-13 01:20:29.369,,,62670031,2024-07-13 01:34:59.237,2024-07-13 01:34:59.237,,,,,UTC+0200,C8oz8zt6m4,,com.sec.android.app.shealth,2024-07-13 01:20:29.369,852cb79b-220a-4748-9f9e-2ec457a517fc,69.0,
,21312,62670031,1,2024-07-13 01:30:29.369,,,62670031,2024-07-13 01:34:59.245,2024-07-13 01:34:59.245,,,,,UTC+0200,C8oz8zt6m4,,com.sec.android.app.shealth,2024-07-13 01:30:29.369,03bfd321-e1e3-44d3-96a8-8b67778e54f5,64.0,
,21312,62670031,1,2024-07-13 01:40:29.303,,,62670031,2024-07-13 01:55:00.059,2024-07-13 01:55:00.059,,,,,UTC+0200,C8oz8zt6m4,,com.sec.android.app.shealth,2024-07-13 01:40:29.303,4fa4be61-9466-4730-9b54-3684d8ed2da1,62.0,
,21312,62670031,1,2024-07-13 01:50:29.303,,,62670031,2024-07-13 01:55:00.066,2024-07-13 01:55:00.066,,,,,UTC+0200,C8oz8zt6m4,,com.sec.android.app.shealth,2024-07-13 01:50:29.303,7ac97801-2a96-403b-b6de-f5256df43f75,68.0,
,21312,62670031,1,2024-07-13 02:00:29.229,,,62670031,2024-07-13 02:14:59.442,2024-07-13 02:14:59.442,,,,,UTC+0200,C8oz8zt6m4,,com.sec.android.app.shealth,2024-07-13 02:00:29.229,eb176a9f-593a-4abb-8c75-e1e2d413013b,62.0,
,21312,62670031,1,2024-07-13 02:10:29.229,,,62670031,2024-07-13 02:14:59.452,2024-07-13 02:14:59.452,,,,,UTC+0200,C8oz8zt6m4,,com.sec.android.app.shealth,2024-07-13 02:10:29.229,884eb91f-48d8-4889-89b3-8edf3205933e,57.0,
,21312,62670031,1,2024-07-13 02:20:29.384,,,62670031,2024-07-13 02:34:59.315,2024-07-13 02:34:59.315,,,,,UTC+0200,C8oz8zt6m4,,com.sec.android.app.shealth,2024-07-13 02:20:29.384,2c21f41a-0dbe-4f12-8be7-9ac7ed4be788,57.0,
,21312,62670031,1,2024-07-13 02:30:29.384,,,62670031,2024-07-13 02:34:59.329,2024-07-13 02:34:59.329,,,,,UTC+0200,C8oz8zt6m4,,com.sec.android.app.shealth,2024-07-13 02:30:29.384,949ae71a-2940-434b-a3ca-959824d011e4,59.0,
,21312,62670031,1,2024-07-13 02:40:29.302,,,62670031,2024-07-13 02:54:59.173,2024-07-13 02:54:59.173,,,,,UTC+0200,C8oz8zt6m4,,com.sec.android.app.shealth,2024-07-13 02:40:29.302,47563aa0-1f6d-443f-956a-3b76fe70306c,56.0,
,21312,62670031,1,2024-07-13 02:50:29.302,,,62670031,2024-07-13 02:54:59.181,2024-07-13 02:54:59.181,,,,,UTC+0200,C8oz8zt6m4,,com.sec.android.app.shealth,2024-07-13 02:50:29.302,cd055881-8a5e-4707-86b3-4f640bc44794,56.0,
,21312,62670031,1,2024-07-13 03:00:29.214,,,62670031,2024-07-13 03:15:00.048,2024-07-13 03:15:00.048,,,,,UTC+0200,C8oz8zt6m4,,com.sec.android.app.shealth,2024-07-13 03:00:29.214,6c9bc5b3-3910-4089-ab3c-709d08a4622e,59.0,
,21312,62670031,1,2024-07-13 03:10:29.214,,,62670031,2024-07-13 03:15:00.055,2024-07-13 03:15:00.055,,,,,UTC+0200,C8oz8zt6m4,,com.sec.android.app.shealth,2024-07-13 03:10:29.214,8f874666-8702-4b2b-8b9a-2881dfbb6b76,57.0,
,21312,62670031,1,2024-07-13 03:20:29.376,,,62670031,2024-07-13 03:35:00.050,2024-07-13 03:35:00.050,,,,,UTC+0200,C8oz8zt6m4,,com.sec.android.app.shealth,2024-07-13 03:20:29.376,34e157e3-2f4a-4124-8d72-a12f602e0801,56.0,
,21312,62670031,1,2024-07-13 03:30:29.376,,,62670031,2024-07-13 03:35:00.061,2024-07-13 03:35:00.061,,,,,UTC+0200,C8oz8zt6m4,,com.sec.android.app.shealth,2024-07-13 03:30:29.376,54475169-749d-4ca4-98f7-735731d4f670,59.0,
,21312,62670031,1,2024-07-13 03:40:29.374,,,62670031,2024-07-13 03:55:00.475,2024-07-13 03:55:00.475,,,,,UTC+0200,C8oz8zt6m4,,com.sec.android.app.shealth,2024-07-13 03:40:29.374,333a3f84-31d1-45e0-aa30-996665705540,58.0,
,21312,62670031,1,2024-07-13 03:50:29.374,,,62670031,2024-07-13 03:55:00.485,2024-07-13 03:55:00.485,,,,,UTC+0200,C8oz8zt6m4,,com.sec.android.app.shealth,2024-07-13 03:50:29.374,2ce70b88-ff6c-4c83-b354-4ae68279cec9,60.0,
,21312,62670031,1,2024-07-13 04:00:29.318,,,62670031,2024-07-13 04:15:00.054,2024-07-13 04:15:00.054,,,,,UTC+0200,C8oz8zt6m4,,com.sec.android.app.shealth,2024-07-13 04:00:29.318,52c6ebf6-0377-444e-b910-62f36f84fffb,58.0,
,21312,62670031,1,2024-07-13 04:10:29.318,,,62670031,2024-07-13 04:15:00.065,2024-07-13 04:15:00.065,,,,,UTC+0200,C8oz8zt6m4,,com.sec.android.app.shealth,2024-07-13 04:10:29.318,7f2c72ed-2f73-4696-8cdb-6914db60b705,57.0,
,21312,62670031,1,2024-07-13 04:20:39.723,,,62670031,2024-07-13 04:32:13.430,2024-07-13 04:32:13.430,,,,,UTC+0200,C8oz8zt6m4,,com.sec.android.app.shealth,2024-07-13 04:20:39.723,7b1b42fc-636b-4fc0-bf3f-12d41ae9e7cf,59.0,
,21312,62670031,1,2024-07-13 04:30:39.723,,,62670031,2024-07-13 04:32:13.490,2024-07-13 04:32:13.490,,,,,UTC+0200,C8oz8zt6m4,,com.sec.android.app.shealth,2024-07-13 04:30:39.723,2e0b32f8-e4ff-4b8f-99d6-54eb5eb5e570,72.0,
,21312,62670031,1,2024-07-13 04:40:29.370,,,62670031,2024-07-13 04:54:59.456,2024-07-13 04:54:59.456,,,,,UTC+0200,C8oz8zt6m4,,com.sec.android.app.shealth,2024-07-13 04:40:29.370,d88d189a-bbb1-42fd-be98-cdb378a493c9,57.0,
,21312,62670031,1,2024-07-13 04:50:29.370,,,62670031,2024-07-13 04:54:59.466,2024-07-13 04:54:59.466,,,,,UTC+0200,C8oz8zt6m4,,com.sec.android.app.shealth,2024-07-13 04:50:29.370,5846c18a-5611-4a84-8327-90a973d213e4,58.0,
,21312,62670031,1,2024-07-13 05:00:29.285,,,62670031,2024-07-13 05:14:59.283,2024-07-13 05:14:59.283,,,,,UTC+0200,C8oz8zt6m4,,com.sec.android.app.shealth,2024-07-13 05:00:29.285,6eb29a36-d321-44c1-957f-748c4d2dbb6e,55.0,
,21312,62670031,1,2024-07-13 05:10:29.285,,,62670031,2024-07-13 05:14:59.292,2024-07-13 05:14:59.292,,,,,UTC+0200,C8oz8zt6m4,,com.sec.android.app.shealth,2024-07-13 05:10:29.285,2e44f173-4c4b-4921-90ec-733c0d100ae3,52.0,
,21312,62670031,1,2024-07-13 05:20:29.318,,,62670031,2024-07-13 05:35:00.170,2024-07-13 05:35:00.170,,,,,UTC+0200,C8oz8zt6m4,,com.sec.android.app.shealth,2024-07-13 05:20:29.318,4dc950b7-9c47-4879-b3a8-c7dcb0a694d4,56.0,
,21312,62670031,1,2024-07-13 05:30:29.318,,,62670031,2024-07-13 05:35:00.177,2024-07-13 05:35:00.177,,,,,UTC+0200,C8oz8zt6m4,,com.sec.android.app.shealth,2024-07-13 05:30:29.318,63b97503-bbe4-4c92-a35f-5b45bed6c1cc,52.0,
,21312,62670031,1,2024-07-13 05:40:29.388,,,62670031,2024-07-13 05:54:59.130,2024-07-13 05:54:59.130,,,,,UTC+0200,C8oz8zt6m4,,com.sec.android.app.shealth,2024-07-13 05:40:29.388,a22eeb35-69ae-4954-b004-1ed0f1c65059,54.0,
,21312,62670031,1,2024-07-13 05:50:29.388,,,62670031,2024-07-13 05:54:59.177,2024-07-13 05:54:59.177,,,,,UTC+0200,C8oz8zt6m4,,com.sec.android.app.shealth,2024-07-13 05:50:29.388,7959fd68-4280-4a33-b890-7c575f55c9e4,57.0,
,21312,62670031,1,2024-07-13 06:00:29.297,,,62670031,2024-07-13 06:15:00.056,2024-07-13 06:15:00.056,,,,,UTC+0200,C8oz8zt6m4,,com.sec.android.app.shealth,2024-07-13 06:00:29.297,b2f427a7-0fd6-42d1-9d69-eb2075481a3b,59.0,
,21312,62670031,1,2024-07-13 06:10:29.297,,,62670031,2024-07-13 06:15:00.065,2024-07-13 06:15:00.065,,,,,UTC+0200,C8oz8zt6m4,,com.sec.android.app.shealth,2024-07-13 06:10:29.297,8d865949-2e91-4ec9-a3ad-652a097d8bff,60.0,
,21312,62670031,1,2024-07-13 06:20:29.251,,,62670031,2024-07-13 06:35:00.051,2024-07-13 06:35:00.051,,,,,UTC+0200,C8oz8zt6m4,,com.sec.android.app.shealth,2024-07-13 06:20:29.251,7c0a7ae1-5621-48db-b9cc-e47cc85b05cc,57.0,
,21312,62670031,1,2024-07-13 06:30:29.251,,,62670031,2024-07-13 06:35:00.062,2024-07-13 06:35:00.062,,,,,UTC+0200,C8oz8zt6m4,,com.sec.android.app.shealth,2024-07-13 06:30:29.251,4f35ac1c-cdde-46cf-bfd1-c747866d5071,56.0,
,21312,62670031,1,2024-07-13 06:40:29.358,,,62670031,2024-07-13 06:46:51.730,2024-07-13 06:46:51.730,,,,,UTC+0200,C8oz8zt6m4,,com.sec.android.app.shealth,2024-07-13 06:40:29.358,35498d1d-b6ab-48cb-8f15-de3b9613c072,58.0,
,21312,62670031,1,2024-07-13 06:50:37.191,,,62670031,2024-07-13 06:51:22.642,2024-07-13 06:51:22.642,,,,,UTC+0200,C8oz8zt6m4,,com.sec.android.app.shealth,2024-07-13 06:50:37.191,475027cd-3470-48f6-80e9-06c8921fe80c,85.0,
,21312,62670031,1,2024-07-13 07:00:29.392,,,62670031,2024-07-13 07:06:11.155,2024-07-13 07:06:11.155,,,,,UTC+0200,C8oz8zt6m4,,com.sec.android.app.shealth,2024-07-13 07:00:29.392,f0419bb3-3fcd-41ec-b096-e0bc12d904b2,70.0,
,21312,62670031,1,2024-07-13 07:10:29.264,,,62670031,2024-07-13 07:12:53.048,2024-07-13 07:12:53.048,,,,,UTC+0200,C8oz8zt6m4,,com.sec.android.app.shealth,2024-07-13 07:10:29.264,89b27786-01e9-4ac6-ae22-94b130262d0d,75.0,
,21312,62670031,1,2024-07-13 07:20:58.434,,,62670031,2024-07-13 07:21:33.135,2024-07-13 07:21:33.135,,,,,UTC+0200,C8oz8zt6m4,,com.sec.android.app.shealth,2024-07-13 07:20:58.434,2faf7630-b29e-4ce7-904e-f5f7db288693,71.0,
,21312,62670031,1,2024-07-13 07:30:29.250,,,62670031,2024-07-13 07:55:00.476,2024-07-13 07:55:00.476,,,,,UTC+0200,C8oz8zt6m4,,com.sec.android.app.shealth,2024-07-13 07:30:29.250,95e1550e-7e18-47ce-9cae-243d6d1c5e30,68.0,
,21312,62670031,1,2024-07-13 07:40:29.250,,,62670031,2024-07-13 07:55:00.486,2024-07-13 07:55:00.486,,,,,UTC+0200,C8oz8zt6m4,,com.sec.android.app.shealth,2024-07-13 07:40:29.250,8b176ac2-0c38-4a6d-9ce3-0582a8449c70,67.0,
,21312,62670031,1,2024-07-13 07:50:29.250,,,62670031,2024-07-13 07:55:00.493,2024-07-13 07:55:00.493,,,,,UTC+0200,C8oz8zt6m4,,com.sec.android.app.shealth,2024-07-13 07:50:29.250,322f5268-8f30-42fe-837a-ce31b9842a3e,67.0,
,21312,62670031,1,2024-07-13 08:00:29.359,,,62670031,2024-07-13 08:02:14.570,2024-07-13 08:02:14.570,,,,,UTC+0200,C8oz8zt6m4,,com.sec.android.app.shealth,2024-07-13 08:00:29.359,558497a1-1c12-4f30-9c98-4edf7f3bef73,69.0,
,21312,62670031,1,2024-07-13 08:10:29.262,,,62670031,2024-07-13 08:15:00.077,2024-07-13 08:15:00.077,,,,,UTC+0200,C8oz8zt6m4,,com.sec.android.app.shealth,2024-07-13 08:10:29.262,cfa61ece-fb35-43d5-b615-20b696b80284,68.0,
,21312,62670031,1,2024-07-13 08:20:29.314,,,62670031,2024-07-13 08:33:12.133,2024-07-13 08:33:12.133,,,,,UTC+0200,C8oz8zt6m4,,com.sec.android.app.shealth,2024-07-13 08:20:29.314,c43372c2-637c-4dd9-94fa-f0b22b8b8e83,68.0,
,21312,62670031,1,2024-07-13 08:30:29.314,,,62670031,2024-07-13 08:33:12.143,2024-07-13 08:33:12.143,,,,,UTC+0200,C8oz8zt6m4,,com.sec.android.app.shealth,2024-07-13 08:30:29.314,5e9a2c6e-0d6e-42dc-a95c-50d55920e363,67.0,
,21312,62670031,1,2024-07-13 13:11:47.445,,,62670031,2024-07-13 13:12:29.565,2024-07-13 13:12:29.565,,,,,UTC+0200,C8oz8zt6m4,,com.sec.android.app.shealth,2024-07-13 13:11:47.445,ffdae021-2c6b-4b5b-abfa-376ef14f6ab7,91.0,
,21312,62670031,1,2024-07-13 14:31:01.875,,,62670031,2024-07-13 14:32:47.147,2024-07-13 14:32:47.147,,,,,UTC+0200,C8oz8zt6m4,,com.sec.android.app.shealth,2024-07-13 14:31:01.875,10f31726-35f9-412d-90c7-9f91e001ac18,87.0,
,21312,62670031,1,2024-07-13 14:50:29.332,,,62670031,2024-07-13 14:53:03.843,2024-07-13 14:53:03.843,,,,,UTC+0200,C8oz8zt6m4,,com.sec.android.app.shealth,2024-07-13 14:50:29.332,881febd8-b794-4410-9b7a-663de07ccf73,77.0,
,21312,62670031,1,2024-07-13 15:00:29.297,,,62670031,2024-07-13 15:13:33.501,2024-07-13 15:13:33.501,,,,,UTC+0200,C8oz8zt6m4,,com.sec.android.app.shealth,2024-07-13 15:00:29.297,1ba510c4-32c4-4c0c-8d38-8e7199bfd6f4,77.0,
,21312,62670031,1,2024-07-13 15:10:29.297,,,62670031,2024-07-13 15:13:33.508,2024-07-13 15:13:33.508,,,,,UTC+0200,C8oz8zt6m4,,com.sec.android.app.shealth,2024-07-13 15:10:29.297,44ba6b76-aee9-43ab-bd45-4699c46aa59f,73.0,
,21312,62670031,1,2024-07-13 15:31:10.070,,,62670031,2024-07-13 15:32:33.140,2024-07-13 15:32:33.140,,,,,UTC+0200,C8oz8zt6m4,,com.sec.android.app.shealth,2024-07-13 15:31:10.070,1b3f377c-f379-4307-8ece-611161f50a2b,77.0,
,21312,62670031,1,2024-07-13 15:41:51.787,,,62670031,2024-07-13 15:42:27.582,2024-07-13 15:42:27.582,,,,,UTC+0200,C8oz8zt6m4,,com.sec.android.app.shealth,2024-07-13 15:41:51.787,0339952b-ea79-456c-9c8d-9cfcb7cf4eb1,79.0,
,21312,62670031,1,2024-07-13 16:41:05.346,,,62670031,2024-07-13 16:44:06.068,2024-07-13 16:44:06.068,,,,,UTC+0200,C8oz8zt6m4,,com.sec.android.app.shealth,2024-07-13 16:41:05.346,9b86587e-d678-4aa7-b2a2-f9274905af0e,93.0,
,21312,62670031,1,2024-07-13 16:50:29.274,,,62670031,2024-07-13 16:50:49.196,2024-07-13 16:50:49.196,,,,,UTC+0200,C8oz8zt6m4,,com.sec.android.app.shealth,2024-07-13 16:50:29.274,2bcc0586-e9c0-4e00-8b0d-3ddadef25b61,84.0,
,21312,62670031,1,2024-07-13 17:20:29.302,,,62670031,2024-07-13 17:20:47.029,2024-07-13 17:20:47.029,,,,,UTC+0200,C8oz8zt6m4,,com.sec.android.app.shealth,2024-07-13 17:20:29.302,cdc34b9c-519c-41e0-b709-8f291df7ef7e,80.0,
,21312,62670031,1,2024-07-13 17:30:59.535,,,62670031,2024-07-13 17:32:44.415,2024-07-13 17:32:44.415,,,,,UTC+0200,C8oz8zt6m4,,com.sec.android.app.shealth,2024-07-13 17:30:59.535,90f488a4-e8ef-4a87-aad7-e3d8490aee15,79.0,
,21312,62670031,1,2024-07-13 17:40:29.701,,,62670031,2024-07-13 17:41:24.250,2024-07-13 17:41:24.250,,,,,UTC+0200,C8oz8zt6m4,,com.sec.android.app.shealth,2024-07-13 17:40:29.701,84a8411b-96e7-4da9-b3b2-a9df00d79f0a,85.0,
,21312,62670031,1,2024-07-13 17:50:29.302,,,62670031,2024-07-13 17:51:22.143,2024-07-13 17:51:22.143,,,,,UTC+0200,C8oz8zt6m4,,com.sec.android.app.shealth,2024-07-13 17:50:29.302,bad2261b-e3b8-45b9-b17d-40010d1cb5a0,80.0,
,21312,62670031,1,2024-07-13 18:00:29.238,,,62670031,2024-07-13 18:04:07.475,2024-07-13 18:04:07.475,,,,,UTC+0200,C8oz8zt6m4,,com.sec.android.app.shealth,2024-07-13 18:00:29.238,23e1cf5b-5711-4bca-8bcf-379d2816ea65,84.0,
,21312,62670031,1,2024-07-13 18:10:29.327,,,62670031,2024-07-13 18:12:31.501,2024-07-13 18:12:31.501,,,,,UTC+0200,C8oz8zt6m4,,com.sec.android.app.shealth,2024-07-13 18:10:29.327,3c8dc7a5-e485-4609-a790-3c8943c476e5,81.0,
,21312,62670031,1,2024-07-13 18:20:29.276,,,62670031,2024-07-13 18:20:38.513,2024-07-13 18:20:38.513,,,,,UTC+0200,C8oz8zt6m4,,com.sec.android.app.shealth,2024-07-13 18:20:29.276,273009e3-0f83-4435-868e-c13b15374eda,83.0,
,21312,62670031,1,2024-07-13 18:30:58.538,,,62670031,2024-07-13 18:31:28.591,2024-07-13 18:31:28.591,,,,,UTC+0200,C8oz8zt6m4,,com.sec.android.app.shealth,2024-07-13 18:30:58.538,b3468757-f1eb-4f02-8e3c-2025eeab30e1,91.0,
,21312,62670031,1,2024-07-13 20:50:29.334,,,62670031,2024-07-13 20:55:01.118,2024-07-13 20:55:01.118,,,,,UTC+0200,C8oz8zt6m4,,com.sec.android.app.shealth,2024-07-13 20:50:29.334,71416852-3b94-46ca-8908-025f539f4e26,89.0,
,21312,62670031,1,2024-07-13 21:10:29.346,,,62670031,2024-07-13 21:15:01.046,2024-07-13 21:15:01.046,,,,,UTC+0200,C8oz8zt6m4,,com.sec.android.app.shealth,2024-07-13 21:10:29.346,9b728a86-cf50-4f72-854e-332c8ce593ab,82.0,
,21312,62670031,1,2024-07-13 21:20:29.347,,,62670031,2024-07-13 21:35:01.338,2024-07-13 21:35:01.338,,,,,UTC+0200,C8oz8zt6m4,,com.sec.android.app.shealth,2024-07-13 21:20:29.347,843227e2-0643-4aec-bfc8-95baeb2026c1,80.0,
,21312,62670031,1,2024-07-13 21:30:29.347,,,62670031,2024-07-13 21:35:01.345,2024-07-13 21:35:01.345,,,,,UTC+0200,C8oz8zt6m4,,com.sec.android.app.shealth,2024-07-13 21:30:29.347,24e5e90c-1713-4ae5-948b-c554fdf2d552,86.0,
,21312,62670031,1,2024-07-13 21:51:03.414,,,62670031,2024-07-13 21:52:54.140,2024-07-13 21:52:54.140,,,,,UTC+0200,C8oz8zt6m4,,com.sec.android.app.shealth,2024-07-13 21:51:03.414,6ae14c94-8376-4f44-9af1-9e541e4dc140,103.0,
,21312,62670031,1,2024-07-13 22:00:29.317,,,62670031,2024-07-13 22:03:33.233,2024-07-13 22:03:33.233,,,,,UTC+0200,C8oz8zt6m4,,com.sec.android.app.shealth,2024-07-13 22:00:29.317,bfb8e379-c80c-4cf4-889d-446450a8920b,85.0,
,21312,62670031,1,2024-07-13 22:10:29.372,,,62670031,2024-07-13 22:15:00.454,2024-07-13 22:15:00.454,,,,,UTC+0200,C8oz8zt6m4,,com.sec.android.app.shealth,2024-07-13 22:10:29.372,73f61089-219a-49c8-9ca9-a3e128bc9b48,73.0,
,21312,62670031,1,2024-07-13 22:20:29.357,,,62670031,2024-07-13 22:35:00.087,2024-07-13 22:35:00.087,,,,,UTC+0200,C8oz8zt6m4,,com.sec.android.app.shealth,2024-07-13 22:20:29.357,35a00028-f1c9-467a-ade3-604fc8244f64,74.0,
,21312,62670031,1,2024-07-13 22:30:29.357,,,62670031,2024-07-13 22:35:00.097,2024-07-13 22:35:00.097,,,,,UTC+0200,C8oz8zt6m4,,com.sec.android.app.shealth,2024-07-13 22:30:29.357,5a711016-2cae-4432-877d-a493143355fc,75.0,
,21312,62670031,1,2024-07-13 22:40:29.399,,,62670031,2024-07-13 22:55:01.441,2024-07-13 22:55:01.441,,,,,UTC+0200,C8oz8zt6m4,,com.sec.android.app.shealth,2024-07-13 22:40:29.399,da9131e4-142d-40d0-aa46-d40793980130,77.0,
,21312,62670031,1,2024-07-13 22:50:29.399,,,62670031,2024-07-13 22:55:01.448,2024-07-13 22:55:01.448,,,,,UTC+0200,C8oz8zt6m4,,com.sec.android.app.shealth,2024-07-13 22:50:29.399,7f1c55a8-dd75-4bbd-871a-acf3e4694680,81.0,
,21312,62670031,1,2024-07-13 23:00:29.236,,,62670031,2024-07-13 23:15:01.056,2024-07-13 23:15:01.056,,,,,UTC+0200,C8oz8zt6m4,,com.sec.android.app.shealth,2024-07-13 23:00:29.236,56a701dd-b0c4-49c4-a3a3-f93d50a6bf7a,79.0,
,21312,62670031,1,2024-07-13 23:10:29.236,,,62670031,2024-07-13 23:15:01.065,2024-07-13 23:15:01.065,,,,,UTC+0200,C8oz8zt6m4,,com.sec.android.app.shealth,2024-07-13 23:10:29.236,514b0c30-c0b1-4a1d-899c-d124fe1b1802,81.0,
,21312,62670031,1,2024-07-13 23:20:29.300,,,62670031,2024-07-13 23:35:01.053,2024-07-13 23:35:01.053,,,,,UTC+0200,C8oz8zt6m4,,com.sec.android.app.shealth,2024-07-13 23:20:29.300,e2d1858d-a814-4267-8832-04c98a205f73,78.0,
,21312,62670031,1,2024-07-13 23:30:29.300,,,62670031,2024-07-13 23:35:01.063,2024-07-13 23:35:01.063,,,,,UTC+0200,C8oz8zt6m4,,com.sec.android.app.shealth,2024-07-13 23:30:29.300,37176a0d-f50f-465a-a3ec-2ec7b08ad930,66.0,
,21312,62670031,1,2024-07-13 23:40:29.285,,,62670031,2024-07-13 23:55:00.491,2024-07-13 23:55:00.491,,,,,UTC+0200,C8oz8zt6m4,,com.sec.android.app.shealth,2024-07-13 23:40:29.285,46ff4277-67bf-4680-98f6-805d6580f0cc,74.0,
,21312,62670031,1,2024-07-13 23:50:29.285,,,62670031,2024-07-13 23:55:00.497,2024-07-13 23:55:00.497,,,,,UTC+0200,C8oz8zt6m4,,com.sec.android.app.shealth,2024-07-13 23:50:29.285,35b94f21-2832-4582-ae1d-20055c50d548,73.0,
,21312,62670031,1,2024-07-14 00:00:29.338,,,62670031,2024-07-14 00:15:00.260,2024-07-14 00:15:00.260,,,,,UTC+0200,C8oz8zt6m4,,com.sec.android.app.shealth,2024-07-14 00:00:29.338,948798f6-ad9a-4a5b-b5f8-15f2493862fe,71.0,
,21312,62670031,1,2024-07-14 00:10:29.338,,,62670031,2024-07-14 00:15:00.268,2024-07-14 00:15:00.268,,,,,UTC+0200,C8oz8zt6m4,,com.sec.android.app.shealth,2024-07-14 00:10:29.338,b70d6f08-0d9f-46d7-8a0a-1528e3061d5d,72.0,
,21312,62670031,1,2024-07-14 00:21:03.530,,,62670031,2024-07-14 00:35:00.140,2024-07-14 00:35:00.140,,,,,UTC+0200,C8oz8zt6m4,,com.sec.android.app.shealth,2024-07-14 00:21:03.530,3bc158a8-f20a-4432-b5cb-720730cc8ec0,75.0,
,21312,62670031,1,2024-07-14 00:31:03.530,,,62670031,2024-07-14 00:35:00.148,2024-07-14 00:35:00.148,,,,,UTC+0200,C8oz8zt6m4,,com.sec.android.app.shealth,2024-07-14 00:31:03.530,9a2ebbb8-642d-48d8-821e-c0d9e63f783e,71.0,
,21312,62670031,1,2024-07-14 00:40:29.276,,,62670031,2024-07-14 00:55:00.079,2024-07-14 00:55:00.079,,,,,UTC+0200,C8oz8zt6m4,,com.sec.android.app.shealth,2024-07-14 00:40:29.276,08304b54-b74b-4844-ad2e-671a0b0f0019,72.0,
,21312,62670031,1,2024-07-14 00:50:29.276,,,62670031,2024-07-14 00:55:00.090,2024-07-14 00:55:00.090,,,,,UTC+0200,C8oz8zt6m4,,com.sec.android.app.shealth,2024-07-14 00:50:29.276,9f2e5379-4b1b-4d92-a83a-6f5067ae65e5,66.0,
,21312,62670031,1,2024-07-14 01:00:29.333,,,62670031,2024-07-14 01:15:01.053,2024-07-14 01:15:01.053,,,,,UTC+0200,C8oz8zt6m4,,com.sec.android.app.shealth,2024-07-14 01:00:29.333,58771128-ab04-49a2-9e1c-3d362acd840e,69.0,
,21312,62670031,1,2024-07-14 01:10:29.333,,,62670031,2024-07-14 01:15:01.060,2024-07-14 01:15:01.060,,,,,UTC+0200,C8oz8zt6m4,,com.sec.android.app.shealth,2024-07-14 01:10:29.333,a893df7b-8f31-42d9-bbcc-faa3fd7e259a,72.0,
,21312,62670031,1,2024-07-14 01:20:29.316,,,62670031,2024-07-14 01:35:01.274,2024-07-14 01:35:01.274,,,,,UTC+0200,C8oz8zt6m4,,com.sec.android.app.shealth,2024-07-14 01:20:29.316,82e9a427-9449-43bc-9097-ebc0704d52c7,70.0,
,21312,62670031,1,2024-07-14 01:30:29.316,,,62670031,2024-07-14 01:35:01.284,2024-07-14 01:35:01.284,,,,,UTC+0200,C8oz8zt6m4,,com.sec.android.app.shealth,2024-07-14 01:30:29.316,80df456c-fc90-4f12-aa6a-4c381b7cfa21,66.0,
,21312,62670031,1,2024-07-14 01:40:29.314,,,62670031,2024-07-14 01:55:01.455,2024-07-14 01:55:01.455,,,,,UTC+0200,C8oz8zt6m4,,com.sec.android.app.shealth,2024-07-14 01:40:29.314,e2aa136f-759c-40f8-a140-374d90a09ab9,68.0,
,21312,62670031,1,2024-07-14 01:50:29.314,,,62670031,2024-07-14 01:55:01.467,2024-07-14 01:55:01.467,,,,,UTC+0200,C8oz8zt6m4,,com.sec.android.app.shealth,2024-07-14 01:50:29.314,29e74a62-bf50-47a2-92ec-597fa03b128a,70.0,
,21312,62670031,1,2024-07-14 02:00:29.275,,,62670031,2024-07-14 02:15:01.050,2024-07-14 02:15:01.050,,,,,UTC+0200,C8oz8zt6m4,,com.sec.android.app.shealth,2024-07-14 02:00:29.275,569113d0-3d66-482f-af74-26e1818762dc,68.0,
,21312,62670031,1,2024-07-14 02:10:29.275,,,62670031,2024-07-14 02:15:01.061,2024-07-14 02:15:01.061,,,,,UTC+0200,C8oz8zt6m4,,com.sec.android.app.shealth,2024-07-14 02:10:29.275,71b03d3c-c0a2-4467-8f79-594dc021e699,69.0,
,21312,62670031,1,2024-07-14 02:20:29.340,,,62670031,2024-07-14 02:35:00.380,2024-07-14 02:35:00.380,,,,,UTC+0200,C8oz8zt6m4,,com.sec.android.app.shealth,2024-07-14 02:20:29.340,3cefe6f6-f391-4a6c-b29f-5391ca230c5c,70.0,
,21312,62670031,1,2024-07-14 02:30:29.340,,,62670031,2024-07-14 02:35:00.388,2024-07-14 02:35:00.388,,,,,UTC+0200,C8oz8zt6m4,,com.sec.android.app.shealth,2024-07-14 02:30:29.340,547f495f-5593-48cf-ae37-564c0391e978,72.0,
,21312,62670031,1,2024-07-14 02:40:29.398,,,62670031,2024-07-14 02:55:00.268,2024-07-14 02:55:00.268,,,,,UTC+0200,C8oz8zt6m4,,com.sec.android.app.shealth,2024-07-14 02:40:29.398,8d471784-8f14-4d97-ad2a-e27276af9285,74.0,
,21312,62670031,1,2024-07-14 02:50:29.398,,,62670031,2024-07-14 02:55:00.280,2024-07-14 02:55:00.280,,,,,UTC+0200,C8oz8zt6m4,,com.sec.android.app.shealth,2024-07-14 02:50:29.398,07429443-7878-4ba9-8e0a-735644327873,70.0,
,21312,62670031,1,2024-07-14 03:00:29.266,,,62670031,2024-07-14 03:15:00.286,2024-07-14 03:15:00.286,,,,,UTC+0200,C8oz8zt6m4,,com.sec.android.app.shealth,2024-07-14 03:00:29.266,bfed0004-5b39-445f-aa86-2df72258d85d,63.0,
,21312,62670031,1,2024-07-14 03:10:29.266,,,62670031,2024-07-14 03:15:00.296,2024-07-14 03:15:00.296,,,,,UTC+0200,C8oz8zt6m4,,com.sec.android.app.shealth,2024-07-14 03:10:29.266,2459ff92-bf47-4e78-8919-4833a0708da3,65.0,
,21312,62670031,1,2024-07-14 03:20:29.247,,,62670031,2024-07-14 03:35:00.153,2024-07-14 03:35:00.153,,,,,UTC+0200,C8oz8zt6m4,,com.sec.android.app.shealth,2024-07-14 03:20:29.247,50382db3-7ae8-47ea-9db1-0e2af527651e,63.0,
,21312,62670031,1,2024-07-14 03:30:29.247,,,62670031,2024-07-14 03:35:00.185,2024-07-14 03:35:00.185,,,,,UTC+0200,C8oz8zt6m4,,com.sec.android.app.shealth,2024-07-14 03:30:29.247,c8ee4ffa-6e43-4f56-b1c2-574f7343a923,62.0,
,21312,62670031,1,2024-07-14 03:40:29.322,,,62670031,2024-07-14 03:55:00.090,2024-07-14 03:55:00.090,,,,,UTC+0200,C8oz8zt6m4,,com.sec.android.app.shealth,2024-07-14 03:40:29.322,3bb303bc-14db-47a5-8a54-9b7c040805c1,67.0,
,21312,62670031,1,2024-07-14 03:50:29.322,,,62670031,2024-07-14 03:55:00.109,2024-07-14 03:55:00.109,,,,,UTC+0200,C8oz8zt6m4,,com.sec.android.app.shealth,2024-07-14 03:50:29.322,c9e4962c-f48f-4d82-aeda-4c84f1f191e7,68.0,
,21312,62670031,1,2024-07-14 04:00:29.244,,,62670031,2024-07-14 04:15:01.053,2024-07-14 04:15:01.053,,,,,UTC+0200,C8oz8zt6m4,,com.sec.android.app.shealth,2024-07-14 04:00:29.244,fc8b83a8-187a-41b3-8e0c-11ba95a37129,62.0,
,21312,62670031,1,2024-07-14 04:10:29.244,,,62670031,2024-07-14 04:15:01.075,2024-07-14 04:15:01.075,,,,,UTC+0200,C8oz8zt6m4,,com.sec.android.app.shealth,2024-07-14 04:10:29.244,7a6530f4-cf6f-4d20-8a06-b50dd17c14b3,65.0,
,21312,62670031,1,2024-07-14 04:20:29.390,,,62670031,2024-07-14 04:35:00.462,2024-07-14 04:35:00.462,,,,,UTC+0200,C8oz8zt6m4,,com.sec.android.app.shealth,2024-07-14 04:20:29.390,7d427f75-6740-4730-a541-157c7dadf2ff,63.0,
,21312,62670031,1,2024-07-14 04:30:29.390,,,62670031,2024-07-14 04:35:00.468,2024-07-14 04:35:00.468,,,,,UTC+0200,C8oz8zt6m4,,com.sec.android.app.shealth,2024-07-14 04:30:29.390,fdbedce7-eab2-4f18-9d0d-af4e0f2bb6f0,67.0,
,21312,62670031,1,2024-07-14 04:40:29.248,,,62670031,2024-07-14 04:55:00.459,2024-07-14 04:55:00.459,,,,,UTC+0200,C8oz8zt6m4,,com.sec.android.app.shealth,2024-07-14 04:40:29.248,fd8c6f9c-874c-4b03-bba5-580a00e96736,66.0,
,21312,62670031,1,2024-07-14 04:50:29.248,,,62670031,2024-07-14 04:55:00.470,2024-07-14 04:55:00.470,,,,,UTC+0200,C8oz8zt6m4,,com.sec.android.app.shealth,2024-07-14 04:50:29.248,b5cb4858-753b-4642-a2cc-679af51bf486,65.0,
,21312,62670031,1,2024-07-14 05:00:29.397,,,62670031,2024-07-14 05:15:01.047,2024-07-14 05:15:01.047,,,,,UTC+0200,C8oz8zt6m4,,com.sec.android.app.shealth,2024-07-14 05:00:29.397,e5af8de5-0510-4ee8-80f5-5d3b484e044d,65.0,
,21312,62670031,1,2024-07-14 05:10:29.397,,,62670031,2024-07-14 05:15:01.057,2024-07-14 05:15:01.057,,,,,UTC+0200,C8oz8zt6m4,,com.sec.android.app.shealth,2024-07-14 05:10:29.397,26daec48-7898-49c5-952f-ccf79fe405c2,64.0,
,21312,62670031,1,2024-07-14 05:20:29.345,,,62670031,2024-07-14 05:24:38.810,2024-07-14 05:24:38.810,,,,,UTC+0200,C8oz8zt6m4,,com.sec.android.app.shealth,2024-07-14 05:20:29.345,06752d00-7d40-4705-9944-e21b009e7fcb,56.0,
,21312,62670031,1,2024-07-14 05:30:29.303,,,62670031,2024-07-14 05:34:40.465,2024-07-14 05:34:40.465,,,,,UTC+0200,C8oz8zt6m4,,com.sec.android.app.shealth,2024-07-14 05:30:29.303,23aa36fc-0ca5-442c-a26a-03f84e41b3c1,59.0,
,21312,62670031,1,2024-07-14 05:40:29.212,,,62670031,2024-07-14 05:54:59.985,2024-07-14 05:54:59.985,,,,,UTC+0200,C8oz8zt6m4,,com.sec.android.app.shealth,2024-07-14 05:40:29.212,588fbf2b-5fed-486a-a8b0-6c5a9b9efb41,63.0,
,21312,62670031,1,2024-07-14 05:50:29.212,,,62670031,2024-07-14 05:54:59.998,2024-07-14 05:54:59.998,,,,,UTC+0200,C8oz8zt6m4,,com.sec.android.app.shealth,2024-07-14 05:50:29.212,8e88814f-f994-4f45-b2c4-bd55c5f2e723,62.0,
,21312,62670031,1,2024-07-14 06:00:29.323,,,62670031,2024-07-14 06:02:18.771,2024-07-14 06:02:18.771,,,,,UTC+0200,C8oz8zt6m4,,com.sec.android.app.shealth,2024-07-14 06:00:29.323,61cb58d4-1310-40a2-a93b-0bc548498f5f,62.0,
,21312,62670031,1,2024-07-14 06:10:29.864,,,62670031,2024-07-14 06:11:12.153,2024-07-14 06:11:12.153,,,,,UTC+0200,C8oz8zt6m4,,com.sec.android.app.shealth,2024-07-14 06:10:29.864,8ba413f1-fd05-4203-9907-e9be23d62111,62.0,
,21312,62670031,1,2024-07-14 06:20:29.341,,,62670031,2024-07-14 06:29:49.341,2024-07-14 06:29:49.341,,,,,UTC+0200,C8oz8zt6m4,,com.sec.android.app.shealth,2024-07-14 06:20:29.341,88a37fc5-e7d4-42a9-a6de-1dad2f1311f8,74.0,
,21312,62670031,1,2024-07-14 06:30:29.229,,,62670031,2024-07-14 06:31:38.418,2024-07-14 06:31:38.418,,,,,UTC+0200,C8oz8zt6m4,,com.sec.android.app.shealth,2024-07-14 06:30:29.229,aab09c46-e410-41b8-a210-0fa36a007ad2,58.0,
,21312,62670031,1,2024-07-14 06:40:51.218,,,62670031,2024-07-14 06:44:11.386,2024-07-14 06:44:11.386,,,,,UTC+0200,C8oz8zt6m4,,com.sec.android.app.shealth,2024-07-14 06:40:51.218,c1dc40e6-4117-448e-b3df-49251c04c1e7,59.0,
,21312,62670031,1,2024-07-14 06:50:29.358,,,62670031,2024-07-14 06:58:57.513,2024-07-14 06:58:57.513,,,,,UTC+0200,C8oz8zt6m4,,com.sec.android.app.shealth,2024-07-14 06:50:29.358,6e2750fb-52ed-4aed-8387-7c6d70171722,61.0,
,21312,62670031,1,2024-07-14 07:10:30.460,,,62670031,2024-07-14 07:11:38.723,2024-07-14 07:11:38.723,,,,,UTC+0200,C8oz8zt6m4,,com.sec.android.app.shealth,2024-07-14 07:10:30.460,a727aaf7-dfc9-4e92-89f0-9b96b5bda5e1,78.0,
,21312,62670031,1,2024-07-14 07:20:52.388,,,62670031,2024-07-14 07:21:41.148,2024-07-14 07:21:41.148,,,,,UTC+0200,C8oz8zt6m4,,com.sec.android.app.shealth,2024-07-14 07:20:52.388,3e1274c7-47b4-43ec-9c70-afa0cf83dfe0,89.0,
,21312,62670031,1,2024-07-14 08:00:29.332,,,62670031,2024-07-14 08:14:51.630,2024-07-14 08:14:51.630,,,,,UTC+0200,C8oz8zt6m4,,com.sec.android.app.shealth,2024-07-14 08:00:29.332,f8c92f66-15c7-45bc-8cbf-94eb91f1ed2a,78.0,
,21312,62670031,1,2024-07-14 08:10:29.332,,,62670031,2024-07-14 08:14:51.638,2024-07-14 08:14:51.638,,,,,UTC+0200,C8oz8zt6m4,,com.sec.android.app.shealth,2024-07-14 08:10:29.332,61bb5888-0060-46be-bbce-103eb1898f15,76.0,
,21312,62670031,1,2024-07-14 08:41:11.942,,,62670031,2024-07-14 08:45:05.656,2024-07-14 08:45:05.656,,,,,UTC+0200,C8oz8zt6m4,,com.sec.android.app.shealth,2024-07-14 08:41:11.942,b6b17455-508a-4de9-ba69-beb3b8935c30,81.0,
,21312,62670031,1,2024-07-14 08:52:39.921,,,62670031,2024-07-14 08:53:36.153,2024-07-14 08:53:36.153,,,,,UTC+0200,C8oz8zt6m4,,com.sec.android.app.shealth,2024-07-14 08:52:39.921,1bd730e9-4105-496d-9e7b-9793142d8571,89.0,
,21312,62670031,1,2024-07-14 09:00:29.324,,,62670031,2024-07-14 09:01:56.631,2024-07-14 09:01:56.631,,,,,UTC+0200,C8oz8zt6m4,,com.sec.android.app.shealth,2024-07-14 09:00:29.324,97428f20-a21c-4888-8471-080283718e46,82.0,
,21312,62670031,1,2024-07-14 10:10:29.247,,,62670031,2024-07-14 10:15:00.236,2024-07-14 10:15:00.236,,,,,UTC+0200,C8oz8zt6m4,,com.sec.android.app.shealth,2024-07-14 10:10:29.247,003781b7-e3b6-4850-b2bd-6e377361aa2e,70.0,
,21312,62670031,1,2024-07-14 10:20:59.490,,,62670031,2024-07-14 10:35:00.398,2024-07-14 10:35:00.398,,,,,UTC+0200,C8oz8zt6m4,,com.sec.android.app.shealth,2024-07-14 10:20:59.490,2877241f-e8e6-4918-958d-2a986eaa24dc,70.0,
,21312,62670031,1,2024-07-14 10:30:59.490,,,62670031,2024-07-14 10:35:00.409,2024-07-14 10:35:00.409,,,,,UTC+0200,C8oz8zt6m4,,com.sec.android.app.shealth,2024-07-14 10:30:59.490,cad515f9-7140-45c3-9720-30a609d2f22e,73.0,
,21312,62670031,1,2024-07-14 10:40:29.328,,,62670031,2024-07-14 10:48:03.011,2024-07-14 10:48:03.011,,,,,UTC+0200,C8oz8zt6m4,,com.sec.android.app.shealth,2024-07-14 10:40:29.328,f0bee37f-6732-47d8-8ddc-2756dcb86515,68.0,
,21312,62670031,1,2024-07-14 11:01:15.861,,,62670031,2024-07-14 11:01:17.653,2024-07-14 11:01:17.653,,,,,UTC+0200,C8oz8zt6m4,,com.sec.android.app.shealth,2024-07-14 11:01:15.861,0df41f77-d14e-444e-88cd-7e0ccd2db829,80.0,
,21312,62670031,1,2024-07-14 11:30:29.273,,,62670031,2024-07-14 11:32:38.808,2024-07-14 11:32:38.808,,,,,UTC+0200,C8oz8zt6m4,,com.sec.android.app.shealth,2024-07-14 11:30:29.273,81105c58-222e-43a8-8c41-ad497eb78477,80.0,
,21312,62670031,1,2024-07-14 11:50:59.630,,,62670031,2024-07-14 11:51:20.480,2024-07-14 11:51:20.480,,,,,UTC+0200,C8oz8zt6m4,,com.sec.android.app.shealth,2024-07-14 11:50:59.630,9109bd9e-34aa-40b6-a46b-0be3f351d3fa,82.0,
,21312,62670031,1,2024-07-14 12:00:29.329,,,62670031,2024-07-14 12:08:01.088,2024-07-14 12:08:01.088,,,,,UTC+0200,C8oz8zt6m4,,com.sec.android.app.shealth,2024-07-14 12:00:29.329,7cd76938-ac34-48fb-a926-b5772ff550f2,88.0,
,21312,62670031,1,2024-07-14 12:30:29.264,,,62670031,2024-07-14 12:35:00.486,2024-07-14 12:35:00.486,,,,,UTC+0200,C8oz8zt6m4,,com.sec.android.app.shealth,2024-07-14 12:30:29.264,8a56aaef-c1ea-4979-aa13-92dd60a3bf5b,86.0,
,21312,62670031,1,2024-07-14 12:40:29.310,,,62670031,2024-07-14 12:55:01.184,2024-07-14 12:55:01.184,,,,,UTC+0200,C8oz8zt6m4,,com.sec.android.app.shealth,2024-07-14 12:40:29.310,fe0e89af-3ead-4360-9e37-c6fab937e9b9,76.0,
,21312,62670031,1,2024-07-14 12:50:29.310,,,62670031,2024-07-14 12:55:01.193,2024-07-14 12:55:01.193,,,,,UTC+0200,C8oz8zt6m4,,com.sec.android.app.shealth,2024-07-14 12:50:29.310,0adba919-a866-41f9-b8fc-dcd05afdcec9,73.0,
,21312,62670031,1,2024-07-14 13:00:58.505,,,62670031,2024-07-14 13:02:51.639,2024-07-14 13:02:51.639,,,,,UTC+0200,C8oz8zt6m4,,com.sec.android.app.shealth,2024-07-14 13:00:58.505,483b1c46-16a1-4084-81a3-1f0dcb39751a,72.0,
,21312,62670031,1,2024-07-14 13:10:30.194,,,62670031,2024-07-14 13:10:53.163,2024-07-14 13:10:53.163,,,,,UTC+0200,C8oz8zt6m4,,com.sec.android.app.shealth,2024-07-14 13:10:30.194,b552e0aa-557f-4f2d-aa85-ac1fc0b58fab,86.0,
,21312,62670031,1,2024-07-14 13:20:29.296,,,62670031,2024-07-14 13:21:41.833,2024-07-14 13:21:41.833,,,,,UTC+0200,C8oz8zt6m4,,com.sec.android.app.shealth,2024-07-14 13:20:29.296,091ed32d-b24d-4bd8-9caa-5c7179856f11,81.0,
,21312,62670031,1,2024-07-14 13:30:29.272,,,62670031,2024-07-14 13:32:12.275,2024-07-14 13:32:12.275,,,,,UTC+0200,C8oz8zt6m4,,com.sec.android.app.shealth,2024-07-14 13:30:29.272,a7d7c7b0-811e-496d-a4fb-451efa240321,76.0,
,21312,62670031,1,2024-07-14 13:40:29.338,,,62670031,2024-07-14 13:43:31.883,2024-07-14 13:43:31.883,,,,,UTC+0200,C8oz8zt6m4,,com.sec.android.app.shealth,2024-07-14 13:40:29.338,bc729174-8589-4c0a-a524-be897681cd65,76.0,
,21312,62670031,1,2024-07-14 13:50:29.204,,,62670031,2024-07-14 13:55:01.058,2024-07-14 13:55:01.058,,,,,UTC+0200,C8oz8zt6m4,,com.sec.android.app.shealth,2024-07-14 13:50:29.204,9d911c48-e2c8-4912-a662-c7cacb78a8de,74.0,
,21312,62670031,1,2024-07-14 14:00:29.326,,,62670031,2024-07-14 14:15:00.468,2024-07-14 14:15:00.468,,,,,UTC+0200,C8oz8zt6m4,,com.sec.android.app.shealth,2024-07-14 14:00:29.326,9f351630-8cad-4c9f-88b4-d5cc793e088f,73.0,
,21312,62670031,1,2024-07-14 14:10:29.326,,,62670031,2024-07-14 14:15:00.478,2024-07-14 14:15:00.478,,,,,UTC+0200,C8oz8zt6m4,,com.sec.android.app.shealth,2024-07-14 14:10:29.326,08f83909-ff71-493c-aac9-e5fd313dd306,71.0,
,21312,62670031,1,2024-07-14 14:20:29.320,,,62670031,2024-07-14 14:32:31.562,2024-07-14 14:32:31.562,,,,,UTC+0200,C8oz8zt6m4,,com.sec.android.app.shealth,2024-07-14 14:20:29.320,a9ffae12-9df3-44fb-a745-d631873df4ca,72.0,
,21312,62670031,1,2024-07-14 14:30:29.320,,,62670031,2024-07-14 14:32:31.575,2024-07-14 14:32:31.575,,,,,UTC+0200,C8oz8zt6m4,,com.sec.android.app.shealth,2024-07-14 14:30:29.320,223d4b07-96b8-48a2-893a-07129507f005,72.0,
,21312,62670031,1,2024-07-14 14:40:56.175,,,62670031,2024-07-14 14:45:20.192,2024-07-14 14:45:20.192,,,,,UTC+0200,C8oz8zt6m4,,com.sec.android.app.shealth,2024-07-14 14:40:56.175,5402074e-05e2-47a5-b88c-1d529df4986b,73.0,
,21312,62670031,1,2024-07-14 14:50:29.212,,,62670031,2024-07-14 14:54:44.580,2024-07-14 14:54:44.580,,,,,UTC+0200,C8oz8zt6m4,,com.sec.android.app.shealth,2024-07-14 14:50:29.212,9beab625-297a-4e8d-90d4-01eb325a2f2d,74.0,
,21312,62670031,1,2024-07-14 15:00:29.272,,,62670031,2024-07-14 15:02:45.329,2024-07-14 15:02:45.329,,,,,UTC+0200,C8oz8zt6m4,,com.sec.android.app.shealth,2024-07-14 15:00:29.272,4de3ec50-2589-4527-b83f-e4dbb9578669,75.0,
,21312,62670031,1,2024-07-14 15:10:29.293,,,62670031,2024-07-14 15:12:15.066,2024-07-14 15:12:15.066,,,,,UTC+0200,C8oz8zt6m4,,com.sec.android.app.shealth,2024-07-14 15:10:29.293,e88db728-e3d4-4757-ad36-89accf2d2f29,76.0,
,21312,62670031,1,2024-07-14 15:20:29.255,,,62670031,2024-07-14 15:21:42.884,2024-07-14 15:21:42.884,,,,,UTC+0200,C8oz8zt6m4,,com.sec.android.app.shealth,2024-07-14 15:20:29.255,db42b481-c02e-44d4-8bed-f49863303130,77.0,
,21312,62670031,1,2024-07-15 07:50:29.238,,,62670031,2024-07-15 07:55:00.556,2024-07-15 07:55:00.556,,,,,UTC+0200,C8oz8zt6m4,,com.sec.android.app.shealth,2024-07-15 07:50:29.238,4151f133-6520-4966-97f3-405ebffe6823,86.0,
,21312,62670031,1,2024-07-15 08:00:29.259,,,62670031,2024-07-15 08:03:22.606,2024-07-15 08:03:22.606,,,,,UTC+0200,C8oz8zt6m4,,com.sec.android.app.shealth,2024-07-15 08:00:29.259,3a24808a-c988-4bd4-a123-bb6b3e640898,83.0,
,21312,62670031,1,2024-07-15 08:10:31.458,,,62670031,2024-07-15 08:15:01.062,2024-07-15 08:15:01.062,,,,,UTC+0200,C8oz8zt6m4,,com.sec.android.app.shealth,2024-07-15 08:10:31.458,6a839672-b0cc-41cd-a506-a68527e1a074,83.0,
,21312,62670031,1,2024-07-15 08:20:32.715,,,62670031,2024-07-15 08:24:19.127,2024-07-15 08:24:19.127,,,,,UTC+0200,C8oz8zt6m4,,com.sec.android.app.shealth,2024-07-15 08:20:32.715,868374c8-d31b-4480-a8ef-3bcbfd40bb5c,88.0,
,21312,62670031,1,2024-07-15 08:41:33.757,,,62670031,2024-07-15 08:46:06.919,2024-07-15 08:46:06.919,,,,,UTC+0200,C8oz8zt6m4,,com.sec.android.app.shealth,2024-07-15 08:41:33.757,fa36a185-7de4-4411-bd57-2d4aa4d19d16,82.0,
,21312,62670031,1,2024-07-15 09:00:55.329,,,62670031,2024-07-15 09:01:33.499,2024-07-15 09:01:33.499,,,,,UTC+0200,C8oz8zt6m4,,com.sec.android.app.shealth,2024-07-15 09:00:55.329,68ef9afd-eb27-4a1b-ad3d-79be7c20ae00,90.0,
,21312,62670031,1,2024-07-15 09:10:29.227,,,62670031,2024-07-15 09:15:00.382,2024-07-15 09:15:00.382,,,,,UTC+0200,C8oz8zt6m4,,com.sec.android.app.shealth,2024-07-15 09:10:29.227,72480285-bd35-4e32-9585-a15ea6c01617,82.0,
,21312,62670031,1,2024-07-15 09:20:29.241,,,62670031,2024-07-15 09:24:25.512,2024-07-15 09:24:25.512,,,,,UTC+0200,C8oz8zt6m4,,com.sec.android.app.shealth,2024-07-15 09:20:29.241,1b43c233-0e57-44d4-ad96-300b5a674a7d,80.0,
,21312,62670031,1,2024-07-15 09:31:22.228,,,62670031,2024-07-15 09:32:36.440,2024-07-15 09:32:36.440,,,,,UTC+0200,C8oz8zt6m4,,com.sec.android.app.shealth,2024-07-15 09:31:22.228,82fd9cc5-82f0-4984-a94d-e85a1cee5770,82.0,
,21312,62670031,1,2024-07-15 10:30:59.603,,,62670031,2024-07-15 10:35:00.083,2024-07-15 10:35:00.083,,,,,UTC+0200,C8oz8zt6m4,,com.sec.android.app.shealth,2024-07-15 10:30:59.603,a0d2fedf-8681-41b1-8d89-b729cf32179c,79.0,
,21312,62670031,1,2024-07-15 11:00:59.451,,,62670031,2024-07-15 11:06:06.771,2024-07-15 11:06:06.771,,,,,UTC+0200,C8oz8zt6m4,,com.sec.android.app.shealth,2024-07-15 11:00:59.451,42bff6c4-2cd0-47c4-838e-6f6eaed69360,95.0,
,21312,62670031,1,2024-07-15 11:10:29.217,,,62670031,2024-07-15 11:15:01.081,2024-07-15 11:15:01.081,,,,,UTC+0200,C8oz8zt6m4,,com.sec.android.app.shealth,2024-07-15 11:10:29.217,d21a6103-c52d-4478-8043-d8e9dcf2e780,91.0,
,21312,62670031,1,2024-07-15 11:20:29.269,,,62670031,2024-07-15 11:24:33.781,2024-07-15 11:24:33.781,,,,,UTC+0200,C8oz8zt6m4,,com.sec.android.app.shealth,2024-07-15 11:20:29.269,d939dd31-3f6f-4bdd-bfba-92ca2d833288,86.0,
,21312,62670031,1,2024-07-15 11:30:29.302,,,62670031,2024-07-15 11:32:37.181,2024-07-15 11:32:37.181,,,,,UTC+0200,C8oz8zt6m4,,com.sec.android.app.shealth,2024-07-15 11:30:29.302,d4375bf9-ce7f-47ce-b2e2-9cba7ed5a1a8,88.0,
,21312,62670031,1,2024-07-15 11:40:29.311,,,62670031,2024-07-15 11:43:20.721,2024-07-15 11:43:20.721,,,,,UTC+0200,C8oz8zt6m4,,com.sec.android.app.shealth,2024-07-15 11:40:29.311,a286c2bb-e8dd-416f-98ba-b827faf19e93,88.0,
,21312,62670031,1,2024-07-15 11:50:29.357,,,62670031,2024-07-15 11:52:56.030,2024-07-15 11:52:56.030,,,,,UTC+0200,C8oz8zt6m4,,com.sec.android.app.shealth,2024-07-15 11:50:29.357,57285bdd-b7d9-4b6b-882d-85caa2874b9c,82.0,
,21312,62670031,1,2024-07-15 12:00:29.282,,,62670031,2024-07-15 12:00:29.771,2024-07-15 12:00:29.771,,,,,UTC+0200,C8oz8zt6m4,,com.sec.android.app.shealth,2024-07-15 12:00:29.282,96d17ae6-0aee-4427-a130-4c026e8566af,85.0,
,21312,62670031,1,2024-07-15 12:20:29.252,,,62670031,2024-07-15 12:21:21.300,2024-07-15 12:21:21.300,,,,,UTC+0200,C8oz8zt6m4,,com.sec.android.app.shealth,2024-07-15 12:20:29.252,16840c95-efa4-45e8-921d-eecd9bab230c,89.0,
,21312,62670031,1,2024-07-15 12:30:29.345,,,62670031,2024-07-15 12:34:59.077,2024-07-15 12:34:59.077,,,,,UTC+0200,C8oz8zt6m4,,com.sec.android.app.shealth,2024-07-15 12:30:29.345,4e21bd23-ae0e-4f01-9f28-4fdefdfca978,85.0,
,21312,62670031,1,2024-07-15 12:40:59.273,,,62670031,2024-07-15 12:41:02.330,2024-07-15 12:41:02.330,,,,,UTC+0200,C8oz8zt6m4,,com.sec.android.app.shealth,2024-07-15 12:40:59.273,517fe6a5-853e-4804-bc36-10435839c37a,80.0,
,21312,62670031,1,2024-07-15 13:00:29.380,,,62670031,2024-07-15 13:01:39.619,2024-07-15 13:01:39.619,,,,,UTC+0200,C8oz8zt6m4,,com.sec.android.app.shealth,2024-07-15 13:00:29.380,3e061ca2-cb28-4c8c-88c5-ca53eef5085f,91.0,
,21312,62670031,1,2024-07-15 13:20:29.317,,,62670031,2024-07-15 13:36:40.969,2024-07-15 13:36:40.969,,,,,UTC+0200,C8oz8zt6m4,,com.sec.android.app.shealth,2024-07-15 13:20:29.317,97eeb41b-8905-4856-b494-8cf329f3c392,88.0,
,21312,62670031,1,2024-07-15 13:30:29.317,,,62670031,2024-07-15 13:36:40.978,2024-07-15 13:36:40.978,,,,,UTC+0200,C8oz8zt6m4,,com.sec.android.app.shealth,2024-07-15 13:30:29.317,82fc5cf6-49e1-4243-b4e2-e00381d52024,89.0,
,21312,62670031,1,2024-07-15 13:50:29.280,,,62670031,2024-07-15 13:55:00.907,2024-07-15 13:55:00.907,,,,,UTC+0200,C8oz8zt6m4,,com.sec.android.app.shealth,2024-07-15 13:50:29.280,9f07cc36-19bb-4496-a4e8-809f0f74c753,89.0,
,21312,62670031,1,2024-07-15 14:20:29.278,,,62670031,2024-07-15 14:29:59.485,2024-07-15 14:29:59.485,,,,,UTC+0200,C8oz8zt6m4,,com.sec.android.app.shealth,2024-07-15 14:20:29.278,8adc283f-9722-4f73-bc7b-18be63059a80,75.0,
,21312,62670031,1,2024-07-15 14:40:29.359,,,62670031,2024-07-15 14:45:25.934,2024-07-15 14:45:25.934,,,,,UTC+0200,C8oz8zt6m4,,com.sec.android.app.shealth,2024-07-15 14:40:29.359,cdf05590-3b64-4b06-963b-4d3b23cf67d6,72.0,
,21312,62670031,1,2024-07-15 14:50:29.384,,,62670031,2024-07-15 14:54:27.890,2024-07-15 14:54:27.890,,,,,UTC+0200,C8oz8zt6m4,,com.sec.android.app.shealth,2024-07-15 14:50:29.384,e43dc532-6287-4350-9078-5af2acaf2d9b,79.0,
,21312,62670031,1,2024-07-15 15:01:08.926,,,62670031,2024-07-15 15:03:36.160,2024-07-15 15:03:36.160,,,,,UTC+0200,C8oz8zt6m4,,com.sec.android.app.shealth,2024-07-15 15:01:08.926,1d9e2ccf-00d6-4aae-bec5-05a39a170ebd,81.0,
,21312,62670031,1,2024-07-15 16:30:32.421,,,62670031,2024-07-15 16:30:38.146,2024-07-15 16:30:38.146,,,,,UTC+0200,C8oz8zt6m4,,com.sec.android.app.shealth,2024-07-15 16:30:32.421,e5df8f11-d299-4861-85fc-0aee5744fc43,91.0,
,21312,62670031,1,2024-07-15 16:41:06.786,,,62670031,2024-07-15 16:46:38.610,2024-07-15 16:46:38.610,,,,,UTC+0200,C8oz8zt6m4,,com.sec.android.app.shealth,2024-07-15 16:41:06.786,08aa3f28-8d74-4ec3-8e40-05f9711db0b9,88.0,
,21312,62670031,1,2024-07-15 17:20:29.302,,,62670031,2024-07-15 17:21:04.476,2024-07-15 17:21:04.476,,,,,UTC+0200,C8oz8zt6m4,,com.sec.android.app.shealth,2024-07-15 17:20:29.302,e19f439b-7ce7-4434-925c-f0f61b123b27,80.0,
,21312,62670031,1,2024-07-15 17:31:11.432,,,62670031,2024-07-15 17:32:22.652,2024-07-15 17:32:22.652,,,,,UTC+0200,C8oz8zt6m4,,com.sec.android.app.shealth,2024-07-15 17:31:11.432,413b8917-6e02-4f81-b357-e24fcd5a7180,78.0,
,21312,62670031,1,2024-07-15 17:40:29.276,,,62670031,2024-07-15 17:46:22.779,2024-07-15 17:46:22.779,,,,,UTC+0200,C8oz8zt6m4,,com.sec.android.app.shealth,2024-07-15 17:40:29.276,3b3cb5b9-684d-42be-9d66-ff0ae1c8c7a3,75.0,
,21312,62670031,1,2024-07-15 17:50:29.259,,,62670031,2024-07-15 18:01:17.795,2024-07-15 18:01:17.795,,,,,UTC+0200,C8oz8zt6m4,,com.sec.android.app.shealth,2024-07-15 17:50:29.259,9d198406-bbc8-45ca-bfb5-7b1fef541fd4,82.0,
,21312,62670031,1,2024-07-15 18:00:29.259,,,62670031,2024-07-15 18:01:17.801,2024-07-15 18:01:17.801,,,,,UTC+0200,C8oz8zt6m4,,com.sec.android.app.shealth,2024-07-15 18:00:29.259,b9d479df-61ca-4c00-8d2d-92c8a9a19066,75.0,
,21312,62670031,1,2024-07-15 18:10:29.240,,,62670031,2024-07-15 18:11:54.994,2024-07-15 18:11:54.994,,,,,UTC+0200,C8oz8zt6m4,,com.sec.android.app.shealth,2024-07-15 18:10:29.240,cb3d1d90-01be-45f7-83fc-b88dbc9af840,87.0,
,21312,62670031,1,2024-07-15 18:20:29.325,,,62670031,2024-07-15 18:27:10.813,2024-07-15 18:27:10.813,,,,,UTC+0200,C8oz8zt6m4,,com.sec.android.app.shealth,2024-07-15 18:20:29.325,f11288ad-432a-425e-bab6-1de62f52b4f1,88.0,
,21312,62670031,1,2024-07-15 18:40:59.544,,,62670031,2024-07-15 18:43:48.088,2024-07-15 18:43:48.088,,,,,UTC+0200,C8oz8zt6m4,,com.sec.android.app.shealth,2024-07-15 18:40:59.544,91db752f-e1e8-436f-8165-4eeabf77f2da,97.0,
,21312,62670031,1,2024-07-15 19:10:30.291,,,62670031,2024-07-15 19:11:17.274,2024-07-15 19:11:17.274,,,,,UTC+0200,C8oz8zt6m4,,com.sec.android.app.shealth,2024-07-15 19:10:30.291,0fbe2dd0-e6b8-477a-a717-09904b1e6f58,90.0,
,21312,62670031,1,2024-07-15 19:20:29.290,,,62670031,2024-07-15 19:20:34.088,2024-07-15 19:20:34.088,,,,,UTC+0200,C8oz8zt6m4,,com.sec.android.app.shealth,2024-07-15 19:20:29.290,90d18ddd-668d-4463-b6ca-d3317c6ef25d,84.0,
,21312,62670031,1,2024-07-15 19:30:29.317,,,62670031,2024-07-15 19:30:30.163,2024-07-15 19:30:30.163,,,,,UTC+0200,C8oz8zt6m4,,com.sec.android.app.shealth,2024-07-15 19:30:29.317,093293a5-9229-4b94-9e2f-c0fd039c1f58,80.0,
,21312,62670031,1,2024-07-15 19:40:58.541,,,62670031,2024-07-15 19:42:23.553,2024-07-15 19:42:23.553,,,,,UTC+0200,C8oz8zt6m4,,com.sec.android.app.shealth,2024-07-15 19:40:58.541,cbe07a7f-743d-4732-b5a5-cde9e246a8fa,79.0,
,21312,62670031,1,2024-07-15 19:50:29.302,,,62670031,2024-07-15 19:52:28.376,2024-07-15 19:52:28.376,,,,,UTC+0200,C8oz8zt6m4,,com.sec.android.app.shealth,2024-07-15 19:50:29.302,e79a2a3d-c23b-4924-a9e7-4f88a31a7988,77.0,
,21312,62670031,1,2024-07-15 20:00:29.285,,,62670031,2024-07-15 20:15:00.923,2024-07-15 20:15:00.923,,,,,UTC+0200,C8oz8zt6m4,,com.sec.android.app.shealth,2024-07-15 20:00:29.285,fc0dcb14-56d9-4853-b545-b5d94cffa336,77.0,
,21312,62670031,1,2024-07-15 20:10:29.285,,,62670031,2024-07-15 20:15:00.931,2024-07-15 20:15:00.931,,,,,UTC+0200,C8oz8zt6m4,,com.sec.android.app.shealth,2024-07-15 20:10:29.285,bf5a8c23-45d4-4a91-ae5e-67cb2031bd81,81.0,
,21312,62670031,1,2024-07-15 20:20:29.297,,,62670031,2024-07-15 20:35:01.054,2024-07-15 20:35:01.054,,,,,UTC+0200,C8oz8zt6m4,,com.sec.android.app.shealth,2024-07-15 20:20:29.297,2537f4e5-0ecf-4bfc-a69a-ab9680fc48ab,80.0,
,21312,62670031,1,2024-07-15 20:30:29.297,,,62670031,2024-07-15 20:35:01.055,2024-07-15 20:35:01.055,,,,,UTC+0200,C8oz8zt6m4,,com.sec.android.app.shealth,2024-07-15 20:30:29.297,5c66fb64-efae-4e80-b949-2e1fabc36f07,74.0,
,21312,62670031,1,2024-07-15 20:40:29.276,,,62670031,2024-07-15 20:55:00.489,2024-07-15 20:55:00.489,,,,,UTC+0200,C8oz8zt6m4,,com.sec.android.app.shealth,2024-07-15 20:40:29.276,87ffe956-a14c-4f38-98d2-d99715b8d969,74.0,
,21312,62670031,1,2024-07-15 20:50:29.276,,,62670031,2024-07-15 20:55:00.498,2024-07-15 20:55:00.498,,,,,UTC+0200,C8oz8zt6m4,,com.sec.android.app.shealth,2024-07-15 20:50:29.276,8e4c58cd-8634-42a5-a615-15979a3903e3,76.0,
,21312,62670031,1,2024-07-15 21:00:29.245,,,62670031,2024-07-15 21:15:01.046,2024-07-15 21:15:01.046,,,,,UTC+0200,C8oz8zt6m4,,com.sec.android.app.shealth,2024-07-15 21:00:29.245,2d773bbf-de93-441c-909f-6d9f273270fb,72.0,
,21312,62670031,1,2024-07-15 21:10:29.245,,,62670031,2024-07-15 21:15:01.052,2024-07-15 21:15:01.052,,,,,UTC+0200,C8oz8zt6m4,,com.sec.android.app.shealth,2024-07-15 21:10:29.245,d3498712-8317-44c5-8701-6be57fbfb97a,69.0,
,21312,62670031,1,2024-07-15 21:20:50.742,,,62670031,2024-07-15 21:30:17.174,2024-07-15 21:30:17.174,,,,,UTC+0200,C8oz8zt6m4,,com.sec.android.app.shealth,2024-07-15 21:20:50.742,96fca8fb-e9d5-4423-b38d-9de221f95a8a,71.0,
,21312,62670031,1,2024-07-15 21:31:12.512,,,62670031,2024-07-15 21:33:47.142,2024-07-15 21:33:47.142,,,,,UTC+0200,C8oz8zt6m4,,com.sec.android.app.shealth,2024-07-15 21:31:12.512,08bc47a4-b026-4899-8526-43fdd610f618,88.0,
,21312,62670031,1,2024-07-15 21:40:45.177,,,62670031,2024-07-15 21:41:34.168,2024-07-15 21:41:34.168,,,,,UTC+0200,C8oz8zt6m4,,com.sec.android.app.shealth,2024-07-15 21:40:45.177,ef36b1c0-d3e4-4c33-ac4e-2cf55c150e26,81.0,
,21312,62670031,1,2024-07-15 21:50:29.307,,,62670031,2024-07-15 21:55:01.047,2024-07-15 21:55:01.047,,,,,UTC+0200,C8oz8zt6m4,,com.sec.android.app.shealth,2024-07-15 21:50:29.307,27d64faf-ef55-40d6-ae8e-83a2e7475eff,68.0,
,21312,62670031,1,2024-07-15 22:00:29.358,,,62670031,2024-07-15 22:15:00.075,2024-07-15 22:15:00.075,,,,,UTC+0200,C8oz8zt6m4,,com.sec.android.app.shealth,2024-07-15 22:00:29.358,70046b4b-2e68-4a5c-a085-d06ef4cd81e1,69.0,
,21312,62670031,1,2024-07-15 22:10:29.358,,,62670031,2024-07-15 22:15:00.081,2024-07-15 22:15:00.081,,,,,UTC+0200,C8oz8zt6m4,,com.sec.android.app.shealth,2024-07-15 22:10:29.358,b0deb782-e721-4d05-9800-96f5578e1058,71.0,
,21312,62670031,1,2024-07-15 22:20:29.263,,,62670031,2024-07-15 22:35:00.450,2024-07-15 22:35:00.450,,,,,UTC+0200,C8oz8zt6m4,,com.sec.android.app.shealth,2024-07-15 22:20:29.263,40d673d8-b448-4a4b-8d0f-9f383b07477b,70.0,
,21312,62670031,1,2024-07-15 22:30:29.263,,,62670031,2024-07-15 22:35:00.458,2024-07-15 22:35:00.458,,,,,UTC+0200,C8oz8zt6m4,,com.sec.android.app.shealth,2024-07-15 22:30:29.263,62e9908a-05f3-44aa-a03b-8d4704e4d64a,71.0,
,21312,62670031,1,2024-07-15 22:40:29.355,,,62670031,2024-07-15 22:55:02.174,2024-07-15 22:55:02.174,,,,,UTC+0200,C8oz8zt6m4,,com.sec.android.app.shealth,2024-07-15 22:40:29.355,e6b0e2b5-cf14-46f6-a3b0-ae7c90d316e5,73.0,
,21312,62670031,1,2024-07-15 22:50:29.355,,,62670031,2024-07-15 22:55:02.184,2024-07-15 22:55:02.184,,,,,UTC+0200,C8oz8zt6m4,,com.sec.android.app.shealth,2024-07-15 22:50:29.355,790f1df9-9e9e-4a31-88d8-2487d30e5cef,76.0,
,21312,62670031,1,2024-07-15 23:00:29.289,,,62670031,2024-07-15 23:15:01.840,2024-07-15 23:15:01.840,,,,,UTC+0200,C8oz8zt6m4,,com.sec.android.app.shealth,2024-07-15 23:00:29.289,d64184f5-6e02-45e0-969c-067d89534eae,70.0,
,21312,62670031,1,2024-07-15 23:10:29.289,,,62670031,2024-07-15 23:15:01.852,2024-07-15 23:15:01.852,,,,,UTC+0200,C8oz8zt6m4,,com.sec.android.app.shealth,2024-07-15 23:10:29.289,0c62b37d-aede-44a2-bd5b-c96bdce2bb71,66.0,
,21312,62670031,1,2024-07-15 23:20:29.390,,,62670031,2024-07-15 23:35:01.063,2024-07-15 23:35:01.063,,,,,UTC+0200,C8oz8zt6m4,,com.sec.android.app.shealth,2024-07-15 23:20:29.390,1417c293-66e0-47ed-8910-3e6b517cdcb7,68.0,
,21312,62670031,1,2024-07-15 23:30:29.390,,,62670031,2024-07-15 23:35:01.066,2024-07-15 23:35:01.066,,,,,UTC+0200,C8oz8zt6m4,,com.sec.android.app.shealth,2024-07-15 23:30:29.390,d4b4b729-94fb-4010-96a9-7596e76c4e8a,65.0,
,21312,62670031,1,2024-07-15 23:40:29.359,,,62670031,2024-07-15 23:55:00.301,2024-07-15 23:55:00.301,,,,,UTC+0200,C8oz8zt6m4,,com.sec.android.app.shealth,2024-07-15 23:40:29.359,dbaf7a0d-6493-45fa-9626-b7dcb90f8091,66.0,
,21312,62670031,1,2024-07-15 23:50:29.359,,,62670031,2024-07-15 23:55:00.309,2024-07-15 23:55:00.309,,,,,UTC+0200,C8oz8zt6m4,,com.sec.android.app.shealth,2024-07-15 23:50:29.359,57c7ab14-0c33-45ef-87b9-9c90065855f9,65.0,
,21312,62670031,1,2024-07-16 00:00:29.322,,,62670031,2024-07-16 00:15:00.476,2024-07-16 00:15:00.476,,,,,UTC+0200,C8oz8zt6m4,,com.sec.android.app.shealth,2024-07-16 00:00:29.322,016963ac-e448-41e1-a7f5-3a57da5ab7a1,64.0,
,21312,62670031,1,2024-07-16 00:10:29.322,,,62670031,2024-07-16 00:15:00.485,2024-07-16 00:15:00.485,,,,,UTC+0200,C8oz8zt6m4,,com.sec.android.app.shealth,2024-07-16 00:10:29.322,baa4e8e6-26db-424f-ba3d-4bfa8b653c65,66.0,
,21312,62670031,1,2024-07-16 00:20:29.380,,,62670031,2024-07-16 00:35:01.050,2024-07-16 00:35:01.050,,,,,UTC+0200,C8oz8zt6m4,,com.sec.android.app.shealth,2024-07-16 00:20:29.380,5b581b42-7527-4a4c-8d1e-cfb0713e19ab,66.0,
,21312,62670031,1,2024-07-16 00:30:29.380,,,62670031,2024-07-16 00:35:01.060,2024-07-16 00:35:01.060,,,,,UTC+0200,C8oz8zt6m4,,com.sec.android.app.shealth,2024-07-16 00:30:29.380,60440ff2-e16e-4ef8-8d73-a516d25bc340,69.0,
,21312,62670031,1,2024-07-16 00:40:29.241,,,62670031,2024-07-16 00:55:01.049,2024-07-16 00:55:01.049,,,,,UTC+0200,C8oz8zt6m4,,com.sec.android.app.shealth,2024-07-16 00:40:29.241,4d60a086-ee16-4cdc-a720-83fa7d528820,63.0,
,21312,62670031,1,2024-07-16 00:50:29.241,,,62670031,2024-07-16 00:55:01.059,2024-07-16 00:55:01.059,,,,,UTC+0200,C8oz8zt6m4,,com.sec.android.app.shealth,2024-07-16 00:50:29.241,549bbbf9-e01f-434b-9c90-b224454f62cc,65.0,
,21312,62670031,1,2024-07-16 01:00:29.337,,,62670031,2024-07-16 01:15:01.049,2024-07-16 01:15:01.049,,,,,UTC+0200,C8oz8zt6m4,,com.sec.android.app.shealth,2024-07-16 01:00:29.337,f514cc76-b17c-4986-be11-3bd89234f47e,64.0,
,21312,62670031,1,2024-07-16 01:10:29.337,,,62670031,2024-07-16 01:15:01.060,2024-07-16 01:15:01.060,,,,,UTC+0200,C8oz8zt6m4,,com.sec.android.app.shealth,2024-07-16 01:10:29.337,a554d1df-0fd6-47d7-8a39-1991648c4609,60.0,
,21312,62670031,1,2024-07-16 01:20:29.304,,,62670031,2024-07-16 01:35:00.465,2024-07-16 01:35:00.465,,,,,UTC+0200,C8oz8zt6m4,,com.sec.android.app.shealth,2024-07-16 01:20:29.304,67ebe244-2b48-4d5a-9afd-d2e02185bae5,63.0,
,21312,62670031,1,2024-07-16 01:30:29.304,,,62670031,2024-07-16 01:35:00.475,2024-07-16 01:35:00.475,,,,,UTC+0200,C8oz8zt6m4,,com.sec.android.app.shealth,2024-07-16 01:30:29.304,2406b891-9d85-4584-97c1-14f1a91d66cf,62.0,
,21312,62670031,1,2024-07-16 01:40:29.300,,,62670031,2024-07-16 01:55:00.458,2024-07-16 01:55:00.458,,,,,UTC+0200,C8oz8zt6m4,,com.sec.android.app.shealth,2024-07-16 01:40:29.300,0c8d1a46-e5bb-4f48-aeb2-b78db015de62,63.0,
,21312,62670031,1,2024-07-16 01:50:29.300,,,62670031,2024-07-16 01:55:00.469,2024-07-16 01:55:00.469,,,,,UTC+0200,C8oz8zt6m4,,com.sec.android.app.shealth,2024-07-16 01:50:29.300,c5e57aa4-b908-4058-b093-602920a7d2a5,61.0,
,21312,62670031,1,2024-07-16 02:00:29.293,,,62670031,2024-07-16 02:15:00.346,2024-07-16 02:15:00.346,,,,,UTC+0200,C8oz8zt6m4,,com.sec.android.app.shealth,2024-07-16 02:00:29.293,fee31123-d5bf-4145-bfbc-47b1574fd466,59.0,
,21312,62670031,1,2024-07-16 02:10:29.293,,,62670031,2024-07-16 02:15:00.366,2024-07-16 02:15:00.366,,,,,UTC+0200,C8oz8zt6m4,,com.sec.android.app.shealth,2024-07-16 02:10:29.293,0901e1cb-4a3f-46e1-aa40-b14c642053be,60.0,
,21312,62670031,1,2024-07-16 02:20:29.351,,,62670031,2024-07-16 02:35:00.346,2024-07-16 02:35:00.346,,,,,UTC+0200,C8oz8zt6m4,,com.sec.android.app.shealth,2024-07-16 02:20:29.351,dc7c229e-e8b6-4618-8783-baaff2670b96,61.0,
,21312,62670031,1,2024-07-16 02:30:29.351,,,62670031,2024-07-16 02:35:00.359,2024-07-16 02:35:00.359,,,,,UTC+0200,C8oz8zt6m4,,com.sec.android.app.shealth,2024-07-16 02:30:29.351,128a9021-0c2b-4050-a8d9-da4c0b33fbc3,60.0,
,21312,62670031,1,2024-07-16 02:40:29.373,,,62670031,2024-07-16 02:55:00.082,2024-07-16 02:55:00.082,,,,,UTC+0200,C8oz8zt6m4,,com.sec.android.app.shealth,2024-07-16 02:40:29.373,fefd1b9e-e900-4b16-8b21-ceed51c71c06,53.0,
,21312,62670031,1,2024-07-16 02:50:29.373,,,62670031,2024-07-16 02:55:00.091,2024-07-16 02:55:00.091,,,,,UTC+0200,C8oz8zt6m4,,com.sec.android.app.shealth,2024-07-16 02:50:29.373,7c2ec082-a3d8-42d4-86aa-99e3c49dccc9,57.0,
,21312,62670031,1,2024-07-16 03:00:29.368,,,62670031,2024-07-16 03:15:00.075,2024-07-16 03:15:00.075,,,,,UTC+0200,C8oz8zt6m4,,com.sec.android.app.shealth,2024-07-16 03:00:29.368,022eb1ea-63aa-49ee-a318-f812e5708954,60.0,
,21312,62670031,1,2024-07-16 03:10:29.368,,,62670031,2024-07-16 03:15:00.083,2024-07-16 03:15:00.083,,,,,UTC+0200,C8oz8zt6m4,,com.sec.android.app.shealth,2024-07-16 03:10:29.368,140d016f-b6b6-4b5b-9611-6d0b47b1fadb,56.0,
,21312,62670031,1,2024-07-16 03:20:29.334,,,62670031,2024-07-16 03:35:00.471,2024-07-16 03:35:00.471,,,,,UTC+0200,C8oz8zt6m4,,com.sec.android.app.shealth,2024-07-16 03:20:29.334,e8ae9d98-d73d-4732-b36e-0482fe2a4ff2,57.0,
,21312,62670031,1,2024-07-16 03:30:29.334,,,62670031,2024-07-16 03:35:00.482,2024-07-16 03:35:00.482,,,,,UTC+0200,C8oz8zt6m4,,com.sec.android.app.shealth,2024-07-16 03:30:29.334,a18dd31f-0826-4351-aaaa-7e3687c7ab8f,59.0,
,21312,62670031,1,2024-07-16 03:40:29.314,,,62670031,2024-07-16 03:55:00.474,2024-07-16 03:55:00.474,,,,,UTC+0200,C8oz8zt6m4,,com.sec.android.app.shealth,2024-07-16 03:40:29.314,2dd8953f-0bfc-4340-ba2d-19b94c0d3eca,61.0,
,21312,62670031,1,2024-07-16 03:50:29.314,,,62670031,2024-07-16 03:55:00.480,2024-07-16 03:55:00.480,,,,,UTC+0200,C8oz8zt6m4,,com.sec.android.app.shealth,2024-07-16 03:50:29.314,fd700465-859d-41f9-bd66-a6b5d158ab77,58.0,
,21312,62670031,1,2024-07-16 04:00:29.397,,,62670031,2024-07-16 04:15:01.056,2024-07-16 04:15:01.056,,,,,UTC+0200,C8oz8zt6m4,,com.sec.android.app.shealth,2024-07-16 04:00:29.397,7d3bd27e-4288-4ed9-b0ee-50426e28a000,60.0,
,21312,62670031,1,2024-07-16 04:10:29.397,,,62670031,2024-07-16 04:15:01.066,2024-07-16 04:15:01.066,,,,,UTC+0200,C8oz8zt6m4,,com.sec.android.app.shealth,2024-07-16 04:10:29.397,72e24859-763a-4562-a276-47090aa9a660,60.0,
,21312,62670031,1,2024-07-16 04:20:29.303,,,62670031,2024-07-16 04:35:01.077,2024-07-16 04:35:01.077,,,,,UTC+0200,C8oz8zt6m4,,com.sec.android.app.shealth,2024-07-16 04:20:29.303,55e7388a-d719-44eb-bf89-c59fb319ee68,58.0,
,21312,62670031,1,2024-07-16 04:30:29.303,,,62670031,2024-07-16 04:35:01.084,2024-07-16 04:35:01.084,,,,,UTC+0200,C8oz8zt6m4,,com.sec.android.app.shealth,2024-07-16 04:30:29.303,369ad84f-ed23-4ae4-b995-e48eb0975e91,55.0,
,21312,62670031,1,2024-07-16 04:40:29.343,,,62670031,2024-07-16 04:55:00.486,2024-07-16 04:55:00.486,,,,,UTC+0200,C8oz8zt6m4,,com.sec.android.app.shealth,2024-07-16 04:40:29.343,0f0558ed-10a0-4727-902d-b7c5a095f861,59.0,
,21312,62670031,1,2024-07-16 04:50:29.343,,,62670031,2024-07-16 04:55:00.497,2024-07-16 04:55:00.497,,,,,UTC+0200,C8oz8zt6m4,,com.sec.android.app.shealth,2024-07-16 04:50:29.343,d85e96d3-b74f-4c91-aaa6-344ab76e5035,59.0,
,21312,62670031,1,2024-07-16 05:00:29.326,,,62670031,2024-07-16 05:15:00.514,2024-07-16 05:15:00.514,,,,,UTC+0200,C8oz8zt6m4,,com.sec.android.app.shealth,2024-07-16 05:00:29.326,d3ece4a1-916b-4b64-bf8f-1f7f535477b9,58.0,
,21312,62670031,1,2024-07-16 05:10:29.326,,,62670031,2024-07-16 05:15:00.530,2024-07-16 05:15:00.530,,,,,UTC+0200,C8oz8zt6m4,,com.sec.android.app.shealth,2024-07-16 05:10:29.326,a566171f-9d95-4acd-967d-a407637955ea,63.0,
,21312,62670031,1,2024-07-16 05:20:29.277,,,62670031,2024-07-16 05:22:58.598,2024-07-16 05:22:58.598,,,,,UTC+0200,C8oz8zt6m4,,com.sec.android.app.shealth,2024-07-16 05:20:29.277,da50233c-2c59-40ae-b011-1305be3cee5c,63.0,
,21312,62670031,1,2024-07-16 05:30:29.315,,,62670031,2024-07-16 05:34:59.472,2024-07-16 05:34:59.472,,,,,UTC+0200,C8oz8zt6m4,,com.sec.android.app.shealth,2024-07-16 05:30:29.315,bf9a0f5b-df21-4884-8e75-12f2174af1cf,62.0,
,21312,62670031,1,2024-07-16 05:40:29.292,,,62670031,2024-07-16 05:54:59.220,2024-07-16 05:54:59.220,,,,,UTC+0200,C8oz8zt6m4,,com.sec.android.app.shealth,2024-07-16 05:40:29.292,3607d6c1-2e17-462e-9dd0-287367683065,60.0,
,21312,62670031,1,2024-07-16 05:50:29.292,,,62670031,2024-07-16 05:54:59.227,2024-07-16 05:54:59.227,,,,,UTC+0200,C8oz8zt6m4,,com.sec.android.app.shealth,2024-07-16 05:50:29.292,eb4d9083-6409-4931-ba2f-c3817be6e770,61.0,
,21312,62670031,1,2024-07-16 06:00:29.364,,,62670031,2024-07-16 06:05:45.371,2024-07-16 06:05:45.371,,,,,UTC+0200,C8oz8zt6m4,,com.sec.android.app.shealth,2024-07-16 06:00:29.364,3e6fe6a7-0791-451e-a091-f753ddf96b2f,64.0,
,21312,62670031,1,2024-07-16 06:10:29.287,,,62670031,2024-07-16 06:12:46.305,2024-07-16 06:12:46.305,,,,,UTC+0200,C8oz8zt6m4,,com.sec.android.app.shealth,2024-07-16 06:10:29.287,302fd5d0-63f6-4833-a54e-b7311999c688,59.0,
,21312,62670031,1,2024-07-16 06:30:29.378,,,62670031,2024-07-16 06:35:01.490,2024-07-16 06:35:01.490,,,,,UTC+0200,C8oz8zt6m4,,com.sec.android.app.shealth,2024-07-16 06:30:29.378,1aa4bbc6-3952-48e3-9787-ae85c485dd9b,60.0,
,21312,62670031,1,2024-07-16 06:20:29.378,,,62670031,2024-07-16 06:35:01.493,2024-07-16 06:35:01.493,,,,,UTC+0200,C8oz8zt6m4,,com.sec.android.app.shealth,2024-07-16 06:20:29.378,1c267683-9f5c-4956-b18c-248dd76fe165,60.0,
,21312,62670031,1,2024-07-16 06:40:29.296,,,62670031,2024-07-16 06:55:01.723,2024-07-16 06:55:01.723,,,,,UTC+0200,C8oz8zt6m4,,com.sec.android.app.shealth,2024-07-16 06:40:29.296,a1606d5a-9ce3-4a3b-b4e4-565d53a51ba9,60.0,
,21312,62670031,1,2024-07-16 06:50:29.296,,,62670031,2024-07-16 06:55:01.730,2024-07-16 06:55:01.730,,,,,UTC+0200,C8oz8zt6m4,,com.sec.android.app.shealth,2024-07-16 06:50:29.296,8becb1cc-d408-4091-b326-e828f0b57685,59.0,
,21312,62670031,1,2024-07-16 07:10:51.811,,,62670031,2024-07-16 07:10:53.145,2024-07-16 07:10:53.145,,,,,UTC+0200,C8oz8zt6m4,,com.sec.android.app.shealth,2024-07-16 07:10:51.811,5c5f66b4-60ff-4fcc-80c4-b9ef367ba858,73.0,
,21312,62670031,1,2024-07-16 07:20:29.293,,,62670031,2024-07-16 07:20:52.969,2024-07-16 07:20:52.969,,,,,UTC+0200,C8oz8zt6m4,,com.sec.android.app.shealth,2024-07-16 07:20:29.293,d314ec80-1ef5-4b4f-b2ea-815436d77238,70.0,
,21312,62701251,1,2024-07-17 07:50:30.163,,,62701251,2024-07-17 07:50:58.081,2024-07-17 07:50:58.081,,,,,UTC+0200,C8oz8zt6m4,,com.sec.android.app.shealth,2024-07-17 07:50:30.163,1912986d-fd06-40a8-9f26-71c78a0c93df,78.0,
,21312,62701251,1,2024-07-17 08:30:38.533,,,62701251,2024-07-17 08:31:47.090,2024-07-17 08:31:47.090,,,,,UTC+0200,C8oz8zt6m4,,com.sec.android.app.shealth,2024-07-17 08:30:38.533,ae895827-e2a5-4713-a218-060f317ed45d,73.0,
,21312,62701251,1,2024-07-17 08:40:29.333,,,62701251,2024-07-17 08:50:31.974,2024-07-17 08:50:31.974,,,,,UTC+0200,C8oz8zt6m4,,com.sec.android.app.shealth,2024-07-17 08:40:29.333,dad9b0a4-ffb9-4b93-85e4-a4561b885509,65.0,
,21312,62701251,1,2024-07-17 10:00:29.331,,,62701251,2024-07-17 10:15:01.045,2024-07-17 10:15:01.045,,,,,UTC+0200,C8oz8zt6m4,,com.sec.android.app.shealth,2024-07-17 10:00:29.331,e43d1023-2068-40ac-97f4-551606d8ab8b,87.0,
,21312,62701251,1,2024-07-17 10:10:29.331,,,62701251,2024-07-17 10:15:01.052,2024-07-17 10:15:01.052,,,,,UTC+0200,C8oz8zt6m4,,com.sec.android.app.shealth,2024-07-17 10:10:29.331,9f79d4b4-42a6-462f-968d-7fae0a74a183,76.0,
,21312,62701251,1,2024-07-17 10:20:29.235,,,62701251,2024-07-17 10:24:17.853,2024-07-17 10:24:17.853,,,,,UTC+0200,C8oz8zt6m4,,com.sec.android.app.shealth,2024-07-17 10:20:29.235,61af9f95-6776-409f-ad80-acc1a19a2153,71.0,
,21312,62701251,1,2024-07-17 10:40:29.239,,,62701251,2024-07-17 10:50:05.060,2024-07-17 10:50:05.060,,,,,UTC+0200,C8oz8zt6m4,,com.sec.android.app.shealth,2024-07-17 10:40:29.239,32745039-7f29-450a-889d-aa873ee58b43,82.0,
,21312,62701251,1,2024-07-17 11:00:29.338,,,62701251,2024-07-17 11:09:14.323,2024-07-17 11:09:14.323,,,,,UTC+0200,C8oz8zt6m4,,com.sec.android.app.shealth,2024-07-17 11:00:29.338,fc2148fa-20f4-4e8a-897b-05eb50738df5,84.0,
,21312,62701251,1,2024-07-17 11:10:18.211,,,62701251,2024-07-17 11:11:51.522,2024-07-17 11:11:51.522,,,,,UTC+0200,C8oz8zt6m4,,com.sec.android.app.shealth,2024-07-17 11:10:18.211,4258f925-e9ef-462e-821a-eef497dea532,83.0,
,21312,62701251,1,2024-07-17 11:20:29.229,,,62701251,2024-07-17 11:34:50.643,2024-07-17 11:34:50.643,,,,,UTC+0200,C8oz8zt6m4,,com.sec.android.app.shealth,2024-07-17 11:20:29.229,e8870f0a-3f84-4230-8b81-afd39a563293,79.0,
,21312,62701251,1,2024-07-17 11:30:29.229,,,62701251,2024-07-17 11:34:50.670,2024-07-17 11:34:50.670,,,,,UTC+0200,C8oz8zt6m4,,com.sec.android.app.shealth,2024-07-17 11:30:29.229,3082f8a6-71e1-461c-8534-48d798ddba42,78.0,
,21312,62701251,1,2024-07-17 11:40:58.464,,,62701251,2024-07-17 11:43:20.243,2024-07-17 11:43:20.243,,,,,UTC+0200,C8oz8zt6m4,,com.sec.android.app.shealth,2024-07-17 11:40:58.464,784aad7a-e0c1-4c3e-9615-30d89704a87d,75.0,
,21312,62701251,1,2024-07-17 11:50:29.242,,,62701251,2024-07-17 11:55:01.045,2024-07-17 11:55:01.045,,,,,UTC+0200,C8oz8zt6m4,,com.sec.android.app.shealth,2024-07-17 11:50:29.242,5c234c49-4f80-44a5-b128-8d35699d1ad3,75.0,
,21312,62701251,1,2024-07-17 12:00:29.303,,,62701251,2024-07-17 12:13:21.693,2024-07-17 12:13:21.693,,,,,UTC+0200,C8oz8zt6m4,,com.sec.android.app.shealth,2024-07-17 12:00:29.303,d1c04a1b-81f5-4e11-90ee-3c5bfa2762c1,84.0,
,21312,62701251,1,2024-07-17 12:10:29.303,,,62701251,2024-07-17 12:13:21.843,2024-07-17 12:13:21.843,,,,,UTC+0200,C8oz8zt6m4,,com.sec.android.app.shealth,2024-07-17 12:10:29.303,23278ac6-4cc5-48fc-8ebb-f0df226a8f1f,80.0,
,21312,62701251,1,2024-07-17 12:20:29.209,,,62701251,2024-07-17 12:30:24.165,2024-07-17 12:30:24.165,,,,,UTC+0200,C8oz8zt6m4,,com.sec.android.app.shealth,2024-07-17 12:20:29.209,daa6481b-7c14-493a-9f9b-8f88d7f42db4,77.0,
,21312,62701251,1,2024-07-17 12:31:04.778,,,62701251,2024-07-17 12:34:21.311,2024-07-17 12:34:21.311,,,,,UTC+0200,C8oz8zt6m4,,com.sec.android.app.shealth,2024-07-17 12:31:04.778,58868aac-7405-4578-bf7c-7e20b8a643b6,76.0,
,21312,62701251,1,2024-07-17 13:01:07.496,,,62701251,2024-07-17 13:03:30.243,2024-07-17 13:03:30.243,,,,,UTC+0200,C8oz8zt6m4,,com.sec.android.app.shealth,2024-07-17 13:01:07.496,1a2705dc-668a-426c-9831-f55d1503bb90,90.0,
,21312,62701251,1,2024-07-17 13:10:30.034,,,62701251,2024-07-17 13:11:09.134,2024-07-17 13:11:09.134,,,,,UTC+0200,C8oz8zt6m4,,com.sec.android.app.shealth,2024-07-17 13:10:30.034,2928e171-84b9-49ce-83da-4f7106e803f9,79.0,
,21312,62701251,1,2024-07-17 13:20:29.390,,,62701251,2024-07-17 13:28:01.162,2024-07-17 13:28:01.162,,,,,UTC+0200,C8oz8zt6m4,,com.sec.android.app.shealth,2024-07-17 13:20:29.390,df1c82cc-87f4-4a8f-ba7d-d9f48c5169e4,74.0,
,21312,62701251,1,2024-07-17 13:30:29.379,,,62701251,2024-07-17 13:32:31.335,2024-07-17 13:32:31.335,,,,,UTC+0200,C8oz8zt6m4,,com.sec.android.app.shealth,2024-07-17 13:30:29.379,48f68de7-4acf-46fd-b3ab-8f461be24a21,71.0,
,21312,62701251,1,2024-07-17 13:40:29.298,,,62701251,2024-07-17 13:55:02.063,2024-07-17 13:55:02.063,,,,,UTC+0200,C8oz8zt6m4,,com.sec.android.app.shealth,2024-07-17 13:40:29.298,a29fd69a-2434-4844-9955-da726addd8a9,79.0,
,21312,62701251,1,2024-07-17 13:50:29.298,,,62701251,2024-07-17 13:55:02.066,2024-07-17 13:55:02.066,,,,,UTC+0200,C8oz8zt6m4,,com.sec.android.app.shealth,2024-07-17 13:50:29.298,d017a989-f550-4606-bffb-1fb813ba1300,77.0,
,21312,62701251,1,2024-07-17 14:00:29.323,,,62701251,2024-07-17 14:06:51.206,2024-07-17 14:06:51.206,,,,,UTC+0200,C8oz8zt6m4,,com.sec.android.app.shealth,2024-07-17 14:00:29.323,1b227806-ce2e-47da-97b4-05f2c43f04e4,69.0,
,21312,62701251,1,2024-07-17 14:10:29.350,,,62701251,2024-07-17 14:15:00.094,2024-07-17 14:15:00.094,,,,,UTC+0200,C8oz8zt6m4,,com.sec.android.app.shealth,2024-07-17 14:10:29.350,e974aa6d-8a40-41ea-943f-90237cc8e840,69.0,
,21312,62701251,1,2024-07-17 14:20:29.271,,,62701251,2024-07-17 14:21:41.645,2024-07-17 14:21:41.645,,,,,UTC+0200,C8oz8zt6m4,,com.sec.android.app.shealth,2024-07-17 14:20:29.271,964b2c70-f703-4bb2-9e76-30038910ec16,68.0,
,21312,62701251,1,2024-07-17 14:30:29.322,,,62701251,2024-07-17 14:35:00.491,2024-07-17 14:35:00.491,,,,,UTC+0200,C8oz8zt6m4,,com.sec.android.app.shealth,2024-07-17 14:30:29.322,c9d89d44-dca3-47e1-9e46-3bb1b434c2f3,67.0,
,21312,62701251,1,2024-07-17 14:40:29.253,,,62701251,2024-07-17 14:40:32.862,2024-07-17 14:40:32.862,,,,,UTC+0200,C8oz8zt6m4,,com.sec.android.app.shealth,2024-07-17 14:40:29.253,769dddce-4ab0-409b-b2ef-1d50b254a1df,67.0,
,21312,62701251,1,2024-07-17 14:50:29.208,,,62701251,2024-07-17 14:52:17.056,2024-07-17 14:52:17.056,,,,,UTC+0200,C8oz8zt6m4,,com.sec.android.app.shealth,2024-07-17 14:50:29.208,839199c7-0808-414c-9a2e-390f9b59e129,75.0,
,21312,62701251,1,2024-07-17 17:00:34.202,,,62701251,2024-07-17 17:01:39.111,2024-07-17 17:01:39.111,,,,,UTC+0200,C8oz8zt6m4,,com.sec.android.app.shealth,2024-07-17 17:00:34.202,df037c22-56da-443e-a560-5d81732f4615,90.0,
,21312,62701251,1,2024-07-17 17:10:29.214,,,62701251,2024-07-17 17:15:00.285,2024-07-17 17:15:00.285,,,,,UTC+0200,C8oz8zt6m4,,com.sec.android.app.shealth,2024-07-17 17:10:29.214,f00b135e-fe9f-44f9-8222-1b6498f3931a,77.0,
,21312,62701251,1,2024-07-17 17:20:29.227,,,62701251,2024-07-17 17:23:04.087,2024-07-17 17:23:04.087,,,,,UTC+0200,C8oz8zt6m4,,com.sec.android.app.shealth,2024-07-17 17:20:29.227,e2c317a8-c6d3-4437-a35f-626aabe3ecd7,81.0,
,21312,62701251,1,2024-07-17 17:30:29.314,,,62701251,2024-07-17 17:30:32.251,2024-07-17 17:30:32.251,,,,,UTC+0200,C8oz8zt6m4,,com.sec.android.app.shealth,2024-07-17 17:30:29.314,43bc0656-9e6e-49f2-b598-185822679921,79.0,
,21312,62701251,1,2024-07-17 17:40:38.665,,,62701251,2024-07-17 17:43:02.821,2024-07-17 17:43:02.821,,,,,UTC+0200,C8oz8zt6m4,,com.sec.android.app.shealth,2024-07-17 17:40:38.665,d1bcd7c9-cbf2-43cf-80f0-8f1bf1528d90,81.0,
,21312,62701251,1,2024-07-17 17:50:43.106,,,62701251,2024-07-17 17:53:52.007,2024-07-17 17:53:52.007,,,,,UTC+0200,C8oz8zt6m4,,com.sec.android.app.shealth,2024-07-17 17:50:43.106,df0d2a09-16f4-4fa7-8683-18ef4f66e94c,82.0,
,21312,62701251,1,2024-07-17 18:10:33.818,,,62701251,2024-07-17 18:10:54.570,2024-07-17 18:10:54.570,,,,,UTC+0200,C8oz8zt6m4,,com.sec.android.app.shealth,2024-07-17 18:10:33.818,31825c18-6d63-4522-a9b6-3dd7717b7c17,83.0,
,21312,62701251,1,2024-07-17 18:30:59.447,,,62701251,2024-07-17 18:32:19.498,2024-07-17 18:32:19.498,,,,,UTC+0200,C8oz8zt6m4,,com.sec.android.app.shealth,2024-07-17 18:30:59.447,e26b319b-d1a4-4133-9d46-ec4f55915b93,83.0,
,21312,62701251,1,2024-07-17 18:40:29.252,,,62701251,2024-07-17 18:41:31.493,2024-07-17 18:41:31.493,,,,,UTC+0200,C8oz8zt6m4,,com.sec.android.app.shealth,2024-07-17 18:40:29.252,bde29b73-656f-421f-91fe-2a064f997587,80.0,
,21312,62701251,1,2024-07-17 18:50:29.372,,,62701251,2024-07-17 18:50:50.794,2024-07-17 18:50:50.794,,,,,UTC+0200,C8oz8zt6m4,,com.sec.android.app.shealth,2024-07-17 18:50:29.372,c07e517d-af7e-4070-8379-d28f3f12bd4d,76.0,
,21312,62701251,1,2024-07-17 19:00:29.374,,,62701251,2024-07-17 19:01:43.960,2024-07-17 19:01:43.960,,,,,UTC+0200,C8oz8zt6m4,,com.sec.android.app.shealth,2024-07-17 19:00:29.374,a5011c70-7d84-4e15-8248-7d0e48b1165a,74.0,
,21312,62701251,1,2024-07-17 19:10:29.342,,,62701251,2024-07-17 19:13:20.258,2024-07-17 19:13:20.258,,,,,UTC+0200,C8oz8zt6m4,,com.sec.android.app.shealth,2024-07-17 19:10:29.342,aef736a8-f8c4-4c5b-a70d-0b95f9124022,74.0,
,21312,62701251,1,2024-07-17 19:20:30.170,,,62701251,2024-07-17 19:20:30.555,2024-07-17 19:20:30.555,,,,,UTC+0200,C8oz8zt6m4,,com.sec.android.app.shealth,2024-07-17 19:20:30.170,92b29e8e-0548-406a-a7f9-1bbce4baa6f7,71.0,
,21312,62701251,1,2024-07-17 19:30:29.263,,,62701251,2024-07-17 19:31:56.261,2024-07-17 19:31:56.261,,,,,UTC+0200,C8oz8zt6m4,,com.sec.android.app.shealth,2024-07-17 19:30:29.263,04b54bc2-5cc1-4c69-92b5-6fc3ab934bdb,72.0,
,21312,62701251,1,2024-07-17 19:40:55.333,,,62701251,2024-07-17 19:42:02.614,2024-07-17 19:42:02.614,,,,,UTC+0200,C8oz8zt6m4,,com.sec.android.app.shealth,2024-07-17 19:40:55.333,66124ae3-8c47-4050-8363-5a7f08cac00c,92.0,
,21312,62701251,1,2024-07-17 19:50:36.493,,,62701251,2024-07-17 19:51:02.907,2024-07-17 19:51:02.907,,,,,UTC+0200,C8oz8zt6m4,,com.sec.android.app.shealth,2024-07-17 19:50:36.493,a6871462-d7d5-409a-a57c-6660a6a5f6c9,81.0,
,21312,62701251,1,2024-07-17 20:00:29.351,,,62701251,2024-07-17 20:18:15.308,2024-07-17 20:18:15.308,,,,,UTC+0200,C8oz8zt6m4,,com.sec.android.app.shealth,2024-07-17 20:00:29.351,e88f449f-2e30-4b7f-81f5-b3cc979ffc68,68.0,
,21312,62701251,1,2024-07-17 20:10:29.351,,,62701251,2024-07-17 20:18:15.318,2024-07-17 20:18:15.318,,,,,UTC+0200,C8oz8zt6m4,,com.sec.android.app.shealth,2024-07-17 20:10:29.351,f35f6f0b-7baa-44a4-a73d-b77017bdf30d,72.0,
,21312,62701251,1,2024-07-17 20:20:29.318,,,62701251,2024-07-17 20:25:59.165,2024-07-17 20:25:59.165,,,,,UTC+0200,C8oz8zt6m4,,com.sec.android.app.shealth,2024-07-17 20:20:29.318,efc15519-a671-4b1c-8da3-48d3eb5b6351,70.0,
,21312,62701251,1,2024-07-17 20:30:29.327,,,62701251,2024-07-17 20:35:00.124,2024-07-17 20:35:00.124,,,,,UTC+0200,C8oz8zt6m4,,com.sec.android.app.shealth,2024-07-17 20:30:29.327,995a6ac7-c072-45d9-b878-27223de1e1f5,66.0,
,21312,62701251,1,2024-07-17 20:50:29.241,,,62701251,2024-07-17 20:55:00.081,2024-07-17 20:55:00.081,,,,,UTC+0200,C8oz8zt6m4,,com.sec.android.app.shealth,2024-07-17 20:50:29.241,e6f6bd4b-7516-4bf8-8f3c-c8d13298cf33,65.0,
,21312,62701251,1,2024-07-17 20:40:29.241,,,62701251,2024-07-17 20:55:00.082,2024-07-17 20:55:00.082,,,,,UTC+0200,C8oz8zt6m4,,com.sec.android.app.shealth,2024-07-17 20:40:29.241,ff4a995f-e323-4afd-9d49-addcf5152c12,66.0,
,21312,62701251,1,2024-07-17 21:10:29.269,,,62701251,2024-07-17 21:15:01.200,2024-07-17 21:15:01.200,,,,,UTC+0200,C8oz8zt6m4,,com.sec.android.app.shealth,2024-07-17 21:10:29.269,d2d6c571-af59-4a6f-b427-68b29d1da61e,66.0,
,21313,62701251,1,2024-07-17 21:00:00.000,,a65d3e25-2ce6-4f6d-b3cb-1a96a841a312.com.samsung.health.heart_rate.binning_data.json,62701251,2024-07-17 22:00:04.222,2024-07-17 21:15:01.186,,73.0,55.0,,UTC+0200,C8oz8zt6m4,,com.sec.android.app.shealth,2024-07-17 21:59:59.999,a65d3e25-2ce6-4f6d-b3cb-1a96a841a312,62.0,
,21313,62701251,1,2024-07-17 22:00:00.000,,5aa3e9c8-d3de-4c72-82bd-7be35ab65b4b.com.samsung.health.heart_rate.binning_data.json,62701251,2024-07-17 23:15:01.270,2024-07-17 23:15:01.270,,77.0,54.0,,UTC+0200,C8oz8zt6m4,,com.sec.android.app.shealth,2024-07-17 22:59:59.999,5aa3e9c8-d3de-4c72-82bd-7be35ab65b4b,62.0,
,21313,62701251,1,2024-07-17 23:00:00.000,,9726d917-4d99-48b1-a336-3edf64ab740f.com.samsung.health.heart_rate.binning_data.json,62701251,2024-07-18 00:09:29.191,2024-07-17 23:25:07.217,,76.0,52.0,,UTC+0200,C8oz8zt6m4,,com.sec.android.app.shealth,2024-07-17 23:59:59.999,9726d917-4d99-48b1-a336-3edf64ab740f,63.0,
,21313,62701251,1,2024-07-18 00:00:00.000,,2698d4ac-ced7-4fa7-a9f7-2bfd86bdf64f.com.samsung.health.heart_rate.binning_data.json,62701251,2024-07-18 01:06:11.458,2024-07-18 00:15:01.223,,82.0,51.0,,UTC+0200,C8oz8zt6m4,,com.sec.android.app.shealth,2024-07-18 00:59:59.999,2698d4ac-ced7-4fa7-a9f7-2bfd86bdf64f,61.0,
,21313,62701251,1,2024-07-18 01:00:00.000,,93fb13b2-4bbb-44ee-b73e-f39aef0c385e.com.samsung.health.heart_rate.binning_data.json,62701251,2024-07-18 02:06:32.158,2024-07-18 01:06:53.521,,73.0,52.0,,UTC+0200,C8oz8zt6m4,,com.sec.android.app.shealth,2024-07-18 01:59:59.999,93fb13b2-4bbb-44ee-b73e-f39aef0c385e,60.0,
,21313,62701251,1,2024-07-18 02:00:00.000,,dbacff42-dcd1-41d6-b19b-a1e8bb8d1d8e.com.samsung.health.heart_rate.binning_data.json,62701251,2024-07-18 03:11:08.428,2024-07-18 02:08:59.224,,76.0,53.0,,UTC+0200,C8oz8zt6m4,,com.sec.android.app.shealth,2024-07-18 02:59:59.999,dbacff42-dcd1-41d6-b19b-a1e8bb8d1d8e,60.0,
,21313,62701251,1,2024-07-18 03:00:00.000,,93101144-f9ea-46ea-9357-e9e400c1e466.com.samsung.health.heart_rate.binning_data.json,62701251,2024-07-18 04:13:14.154,2024-07-18 03:11:08.756,,78.0,50.0,,UTC+0200,C8oz8zt6m4,,com.sec.android.app.shealth,2024-07-18 03:59:59.999,93101144-f9ea-46ea-9357-e9e400c1e466,59.0,
,21313,62701251,1,2024-07-18 04:00:00.000,,23c2a0e3-c472-497e-8ce1-cb1a17eac4f4.com.samsung.health.heart_rate.binning_data.json,62701251,2024-07-18 05:45:11.296,2024-07-18 04:13:14.581,,79.0,51.0,,UTC+0200,C8oz8zt6m4,,com.sec.android.app.shealth,2024-07-18 04:59:59.999,23c2a0e3-c472-497e-8ce1-cb1a17eac4f4,59.0,
,21312,62701251,1,2024-07-18 04:50:33.274,,,62701251,2024-07-18 04:53:23.891,2024-07-18 04:53:23.891,,,,,UTC+0200,C8oz8zt6m4,,com.sec.android.app.shealth,2024-07-18 04:50:33.274,7bce1dbc-d8e1-49aa-b2e9-90260014db41,64.0,
,21313,62701251,1,2024-07-18 05:00:00.000,,e9450074-39e9-494d-a0f2-619beea45370.com.samsung.health.heart_rate.binning_data.json,62701251,2024-07-18 06:05:30.289,2024-07-18 05:04:50.190,,74.0,53.0,,UTC+0200,C8oz8zt6m4,,com.sec.android.app.shealth,2024-07-18 05:59:59.999,e9450074-39e9-494d-a0f2-619beea45370,58.0,
,21312,62701251,1,2024-07-18 05:10:29.360,,,62701251,2024-07-18 05:12:46.110,2024-07-18 05:12:46.110,,,,,UTC+0200,C8oz8zt6m4,,com.sec.android.app.shealth,2024-07-18 05:10:29.360,9a2bf5ff-e176-49ae-9d81-34589d30f130,57.0,
,21312,62701251,1,2024-07-18 05:20:29.284,,,62701251,2024-07-18 05:33:20.783,2024-07-18 05:33:20.783,,,,,UTC+0200,C8oz8zt6m4,,com.sec.android.app.shealth,2024-07-18 05:20:29.284,2dc83466-5007-45b7-90b6-c0994386fb3c,62.0,
,21312,62701251,1,2024-07-18 05:30:29.284,,,62701251,2024-07-18 05:33:20.786,2024-07-18 05:33:20.786,,,,,UTC+0200,C8oz8zt6m4,,com.sec.android.app.shealth,2024-07-18 05:30:29.284,5809cd62-00e4-448d-9c6e-ae5f4b6c2826,59.0,
,21313,62701251,1,2024-07-18 06:00:00.000,,7c8171ef-1ef1-4963-96b9-9ecb44e3b165.com.samsung.health.heart_rate.binning_data.json,62701251,2024-07-18 06:07:19.897,2024-07-18 06:07:19.897,,66.0,56.0,,UTC+0200,C8oz8zt6m4,,com.sec.android.app.shealth,2024-07-18 06:07:19.867,7c8171ef-1ef1-4963-96b9-9ecb44e3b165,59.0,
,21312,62701251,1,2024-07-18 08:50:39.500,,,62701251,2024-07-18 08:51:10.188,2024-07-18 08:51:10.188,,,,,UTC+0200,C8oz8zt6m4,,com.sec.android.app.shealth,2024-07-18 08:50:39.500,09d6e503-2541-4fb8-992b-21cd86a8af6d,95.0,
,21312,62701251,1,2024-07-18 09:00:53.347,,,62701251,2024-07-18 09:02:13.027,2024-07-18 09:02:13.027,,,,,UTC+0200,C8oz8zt6m4,,com.sec.android.app.shealth,2024-07-18 09:00:53.347,dc033335-a5b3-464d-a6ed-cbf48279684a,91.0,
,21312,62701251,1,2024-07-18 09:40:43.063,,,62701251,2024-07-18 09:46:05.250,2024-07-18 09:46:05.250,,,,,UTC+0200,C8oz8zt6m4,,com.sec.android.app.shealth,2024-07-18 09:40:43.063,be69c268-58ef-4834-bf26-95f58f122225,81.0,
,21312,62701251,1,2024-07-18 10:00:29.362,,,62701251,2024-07-18 10:03:44.155,2024-07-18 10:03:44.155,,,,,UTC+0200,C8oz8zt6m4,,com.sec.android.app.shealth,2024-07-18 10:00:29.362,338a7d74-b1b9-4ed6-b3cf-8f9ff7a8045f,77.0,
,21312,62701251,1,2024-07-18 10:20:29.390,,,62701251,2024-07-18 10:25:29.157,2024-07-18 10:25:29.157,,,,,UTC+0200,C8oz8zt6m4,,com.sec.android.app.shealth,2024-07-18 10:20:29.390,b532f171-b1cc-4e99-a1dd-d9d6640a8a7a,72.0,
,21312,62701251,1,2024-07-18 10:31:01.319,,,62701251,2024-07-18 10:31:06.175,2024-07-18 10:31:06.175,,,,,UTC+0200,C8oz8zt6m4,,com.sec.android.app.shealth,2024-07-18 10:31:01.319,cb3f3a55-5869-4cd1-b324-2e8dcc35860c,84.0,
,21312,62701251,1,2024-07-18 10:40:29.321,,,62701251,2024-07-18 10:46:17.116,2024-07-18 10:46:17.116,,,,,UTC+0200,C8oz8zt6m4,,com.sec.android.app.shealth,2024-07-18 10:40:29.321,8efbdd95-460f-4fe9-9474-018944ef8944,79.0,
,21312,62701251,1,2024-07-18 11:00:29.240,,,62701251,2024-07-18 11:07:53.972,2024-07-18 11:07:53.972,,,,,UTC+0200,C8oz8zt6m4,,com.sec.android.app.shealth,2024-07-18 11:00:29.240,d34d9666-0f4a-42b1-832d-60a415bc2c23,79.0,
,21312,62701251,1,2024-07-18 11:10:45.706,,,62701251,2024-07-18 11:11:42.508,2024-07-18 11:11:42.508,,,,,UTC+0200,C8oz8zt6m4,,com.sec.android.app.shealth,2024-07-18 11:10:45.706,2cd545fb-2614-48e5-b9c3-7db52d90fe34,90.0,
,21312,62701251,1,2024-07-18 11:20:29.303,,,62701251,2024-07-18 11:23:17.505,2024-07-18 11:23:17.505,,,,,UTC+0200,C8oz8zt6m4,,com.sec.android.app.shealth,2024-07-18 11:20:29.303,72e1f2d9-292d-44f3-8729-6cfcedf02a68,76.0,
,21312,62701251,1,2024-07-18 11:40:29.311,,,62701251,2024-07-18 11:55:00.097,2024-07-18 11:55:00.097,,,,,UTC+0200,C8oz8zt6m4,,com.sec.android.app.shealth,2024-07-18 11:40:29.311,11696409-6b16-4dc1-814a-12936d4c27b1,86.0,
,21312,62701251,1,2024-07-18 11:50:29.311,,,62701251,2024-07-18 11:55:00.105,2024-07-18 11:55:00.105,,,,,UTC+0200,C8oz8zt6m4,,com.sec.android.app.shealth,2024-07-18 11:50:29.311,ea9119f3-47ec-444b-8dc1-5220818ce777,90.0,
,21312,62701251,1,2024-07-18 12:00:29.329,,,62701251,2024-07-18 12:15:01.070,2024-07-18 12:15:01.070,,,,,UTC+0200,C8oz8zt6m4,,com.sec.android.app.shealth,2024-07-18 12:00:29.329,42f9d9dd-e0ad-44f1-b094-6eb59c166bcc,84.0,
,21312,62701251,1,2024-07-18 12:10:29.329,,,62701251,2024-07-18 12:15:01.078,2024-07-18 12:15:01.078,,,,,UTC+0200,C8oz8zt6m4,,com.sec.android.app.shealth,2024-07-18 12:10:29.329,d5cfeb92-8e5e-48a0-b1e0-7e48f96423fd,90.0,
,21312,62701251,1,2024-07-18 12:20:29.396,,,62701251,2024-07-18 12:35:01.049,2024-07-18 12:35:01.049,,,,,UTC+0200,C8oz8zt6m4,,com.sec.android.app.shealth,2024-07-18 12:20:29.396,64117d82-2170-4600-80a3-d0b883aecd57,80.0,
,21312,62701251,1,2024-07-18 12:30:29.396,,,62701251,2024-07-18 12:35:01.058,2024-07-18 12:35:01.058,,,,,UTC+0200,C8oz8zt6m4,,com.sec.android.app.shealth,2024-07-18 12:30:29.396,3c8aa935-115a-4069-86de-6a7dcec35a7b,85.0,
,21312,62701251,1,2024-07-18 12:50:59.495,,,62701251,2024-07-18 12:54:40.601,2024-07-18 12:54:40.601,,,,,UTC+0200,C8oz8zt6m4,,com.sec.android.app.shealth,2024-07-18 12:50:59.495,20c02aaf-6e77-4da8-b7d1-4ece516e335c,84.0,
,21312,62701251,1,2024-07-18 13:10:29.302,,,62701251,2024-07-18 13:15:01.076,2024-07-18 13:15:01.076,,,,,UTC+0200,C8oz8zt6m4,,com.sec.android.app.shealth,2024-07-18 13:10:29.302,42670648-719e-4b86-98ad-f774d3b48fb2,87.0,
,21312,62701251,1,2024-07-18 13:30:59.585,,,62701251,2024-07-18 13:31:54.031,2024-07-18 13:31:54.031,,,,,UTC+0200,C8oz8zt6m4,,com.sec.android.app.shealth,2024-07-18 13:30:59.585,8d879d4b-0899-4079-9c36-adaa03acef1b,86.0,
,21312,62701251,1,2024-07-18 13:40:29.378,,,62701251,2024-07-18 13:49:25.376,2024-07-18 13:49:25.376,,,,,UTC+0200,C8oz8zt6m4,,com.sec.android.app.shealth,2024-07-18 13:40:29.378,d42ad23d-0cc1-481e-9ea9-e3c0efa8f704,84.0,
,21312,62701251,1,2024-07-18 14:00:29.305,,,62701251,2024-07-18 14:01:42.733,2024-07-18 14:01:42.733,,,,,UTC+0200,C8oz8zt6m4,,com.sec.android.app.shealth,2024-07-18 14:00:29.305,2447f198-e4c8-4d27-b5ae-2550cb9b08e7,87.0,
,21312,62701251,1,2024-07-18 14:20:29.539,,,62701251,2024-07-18 14:27:55.785,2024-07-18 14:27:55.785,,,,,UTC+0200,C8oz8zt6m4,,com.sec.android.app.shealth,2024-07-18 14:20:29.539,913dcf44-683d-482c-a92f-b8e441b5ec3d,79.0,
,21312,62701251,1,2024-07-18 14:40:29.329,,,62701251,2024-07-18 14:50:43.954,2024-07-18 14:50:43.954,,,,,UTC+0200,C8oz8zt6m4,,com.sec.android.app.shealth,2024-07-18 14:40:29.329,531ef15b-586a-4c72-b8cf-7b8a5f47394f,79.0,
,21312,62701251,1,2024-07-18 14:50:29.329,,,62701251,2024-07-18 14:50:44.004,2024-07-18 14:50:44.004,,,,,UTC+0200,C8oz8zt6m4,,com.sec.android.app.shealth,2024-07-18 14:50:29.329,7295eac4-46a1-4238-8e99-9a4de052cc95,74.0,
,21312,62701251,1,2024-07-18 15:00:29.384,,,62701251,2024-07-18 15:00:38.241,2024-07-18 15:00:38.241,,,,,UTC+0200,C8oz8zt6m4,,com.sec.android.app.shealth,2024-07-18 15:00:29.384,4ea6834c-17fb-4168-8b20-5e34deb6d9fc,76.0,
,21312,62701251,1,2024-07-18 15:10:29.350,,,62701251,2024-07-18 15:12:55.136,2024-07-18 15:12:55.136,,,,,UTC+0200,C8oz8zt6m4,,com.sec.android.app.shealth,2024-07-18 15:10:29.350,d9d39664-7949-4726-b5fc-9428c9ab3ef5,78.0,
,21312,62701251,1,2024-07-18 15:20:29.282,,,62701251,2024-07-18 15:20:31.786,2024-07-18 15:20:31.786,,,,,UTC+0200,C8oz8zt6m4,,com.sec.android.app.shealth,2024-07-18 15:20:29.282,a66a0434-a981-4554-a9b7-adaf010fe301,74.0,
,21312,62701251,1,2024-07-18 15:30:29.326,,,62701251,2024-07-18 15:35:00.493,2024-07-18 15:35:00.493,,,,,UTC+0200,C8oz8zt6m4,,com.sec.android.app.shealth,2024-07-18 15:30:29.326,c55d9470-4024-48c3-9c17-5efceca3fdec,70.0,
,21312,62701251,1,2024-07-18 15:40:29.317,,,62701251,2024-07-18 15:55:01.057,2024-07-18 15:55:01.057,,,,,UTC+0200,C8oz8zt6m4,,com.sec.android.app.shealth,2024-07-18 15:40:29.317,3d4706af-567c-44e7-b778-0564514f3ad6,69.0,
,21312,62701251,1,2024-07-18 15:50:29.317,,,62701251,2024-07-18 15:55:01.061,2024-07-18 15:55:01.061,,,,,UTC+0200,C8oz8zt6m4,,com.sec.android.app.shealth,2024-07-18 15:50:29.317,b5eb7ee0-c490-466f-859d-80efbbb31a60,62.0,
,21312,62701251,1,2024-07-18 16:01:04.668,,,62701251,2024-07-18 16:04:04.144,2024-07-18 16:04:04.144,,,,,UTC+0200,C8oz8zt6m4,,com.sec.android.app.shealth,2024-07-18 16:01:04.668,3d6179f7-f27c-4706-9e01-667c5cb5bb73,85.0,
,21312,62701251,1,2024-07-18 16:10:29.286,,,62701251,2024-07-18 16:12:16.187,2024-07-18 16:12:16.187,,,,,UTC+0200,C8oz8zt6m4,,com.sec.android.app.shealth,2024-07-18 16:10:29.286,0d682900-fb1a-4326-88ab-923117754253,79.0,
,21312,62701251,1,2024-07-18 16:20:29.282,,,62701251,2024-07-18 16:23:26.616,2024-07-18 16:23:26.616,,,,,UTC+0200,C8oz8zt6m4,,com.sec.android.app.shealth,2024-07-18 16:20:29.282,f1f7abda-850b-4e82-b110-7544eb08638b,87.0,
,21312,62701251,1,2024-07-18 16:30:29.337,,,62701251,2024-07-18 16:35:01.044,2024-07-18 16:35:01.044,,,,,UTC+0200,C8oz8zt6m4,,com.sec.android.app.shealth,2024-07-18 16:30:29.337,c611d9d9-fcd4-47b4-875b-9ed725321031,56.0,
,21312,62701251,1,2024-07-18 16:40:29.252,,,62701251,2024-07-18 16:55:01.064,2024-07-18 16:55:01.064,,,,,UTC+0200,C8oz8zt6m4,,com.sec.android.app.shealth,2024-07-18 16:40:29.252,85d40a75-e9ef-4dd0-9bad-352b25b72acf,75.0,
,21312,62701251,1,2024-07-18 16:50:29.252,,,62701251,2024-07-18 16:55:01.067,2024-07-18 16:55:01.067,,,,,UTC+0200,C8oz8zt6m4,,com.sec.android.app.shealth,2024-07-18 16:50:29.252,212a35a4-6187-44fb-9a46-cdf9e2a82f90,71.0,
,21312,62701251,1,2024-07-18 17:00:29.309,,,62701251,2024-07-18 17:06:23.721,2024-07-18 17:06:23.721,,,,,UTC+0200,C8oz8zt6m4,,com.sec.android.app.shealth,2024-07-18 17:00:29.309,bfd9cf25-590e-4f3f-9264-820138b5d3c2,70.0,
,21312,62701251,1,2024-07-18 17:10:31.048,,,62701251,2024-07-18 17:11:25.135,2024-07-18 17:11:25.135,,,,,UTC+0200,C8oz8zt6m4,,com.sec.android.app.shealth,2024-07-18 17:10:31.048,f900ce37-ee73-4003-ae8a-7e8a0d1482d5,75.0,
,21312,62701251,1,2024-07-18 17:20:29.255,,,62701251,2024-07-18 17:24:03.088,2024-07-18 17:24:03.088,,,,,UTC+0200,C8oz8zt6m4,,com.sec.android.app.shealth,2024-07-18 17:20:29.255,3aa30170-942f-4cac-8b98-26b49997ecb3,79.0,
,21312,62701251,1,2024-07-18 17:40:29.272,,,62701251,2024-07-18 17:44:59.677,2024-07-18 17:44:59.677,,,,,UTC+0200,C8oz8zt6m4,,com.sec.android.app.shealth,2024-07-18 17:40:29.272,8bc5bde0-e9fc-45a3-aabd-0ed310f7f987,74.0,
,21312,62701251,1,2024-07-18 18:21:28.026,,,62701251,2024-07-18 18:22:57.383,2024-07-18 18:22:57.383,,,,,UTC+0200,C8oz8zt6m4,,com.sec.android.app.shealth,2024-07-18 18:21:28.026,e3de129e-fc3f-4993-8765-a3c13732e5a5,92.0,
,21312,62701251,1,2024-07-18 18:30:29.305,,,62701251,2024-07-18 18:30:29.981,2024-07-18 18:30:29.981,,,,,UTC+0200,C8oz8zt6m4,,com.sec.android.app.shealth,2024-07-18 18:30:29.305,2941cbac-94b2-43e5-9d57-6e46908dcc82,79.0,
,21312,62701251,1,2024-07-18 18:40:29.244,,,62701251,2024-07-18 19:15:01.064,2024-07-18 19:15:01.064,,,,,UTC+0200,C8oz8zt6m4,,com.sec.android.app.shealth,2024-07-18 18:40:29.244,f0880c07-3933-4e06-9524-d7ccf45676ac,76.0,
,21312,62701251,1,2024-07-18 18:50:29.244,,,62701251,2024-07-18 19:15:01.070,2024-07-18 19:15:01.070,,,,,UTC+0200,C8oz8zt6m4,,com.sec.android.app.shealth,2024-07-18 18:50:29.244,ad91cacf-ef17-4fff-85a3-fce62fb5c9e6,79.0,
,21312,62701251,1,2024-07-18 19:00:29.244,,,62701251,2024-07-18 19:15:01.076,2024-07-18 19:15:01.076,,,,,UTC+0200,C8oz8zt6m4,,com.sec.android.app.shealth,2024-07-18 19:00:29.244,f365c8ce-03e8-44db-ac05-93e55c6dd179,80.0,
,21312,62701251,1,2024-07-18 19:10:29.244,,,62701251,2024-07-18 19:15:01.084,2024-07-18 19:15:01.084,,,,,UTC+0200,C8oz8zt6m4,,com.sec.android.app.shealth,2024-07-18 19:10:29.244,2cc56488-045d-47a4-adac-3dc82a00ab6a,81.0,
,21312,62701251,1,2024-07-18 19:20:29.389,,,62701251,2024-07-18 19:28:25.995,2024-07-18 19:28:25.995,,,,,UTC+0200,C8oz8zt6m4,,com.sec.android.app.shealth,2024-07-18 19:20:29.389,198e8b5e-0dcd-4036-be75-58f794a5dcb1,77.0,
,21312,62701251,1,2024-07-18 19:30:29.359,,,62701251,2024-07-18 19:35:01.054,2024-07-18 19:35:01.054,,,,,UTC+0200,C8oz8zt6m4,,com.sec.android.app.shealth,2024-07-18 19:30:29.359,d675fca2-d604-4819-83f1-10a87d83e112,74.0,
,21312,62701251,1,2024-07-18 19:40:29.273,,,62701251,2024-07-18 19:55:01.059,2024-07-18 19:55:01.059,,,,,UTC+0200,C8oz8zt6m4,,com.sec.android.app.shealth,2024-07-18 19:40:29.273,52859a1e-812c-40d3-a7b8-224d0977312b,79.0,
,21312,62701251,1,2024-07-18 19:50:29.273,,,62701251,2024-07-18 19:55:01.062,2024-07-18 19:55:01.062,,,,,UTC+0200,C8oz8zt6m4,,com.sec.android.app.shealth,2024-07-18 19:50:29.273,fe1f46ae-b619-4a24-bd86-0b9e85fdeb03,75.0,
,21312,62701251,1,2024-07-18 20:00:29.358,,,62701251,2024-07-18 20:15:01.060,2024-07-18 20:15:01.060,,,,,UTC+0200,C8oz8zt6m4,,com.sec.android.app.shealth,2024-07-18 20:00:29.358,59afbc6b-e0f7-4509-94fa-71e38a276937,77.0,
,21312,62701251,1,2024-07-18 20:10:29.358,,,62701251,2024-07-18 20:15:01.069,2024-07-18 20:15:01.069,,,,,UTC+0200,C8oz8zt6m4,,com.sec.android.app.shealth,2024-07-18 20:10:29.358,0f8a6b3b-414b-4282-aeda-669c02a3104b,76.0,
,21312,62701251,1,2024-07-18 20:20:29.383,,,62701251,2024-07-18 20:35:00.467,2024-07-18 20:35:00.467,,,,,UTC+0200,C8oz8zt6m4,,com.sec.android.app.shealth,2024-07-18 20:20:29.383,9b13f9c0-ac68-4155-a6db-d67a433cde90,75.0,
,21312,62701251,1,2024-07-18 20:30:29.383,,,62701251,2024-07-18 20:35:00.472,2024-07-18 20:35:00.472,,,,,UTC+0200,C8oz8zt6m4,,com.sec.android.app.shealth,2024-07-18 20:30:29.383,4c88575b-055d-427a-a227-47e9dbce1ee2,73.0,
,21312,62701251,1,2024-07-18 20:40:29.326,,,62701251,2024-07-18 20:55:00.182,2024-07-18 20:55:00.182,,,,,UTC+0200,C8oz8zt6m4,,com.sec.android.app.shealth,2024-07-18 20:40:29.326,d5528ccd-5ec1-43b3-9539-dc759c94b822,75.0,
,21312,62701251,1,2024-07-18 20:50:29.326,,,62701251,2024-07-18 20:55:00.188,2024-07-18 20:55:00.188,,,,,UTC+0200,C8oz8zt6m4,,com.sec.android.app.shealth,2024-07-18 20:50:29.326,e22876d5-16d7-4f14-a30f-d1ae54d59c6b,77.0,
,21312,62701251,1,2024-07-18 21:00:29.297,,,62701251,2024-07-18 21:15:00.145,2024-07-18 21:15:00.145,,,,,UTC+0200,C8oz8zt6m4,,com.sec.android.app.shealth,2024-07-18 21:00:29.297,5524c679-ebdd-45d2-a8c7-37500a65ea87,73.0,
,21312,62701251,1,2024-07-18 21:10:29.297,,,62701251,2024-07-18 21:15:00.153,2024-07-18 21:15:00.153,,,,,UTC+0200,C8oz8zt6m4,,com.sec.android.app.shealth,2024-07-18 21:10:29.297,1181938d-2ae6-4faa-9399-d63aae725aad,77.0,
,21312,62701251,1,2024-07-18 21:20:29.394,,,62701251,2024-07-18 21:35:00.025,2024-07-18 21:35:00.025,,,,,UTC+0200,C8oz8zt6m4,,com.sec.android.app.shealth,2024-07-18 21:20:29.394,bf51656a-0580-4c0e-88b3-882648ad5dbd,73.0,
,21312,62701251,1,2024-07-18 21:30:29.394,,,62701251,2024-07-18 21:35:00.035,2024-07-18 21:35:00.035,,,,,UTC+0200,C8oz8zt6m4,,com.sec.android.app.shealth,2024-07-18 21:30:29.394,d031c899-cd17-4dbd-9f82-3c22357e47d7,74.0,
,21312,62701251,1,2024-07-18 21:40:29.320,,,62701251,2024-07-18 21:44:15.188,2024-07-18 21:44:15.188,,,,,UTC+0200,C8oz8zt6m4,,com.sec.android.app.shealth,2024-07-18 21:40:29.320,c7169e2e-aaed-4810-9b78-6cc7669b9281,70.0,
,21312,62701251,1,2024-07-18 21:50:29.697,,,62701251,2024-07-18 21:55:00.250,2024-07-18 21:55:00.250,,,,,UTC+0200,C8oz8zt6m4,,com.sec.android.app.shealth,2024-07-18 21:50:29.697,70004008-9c82-47d4-b3e3-b422986ccaf1,87.0,
,21312,62701251,1,2024-07-24 12:00:29.351,,,62701251,2024-07-24 12:09:08.441,2024-07-24 12:09:08.441,,,,,UTC+0200,C8oz8zt6m4,,com.sec.android.app.shealth,2024-07-24 12:00:29.351,7d5c4737-e0a5-4591-abd5-73c5af83c978,82.0,
,21312,62701251,1,2024-07-24 12:10:29.467,,,62701251,2024-07-24 12:10:39.294,2024-07-24 12:10:39.294,,,,,UTC+0200,C8oz8zt6m4,,com.sec.android.app.shealth,2024-07-24 12:10:29.467,6527006b-fd4e-40f6-845a-4ed4b748e8a8,94.0,
,21312,62701251,1,2024-07-24 12:30:29.309,,,62701251,2024-07-24 12:35:00.338,2024-07-24 12:35:00.338,,,,,UTC+0200,C8oz8zt6m4,,com.sec.android.app.shealth,2024-07-24 12:30:29.309,123570b1-fe00-4270-9edc-0cc30bb5e27d,79.0,
,21312,62701251,1,2024-07-24 12:50:29.321,,,62701251,2024-07-24 12:55:00.425,2024-07-24 12:55:00.425,,,,,UTC+0200,C8oz8zt6m4,,com.sec.android.app.shealth,2024-07-24 12:50:29.321,5fe6461f-1733-4de1-9ce8-4d244ea19060,88.0,
,21312,62701251,1,2024-07-24 13:20:29.274,,,62701251,2024-07-24 13:21:56.183,2024-07-24 13:21:56.183,,,,,UTC+0200,C8oz8zt6m4,,com.sec.android.app.shealth,2024-07-24 13:20:29.274,0eed408c-b368-4eeb-bc25-345bd6936711,97.0,
,21312,62701251,1,2024-07-24 14:31:03.081,,,62701251,2024-07-24 14:32:21.885,2024-07-24 14:32:21.885,,,,,UTC+0200,C8oz8zt6m4,,com.sec.android.app.shealth,2024-07-24 14:31:03.081,bff46b9a-5dde-4c87-a604-7ccc469fdcb0,91.0,
,21312,62701251,1,2024-07-24 14:40:29.272,,,62701251,2024-07-24 14:45:52.415,2024-07-24 14:45:52.415,,,,,UTC+0200,C8oz8zt6m4,,com.sec.android.app.shealth,2024-07-24 14:40:29.272,7588ceaf-d978-4862-85c8-15755709a0c2,97.0,
,21312,62701251,1,2024-07-24 14:50:29.301,,,62701251,2024-07-24 14:55:00.076,2024-07-24 14:55:00.076,,,,,UTC+0200,C8oz8zt6m4,,com.sec.android.app.shealth,2024-07-24 14:50:29.301,9af0a7e3-0604-46c8-95fd-500eef356732,91.0,
,21312,62701251,1,2024-07-24 15:00:29.205,,,62701251,2024-07-24 15:01:48.653,2024-07-24 15:01:48.653,,,,,UTC+0200,C8oz8zt6m4,,com.sec.android.app.shealth,2024-07-24 15:00:29.205,014f95b6-a913-4405-a4b6-367741483caf,90.0,
,21312,62701251,1,2024-07-24 15:10:29.363,,,62701251,2024-07-24 15:11:10.283,2024-07-24 15:11:10.283,,,,,UTC+0200,C8oz8zt6m4,,com.sec.android.app.shealth,2024-07-24 15:10:29.363,89155ac5-035c-4311-ae3a-662dc4ada9cf,85.0,
,21312,62701251,1,2024-07-24 15:20:29.337,,,62701251,2024-07-24 15:28:43.181,2024-07-24 15:28:43.181,,,,,UTC+0200,C8oz8zt6m4,,com.sec.android.app.shealth,2024-07-24 15:20:29.337,5ca42116-a697-4886-9ac2-d7dbcb56df75,85.0,
,21312,62701251,1,2024-07-24 15:30:29.365,,,62701251,2024-07-24 15:35:00.052,2024-07-24 15:35:00.052,,,,,UTC+0200,C8oz8zt6m4,,com.sec.android.app.shealth,2024-07-24 15:30:29.365,89ce886e-659b-4593-bab1-90589eb18677,81.0,
,21312,62701251,1,2024-07-24 15:40:29.368,,,62701251,2024-07-24 15:43:28.360,2024-07-24 15:43:28.360,,,,,UTC+0200,C8oz8zt6m4,,com.sec.android.app.shealth,2024-07-24 15:40:29.368,b783417b-f171-42e1-b9e3-f9d0c58219fa,81.0,
,21312,62701251,1,2024-07-24 15:50:29.227,,,62701251,2024-07-24 15:55:00.775,2024-07-24 15:55:00.775,,,,,UTC+0200,C8oz8zt6m4,,com.sec.android.app.shealth,2024-07-24 15:50:29.227,0dcfb5ab-7d3d-4dc8-bbbb-694abd1e663b,80.0,
,21312,62701251,1,2024-07-24 16:00:29.371,,,62701251,2024-07-24 16:07:06.081,2024-07-24 16:07:06.081,,,,,UTC+0200,C8oz8zt6m4,,com.sec.android.app.shealth,2024-07-24 16:00:29.371,b9543432-7b0c-4977-9048-0063e4ac3123,80.0,
,21312,62701251,1,2024-07-24 16:10:29.305,,,62701251,2024-07-24 16:10:30.345,2024-07-24 16:10:30.345,,,,,UTC+0200,C8oz8zt6m4,,com.sec.android.app.shealth,2024-07-24 16:10:29.305,5925abe3-e598-4f70-bc8a-1eaaaec43223,75.0,
,21312,62701251,1,2024-07-24 16:20:29.240,,,62701251,2024-07-24 16:20:28.963,2024-07-24 16:20:28.963,,,,,UTC+0200,C8oz8zt6m4,,com.sec.android.app.shealth,2024-07-24 16:20:29.240,dae9f3e5-4903-4591-bd3e-a796c6a4867b,82.0,
,21312,62701251,1,2024-07-24 16:30:29.310,,,62701251,2024-07-24 16:33:56.358,2024-07-24 16:33:56.358,,,,,UTC+0200,C8oz8zt6m4,,com.sec.android.app.shealth,2024-07-24 16:30:29.310,c5ae96e2-89e5-4c59-81d6-5ffd2b9c7935,76.0,
,21312,62701251,1,2024-07-24 16:50:29.356,,,62701251,2024-07-24 16:52:57.549,2024-07-24 16:52:57.549,,,,,UTC+0200,C8oz8zt6m4,,com.sec.android.app.shealth,2024-07-24 16:50:29.356,e63efbb6-f418-4a7e-ae88-4fd2a91c36d7,76.0,
,21312,62701251,1,2024-07-24 16:40:29.356,,,62701251,2024-07-24 16:52:57.567,2024-07-24 16:52:57.567,,,,,UTC+0200,C8oz8zt6m4,,com.sec.android.app.shealth,2024-07-24 16:40:29.356,eb0d4012-6b3d-4df3-997a-a7de93f86eaf,78.0,
,21312,62701251,1,2024-07-24 17:10:30.215,,,62701251,2024-07-24 17:11:27.958,2024-07-24 17:11:27.958,,,,,UTC+0200,C8oz8zt6m4,,com.sec.android.app.shealth,2024-07-24 17:10:30.215,63081c95-4419-4c09-a47a-0358c2a98763,93.0,
,21312,62701251,1,2024-07-24 17:20:29.231,,,62701251,2024-07-24 17:23:54.184,2024-07-24 17:23:54.184,,,,,UTC+0200,C8oz8zt6m4,,com.sec.android.app.shealth,2024-07-24 17:20:29.231,f0d6749c-6d77-4192-919b-6b78f59976f8,74.0,
,21312,62701251,1,2024-07-24 17:30:29.203,,,62701251,2024-07-24 17:35:01.504,2024-07-24 17:35:01.504,,,,,UTC+0200,C8oz8zt6m4,,com.sec.android.app.shealth,2024-07-24 17:30:29.203,007eb422-f7b6-439e-a718-483542c8e4d8,80.0,
,21312,62701251,1,2024-07-24 17:40:29.359,,,62701251,2024-07-24 17:44:44.762,2024-07-24 17:44:44.762,,,,,UTC+0200,C8oz8zt6m4,,com.sec.android.app.shealth,2024-07-24 17:40:29.359,b5c323c7-e3b6-44d4-bc53-1bb9e8758611,68.0,
,21312,62701251,1,2024-07-24 18:10:59.533,,,62701251,2024-07-24 18:15:00.495,2024-07-24 18:15:00.495,,,,,UTC+0200,C8oz8zt6m4,,com.sec.android.app.shealth,2024-07-24 18:10:59.533,a50d6960-2164-49db-a0f8-0bb552631c36,89.0,
,21312,62701251,1,2024-07-24 18:20:59.889,,,62701251,2024-07-24 18:25:05.370,2024-07-24 18:25:05.370,,,,,UTC+0200,C8oz8zt6m4,,com.sec.android.app.shealth,2024-07-24 18:20:59.889,9176f83d-9fc8-426f-9c56-1742e33e252c,97.0,
,21312,62701251,1,2024-07-24 18:30:29.338,,,62701251,2024-07-24 18:30:57.060,2024-07-24 18:30:57.060,,,,,UTC+0200,C8oz8zt6m4,,com.sec.android.app.shealth,2024-07-24 18:30:29.338,5cc6d204-ca85-4e2d-9943-dc1da6adac40,84.0,
,21312,62701251,1,2024-07-24 18:40:29.308,,,62701251,2024-07-24 18:41:50.304,2024-07-24 18:41:50.304,,,,,UTC+0200,C8oz8zt6m4,,com.sec.android.app.shealth,2024-07-24 18:40:29.308,ce4643aa-c4ba-470e-870e-66c967f1d1ff,83.0,
,21312,62701251,1,2024-07-24 18:50:29.275,,,62701251,2024-07-24 18:50:47.297,2024-07-24 18:50:47.297,,,,,UTC+0200,C8oz8zt6m4,,com.sec.android.app.shealth,2024-07-24 18:50:29.275,aa8fae16-4173-4f25-b89d-cb51b57198a8,85.0,
,21312,62701251,1,2024-07-24 19:00:29.283,,,62701251,2024-07-24 19:01:20.916,2024-07-24 19:01:20.916,,,,,UTC+0200,C8oz8zt6m4,,com.sec.android.app.shealth,2024-07-24 19:00:29.283,c10a1f93-62e8-4506-a9cc-a7d18a9ba022,83.0,
,21312,62701251,1,2024-07-24 19:20:29.352,,,62701251,2024-07-24 19:34:13.578,2024-07-24 19:34:13.578,,,,,UTC+0200,C8oz8zt6m4,,com.sec.android.app.shealth,2024-07-24 19:20:29.352,afa487a5-fc35-4a29-b107-f80d33250a90,84.0,
,21312,62701251,1,2024-07-24 19:30:29.352,,,62701251,2024-07-24 19:34:13.581,2024-07-24 19:34:13.581,,,,,UTC+0200,C8oz8zt6m4,,com.sec.android.app.shealth,2024-07-24 19:30:29.352,0be64ab7-cfff-4d6c-a1b4-15ef6f3c8dbf,80.0,
,21312,62701251,1,2024-07-24 19:40:29.284,,,62701251,2024-07-24 19:43:08.450,2024-07-24 19:43:08.450,,,,,UTC+0200,C8oz8zt6m4,,com.sec.android.app.shealth,2024-07-24 19:40:29.284,023f677c-dce2-4418-8cd8-7a61d4e27d86,80.0,
,21312,62701251,1,2024-07-24 20:00:29.303,,,62701251,2024-07-24 20:35:00.030,2024-07-24 20:35:00.030,,,,,UTC+0200,C8oz8zt6m4,,com.sec.android.app.shealth,2024-07-24 20:00:29.303,964e827d-f28b-4a58-ab57-f70bce2c96c6,77.0,
,21312,62701251,1,2024-07-24 20:10:29.303,,,62701251,2024-07-24 20:35:00.045,2024-07-24 20:35:00.045,,,,,UTC+0200,C8oz8zt6m4,,com.sec.android.app.shealth,2024-07-24 20:10:29.303,581aae8a-0d43-43ee-8f82-03bd58e66395,74.0,
,21312,62701251,1,2024-07-24 20:20:29.303,,,62701251,2024-07-24 20:35:00.052,2024-07-24 20:35:00.052,,,,,UTC+0200,C8oz8zt6m4,,com.sec.android.app.shealth,2024-07-24 20:20:29.303,4e254e26-a2ba-4c8f-bd6d-c3cc4cea44da,71.0,
,21312,62701251,1,2024-07-24 20:30:29.303,,,62701251,2024-07-24 20:35:00.058,2024-07-24 20:35:00.058,,,,,UTC+0200,C8oz8zt6m4,,com.sec.android.app.shealth,2024-07-24 20:30:29.303,b7b5599d-5dcd-436a-a524-4e067656f9d9,74.0,
,21312,62701251,1,2024-07-24 20:40:29.314,,,62701251,2024-07-24 20:55:00.054,2024-07-24 20:55:00.054,,,,,UTC+0200,C8oz8zt6m4,,com.sec.android.app.shealth,2024-07-24 20:40:29.314,7efed05e-a5e3-4b46-ab97-b329a9745417,71.0,
,21312,62701251,1,2024-07-24 20:50:29.314,,,62701251,2024-07-24 20:55:00.058,2024-07-24 20:55:00.058,,,,,UTC+0200,C8oz8zt6m4,,com.sec.android.app.shealth,2024-07-24 20:50:29.314,d26b3d12-1661-44bf-b674-7289db599414,70.0,
,21312,62701251,1,2024-07-24 21:00:29.347,,,62701251,2024-07-24 21:15:01.135,2024-07-24 21:15:01.135,,,,,UTC+0200,C8oz8zt6m4,,com.sec.android.app.shealth,2024-07-24 21:00:29.347,76c30401-e5a0-4c72-acb5-9219c3e92dd9,73.0,
,21312,62701251,1,2024-07-24 21:10:29.347,,,62701251,2024-07-24 21:15:01.178,2024-07-24 21:15:01.178,,,,,UTC+0200,C8oz8zt6m4,,com.sec.android.app.shealth,2024-07-24 21:10:29.347,8228122e-71b0-40d5-ae91-f85575ae01ee,75.0,
,21312,62701251,1,2024-07-24 21:20:29.305,,,62701251,2024-07-24 21:35:00.796,2024-07-24 21:35:00.796,,,,,UTC+0200,C8oz8zt6m4,,com.sec.android.app.shealth,2024-07-24 21:20:29.305,b2a106bc-c593-42e0-bd26-5f4d03aa327c,72.0,
,21312,62701251,1,2024-07-24 21:30:29.305,,,62701251,2024-07-24 21:35:00.827,2024-07-24 21:35:00.827,,,,,UTC+0200,C8oz8zt6m4,,com.sec.android.app.shealth,2024-07-24 21:30:29.305,024c4489-2bdd-4992-8ffd-69d63081de8f,74.0,
,21312,62701251,1,2024-07-24 21:40:29.271,,,62701251,2024-07-24 21:54:59.078,2024-07-24 21:54:59.078,,,,,UTC+0200,C8oz8zt6m4,,com.sec.android.app.shealth,2024-07-24 21:40:29.271,7d43af12-47a6-4e72-952f-b797d7633cc9,71.0,
,21312,62701251,1,2024-07-24 21:50:29.271,,,62701251,2024-07-24 21:54:59.088,2024-07-24 21:54:59.088,,,,,UTC+0200,C8oz8zt6m4,,com.sec.android.app.shealth,2024-07-24 21:50:29.271,fbeeebc1-f353-4da0-baf3-3fc844e2e99f,75.0,
,21312,62701251,1,2024-07-24 22:00:29.368,,,62701251,2024-07-24 22:15:00.477,2024-07-24 22:15:00.477,,,,,UTC+0200,C8oz8zt6m4,,com.sec.android.app.shealth,2024-07-24 22:00:29.368,864a53ce-f948-4abd-8be1-dc83be16cdfb,76.0,
,21312,62701251,1,2024-07-24 22:10:29.368,,,62701251,2024-07-24 22:15:00.493,2024-07-24 22:15:00.493,,,,,UTC+0200,C8oz8zt6m4,,com.sec.android.app.shealth,2024-07-24 22:10:29.368,d0e1fc8b-ddc5-4d66-b11e-2dcc76d0db8b,74.0,
,21312,62701251,1,2024-07-24 22:20:29.381,,,62701251,2024-07-24 22:35:00.069,2024-07-24 22:35:00.069,,,,,UTC+0200,C8oz8zt6m4,,com.sec.android.app.shealth,2024-07-24 22:20:29.381,15acfd18-7a4e-4e1b-893c-ec30d1f96883,72.0,
,21312,62701251,1,2024-07-24 22:30:29.381,,,62701251,2024-07-24 22:35:00.076,2024-07-24 22:35:00.076,,,,,UTC+0200,C8oz8zt6m4,,com.sec.android.app.shealth,2024-07-24 22:30:29.381,963f5672-22f6-49f8-8e8f-0ccb1ff50245,71.0,
,21312,62701251,1,2024-07-24 22:40:59.636,,,62701251,2024-07-24 22:42:34.201,2024-07-24 22:42:34.201,,,,,UTC+0200,C8oz8zt6m4,,com.sec.android.app.shealth,2024-07-24 22:40:59.636,cc22f593-121a-4204-bae2-9eae28053684,82.0,
,21312,62701251,1,2024-07-24 22:50:29.371,,,62701251,2024-07-24 22:55:00.270,2024-07-24 22:55:00.270,,,,,UTC+0200,C8oz8zt6m4,,com.sec.android.app.shealth,2024-07-24 22:50:29.371,3b4ffa56-2b85-41cb-8b77-4742c1ff5bde,71.0,
,21312,62701251,1,2024-07-24 23:10:29.319,,,62701251,2024-07-24 23:15:00.425,2024-07-24 23:15:00.425,,,,,UTC+0200,C8oz8zt6m4,,com.sec.android.app.shealth,2024-07-24 23:10:29.319,4377e427-682a-48db-925f-982b60c0557d,66.0,
,21312,62701251,1,2024-07-24 23:21:06.209,,,62701251,2024-07-24 23:35:00.459,2024-07-24 23:35:00.459,,,,,UTC+0200,C8oz8zt6m4,,com.sec.android.app.shealth,2024-07-24 23:21:06.209,47c7c743-5578-4807-9658-a0414b45da8e,63.0,
,21312,62701251,1,2024-07-24 23:31:06.209,,,62701251,2024-07-24 23:35:00.466,2024-07-24 23:35:00.466,,,,,UTC+0200,C8oz8zt6m4,,com.sec.android.app.shealth,2024-07-24 23:31:06.209,799f4ca9-5f41-4f59-83e8-7c9f4921036c,71.0,
,21312,62701251,1,2024-07-24 23:40:29.267,,,62701251,2024-07-24 23:55:00.060,2024-07-24 23:55:00.060,,,,,UTC+0200,C8oz8zt6m4,,com.sec.android.app.shealth,2024-07-24 23:40:29.267,4d95629a-7702-471d-b1ed-f43378bcc70a,69.0,
,21312,62701251,1,2024-07-24 23:50:29.267,,,62701251,2024-07-24 23:55:00.071,2024-07-24 23:55:00.071,,,,,UTC+0200,C8oz8zt6m4,,com.sec.android.app.shealth,2024-07-24 23:50:29.267,7038298f-7ce5-4a70-93ce-57fcb3126be9,70.0,
,21313,62701251,1,2024-07-24 23:00:00.000,,19f37997-53b9-447e-b59f-9416c6378096.com.samsung.health.heart_rate.binning_data.json,62701251,2024-07-25 00:13:34.271,2024-07-24 23:15:00.413,,73.0,64.0,,UTC+0200,C8oz8zt6m4,,com.sec.android.app.shealth,2024-07-24 23:59:59.999,19f37997-53b9-447e-b59f-9416c6378096,70.0,
,21313,62701251,1,2024-07-25 00:00:00.000,,8fd2f305-1806-4a23-b251-f471e128bee3.com.samsung.health.heart_rate.binning_data.json,62701251,2024-07-25 01:05:06.538,2024-07-25 00:15:00.484,,87.0,52.0,,UTC+0200,C8oz8zt6m4,,com.sec.android.app.shealth,2024-07-25 00:59:59.999,8fd2f305-1806-4a23-b251-f471e128bee3,63.0,
,21313,62701251,1,2024-07-25 01:00:00.000,,683b0bd0-72dc-40fd-8a75-8311152b5ec0.com.samsung.health.heart_rate.binning_data.json,62701251,2024-07-25 02:09:45.218,2024-07-25 01:05:06.720,,74.0,54.0,,UTC+0200,C8oz8zt6m4,,com.sec.android.app.shealth,2024-07-25 01:59:59.999,683b0bd0-72dc-40fd-8a75-8311152b5ec0,58.0,
,21313,62701251,1,2024-07-25 02:00:00.000,,c02cc4ac-779c-46c4-ae0c-8fd291b2c3ac.com.samsung.health.heart_rate.binning_data.json,62701251,2024-07-25 03:05:18.396,2024-07-25 02:14:47.171,,72.0,51.0,,UTC+0200,C8oz8zt6m4,,com.sec.android.app.shealth,2024-07-25 02:59:59.999,c02cc4ac-779c-46c4-ae0c-8fd291b2c3ac,57.0,
,21313,62701251,1,2024-07-25 03:00:00.000,,1a8a609e-ff64-490f-a997-87bfc153e2ed.com.samsung.health.heart_rate.binning_data.json,62701251,2024-07-25 04:05:57.220,2024-07-25 03:05:20.288,,75.0,53.0,,UTC+0200,C8oz8zt6m4,,com.sec.android.app.shealth,2024-07-25 03:59:59.999,1a8a609e-ff64-490f-a997-87bfc153e2ed,60.0,
,21313,62701251,1,2024-07-25 04:00:00.000,,072002a8-9009-45ba-8370-ae312c4eb78c.com.samsung.health.heart_rate.binning_data.json,62701251,2024-07-25 05:02:15.047,2024-07-25 04:06:04.449,,82.0,50.0,,UTC+0200,C8oz8zt6m4,,com.sec.android.app.shealth,2024-07-25 04:59:59.999,072002a8-9009-45ba-8370-ae312c4eb78c,56.0,
,21313,62701251,1,2024-07-25 05:00:00.000,,c061277a-3ce2-43eb-bb69-69c24fe6b848.com.samsung.health.heart_rate.binning_data.json,62701251,2024-07-25 06:06:56.236,2024-07-25 05:02:15.248,,82.0,53.0,,UTC+0200,C8oz8zt6m4,,com.sec.android.app.shealth,2024-07-25 05:59:59.999,c061277a-3ce2-43eb-bb69-69c24fe6b848,59.0,
,21312,62701251,1,2024-07-25 06:10:29.392,,,62701251,2024-07-25 06:11:34.093,2024-07-25 06:11:34.093,,,,,UTC+0200,C8oz8zt6m4,,com.sec.android.app.shealth,2024-07-25 06:10:29.392,b75d3724-e0a4-44b9-bfb0-718d56653f4a,58.0,
,21312,62701251,1,2024-07-25 06:20:29.387,,,62701251,2024-07-25 06:33:29.781,2024-07-25 06:33:29.781,,,,,UTC+0200,C8oz8zt6m4,,com.sec.android.app.shealth,2024-07-25 06:20:29.387,6ba45e6f-a458-4e93-8047-8398a4f8f6cc,69.0,
,21312,62701251,1,2024-07-25 06:30:29.387,,,62701251,2024-07-25 06:33:29.792,2024-07-25 06:33:29.792,,,,,UTC+0200,C8oz8zt6m4,,com.sec.android.app.shealth,2024-07-25 06:30:29.387,d48498bd-185d-4c9c-bd96-0f5497776f11,56.0,
,21312,62701251,1,2024-07-25 06:40:29.348,,,62701251,2024-07-25 06:45:01.973,2024-07-25 06:45:01.973,,,,,UTC+0200,C8oz8zt6m4,,com.sec.android.app.shealth,2024-07-25 06:40:29.348,d31eaa1b-8dc9-427c-a819-c25a3291de85,60.0,
,21312,62701251,1,2024-07-25 06:50:29.306,,,62701251,2024-07-25 06:51:12.256,2024-07-25 06:51:12.256,,,,,UTC+0200,C8oz8zt6m4,,com.sec.android.app.shealth,2024-07-25 06:50:29.306,728e7536-5284-4b93-a05c-ab466bd4b4ad,58.0,
,21312,62701251,1,2024-07-25 07:10:29.380,,,62701251,2024-07-25 07:15:00.281,2024-07-25 07:15:00.281,,,,,UTC+0200,C8oz8zt6m4,,com.sec.android.app.shealth,2024-07-25 07:10:29.380,e5db7b07-ad95-4b45-bfe0-e91c4f58b803,71.0,
,21312,62701251,1,2024-07-25 07:30:29.355,,,62701251,2024-07-25 07:35:01.088,2024-07-25 07:35:01.088,,,,,UTC+0200,C8oz8zt6m4,,com.sec.android.app.shealth,2024-07-25 07:30:29.355,9484b849-4a53-4734-8a4e-5fdf11c03567,74.0,
,21312,62701251,1,2024-07-25 07:50:59.575,,,62701251,2024-07-25 07:53:29.189,2024-07-25 07:53:29.189,,,,,UTC+0200,C8oz8zt6m4,,com.sec.android.app.shealth,2024-07-25 07:50:59.575,c6cd8cae-db7c-4b6f-b9d8-8f4328824b2d,83.0,
,21312,62701251,1,2024-07-25 08:00:29.324,,,62701251,2024-07-25 08:15:02.050,2024-07-25 08:15:02.050,,,,,UTC+0200,C8oz8zt6m4,,com.sec.android.app.shealth,2024-07-25 08:00:29.324,710c02d1-5acc-4afa-b641-c8ec332e709f,75.0,
,21312,62701251,1,2024-07-25 08:10:29.324,,,62701251,2024-07-25 08:15:02.061,2024-07-25 08:15:02.061,,,,,UTC+0200,C8oz8zt6m4,,com.sec.android.app.shealth,2024-07-25 08:10:29.324,9d303396-430c-4a78-a980-fba8a7fe16e5,76.0,
,21312,62701251,1,2024-07-25 08:20:29.286,,,62701251,2024-07-25 08:22:34.489,2024-07-25 08:22:34.489,,,,,UTC+0200,C8oz8zt6m4,,com.sec.android.app.shealth,2024-07-25 08:20:29.286,df4e7c5b-6e8a-49a3-90c7-3707d2bcf23f,78.0,
,21312,62701251,1,2024-07-25 11:20:29.355,,,62701251,2024-07-25 11:35:01.065,2024-07-25 11:35:01.065,,,,,UTC+0200,C8oz8zt6m4,,com.sec.android.app.shealth,2024-07-25 11:20:29.355,31aa0e88-2dde-4786-80c6-dd18c293c41b,76.0,
,21312,62701251,1,2024-07-25 11:30:29.355,,,62701251,2024-07-25 11:35:01.071,2024-07-25 11:35:01.071,,,,,UTC+0200,C8oz8zt6m4,,com.sec.android.app.shealth,2024-07-25 11:30:29.355,3a7bee90-73ef-489f-b633-b5dc9844e55a,78.0,
,21312,62701251,1,2024-07-25 11:40:29.325,,,62701251,2024-07-25 11:43:17.469,2024-07-25 11:43:17.469,,,,,UTC+0200,C8oz8zt6m4,,com.sec.android.app.shealth,2024-07-25 11:40:29.325,9068965c-604a-45a5-9339-78478e7a0d38,74.0,
,21312,62701251,1,2024-07-25 11:51:19.356,,,62701251,2024-07-25 11:55:00.038,2024-07-25 11:55:00.038,,,,,UTC+0200,C8oz8zt6m4,,com.sec.android.app.shealth,2024-07-25 11:51:19.356,416e0f15-1bb3-43b3-a215-f1eb2ad3634e,83.0,
,21312,62701251,1,2024-07-25 12:10:29.331,,,62701251,2024-07-25 12:14:59.249,2024-07-25 12:14:59.249,,,,,UTC+0200,C8oz8zt6m4,,com.sec.android.app.shealth,2024-07-25 12:10:29.331,ddca83c6-6c06-4096-9eb4-1772341f2d7f,86.0,
,21312,62701251,1,2024-07-25 12:20:29.322,,,62701251,2024-07-25 12:23:13.671,2024-07-25 12:23:13.671,,,,,UTC+0200,C8oz8zt6m4,,com.sec.android.app.shealth,2024-07-25 12:20:29.322,c56353de-43b2-4927-b28d-0c83fda73f86,83.0,
,21312,62701251,1,2024-07-25 12:30:29.340,,,62701251,2024-07-25 12:31:49.451,2024-07-25 12:31:49.451,,,,,UTC+0200,C8oz8zt6m4,,com.sec.android.app.shealth,2024-07-25 12:30:29.340,5f1f1eb1-b0ee-4946-b79f-200798ac9074,78.0,
,21312,62701251,1,2024-07-25 12:50:29.298,,,62701251,2024-07-25 12:53:38.106,2024-07-25 12:53:38.106,,,,,UTC+0200,C8oz8zt6m4,,com.sec.android.app.shealth,2024-07-25 12:50:29.298,81938747-8ba9-472e-ae1f-ca51ede85f52,76.0,
,21312,62701251,1,2024-07-25 13:00:29.279,,,62701251,2024-07-25 13:02:01.793,2024-07-25 13:02:01.793,,,,,UTC+0200,C8oz8zt6m4,,com.sec.android.app.shealth,2024-07-25 13:00:29.279,f08dc4ea-90ec-4b1f-bb1f-7e6cde2c5153,78.0,
,21312,62701251,1,2024-07-25 13:10:29.338,,,62701251,2024-07-25 13:19:46.488,2024-07-25 13:19:46.488,,,,,UTC+0200,C8oz8zt6m4,,com.sec.android.app.shealth,2024-07-25 13:10:29.338,8542ad01-ee18-400c-be99-7c98a16872f1,79.0,
,21312,62701251,1,2024-07-25 13:21:10.654,,,62701251,2024-07-25 13:21:24.096,2024-07-25 13:21:24.096,,,,,UTC+0200,C8oz8zt6m4,,com.sec.android.app.shealth,2024-07-25 13:21:10.654,25d72a90-508a-4851-b65b-e2859a00fcd6,88.0,
,21312,62701251,1,2024-07-25 13:30:29.233,,,62701251,2024-07-25 13:35:00.060,2024-07-25 13:35:00.060,,,,,UTC+0200,C8oz8zt6m4,,com.sec.android.app.shealth,2024-07-25 13:30:29.233,22a730aa-5ac7-4041-a758-ee5b2897a39a,69.0,
,21312,62701251,1,2024-07-25 13:40:29.333,,,62701251,2024-07-25 13:55:00.059,2024-07-25 13:55:00.059,,,,,UTC+0200,C8oz8zt6m4,,com.sec.android.app.shealth,2024-07-25 13:40:29.333,a210932d-95c3-4c48-9700-145260d895aa,72.0,
,21312,62701251,1,2024-07-25 13:50:29.333,,,62701251,2024-07-25 13:55:00.072,2024-07-25 13:55:00.072,,,,,UTC+0200,C8oz8zt6m4,,com.sec.android.app.shealth,2024-07-25 13:50:29.333,b755cdfa-f967-403f-962c-401fdfaf9d48,71.0,
,21312,62701251,1,2024-07-25 14:00:29.351,,,62701251,2024-07-25 14:07:33.286,2024-07-25 14:07:33.286,,,,,UTC+0200,C8oz8zt6m4,,com.sec.android.app.shealth,2024-07-25 14:00:29.351,9d5dc905-29ff-4a3d-8ed4-7cce10136b11,68.0,
,21312,62701251,1,2024-07-25 14:30:33.124,,,62701251,2024-07-25 14:31:40.098,2024-07-25 14:31:40.098,,,,,UTC+0200,C8oz8zt6m4,,com.sec.android.app.shealth,2024-07-25 14:30:33.124,10920d4c-025b-4d93-bce7-21ba38682924,89.0,
,21312,62701251,1,2024-07-25 14:50:29.293,,,62701251,2024-07-25 14:50:54.857,2024-07-25 14:50:54.857,,,,,UTC+0200,C8oz8zt6m4,,com.sec.android.app.shealth,2024-07-25 14:50:29.293,dabda307-e58c-41de-9490-6c49193c4916,72.0,
,21312,62701251,1,2024-07-25 15:00:29.333,,,62701251,2024-07-25 15:19:23.243,2024-07-25 15:19:23.243,,,,,UTC+0200,C8oz8zt6m4,,com.sec.android.app.shealth,2024-07-25 15:00:29.333,58872035-fc5a-49ca-a5b1-d6072d771b8f,68.0,
,21312,62701251,1,2024-07-25 15:10:29.333,,,62701251,2024-07-25 15:19:23.255,2024-07-25 15:19:23.255,,,,,UTC+0200,C8oz8zt6m4,,com.sec.android.app.shealth,2024-07-25 15:10:29.333,a3d67184-6935-4a4b-b53b-974d196b49b4,70.0,
,21312,62701251,1,2024-07-25 15:20:29.250,,,62701251,2024-07-25 15:21:08.707,2024-07-25 15:21:08.707,,,,,UTC+0200,C8oz8zt6m4,,com.sec.android.app.shealth,2024-07-25 15:20:29.250,72fccc0e-16ce-4489-8ef6-c8e56766c6a3,73.0,
,21312,62701251,1,2024-07-25 15:30:29.364,,,62701251,2024-07-25 15:30:50.142,2024-07-25 15:30:50.142,,,,,UTC+0200,C8oz8zt6m4,,com.sec.android.app.shealth,2024-07-25 15:30:29.364,3a5202f0-1fd2-451e-96f7-73a5492e70c9,70.0,
,21312,62701251,1,2024-07-25 15:40:29.318,,,62701251,2024-07-25 15:40:35.199,2024-07-25 15:40:35.199,,,,,UTC+0200,C8oz8zt6m4,,com.sec.android.app.shealth,2024-07-25 15:40:29.318,dce93af8-6a68-4c39-9b20-a9771465e01e,67.0,
,21312,62701251,1,2024-07-25 15:50:29.320,,,62701251,2024-07-25 15:53:05.546,2024-07-25 15:53:05.546,,,,,UTC+0200,C8oz8zt6m4,,com.sec.android.app.shealth,2024-07-25 15:50:29.320,a81e92e3-7c5b-4679-9bbd-a80006ddd4c3,73.0,
,21312,62701251,1,2024-07-25 16:30:29.327,,,62701251,2024-07-25 16:35:00.335,2024-07-25 16:35:00.335,,,,,UTC+0200,C8oz8zt6m4,,com.sec.android.app.shealth,2024-07-25 16:30:29.327,6d05f713-8931-4eed-a71f-9ce65b21ff04,68.0,
,21312,62701251,1,2024-07-25 16:40:29.348,,,62701251,2024-07-25 16:43:45.830,2024-07-25 16:43:45.830,,,,,UTC+0200,C8oz8zt6m4,,com.sec.android.app.shealth,2024-07-25 16:40:29.348,38e7a817-e191-4dc0-872b-6d40e6f1ee41,72.0,
,21312,62701251,1,2024-07-25 16:50:29.331,,,62701251,2024-07-25 16:54:59.899,2024-07-25 16:54:59.899,,,,,UTC+0200,C8oz8zt6m4,,com.sec.android.app.shealth,2024-07-25 16:50:29.331,08808456-387b-486a-84bf-4045f80ee559,71.0,
,21312,62710251,1,2024-09-03 07:10:35.808,,,62710251,2024-09-03 07:11:11.245,2024-09-03 07:11:11.245,,,,,UTC+0200,C8oz8zt6m4,,com.sec.android.app.shealth,2024-09-03 07:10:35.808,1091d6bc-f7fb-4511-a192-d222cf95b741,74.0,
,21312,62710251,1,2024-09-03 07:22:06.278,,,62710251,2024-09-03 07:22:12.188,2024-09-03 07:22:12.188,,,,,UTC+0200,C8oz8zt6m4,,com.sec.android.app.shealth,2024-09-03 07:22:06.278,6c349f99-de18-4fc0-b4bc-34772c31beea,74.0,
,21312,62710251,1,2024-09-03 07:40:29.302,,,62710251,2024-09-03 07:54:35.507,2024-09-03 07:54:35.507,,,,,UTC+0200,C8oz8zt6m4,,com.sec.android.app.shealth,2024-09-03 07:40:29.302,43b049e3-c39b-4d8d-894b-d7be25043bf6,71.0,
,21312,62710251,1,2024-09-03 07:50:29.302,,,62710251,2024-09-03 07:54:35.549,2024-09-03 07:54:35.549,,,,,UTC+0200,C8oz8zt6m4,,com.sec.android.app.shealth,2024-09-03 07:50:29.302,c2d9eb47-1148-4ffb-a213-cb7e93999245,69.0,
,21312,62710251,1,2024-09-03 08:00:29.296,,,62710251,2024-09-03 08:14:59.430,2024-09-03 08:14:59.430,,,,,UTC+0200,C8oz8zt6m4,,com.sec.android.app.shealth,2024-09-03 08:00:29.296,b1ea5f88-d72e-4789-b196-ead37a078ad0,68.0,
,21312,62710251,1,2024-09-03 08:10:29.296,,,62710251,2024-09-03 08:14:59.437,2024-09-03 08:14:59.437,,,,,UTC+0200,C8oz8zt6m4,,com.sec.android.app.shealth,2024-09-03 08:10:29.296,d17fe646-d682-40be-a16d-0818744251fb,65.0,
,21312,62710251,1,2024-09-03 08:30:30.331,,,62710251,2024-09-03 08:31:31.558,2024-09-03 08:31:31.558,,,,,UTC+0200,C8oz8zt6m4,,com.sec.android.app.shealth,2024-09-03 08:30:30.331,1c4d2878-8222-48ec-8f4b-cb8163f8a858,75.0,
,21312,62710251,1,2024-09-03 08:40:58.571,,,62710251,2024-09-03 08:45:14.200,2024-09-03 08:45:14.200,,,,,UTC+0200,C8oz8zt6m4,,com.sec.android.app.shealth,2024-09-03 08:40:58.571,c7aca0ea-f525-40cf-b834-7a58d7ac8b60,66.0,
,21312,62710251,1,2024-09-03 08:50:29.390,,,62710251,2024-09-03 08:55:00.061,2024-09-03 08:55:00.061,,,,,UTC+0200,C8oz8zt6m4,,com.sec.android.app.shealth,2024-09-03 08:50:29.390,a1577ce2-c756-4f63-a318-c71d44e5a214,70.0,
,21312,62710251,1,2024-09-03 09:00:43.374,,,62710251,2024-09-03 09:14:59.169,2024-09-03 09:14:59.169,,,,,UTC+0200,C8oz8zt6m4,,com.sec.android.app.shealth,2024-09-03 09:00:43.374,d33668d3-8d53-4d06-a008-e7e141bfc0c4,61.0,
,21312,62710251,1,2024-09-03 09:10:43.374,,,62710251,2024-09-03 09:14:59.193,2024-09-03 09:14:59.193,,,,,UTC+0200,C8oz8zt6m4,,com.sec.android.app.shealth,2024-09-03 09:10:43.374,2dedec93-5c83-49c9-9cb2-8443538ca299,67.0,
,21312,62710251,1,2024-09-03 09:20:29.259,,,62710251,2024-09-03 09:20:50.188,2024-09-03 09:20:50.188,,,,,UTC+0200,C8oz8zt6m4,,com.sec.android.app.shealth,2024-09-03 09:20:29.259,73c078bc-480c-4606-82aa-9d91af1314b9,77.0,
,21312,62710251,1,2024-09-03 09:40:29.309,,,62710251,2024-09-03 09:55:00.289,2024-09-03 09:55:00.289,,,,,UTC+0200,C8oz8zt6m4,,com.sec.android.app.shealth,2024-09-03 09:40:29.309,94984dad-47ad-4a1b-a8de-6443f681bcaa,64.0,
,21312,62710251,1,2024-09-03 09:50:29.309,,,62710251,2024-09-03 09:55:00.301,2024-09-03 09:55:00.301,,,,,UTC+0200,C8oz8zt6m4,,com.sec.android.app.shealth,2024-09-03 09:50:29.309,ffa9229b-e232-483e-9669-92f39749b3b8,61.0,
,21312,62710251,1,2024-09-03 10:00:29.356,,,62710251,2024-09-03 10:06:20.843,2024-09-03 10:06:20.843,,,,,UTC+0200,C8oz8zt6m4,,com.sec.android.app.shealth,2024-09-03 10:00:29.356,41c17c47-9f9b-4580-9953-1d37b2c119c0,65.0,
,21312,62710251,1,2024-09-03 10:10:29.319,,,62710251,2024-09-03 10:10:50.407,2024-09-03 10:10:50.407,,,,,UTC+0200,C8oz8zt6m4,,com.sec.android.app.shealth,2024-09-03 10:10:29.319,649b0816-b19a-4569-8f13-e2da58c4b5ef,62.0,
,21312,62710251,1,2024-09-03 10:21:07.305,,,62710251,2024-09-03 10:22:11.220,2024-09-03 10:22:11.220,,,,,UTC+0200,C8oz8zt6m4,,com.sec.android.app.shealth,2024-09-03 10:21:07.305,f42d9620-8a8f-4bdb-aaad-9476fdede2e9,78.0,
,21312,62710251,1,2024-09-03 10:30:29.321,,,62710251,2024-09-03 10:34:46.939,2024-09-03 10:34:46.939,,,,,UTC+0200,C8oz8zt6m4,,com.sec.android.app.shealth,2024-09-03 10:30:29.321,2b793cc1-af7a-4376-a658-9bd93b4a1c45,66.0,
,21312,62710251,1,2024-09-03 10:40:29.350,,,62710251,2024-09-03 10:43:08.594,2024-09-03 10:43:08.594,,,,,UTC+0200,C8oz8zt6m4,,com.sec.android.app.shealth,2024-09-03 10:40:29.350,c36e1420-57f0-46a5-bcc2-6e7c196c50c4,66.0,
,21312,62710251,1,2024-09-03 10:50:29.306,,,62710251,2024-09-03 11:05:49.107,2024-09-03 11:05:49.107,,,,,UTC+0200,C8oz8zt6m4,,com.sec.android.app.shealth,2024-09-03 10:50:29.306,d61a366d-a8e4-4b6f-92fa-8e4b6999caa0,72.0,
,21312,62710251,1,2024-09-03 11:00:29.306,,,62710251,2024-09-03 11:05:49.116,2024-09-03 11:05:49.116,,,,,UTC+0200,C8oz8zt6m4,,com.sec.android.app.shealth,2024-09-03 11:00:29.306,e4fa45dd-8b1c-4e7d-8309-4d5f6b068738,73.0,
,21312,62710251,1,2024-09-03 11:10:29.323,,,62710251,2024-09-03 11:14:59.206,2024-09-03 11:14:59.206,,,,,UTC+0200,C8oz8zt6m4,,com.sec.android.app.shealth,2024-09-03 11:10:29.323,9b1488a0-4d87-45b7-a0c9-695b6ffb555e,73.0,
,21312,62710251,1,2024-09-03 11:20:29.236,,,62710251,2024-09-03 11:24:36.178,2024-09-03 11:24:36.178,,,,,UTC+0200,C8oz8zt6m4,,com.sec.android.app.shealth,2024-09-03 11:20:29.236,2af2633e-d12b-4510-b37a-1b231f573e91,80.0,
,21312,62710251,1,2024-09-03 11:30:33.780,,,62710251,2024-09-03 11:33:13.184,2024-09-03 11:33:13.184,,,,,UTC+0200,C8oz8zt6m4,,com.sec.android.app.shealth,2024-09-03 11:30:33.780,cc295b23-767d-4429-b790-edf79b84285b,78.0,
,21312,62710251,1,2024-09-03 11:40:29.328,,,62710251,2024-09-03 11:55:00.127,2024-09-03 11:55:00.127,,,,,UTC+0200,C8oz8zt6m4,,com.sec.android.app.shealth,2024-09-03 11:40:29.328,79850ce8-6caf-412b-acab-d1db4fd0d5a4,72.0,
,21312,62710251,1,2024-09-03 11:50:29.328,,,62710251,2024-09-03 11:55:00.136,2024-09-03 11:55:00.136,,,,,UTC+0200,C8oz8zt6m4,,com.sec.android.app.shealth,2024-09-03 11:50:29.328,50276ce9-0153-47cb-8827-d73ff400c435,77.0,
,21312,62710251,1,2024-09-03 12:00:29.269,,,62710251,2024-09-03 12:00:30.318,2024-09-03 12:00:30.318,,,,,UTC+0200,C8oz8zt6m4,,com.sec.android.app.shealth,2024-09-03 12:00:29.269,be191e42-2ef9-4e38-991b-4a610d9c4a96,77.0,
,21312,62710251,1,2024-09-03 12:10:29.269,,,62710251,2024-09-03 12:10:29.599,2024-09-03 12:10:29.599,,,,,UTC+0200,C8oz8zt6m4,,com.sec.android.app.shealth,2024-09-03 12:10:29.269,383b5aec-30e9-47d5-a805-51d1e2b011e8,80.0,
,21312,62710251,1,2024-09-03 12:20:29.248,,,62710251,2024-09-03 12:24:49.206,2024-09-03 12:24:49.206,,,,,UTC+0200,C8oz8zt6m4,,com.sec.android.app.shealth,2024-09-03 12:20:29.248,337f79d4-862b-49da-851f-ea4320605c19,79.0,
,21312,62710251,1,2024-09-03 12:30:56.129,,,62710251,2024-09-03 12:32:07.085,2024-09-03 12:32:07.085,,,,,UTC+0200,C8oz8zt6m4,,com.sec.android.app.shealth,2024-09-03 12:30:56.129,e311a1f8-9d64-43eb-ad57-557b903e1447,87.0,
,21312,62710251,1,2024-09-03 12:40:29.375,,,62710251,2024-09-03 12:41:43.755,2024-09-03 12:41:43.755,,,,,UTC+0200,C8oz8zt6m4,,com.sec.android.app.shealth,2024-09-03 12:40:29.375,67bbca6c-a75a-44e0-a935-5636b52e053e,81.0,
,21312,62710251,1,2024-09-03 12:50:29.365,,,62710251,2024-09-03 12:55:08.623,2024-09-03 12:55:08.623,,,,,UTC+0200,C8oz8zt6m4,,com.sec.android.app.shealth,2024-09-03 12:50:29.365,bc88a607-f4b9-404e-af7b-1f48d9379d54,83.0,
,21312,62710251,1,2024-09-03 13:00:29.324,,,62710251,2024-09-03 13:01:05.560,2024-09-03 13:01:05.560,,,,,UTC+0200,C8oz8zt6m4,,com.sec.android.app.shealth,2024-09-03 13:00:29.324,0e2fa7bc-ea62-421f-8523-b0232d812fdc,82.0,
,21312,62710251,1,2024-09-03 13:10:29.267,,,62710251,2024-09-03 13:10:34.602,2024-09-03 13:10:34.602,,,,,UTC+0200,C8oz8zt6m4,,com.sec.android.app.shealth,2024-09-03 13:10:29.267,d3887ae8-5afe-4ecd-b577-d0051b28ddad,77.0,
,21312,62710251,1,2024-09-03 13:21:13.934,,,62710251,2024-09-03 13:23:29.492,2024-09-03 13:23:29.492,,,,,UTC+0200,C8oz8zt6m4,,com.sec.android.app.shealth,2024-09-03 13:21:13.934,2d10f301-1b45-4c36-8433-9cb3eac6dfbe,85.0,
,21312,62710251,1,2024-09-03 13:30:29.890,,,62710251,2024-09-03 13:35:00.049,2024-09-03 13:35:00.049,,,,,UTC+0200,C8oz8zt6m4,,com.sec.android.app.shealth,2024-09-03 13:30:29.890,f73e43af-96b3-40af-8336-331bb97d3798,81.0,
,21312,62710251,1,2024-09-03 13:40:29.314,,,62710251,2024-09-03 13:47:09.011,2024-09-03 13:47:09.011,,,,,UTC+0200,C8oz8zt6m4,,com.sec.android.app.shealth,2024-09-03 13:40:29.314,03a1fc5e-4900-4751-b85c-61e61fd3b4a4,76.0,
,21312,62710251,1,2024-09-03 14:00:36.649,,,62710251,2024-09-03 14:05:16.887,2024-09-03 14:05:16.887,,,,,UTC+0200,C8oz8zt6m4,,com.sec.android.app.shealth,2024-09-03 14:00:36.649,fee0288f-a951-4b5e-940e-e405e3f81d28,79.0,
,21312,62710251,1,2024-09-03 14:10:29.254,,,62710251,2024-09-03 14:15:00.879,2024-09-03 14:15:00.879,,,,,UTC+0200,C8oz8zt6m4,,com.sec.android.app.shealth,2024-09-03 14:10:29.254,a896bd31-bd50-4762-8857-4631ada309ee,74.0,
,21312,62710251,1,2024-09-03 14:30:29.294,,,62710251,2024-09-03 14:35:01.471,2024-09-03 14:35:01.471,,,,,UTC+0200,C8oz8zt6m4,,com.sec.android.app.shealth,2024-09-03 14:30:29.294,d2bbdb4f-622b-4c14-9aa7-40f73236b9d6,83.0,
,21312,62710251,1,2024-09-03 14:40:29.272,,,62710251,2024-09-03 14:44:22.414,2024-09-03 14:44:22.414,,,,,UTC+0200,C8oz8zt6m4,,com.sec.android.app.shealth,2024-09-03 14:40:29.272,a147c7a2-39a1-4105-b602-177aace99a47,73.0,
,21312,62710251,1,2024-09-03 14:50:29.341,,,62710251,2024-09-03 14:55:00.111,2024-09-03 14:55:00.111,,,,,UTC+0200,C8oz8zt6m4,,com.sec.android.app.shealth,2024-09-03 14:50:29.341,2ac65375-bb86-48c9-b629-8a58b40175b5,72.0,
,21312,62710251,1,2024-09-03 15:00:29.337,,,62710251,2024-09-03 15:09:11.536,2024-09-03 15:09:11.536,,,,,UTC+0200,C8oz8zt6m4,,com.sec.android.app.shealth,2024-09-03 15:00:29.337,a0568921-d2f8-471d-9b58-fb4cd3e1ed17,72.0,
,21312,62710251,1,2024-09-03 15:10:52.797,,,62710251,2024-09-03 15:11:06.842,2024-09-03 15:11:06.842,,,,,UTC+0200,C8oz8zt6m4,,com.sec.android.app.shealth,2024-09-03 15:10:52.797,f46078f2-09cc-429b-9aec-2a0638333a2d,75.0,
,21312,62710251,1,2024-09-03 15:22:29.158,,,62710251,2024-09-03 15:23:29.762,2024-09-03 15:23:29.762,,,,,UTC+0200,C8oz8zt6m4,,com.sec.android.app.shealth,2024-09-03 15:22:29.158,085c9f77-275c-49f0-9ac4-95c16111c627,80.0,
,21312,62710251,1,2024-09-03 15:51:06.946,,,62710251,2024-09-03 15:51:54.101,2024-09-03 15:51:54.101,,,,,UTC+0200,C8oz8zt6m4,,com.sec.android.app.shealth,2024-09-03 15:51:06.946,db95f736-af86-40ff-8279-f2de7843d780,75.0,
,21312,62710251,1,2024-09-03 16:30:33.600,,,62710251,2024-09-03 16:33:35.566,2024-09-03 16:33:35.566,,,,,UTC+0200,C8oz8zt6m4,,com.sec.android.app.shealth,2024-09-03 16:30:33.600,f2efd25e-9028-4f7e-8668-e28b6a127865,78.0,
,21312,62710251,1,2024-09-03 16:40:29.361,,,62710251,2024-09-03 16:41:28.766,2024-09-03 16:41:28.766,,,,,UTC+0200,C8oz8zt6m4,,com.sec.android.app.shealth,2024-09-03 16:40:29.361,26d19db2-7fc8-483d-8c40-f5c447fcbc79,67.0,
,21312,62720071,1,2024-09-05 06:00:29.334,,,62720071,2024-09-05 06:06:34.132,2024-09-05 06:06:34.132,,,,,UTC+0200,C8oz8zt6m4,,com.sec.android.app.shealth,2024-09-05 06:00:29.334,edd5834b-5785-4be4-a3da-994b46c20dc9,81.0,
,21312,62720071,1,2024-09-05 06:10:29.258,,,62720071,2024-09-05 06:11:18.236,2024-09-05 06:11:18.236,,,,,UTC+0200,C8oz8zt6m4,,com.sec.android.app.shealth,2024-09-05 06:10:29.258,31c15cd9-fb92-4393-8a36-d2b3330d14ba,88.0,
,21312,62720071,1,2024-09-05 07:50:59.603,,,62720071,2024-09-05 07:52:20.284,2024-09-05 07:52:20.284,,,,,UTC+0200,C8oz8zt6m4,,com.sec.android.app.shealth,2024-09-05 07:50:59.603,6ffd703d-2995-4aa1-be70-96f803ee9ec0,84.0,
,21312,62720071,1,2024-09-05 08:00:29.330,,,62720071,2024-09-05 08:01:16.877,2024-09-05 08:01:16.877,,,,,UTC+0200,C8oz8zt6m4,,com.sec.android.app.shealth,2024-09-05 08:00:29.330,78fc21ba-0266-41f2-90ab-b8ff37d8c3d9,80.0,
,21312,62720071,1,2024-09-05 08:10:29.359,,,62720071,2024-09-05 08:11:04.683,2024-09-05 08:11:04.683,,,,,UTC+0200,C8oz8zt6m4,,com.sec.android.app.shealth,2024-09-05 08:10:29.359,03c0eb73-d566-4eb6-84c7-dfc5465925a1,81.0,
,21312,62720071,1,2024-09-05 08:21:06.359,,,62720071,2024-09-05 08:21:35.593,2024-09-05 08:21:35.593,,,,,UTC+0200,C8oz8zt6m4,,com.sec.android.app.shealth,2024-09-05 08:21:06.359,911a23ea-9250-4f8d-8791-cb0c9cde7a4d,80.0,
,21312,62720071,1,2024-09-05 08:30:30.672,,,62720071,2024-09-05 08:31:13.322,2024-09-05 08:31:13.322,,,,,UTC+0200,C8oz8zt6m4,,com.sec.android.app.shealth,2024-09-05 08:30:30.672,c2f7f1e3-dd94-4622-95da-2205025c8d75,88.0,
,21312,62720071,1,2024-09-05 08:40:29.347,,,62720071,2024-09-05 08:44:06.607,2024-09-05 08:44:06.607,,,,,UTC+0200,C8oz8zt6m4,,com.sec.android.app.shealth,2024-09-05 08:40:29.347,7e234776-7ac7-4278-a9c5-95a9c7a9bd6a,70.0,
,21312,62720071,1,2024-09-05 09:00:29.384,,,62720071,2024-09-05 09:15:01.067,2024-09-05 09:15:01.067,,,,,UTC+0200,C8oz8zt6m4,,com.sec.android.app.shealth,2024-09-05 09:00:29.384,04276f6e-ae79-408a-8f1e-43b31e5bd412,74.0,
,21312,62720071,1,2024-09-05 09:10:29.384,,,62720071,2024-09-05 09:15:01.078,2024-09-05 09:15:01.078,,,,,UTC+0200,C8oz8zt6m4,,com.sec.android.app.shealth,2024-09-05 09:10:29.384,afafef33-28ee-461d-ba5e-1ffa91662dce,70.0,
,21312,62720071,1,2024-09-05 09:20:58.504,,,62720071,2024-09-05 09:25:49.595,2024-09-05 09:25:49.595,,,,,UTC+0200,C8oz8zt6m4,,com.sec.android.app.shealth,2024-09-05 09:20:58.504,efe978fd-28d6-47f1-9753-b5014a663bb5,71.0,
,21312,62720071,1,2024-09-05 09:30:32.554,,,62720071,2024-09-05 09:34:59.447,2024-09-05 09:34:59.447,,,,,UTC+0200,C8oz8zt6m4,,com.sec.android.app.shealth,2024-09-05 09:30:32.554,1788edff-95c2-4b45-8b3b-a0675bc35b9b,69.0,
,21312,62720071,1,2024-09-05 09:40:31.529,,,62720071,2024-09-05 09:42:25.515,2024-09-05 09:42:25.515,,,,,UTC+0200,C8oz8zt6m4,,com.sec.android.app.shealth,2024-09-05 09:40:31.529,7538c6e3-e1c3-4845-970d-06c0e22b96d6,76.0,
,21312,62720071,1,2024-09-05 09:51:19.059,,,62720071,2024-09-05 09:51:56.051,2024-09-05 09:51:56.051,,,,,UTC+0200,C8oz8zt6m4,,com.sec.android.app.shealth,2024-09-05 09:51:19.059,99b2f7e7-13e4-4ec6-b037-f9d99c6fb57e,77.0,
,21312,62720071,1,2024-09-05 10:00:29.306,,,62720071,2024-09-05 10:09:00.234,2024-09-05 10:09:00.234,,,,,UTC+0200,C8oz8zt6m4,,com.sec.android.app.shealth,2024-09-05 10:00:29.306,ec44eef8-0c66-4e66-95f1-7e6e4bd7b49d,73.0,
,21312,62720071,1,2024-09-05 10:10:29.370,,,62720071,2024-09-05 10:15:00.335,2024-09-05 10:15:00.335,,,,,UTC+0200,C8oz8zt6m4,,com.sec.android.app.shealth,2024-09-05 10:10:29.370,0827fe41-8308-493a-a037-5f43db57c5b2,81.0,
,21312,62720071,1,2024-09-05 10:40:29.639,,,62720071,2024-09-05 10:45:58.720,2024-09-05 10:45:58.720,,,,,UTC+0200,C8oz8zt6m4,,com.sec.android.app.shealth,2024-09-05 10:40:29.639,bdfad7f6-34e2-488d-824d-2bdd81f7e9f4,76.0,
,21312,62720071,1,2024-09-05 10:50:29.333,,,62720071,2024-09-05 10:55:00.048,2024-09-05 10:55:00.048,,,,,UTC+0200,C8oz8zt6m4,,com.sec.android.app.shealth,2024-09-05 10:50:29.333,f9836ac9-1a50-4d70-9bf3-63de8eaa2420,74.0,
,21312,62720071,1,2024-09-05 11:00:29.324,,,62720071,2024-09-05 11:15:01.292,2024-09-05 11:15:01.292,,,,,UTC+0200,C8oz8zt6m4,,com.sec.android.app.shealth,2024-09-05 11:00:29.324,70e50009-39b7-4473-a330-de20971dd0fc,79.0,
,21312,62720071,1,2024-09-05 11:10:29.324,,,62720071,2024-09-05 11:15:01.299,2024-09-05 11:15:01.299,,,,,UTC+0200,C8oz8zt6m4,,com.sec.android.app.shealth,2024-09-05 11:10:29.324,205c84d4-7bf7-40c4-b449-799210aabb59,75.0,
,21312,62720071,1,2024-09-05 11:20:29.295,,,62720071,2024-09-05 11:32:37.331,2024-09-05 11:32:37.331,,,,,UTC+0200,C8oz8zt6m4,,com.sec.android.app.shealth,2024-09-05 11:20:29.295,fd780626-a784-4c0e-92ef-f36c30a53861,82.0,
,21312,62720071,1,2024-09-05 11:30:29.295,,,62720071,2024-09-05 11:32:37.354,2024-09-05 11:32:37.354,,,,,UTC+0200,C8oz8zt6m4,,com.sec.android.app.shealth,2024-09-05 11:30:29.295,2b7b0d4c-69f8-4bc4-b018-ea750f3cdec8,84.0,
,21312,62720071,1,2024-09-05 11:41:07.953,,,62720071,2024-09-05 11:46:00.251,2024-09-05 11:46:00.251,,,,,UTC+0200,C8oz8zt6m4,,com.sec.android.app.shealth,2024-09-05 11:41:07.953,c13bfccc-5b51-48f8-8a86-07b2c3b993ba,78.0,
,21312,62720071,1,2024-09-05 11:50:29.334,,,62720071,2024-09-05 11:54:59.486,2024-09-05 11:54:59.486,,,,,UTC+0200,C8oz8zt6m4,,com.sec.android.app.shealth,2024-09-05 11:50:29.334,4929cbda-d71b-4d25-b23d-696e8393a248,74.0,
,21312,62720071,1,2024-09-05 12:00:31.992,,,62720071,2024-09-05 12:01:51.125,2024-09-05 12:01:51.125,,,,,UTC+0200,C8oz8zt6m4,,com.sec.android.app.shealth,2024-09-05 12:00:31.992,25a27d2c-6558-45ae-bba7-d0cba5a8aec3,87.0,
,21312,62720071,1,2024-09-05 12:30:29.310,,,62720071,2024-09-05 12:34:59.071,2024-09-05 12:34:59.071,,,,,UTC+0200,C8oz8zt6m4,,com.sec.android.app.shealth,2024-09-05 12:30:29.310,cfa1d5ad-7acf-4e3d-8bc1-5279227f3f87,80.0,
,21312,62720071,1,2024-09-05 12:41:02.793,,,62720071,2024-09-05 12:46:29.124,2024-09-05 12:46:29.124,,,,,UTC+0200,C8oz8zt6m4,,com.sec.android.app.shealth,2024-09-05 12:41:02.793,26898953-bdf4-4a6c-a6db-13ff6b128481,81.0,
,21312,62720071,1,2024-09-05 12:50:29.317,,,62720071,2024-09-05 12:55:01.046,2024-09-05 12:55:01.046,,,,,UTC+0200,C8oz8zt6m4,,com.sec.android.app.shealth,2024-09-05 12:50:29.317,d2333098-a441-49dc-b732-a612c288ff6c,81.0,
,21312,62720071,1,2024-09-05 13:00:29.360,,,62720071,2024-09-05 13:04:08.857,2024-09-05 13:04:08.857,,,,,UTC+0200,C8oz8zt6m4,,com.sec.android.app.shealth,2024-09-05 13:00:29.360,3dae931e-a4c9-4b7c-81e8-b371ba93ad56,84.0,
,21312,62720071,1,2024-09-05 13:10:29.258,,,62720071,2024-09-05 13:15:01.141,2024-09-05 13:15:01.141,,,,,UTC+0200,C8oz8zt6m4,,com.sec.android.app.shealth,2024-09-05 13:10:29.258,f9642920-5815-4b27-913e-465e4f54bc94,78.0,
,21312,62720071,1,2024-09-05 13:20:29.290,,,62720071,2024-09-05 13:35:02.056,2024-09-05 13:35:02.056,,,,,UTC+0200,C8oz8zt6m4,,com.sec.android.app.shealth,2024-09-05 13:20:29.290,220f965e-bde7-44bb-bf49-f168a4436578,80.0,
,21312,62720071,1,2024-09-05 13:30:29.290,,,62720071,2024-09-05 13:35:02.059,2024-09-05 13:35:02.059,,,,,UTC+0200,C8oz8zt6m4,,com.sec.android.app.shealth,2024-09-05 13:30:29.290,ed3315dd-b3db-4d28-8fa3-1cb3334ba41e,72.0,
,21312,62720071,1,2024-09-05 13:40:29.380,,,62720071,2024-09-05 13:41:53.198,2024-09-05 13:41:53.198,,,,,UTC+0200,C8oz8zt6m4,,com.sec.android.app.shealth,2024-09-05 13:40:29.380,ff105edc-c9de-4130-ae2f-f1d8fea745ed,72.0,
,21312,62720071,1,2024-09-05 13:50:49.880,,,62720071,2024-09-05 13:50:59.153,2024-09-05 13:50:59.153,,,,,UTC+0200,C8oz8zt6m4,,com.sec.android.app.shealth,2024-09-05 13:50:49.880,31b0e373-7b15-4e42-b385-6ec243a57592,81.0,
,21312,62720071,1,2024-09-05 14:10:29.333,,,62720071,2024-09-05 14:13:54.236,2024-09-05 14:13:54.236,,,,,UTC+0200,C8oz8zt6m4,,com.sec.android.app.shealth,2024-09-05 14:10:29.333,8660c677-a670-4eb1-b694-342572ca3195,78.0,
,21312,62720071,1,2024-09-05 14:21:07.147,,,62720071,2024-09-05 14:21:27.613,2024-09-05 14:21:27.613,,,,,UTC+0200,C8oz8zt6m4,,com.sec.android.app.shealth,2024-09-05 14:21:07.147,bccbf96b-1829-43d3-b90c-e570a6ae301e,80.0,
,21312,62720071,1,2024-09-05 14:30:17.272,,,62720071,2024-09-05 14:42:41.607,2024-09-05 14:42:41.607,,,,,UTC+0200,C8oz8zt6m4,,com.sec.android.app.shealth,2024-09-05 14:30:17.272,543ab913-634d-4c6c-839f-79de0d6b1474,74.0,
,21312,62720071,1,2024-09-05 14:50:45.173,,,62720071,2024-09-05 14:51:31.460,2024-09-05 14:51:31.460,,,,,UTC+0200,C8oz8zt6m4,,com.sec.android.app.shealth,2024-09-05 14:50:45.173,debcf799-b0f5-4df1-bebe-f83983782c45,75.0,
,21312,62720071,1,2024-09-05 15:00:30.814,,,62720071,2024-09-05 15:00:45.096,2024-09-05 15:00:45.096,,,,,UTC+0200,C8oz8zt6m4,,com.sec.android.app.shealth,2024-09-05 15:00:30.814,ff0766b4-1e9e-45c6-a173-59f579a2f8bd,71.0,
,21312,62720071,1,2024-09-05 15:10:29.322,,,62720071,2024-09-05 15:13:56.780,2024-09-05 15:13:56.780,,,,,UTC+0200,C8oz8zt6m4,,com.sec.android.app.shealth,2024-09-05 15:10:29.322,5b8d8dbf-8bf0-4b3b-834d-3893a4120b75,68.0,
,21312,62720071,1,2024-09-05 15:20:52.092,,,62720071,2024-09-05 15:21:00.144,2024-09-05 15:21:00.144,,,,,UTC+0200,C8oz8zt6m4,,com.sec.android.app.shealth,2024-09-05 15:20:52.092,c8385f06-8d14-4724-85b4-62a546462023,99.0,
,21312,62720071,1,2024-09-05 15:30:32.377,,,62720071,2024-09-05 15:31:27.518,2024-09-05 15:31:27.518,,,,,UTC+0200,C8oz8zt6m4,,com.sec.android.app.shealth,2024-09-05 15:30:32.377,67db40ef-363f-4f49-8935-79cd20d62d79,78.0,
,21312,62720071,1,2024-09-05 15:40:29.285,,,62720071,2024-09-05 15:40:53.488,2024-09-05 15:40:53.488,,,,,UTC+0200,C8oz8zt6m4,,com.sec.android.app.shealth,2024-09-05 15:40:29.285,a9a93509-482d-497a-9548-6a6c0bee9e54,73.0,
,21312,62720071,1,2024-09-05 15:50:29.273,,,62720071,2024-09-05 15:50:37.525,2024-09-05 15:50:37.525,,,,,UTC+0200,C8oz8zt6m4,,com.sec.android.app.shealth,2024-09-05 15:50:29.273,e5f98414-ec6f-4683-8e0f-fd7f51a37037,74.0,
,21312,62720071,1,2024-09-05 16:00:29.297,,,62720071,2024-09-05 16:04:52.979,2024-09-05 16:04:52.979,,,,,UTC+0200,C8oz8zt6m4,,com.sec.android.app.shealth,2024-09-05 16:00:29.297,aa37a731-7a07-4bf4-b894-f089c5f477d4,76.0,
,21312,62720071,1,2024-09-05 16:10:29.240,,,62720071,2024-09-05 16:15:00.190,2024-09-05 16:15:00.190,,,,,UTC+0200,C8oz8zt6m4,,com.sec.android.app.shealth,2024-09-05 16:10:29.240,81fb5ca7-3738-4f9a-bbce-6daa260c77c0,75.0,
,21312,62720071,1,2024-09-05 16:20:29.211,,,62720071,2024-09-05 16:35:00.077,2024-09-05 16:35:00.077,,,,,UTC+0200,C8oz8zt6m4,,com.sec.android.app.shealth,2024-09-05 16:20:29.211,e33a4453-cc1d-4a3e-9624-b968a2a89310,70.0,
,21312,62720071,1,2024-09-05 16:30:29.211,,,62720071,2024-09-05 16:35:00.085,2024-09-05 16:35:00.085,,,,,UTC+0200,C8oz8zt6m4,,com.sec.android.app.shealth,2024-09-05 16:30:29.211,1aad0e14-63ce-4a3b-9549-0dea525e00a1,70.0,
,21312,62720071,1,2024-09-06 11:40:29.605,,,62720071,2024-09-06 11:40:34.034,2024-09-06 11:40:34.034,,,,,UTC+0200,C8oz8zt6m4,,com.sec.android.app.shealth,2024-09-06 11:40:29.605,bd5b2321-c99e-4f8d-aa43-4cbdf72fb322,78.0,
,21312,62720071,1,2024-09-06 11:51:22.119,,,62720071,2024-09-06 11:52:41.298,2024-09-06 11:52:41.298,,,,,UTC+0200,C8oz8zt6m4,,com.sec.android.app.shealth,2024-09-06 11:51:22.119,3160a14f-b35d-4848-ae56-ae27fddd367d,82.0,
,21312,62720071,1,2024-09-06 13:00:35.479,,,62720071,2024-09-06 13:03:45.017,2024-09-06 13:03:45.017,,,,,UTC+0200,C8oz8zt6m4,,com.sec.android.app.shealth,2024-09-06 13:00:35.479,0a62c05c-bd69-415e-9580-20a573264720,86.0,
,21312,62720071,1,2024-09-06 13:40:29.307,,,62720071,2024-09-06 13:55:01.483,2024-09-06 13:55:01.483,,,,,UTC+0200,C8oz8zt6m4,,com.sec.android.app.shealth,2024-09-06 13:40:29.307,b2cf1587-34a9-4700-b2c3-18c2dfcaa02f,81.0,
,21312,62720071,1,2024-09-06 13:50:29.307,,,62720071,2024-09-06 13:55:01.494,2024-09-06 13:55:01.494,,,,,UTC+0200,C8oz8zt6m4,,com.sec.android.app.shealth,2024-09-06 13:50:29.307,23306d8b-a396-483b-b600-198737812b8b,80.0,
,21312,62720071,1,2024-09-06 14:00:29.362,,,62720071,2024-09-06 14:14:59.881,2024-09-06 14:14:59.881,,,,,UTC+0200,C8oz8zt6m4,,com.sec.android.app.shealth,2024-09-06 14:00:29.362,abc2cd66-efa6-45c4-b68a-450b90a1fa6a,76.0,
,21312,62720071,1,2024-09-06 14:10:29.362,,,62720071,2024-09-06 14:14:59.890,2024-09-06 14:14:59.890,,,,,UTC+0200,C8oz8zt6m4,,com.sec.android.app.shealth,2024-09-06 14:10:29.362,296a7775-3c9a-4dcd-9101-09b7ced370e4,75.0,
,21312,62720071,1,2024-09-06 14:20:29.249,,,62720071,2024-09-06 14:23:40.726,2024-09-06 14:23:40.726,,,,,UTC+0200,C8oz8zt6m4,,com.sec.android.app.shealth,2024-09-06 14:20:29.249,7041b096-09f0-49f7-b004-a9178e488d2d,73.0,
,21312,62720071,1,2024-09-06 14:40:41.275,,,62720071,2024-09-06 14:41:15.170,2024-09-06 14:41:15.170,,,,,UTC+0200,C8oz8zt6m4,,com.sec.android.app.shealth,2024-09-06 14:40:41.275,2e0662c2-4ff7-4c2b-a9c4-f48d4167a5d6,74.0,
,21312,62720071,1,2024-09-06 15:00:29.277,,,62720071,2024-09-06 15:01:42.277,2024-09-06 15:01:42.277,,,,,UTC+0200,C8oz8zt6m4,,com.sec.android.app.shealth,2024-09-06 15:00:29.277,51049e5b-72fd-4474-8a2a-5aba881112f5,84.0,
,21312,62720071,1,2024-09-06 15:11:10.628,,,62720071,2024-09-06 15:15:00.056,2024-09-06 15:15:00.056,,,,,UTC+0200,C8oz8zt6m4,,com.sec.android.app.shealth,2024-09-06 15:11:10.628,94738ecb-e6d2-48f5-b64b-31277f129752,82.0,
,21312,62720071,1,2024-09-06 15:30:59.640,,,62720071,2024-09-06 15:34:59.069,2024-09-06 15:34:59.069,,,,,UTC+0200,C8oz8zt6m4,,com.sec.android.app.shealth,2024-09-06 15:30:59.640,1a3ffd45-70bf-46b5-9568-63aa43184807,81.0,
,21312,62720071,1,2024-09-09 11:00:58.523,,,62720071,2024-09-09 11:02:11.313,2024-09-09 11:02:11.313,,,,,UTC+0200,r7FYwmiDQH,,com.sec.android.app.shealth,2024-09-09 11:00:58.523,1b53dbbd-fcca-4401-99cd-d73d1bba690b,89.0,
,21312,62720071,1,2024-09-09 11:11:18.391,,,62720071,2024-09-09 11:11:20.116,2024-09-09 11:11:20.116,,,,,UTC+0200,r7FYwmiDQH,,com.sec.android.app.shealth,2024-09-09 11:11:18.391,2cb7f093-3b49-4db9-8d1a-605f76eb1824,84.0,
,21312,62720071,1,2024-09-09 11:30:29.367,,,62720071,2024-09-09 11:34:52.028,2024-09-09 11:34:52.028,,,,,UTC+0200,r7FYwmiDQH,,com.sec.android.app.shealth,2024-09-09 11:30:29.367,982e97e4-16db-483c-8501-f93e93498c31,80.0,
,21312,62720071,1,2024-09-09 11:40:29.338,,,62720071,2024-09-09 11:40:52.681,2024-09-09 11:40:52.681,,,,,UTC+0200,r7FYwmiDQH,,com.sec.android.app.shealth,2024-09-09 11:40:29.338,db9e34cc-1dae-49d8-adc9-932147ef803a,80.0,
,21312,62720071,1,2024-09-09 11:50:51.512,,,62720071,2024-09-09 11:55:02.406,2024-09-09 11:55:02.406,,,,,UTC+0200,r7FYwmiDQH,,com.sec.android.app.shealth,2024-09-09 11:50:51.512,b4db8da2-04f9-4ea6-a484-7129f62f689e,84.0,
,21312,62720071,1,2024-09-09 12:00:29.359,,,62720071,2024-09-09 12:15:00.361,2024-09-09 12:15:00.361,,,,,UTC+0200,r7FYwmiDQH,,com.sec.android.app.shealth,2024-09-09 12:00:29.359,5153a966-4219-414d-b3a8-042ea2b6bb29,81.0,
,21312,62720071,1,2024-09-09 12:10:29.359,,,62720071,2024-09-09 12:15:00.369,2024-09-09 12:15:00.369,,,,,UTC+0200,r7FYwmiDQH,,com.sec.android.app.shealth,2024-09-09 12:10:29.359,c78e79de-6498-4331-aa8f-fc6689fc6de8,82.0,
,21312,62720071,1,2024-09-09 12:20:29.357,,,62720071,2024-09-09 12:27:21.073,2024-09-09 12:27:21.073,,,,,UTC+0200,r7FYwmiDQH,,com.sec.android.app.shealth,2024-09-09 12:20:29.357,15a958e3-dd58-469e-93cf-49152a5d38d0,86.0,
,21312,62720071,1,2024-09-09 12:30:29.347,,,62720071,2024-09-09 12:32:01.367,2024-09-09 12:32:01.367,,,,,UTC+0200,r7FYwmiDQH,,com.sec.android.app.shealth,2024-09-09 12:30:29.347,3d105b21-50fd-4fbf-80b3-2a8e2c604cb9,86.0,
,21312,62720071,1,2024-09-09 12:40:29.251,,,62720071,2024-09-09 12:43:16.905,2024-09-09 12:43:16.905,,,,,UTC+0200,r7FYwmiDQH,,com.sec.android.app.shealth,2024-09-09 12:40:29.251,8ee5e9ef-86b2-46bb-b85c-e32b5588100c,79.0,
,21312,62720071,1,2024-09-09 12:50:29.365,,,62720071,2024-09-09 12:54:59.458,2024-09-09 12:54:59.458,,,,,UTC+0200,r7FYwmiDQH,,com.sec.android.app.shealth,2024-09-09 12:50:29.365,d621bf56-4f72-46ba-863c-6b5ef9fc6638,79.0,
,21312,62720071,1,2024-09-09 13:00:29.367,,,62720071,2024-09-09 13:15:00.049,2024-09-09 13:15:00.049,,,,,UTC+0200,r7FYwmiDQH,,com.sec.android.app.shealth,2024-09-09 13:00:29.367,15c2b063-7680-48c0-aa75-1d3824b4151a,80.0,
,21312,62720071,1,2024-09-09 13:10:29.367,,,62720071,2024-09-09 13:15:00.060,2024-09-09 13:15:00.060,,,,,UTC+0200,r7FYwmiDQH,,com.sec.android.app.shealth,2024-09-09 13:10:29.367,649d2e2d-b5f2-4cc4-abe8-7518fd047855,79.0,
,21312,62720071,1,2024-09-09 13:22:07.036,,,62720071,2024-09-09 13:22:28.348,2024-09-09 13:22:28.348,,,,,UTC+0200,r7FYwmiDQH,,com.sec.android.app.shealth,2024-09-09 13:22:07.036,6a039d6f-27a8-4b50-b8c8-24b843b0e83e,93.0,
,21312,62720071,1,2024-09-09 13:30:29.318,,,62720071,2024-09-09 13:35:00.911,2024-09-09 13:35:00.911,,,,,UTC+0200,r7FYwmiDQH,,com.sec.android.app.shealth,2024-09-09 13:30:29.318,6cd78aaa-b3f0-4ac7-aa08-829663f9b59e,77.0,
,21312,62720071,1,2024-09-09 13:40:29.350,,,62720071,2024-09-09 13:46:48.714,2024-09-09 13:46:48.714,,,,,UTC+0200,r7FYwmiDQH,,com.sec.android.app.shealth,2024-09-09 13:40:29.350,6cb6ea94-2e39-4eae-98b8-dc795591aeba,78.0,
,21312,62720071,1,2024-09-09 13:50:29.271,,,62720071,2024-09-09 13:54:40.234,2024-09-09 13:54:40.234,,,,,UTC+0200,r7FYwmiDQH,,com.sec.android.app.shealth,2024-09-09 13:50:29.271,e949ed62-1070-4f26-a985-754caff428b5,78.0,
,21312,62720071,1,2024-09-09 14:00:29.340,,,62720071,2024-09-09 14:01:22.625,2024-09-09 14:01:22.625,,,,,UTC+0200,r7FYwmiDQH,,com.sec.android.app.shealth,2024-09-09 14:00:29.340,5dcc7a95-8f38-4395-b089-d7af46a17629,79.0,
,21312,62720071,1,2024-09-09 15:40:36.126,,,62720071,2024-09-09 15:41:15.053,2024-09-09 15:41:15.053,,,,,UTC+0200,r7FYwmiDQH,,com.sec.android.app.shealth,2024-09-09 15:40:36.126,120eb94b-0077-482a-8e76-b6aa92b7b850,73.0,
,21312,62720071,1,2024-09-09 15:50:29.765,,,62720071,2024-09-09 15:50:31.107,2024-09-09 15:50:31.107,,,,,UTC+0200,r7FYwmiDQH,,com.sec.android.app.shealth,2024-09-09 15:50:29.765,0730c00d-9239-4726-acd3-7d81ef5812e8,78.0,
,21312,62720071,1,2024-09-09 16:10:29.378,,,62720071,2024-09-09 16:15:01.043,2024-09-09 16:15:01.043,,,,,UTC+0200,r7FYwmiDQH,,com.sec.android.app.shealth,2024-09-09 16:10:29.378,a3fd7a91-de54-47ca-a17a-eb3d2bc4ea8c,69.0,
,21312,62720071,1,2024-09-09 16:20:29.283,,,62720071,2024-09-09 16:25:29.594,2024-09-09 16:25:29.594,,,,,UTC+0200,r7FYwmiDQH,,com.sec.android.app.shealth,2024-09-09 16:20:29.283,726a9e81-6902-4c55-9d12-451487ced206,68.0,
,21312,62720071,1,2024-09-10 06:00:29.306,,,62720071,2024-09-10 06:12:46.956,2024-09-10 06:12:46.956,,,,,UTC+0200,r7FYwmiDQH,,com.sec.android.app.shealth,2024-09-10 06:00:29.306,8138b581-67f9-4adf-af39-de68db853ee9,88.0,
,21312,62720071,1,2024-09-10 06:10:29.306,,,62720071,2024-09-10 06:12:46.964,2024-09-10 06:12:46.964,,,,,UTC+0200,r7FYwmiDQH,,com.sec.android.app.shealth,2024-09-10 06:10:29.306,e8495299-9927-4ea5-a0cb-aa485af273f7,81.0,
,21312,62720071,1,2024-09-10 07:20:41.039,,,62720071,2024-09-10 07:26:48.140,2024-09-10 07:26:48.140,,,,,UTC+0200,r7FYwmiDQH,,com.sec.android.app.shealth,2024-09-10 07:20:41.039,206f9631-827a-42ef-91ca-7293b29d5e43,78.0,
,21312,62720071,1,2024-09-10 07:30:29.296,,,62720071,2024-09-10 07:35:01.047,2024-09-10 07:35:01.047,,,,,UTC+0200,r7FYwmiDQH,,com.sec.android.app.shealth,2024-09-10 07:30:29.296,9186d3b0-e502-401f-b19c-42ea91c01583,72.0,
,21312,62720071,1,2024-09-10 07:40:29.493,,,62720071,2024-09-10 07:40:52.090,2024-09-10 07:40:52.090,,,,,UTC+0200,r7FYwmiDQH,,com.sec.android.app.shealth,2024-09-10 07:40:29.493,9696d1c0-ef86-4baf-8876-e1158ff9a19d,72.0,
,21312,62720071,1,2024-09-10 07:50:35.406,,,62720071,2024-09-10 07:51:50.409,2024-09-10 07:51:50.409,,,,,UTC+0200,r7FYwmiDQH,,com.sec.android.app.shealth,2024-09-10 07:50:35.406,515662b5-a8cb-44ca-a198-17a90c011b49,77.0,
,21312,62720071,1,2024-09-10 08:10:42.983,,,62720071,2024-09-10 08:11:32.433,2024-09-10 08:11:32.433,,,,,UTC+0200,r7FYwmiDQH,,com.sec.android.app.shealth,2024-09-10 08:10:42.983,0a09a311-d232-4bd9-8097-8b4497042398,84.0,
,21312,62720071,1,2024-09-10 08:20:29.262,,,62720071,2024-09-10 08:31:22.128,2024-09-10 08:31:22.128,,,,,UTC+0200,r7FYwmiDQH,,com.sec.android.app.shealth,2024-09-10 08:20:29.262,bb0b8052-d2c9-49ac-ad6e-1a87315f57d4,71.0,
,21312,62720071,1,2024-09-10 08:30:29.262,,,62720071,2024-09-10 08:31:22.136,2024-09-10 08:31:22.136,,,,,UTC+0200,r7FYwmiDQH,,com.sec.android.app.shealth,2024-09-10 08:30:29.262,31dbfca0-a178-494e-91d5-71dbdc907dcc,68.0,
,21312,62720071,1,2024-09-10 10:30:29.376,,,62720071,2024-09-10 10:33:24.221,2024-09-10 10:33:24.221,,,,,UTC+0200,r7FYwmiDQH,,com.sec.android.app.shealth,2024-09-10 10:30:29.376,9d8f0aa4-d51b-49a4-ac26-5b402325757f,78.0,
,21312,62720071,1,2024-09-10 10:40:36.902,,,62720071,2024-09-10 10:41:20.074,2024-09-10 10:41:20.074,,,,,UTC+0200,r7FYwmiDQH,,com.sec.android.app.shealth,2024-09-10 10:40:36.902,fad20e9f-1060-4947-81ac-86be1226dbf3,71.0,
,21312,62720071,1,2024-09-10 11:00:26.318,,,62720071,2024-09-10 11:14:41.462,2024-09-10 11:14:41.462,,,,,UTC+0200,r7FYwmiDQH,,com.sec.android.app.shealth,2024-09-10 11:00:26.318,734b7fc0-e753-4f38-88e3-769e3392c0c1,70.0,
,21312,62720071,1,2024-09-10 11:30:29.510,,,62720071,2024-09-10 11:30:56.897,2024-09-10 11:30:56.897,,,,,UTC+0200,r7FYwmiDQH,,com.sec.android.app.shealth,2024-09-10 11:30:29.510,a392c968-79c9-4579-bda6-d70b79e5ee93,79.0,
,21312,62720071,1,2024-09-10 11:40:29.312,,,62720071,2024-09-10 11:44:17.299,2024-09-10 11:44:17.299,,,,,UTC+0200,r7FYwmiDQH,,com.sec.android.app.shealth,2024-09-10 11:40:29.312,20b13976-d9f8-4a63-8d6b-3ad27949e48a,71.0,
,21312,62720071,1,2024-09-10 11:50:29.316,,,62720071,2024-09-10 11:51:28.165,2024-09-10 11:51:28.165,,,,,UTC+0200,r7FYwmiDQH,,com.sec.android.app.shealth,2024-09-10 11:50:29.316,bf3e0a4c-af51-4e1a-b1f8-81f6d1c12cae,73.0,
,21312,62720071,1,2024-09-10 12:00:29.259,,,62720071,2024-09-10 12:15:00.347,2024-09-10 12:15:00.347,,,,,UTC+0200,r7FYwmiDQH,,com.sec.android.app.shealth,2024-09-10 12:00:29.259,fe3fc97e-947d-4e6e-a1d8-c212dbcf114f,68.0,
,21312,62720071,1,2024-09-10 12:10:29.259,,,62720071,2024-09-10 12:15:00.355,2024-09-10 12:15:00.355,,,,,UTC+0200,r7FYwmiDQH,,com.sec.android.app.shealth,2024-09-10 12:10:29.259,f96016fb-fcde-4c7e-a8a0-510173d6ed9a,74.0,
,21312,62720071,1,2024-09-10 12:20:29.223,,,62720071,2024-09-10 12:21:48.121,2024-09-10 12:21:48.121,,,,,UTC+0200,r7FYwmiDQH,,com.sec.android.app.shealth,2024-09-10 12:20:29.223,195fa489-c31e-473f-99f4-c5d61d9f0805,70.0,
,21312,62720071,1,2024-09-10 12:30:30.297,,,62720071,2024-09-10 12:30:36.128,2024-09-10 12:30:36.128,,,,,UTC+0200,r7FYwmiDQH,,com.sec.android.app.shealth,2024-09-10 12:30:30.297,967a506d-dcb1-4d55-9f39-26d7877f96c2,88.0,
,21312,62720071,1,2024-09-10 12:40:29.641,,,62720071,2024-09-10 12:41:49.294,2024-09-10 12:41:49.294,,,,,UTC+0200,r7FYwmiDQH,,com.sec.android.app.shealth,2024-09-10 12:40:29.641,9aa755de-1b54-4e9a-b997-95d596b2c444,80.0,
,21312,62720071,1,2024-09-10 12:50:30.332,,,62720071,2024-09-10 12:52:29.087,2024-09-10 12:52:29.087,,,,,UTC+0200,r7FYwmiDQH,,com.sec.android.app.shealth,2024-09-10 12:50:30.332,cf1495b9-19b4-4952-a37b-bf56ecaf3c31,82.0,
,21312,62720071,1,2024-09-30 14:50:29.329,,,62720071,2024-09-30 14:55:00.168,2024-09-30 14:55:00.168,,,,,UTC+0200,r7FYwmiDQH,,com.sec.android.app.shealth,2024-09-30 14:50:29.329,ca7dfa19-3be5-4296-abf3-d7d193ef5137,73.0,
,21312,62720071,1,2024-09-30 15:00:29.318,,,62720071,2024-09-30 15:01:39.577,2024-09-30 15:01:39.577,,,,,UTC+0200,r7FYwmiDQH,,com.sec.android.app.shealth,2024-09-30 15:00:29.318,7ead070d-6be6-4170-9b3b-75c4d8267d47,72.0,
,21312,62720071,1,2024-09-30 15:10:29.347,,,62720071,2024-09-30 15:15:00.502,2024-09-30 15:15:00.502,,,,,UTC+0200,r7FYwmiDQH,,com.sec.android.app.shealth,2024-09-30 15:10:29.347,74141ce0-6be7-45ff-b5ed-ed8ff384cf33,81.0,
,21312,62720071,1,2024-09-30 15:20:29.330,,,62720071,2024-09-30 15:35:01.060,2024-09-30 15:35:01.060,,,,,UTC+0200,r7FYwmiDQH,,com.sec.android.app.shealth,2024-09-30 15:20:29.330,87006e50-3f92-42e5-99df-208f70487830,74.0,
,21312,62720071,1,2024-09-30 15:30:29.330,,,62720071,2024-09-30 15:35:01.075,2024-09-30 15:35:01.075,,,,,UTC+0200,r7FYwmiDQH,,com.sec.android.app.shealth,2024-09-30 15:30:29.330,0a028384-ea4b-4885-b52b-c92b00fc070e,70.0,
,21312,62720071,1,2024-09-30 15:40:29.317,,,62720071,2024-09-30 15:42:02.153,2024-09-30 15:42:02.153,,,,,UTC+0200,r7FYwmiDQH,,com.sec.android.app.shealth,2024-09-30 15:40:29.317,dd2a1f3b-bf75-453f-97f8-d2c64a4ac4f9,70.0,
,21312,62720071,1,2024-09-30 15:50:29.282,,,62720071,2024-09-30 15:55:00.492,2024-09-30 15:55:00.492,,,,,UTC+0200,r7FYwmiDQH,,com.sec.android.app.shealth,2024-09-30 15:50:29.282,ad474607-b445-430a-a7c6-a7b8033906f2,66.0,
,21312,62720071,1,2024-09-30 16:00:29.237,,,62720071,2024-09-30 16:09:02.244,2024-09-30 16:09:02.244,,,,,UTC+0200,r7FYwmiDQH,,com.sec.android.app.shealth,2024-09-30 16:00:29.237,c4fb13c3-484e-4fcf-9300-879b86eeff94,67.0,
,21312,62720071,1,2024-09-30 16:10:29.824,,,62720071,2024-09-30 16:10:32.411,2024-09-30 16:10:32.411,,,,,UTC+0200,r7FYwmiDQH,,com.sec.android.app.shealth,2024-09-30 16:10:29.824,24425178-f27a-48d0-a793-c462c7d584bd,70.0,
,21312,62720071,1,2024-09-30 16:30:35.875,,,62720071,2024-09-30 16:30:36.450,2024-09-30 16:30:36.450,,,,,UTC+0200,r7FYwmiDQH,,com.sec.android.app.shealth,2024-09-30 16:30:35.875,1482b710-81cd-4f7a-86f7-2ae3886fba70,81.0,
,21312,62720071,1,2024-09-30 16:50:53.044,,,62720071,2024-09-30 16:53:37.208,2024-09-30 16:53:37.208,,,,,UTC+0200,r7FYwmiDQH,,com.sec.android.app.shealth,2024-09-30 16:50:53.044,ab86462c-1be4-4949-94ab-6954167edf7e,77.0,
,21312,62720071,1,2024-09-30 17:00:29.381,,,62720071,2024-09-30 17:03:12.303,2024-09-30 17:03:12.303,,,,,UTC+0200,r7FYwmiDQH,,com.sec.android.app.shealth,2024-09-30 17:00:29.381,9f0962bc-fdd6-40e3-bddc-6f0922bfdf4a,63.0,
,21312,62720071,1,2024-09-30 17:10:29.304,,,62720071,2024-09-30 17:14:59.502,2024-09-30 17:14:59.502,,,,,UTC+0200,r7FYwmiDQH,,com.sec.android.app.shealth,2024-09-30 17:10:29.304,84c67d21-35dc-4abc-93e1-552bb651a901,63.0,
,21312,62720071,1,2024-09-30 17:20:29.309,,,62720071,2024-09-30 17:27:11.068,2024-09-30 17:27:11.068,,,,,UTC+0200,r7FYwmiDQH,,com.sec.android.app.shealth,2024-09-30 17:20:29.309,96717bb7-00f9-4a29-ae40-b1de4951ecf4,86.0,
,21312,62720071,1,2024-09-30 17:30:29.269,,,62720071,2024-09-30 17:32:50.691,2024-09-30 17:32:50.691,,,,,UTC+0200,r7FYwmiDQH,,com.sec.android.app.shealth,2024-09-30 17:30:29.269,74cb39c6-65ec-4173-9ad4-ba4c0a23064c,74.0,
,21312,62720071,1,2024-09-30 17:50:29.284,,,62720071,2024-09-30 17:55:00.202,2024-09-30 17:55:00.202,,,,,UTC+0200,r7FYwmiDQH,,com.sec.android.app.shealth,2024-09-30 17:50:29.284,57fff455-82cc-47d7-a696-0e30659b416f,80.0,
,21312,62720071,1,2024-09-30 18:00:29.369,,,62720071,2024-09-30 18:14:59.455,2024-09-30 18:14:59.455,,,,,UTC+0200,r7FYwmiDQH,,com.sec.android.app.shealth,2024-09-30 18:00:29.369,95e66253-ce22-448d-ab38-b73314d6a7ef,65.0,
,21312,62720071,1,2024-09-30 18:10:29.369,,,62720071,2024-09-30 18:14:59.470,2024-09-30 18:14:59.470,,,,,UTC+0200,r7FYwmiDQH,,com.sec.android.app.shealth,2024-09-30 18:10:29.369,b046d24b-0cf1-4f24-ba9f-f778708764a6,68.0,
,21312,62720071,1,2024-09-30 18:20:29.358,,,62720071,2024-09-30 18:35:00.472,2024-09-30 18:35:00.472,,,,,UTC+0200,r7FYwmiDQH,,com.sec.android.app.shealth,2024-09-30 18:20:29.358,90ef83a4-35f1-4fc0-b849-6b6eb0486541,71.0,
,21312,62720071,1,2024-09-30 18:30:29.358,,,62720071,2024-09-30 18:35:00.487,2024-09-30 18:35:00.487,,,,,UTC+0200,r7FYwmiDQH,,com.sec.android.app.shealth,2024-09-30 18:30:29.358,baff2896-acea-4aa3-ac86-f8103e32f423,67.0,
,21312,62720071,1,2024-09-30 18:40:29.319,,,62720071,2024-09-30 18:51:47.983,2024-09-30 18:51:47.983,,,,,UTC+0200,r7FYwmiDQH,,com.sec.android.app.shealth,2024-09-30 18:40:29.319,609e8d04-d6f2-48b0-abaf-3152f473d208,69.0,
,21312,62720071,1,2024-09-30 18:50:29.319,,,62720071,2024-09-30 18:51:47.995,2024-09-30 18:51:47.995,,,,,UTC+0200,r7FYwmiDQH,,com.sec.android.app.shealth,2024-09-30 18:50:29.319,faefc228-983f-42ff-9af9-25126b4aca2e,79.0,
,21312,62720071,1,2024-09-30 19:00:29.232,,,62720071,2024-09-30 19:00:56.618,2024-09-30 19:00:56.618,,,,,UTC+0200,r7FYwmiDQH,,com.sec.android.app.shealth,2024-09-30 19:00:29.232,f4429fff-5444-42f4-a64c-d65c6fcdc4c8,68.0,
,21312,62720071,1,2024-09-30 19:10:29.296,,,62720071,2024-09-30 19:10:55.283,2024-09-30 19:10:55.283,,,,,UTC+0200,r7FYwmiDQH,,com.sec.android.app.shealth,2024-09-30 19:10:29.296,ed1d241d-e531-442e-8ada-eb5942a06a5f,67.0,
,21312,62720071,1,2024-09-30 19:20:29.323,,,62720071,2024-09-30 19:28:17.007,2024-09-30 19:28:17.007,,,,,UTC+0200,r7FYwmiDQH,,com.sec.android.app.shealth,2024-09-30 19:20:29.323,f5ccd6c6-9803-4206-b8a2-662826c83cc0,71.0,
,21312,62720071,1,2024-09-30 19:30:29.282,,,62720071,2024-09-30 19:30:40.358,2024-09-30 19:30:40.358,,,,,UTC+0200,r7FYwmiDQH,,com.sec.android.app.shealth,2024-09-30 19:30:29.282,b94f0634-4a3c-4824-b914-614edc974360,65.0,
,21312,62720071,1,2024-09-30 19:40:29.280,,,62720071,2024-09-30 19:41:08.255,2024-09-30 19:41:08.255,,,,,UTC+0200,r7FYwmiDQH,,com.sec.android.app.shealth,2024-09-30 19:40:29.280,0072492c-ec36-4d85-87a6-ab8d191df929,67.0,
,21312,62720071,1,2024-09-30 19:51:07.329,,,62720071,2024-09-30 20:14:59.296,2024-09-30 20:14:59.296,,,,,UTC+0200,r7FYwmiDQH,,com.sec.android.app.shealth,2024-09-30 19:51:07.329,580a3d0e-8e30-4dcf-ad73-e8b1e552e331,75.0,
,21312,62720071,1,2024-09-30 20:01:07.329,,,62720071,2024-09-30 20:15:42.091,2024-09-30 20:15:42.091,,,,,UTC+0200,r7FYwmiDQH,,com.sec.android.app.shealth,2024-09-30 20:01:07.329,de8dbe38-f051-4df1-b58c-e7ae89d11f94,72.0,
,21312,62720071,1,2024-09-30 20:11:07.329,,,62720071,2024-09-30 20:15:42.214,2024-09-30 20:15:42.214,,,,,UTC+0200,r7FYwmiDQH,,com.sec.android.app.shealth,2024-09-30 20:11:07.329,1da2489c-6d9c-464f-bc66-1e6a8e4e186c,68.0,
,21312,62720071,1,2024-09-30 20:20:29.247,,,62720071,2024-09-30 20:35:00.068,2024-09-30 20:35:00.068,,,,,UTC+0200,r7FYwmiDQH,,com.sec.android.app.shealth,2024-09-30 20:20:29.247,47504c96-ac56-46c7-b10d-26413cc2d4bf,73.0,
,21312,62720071,1,2024-09-30 20:30:29.247,,,62720071,2024-09-30 20:35:00.083,2024-09-30 20:35:00.083,,,,,UTC+0200,r7FYwmiDQH,,com.sec.android.app.shealth,2024-09-30 20:30:29.247,6b421012-20ca-4eca-9cd6-b578a96012ec,75.0,
,21312,62720071,1,2024-09-30 20:40:29.207,,,62720071,2024-09-30 20:54:59.918,2024-09-30 20:54:59.918,,,,,UTC+0200,r7FYwmiDQH,,com.sec.android.app.shealth,2024-09-30 20:40:29.207,d04120c0-b05b-4da6-901c-e7dca2ee3e2e,68.0,
,21312,62720071,1,2024-09-30 20:50:29.207,,,62720071,2024-09-30 20:54:59.939,2024-09-30 20:54:59.939,,,,,UTC+0200,r7FYwmiDQH,,com.sec.android.app.shealth,2024-09-30 20:50:29.207,5a260ce0-de33-4d8e-ac06-52815aa3c6a2,67.0,
,21312,62720071,1,2024-09-30 21:00:29.398,,,62720071,2024-09-30 21:15:00.059,2024-09-30 21:15:00.059,,,,,UTC+0200,r7FYwmiDQH,,com.sec.android.app.shealth,2024-09-30 21:00:29.398,45110b7c-ed40-4f03-ae3c-43d599b8e5ec,67.0,
,21312,62720071,1,2024-09-30 21:10:29.398,,,62720071,2024-09-30 21:15:00.071,2024-09-30 21:15:00.071,,,,,UTC+0200,r7FYwmiDQH,,com.sec.android.app.shealth,2024-09-30 21:10:29.398,f02b3a52-0545-48fc-bf16-d15a6fc70f94,64.0,
,21312,62720071,1,2024-09-30 21:20:29.251,,,62720071,2024-09-30 21:34:59.387,2024-09-30 21:34:59.387,,,,,UTC+0200,r7FYwmiDQH,,com.sec.android.app.shealth,2024-09-30 21:20:29.251,953806b8-bdb3-4ba4-84be-d580918e0438,65.0,
,21312,62720071,1,2024-09-30 21:30:29.251,,,62720071,2024-09-30 21:34:59.400,2024-09-30 21:34:59.400,,,,,UTC+0200,r7FYwmiDQH,,com.sec.android.app.shealth,2024-09-30 21:30:29.251,ebf9f9bc-5226-497f-b972-fa6c4daafd88,65.0,
,21312,62720071,1,2024-09-30 21:50:29.301,,,62720071,2024-09-30 21:55:00.488,2024-09-30 21:55:00.488,,,,,UTC+0200,r7FYwmiDQH,,com.sec.android.app.shealth,2024-09-30 21:50:29.301,c9b73de4-5a74-42c7-bb29-453f16fbeb79,60.0,
,21313,62720071,1,2024-09-30 22:00:00.000,,a2ba6178-2e40-4e73-82f1-973fedc543c0.com.samsung.health.heart_rate.binning_data.json,62720071,2024-09-30 23:05:09.620,2024-09-30 22:08:25.753,,72.0,55.0,,UTC+0200,r7FYwmiDQH,,com.sec.android.app.shealth,2024-09-30 22:59:59.999,a2ba6178-2e40-4e73-82f1-973fedc543c0,59.0,
,21313,62720071,1,2024-09-30 23:00:00.000,,bfd33080-86d2-4c0a-8adf-a8b0763992ed.com.samsung.health.heart_rate.binning_data.json,62720071,2024-10-01 00:08:47.058,2024-09-30 23:05:17.131,,78.0,51.0,,UTC+0200,r7FYwmiDQH,,com.sec.android.app.shealth,2024-09-30 23:59:59.999,bfd33080-86d2-4c0a-8adf-a8b0763992ed,61.0,
,21313,62720071,1,2024-10-01 00:00:00.000,,5c9930b7-bc21-4d95-ba7d-d790cd2a6579.com.samsung.health.heart_rate.binning_data.json,62720071,2024-10-01 01:07:45.225,2024-10-01 00:08:47.264,,84.0,52.0,,UTC+0200,r7FYwmiDQH,,com.sec.android.app.shealth,2024-10-01 00:59:59.999,5c9930b7-bc21-4d95-ba7d-d790cd2a6579,59.0,
,21313,62720071,1,2024-10-01 01:00:00.000,,f7070e7e-bdad-437e-bccc-df7c4439e948.com.samsung.health.heart_rate.binning_data.json,62720071,2024-10-01 02:08:22.266,2024-10-01 01:12:48.147,,80.0,53.0,,UTC+0200,r7FYwmiDQH,,com.sec.android.app.shealth,2024-10-01 01:59:59.999,f7070e7e-bdad-437e-bccc-df7c4439e948,57.0,
,21313,62720071,1,2024-10-01 02:00:00.000,,e0073b85-9c5d-46f7-a42e-df2e16cfaa13.com.samsung.health.heart_rate.binning_data.json,62720071,2024-10-01 03:09:00.232,2024-10-01 02:10:52.249,,71.0,51.0,,UTC+0200,r7FYwmiDQH,,com.sec.android.app.shealth,2024-10-01 02:59:59.999,e0073b85-9c5d-46f7-a42e-df2e16cfaa13,56.0,
,21313,62720071,1,2024-10-01 03:00:00.000,,a01c8d4d-6aff-415f-ab24-741f95974fee.com.samsung.health.heart_rate.binning_data.json,62720071,2024-10-01 04:14:40.286,2024-10-01 03:09:01.340,,94.0,51.0,,UTC+0200,r7FYwmiDQH,,com.sec.android.app.shealth,2024-10-01 03:59:59.999,a01c8d4d-6aff-415f-ab24-741f95974fee,60.0,
,21313,62720071,1,2024-10-01 04:00:00.000,,698e9294-9914-4adc-8754-312cbdf126be.com.samsung.health.heart_rate.binning_data.json,62720071,2024-10-01 05:05:14.262,2024-10-01 04:15:00.364,,79.0,54.0,,UTC+0200,r7FYwmiDQH,,com.sec.android.app.shealth,2024-10-01 04:59:59.999,698e9294-9914-4adc-8754-312cbdf126be,57.0,
,21313,62720071,1,2024-10-01 05:00:00.000,,da18e63f-a77f-4a33-9758-bb75354bc74a.com.samsung.health.heart_rate.binning_data.json,62720071,2024-10-01 06:05:34.045,2024-10-01 05:06:13.348,,92.0,54.0,,UTC+0200,r7FYwmiDQH,,com.sec.android.app.shealth,2024-10-01 05:59:59.999,da18e63f-a77f-4a33-9758-bb75354bc74a,62.0,
,21313,62720071,1,2024-10-01 06:00:00.000,,4d4ba4a0-470d-4d4a-84ce-5812430e23d9.com.samsung.health.heart_rate.binning_data.json,62720071,2024-10-01 06:12:57.809,2024-10-01 06:05:34.633,,82.0,60.0,,UTC+0200,r7FYwmiDQH,,com.sec.android.app.shealth,2024-10-01 06:12:57.769,4d4ba4a0-470d-4d4a-84ce-5812430e23d9,72.0,
,21312,62720071,1,2024-10-01 06:30:29.340,,,62720071,2024-10-01 06:34:59.878,2024-10-01 06:34:59.878,,,,,UTC+0200,r7FYwmiDQH,,com.sec.android.app.shealth,2024-10-01 06:30:29.340,7d0eab8b-f37e-4899-8f97-7d4078ba743c,73.0,
,21312,62720071,1,2024-10-01 06:41:06.596,,,62720071,2024-10-01 06:55:00.109,2024-10-01 06:55:00.109,,,,,UTC+0200,r7FYwmiDQH,,com.sec.android.app.shealth,2024-10-01 06:41:06.596,6110fe09-02c2-46d9-b1e1-6bdd54072995,77.0,
,21312,62720071,1,2024-10-01 06:51:06.596,,,62720071,2024-10-01 06:55:00.123,2024-10-01 06:55:00.123,,,,,UTC+0200,r7FYwmiDQH,,com.sec.android.app.shealth,2024-10-01 06:51:06.596,e55bbc64-6746-4ec9-a2a5-ad9c7b519cee,85.0,
,21312,62720071,1,2024-10-01 07:20:29.323,,,62720071,2024-10-01 07:27:07.621,2024-10-01 07:27:07.621,,,,,UTC+0200,r7FYwmiDQH,,com.sec.android.app.shealth,2024-10-01 07:20:29.323,79053218-ad1f-43ec-a920-8eb0e8deeab5,77.0,
,21312,62720071,1,2024-10-01 07:30:29.290,,,62720071,2024-10-01 07:35:00.588,2024-10-01 07:35:00.588,,,,,UTC+0200,r7FYwmiDQH,,com.sec.android.app.shealth,2024-10-01 07:30:29.290,dc24f37a-ce92-4934-a348-7cb8a4672e0e,74.0,
,21312,62720071,1,2024-10-01 07:41:00.578,,,62720071,2024-10-01 07:55:00.241,2024-10-01 07:55:00.241,,,,,UTC+0200,r7FYwmiDQH,,com.sec.android.app.shealth,2024-10-01 07:41:00.578,5f88b654-9b35-4fc5-b9dc-fbbdcbb8489e,76.0,
,21312,62720071,1,2024-10-01 08:00:29.296,,,62720071,2024-10-01 08:09:36.145,2024-10-01 08:09:36.145,,,,,UTC+0200,r7FYwmiDQH,,com.sec.android.app.shealth,2024-10-01 08:00:29.296,4c0e32bc-d955-4ea0-89e7-33a35ef9148e,78.0,
,21312,62720071,1,2024-10-01 08:20:29.899,,,62720071,2024-10-01 08:21:20.127,2024-10-01 08:21:20.127,,,,,UTC+0200,r7FYwmiDQH,,com.sec.android.app.shealth,2024-10-01 08:20:29.899,7b3c3aad-779d-479d-bf76-283d11046bd2,78.0,
,21312,62720071,1,2024-10-01 08:30:29.310,,,62720071,2024-10-01 08:35:01.773,2024-10-01 08:35:01.773,,,,,UTC+0200,r7FYwmiDQH,,com.sec.android.app.shealth,2024-10-01 08:30:29.310,b51be5b9-5591-4f2b-8f3d-72348c26430f,79.0,
,21312,62720071,1,2024-10-01 08:40:29.315,,,62720071,2024-10-01 08:54:59.174,2024-10-01 08:54:59.174,,,,,UTC+0200,r7FYwmiDQH,,com.sec.android.app.shealth,2024-10-01 08:40:29.315,cbdfa2a8-971d-46db-98d4-7fcb7f538022,74.0,
,21312,62720071,1,2024-10-01 08:50:29.315,,,62720071,2024-10-01 08:54:59.220,2024-10-01 08:54:59.220,,,,,UTC+0200,r7FYwmiDQH,,com.sec.android.app.shealth,2024-10-01 08:50:29.315,4dd0db05-cb53-42e8-83dc-3607fdbb999f,72.0,
,21312,62720071,1,2024-10-01 09:00:29.350,,,62720071,2024-10-01 09:09:17.178,2024-10-01 09:09:17.178,,,,,UTC+0200,r7FYwmiDQH,,com.sec.android.app.shealth,2024-10-01 09:00:29.350,7ee510a3-29a3-476b-8fd3-81a4b8fdb606,76.0,
,21312,62720071,1,2024-10-01 09:11:01.829,,,62720071,2024-10-01 09:11:59.229,2024-10-01 09:11:59.229,,,,,UTC+0200,r7FYwmiDQH,,com.sec.android.app.shealth,2024-10-01 09:11:01.829,8e0a14d6-d28b-43a3-a783-860255437cc2,74.0,
,21312,62720071,1,2024-10-01 09:50:44.963,,,62720071,2024-10-01 09:53:33.131,2024-10-01 09:53:33.131,,,,,UTC+0200,r7FYwmiDQH,,com.sec.android.app.shealth,2024-10-01 09:50:44.963,dd101a10-b108-4c87-aeb6-bd84853644b1,77.0,
,21312,62720071,1,2024-10-01 10:00:30.106,,,62720071,2024-10-01 10:35:00.198,2024-10-01 10:35:00.198,,,,,UTC+0200,r7FYwmiDQH,,com.sec.android.app.shealth,2024-10-01 10:00:30.106,230b2010-29d7-45df-8e84-29667cead0e1,78.0,
,21312,62720071,1,2024-10-01 10:10:30.106,,,62720071,2024-10-01 10:35:00.212,2024-10-01 10:35:00.212,,,,,UTC+0200,r7FYwmiDQH,,com.sec.android.app.shealth,2024-10-01 10:10:30.106,5c5d74cf-ad35-45ec-882a-e470ed03399c,71.0,
,21312,62720071,1,2024-10-01 10:20:30.106,,,62720071,2024-10-01 10:35:00.257,2024-10-01 10:35:00.257,,,,,UTC+0200,r7FYwmiDQH,,com.sec.android.app.shealth,2024-10-01 10:20:30.106,45a310fb-e42d-48e5-af7a-19992f4c5742,77.0,
,21312,62720071,1,2024-10-01 10:30:30.106,,,62720071,2024-10-01 10:35:00.293,2024-10-01 10:35:00.293,,,,,UTC+0200,r7FYwmiDQH,,com.sec.android.app.shealth,2024-10-01 10:30:30.106,fa25a713-f9ea-4d52-95f7-70a4729da9bc,98.0,
,21312,62720071,1,2024-10-01 10:40:29.316,,,62720071,2024-10-01 10:42:22.929,2024-10-01 10:42:22.929,,,,,UTC+0200,r7FYwmiDQH,,com.sec.android.app.shealth,2024-10-01 10:40:29.316,0ce8e35d-b9af-488f-9537-c9209c6300b1,78.0,
,21312,62720071,1,2024-10-01 11:00:29.231,,,62720071,2024-10-01 11:10:06.713,2024-10-01 11:10:06.713,,,,,UTC+0200,r7FYwmiDQH,,com.sec.android.app.shealth,2024-10-01 11:00:29.231,ed5a6ec4-6e54-4bdf-9673-e53bf7349234,69.0,
,21312,62720071,1,2024-10-01 11:20:29.691,,,62720071,2024-10-01 11:30:22.787,2024-10-01 11:30:22.787,,,,,UTC+0200,r7FYwmiDQH,,com.sec.android.app.shealth,2024-10-01 11:20:29.691,b485a9d4-5c19-4133-af58-6769eb6622b5,83.0,
,21312,62720071,1,2024-10-01 11:40:29.379,,,62720071,2024-10-01 11:40:40.231,2024-10-01 11:40:40.231,,,,,UTC+0200,r7FYwmiDQH,,com.sec.android.app.shealth,2024-10-01 11:40:29.379,cd6c0e93-2455-4a3a-850d-f24c1335b9ff,79.0,
,21312,62720071,1,2024-10-01 11:50:29.304,,,62720071,2024-10-01 11:54:12.279,2024-10-01 11:54:12.279,,,,,UTC+0200,r7FYwmiDQH,,com.sec.android.app.shealth,2024-10-01 11:50:29.304,e8701868-9f1d-4683-af97-11528609b855,83.0,
,21312,62720071,1,2024-10-01 12:00:29.358,,,62720071,2024-10-01 12:01:40.451,2024-10-01 12:01:40.451,,,,,UTC+0200,r7FYwmiDQH,,com.sec.android.app.shealth,2024-10-01 12:00:29.358,84d451e8-2e7e-4eb3-b87f-73ce9b437e9e,89.0,
,21312,62720071,1,2024-10-01 12:20:29.335,,,62720071,2024-10-01 12:22:17.702,2024-10-01 12:22:17.702,,,,,UTC+0200,r7FYwmiDQH,,com.sec.android.app.shealth,2024-10-01 12:20:29.335,1d82e2a1-2f05-4f22-84bb-532f421c20bd,77.0,
,21312,62720071,1,2024-10-01 12:30:59.528,,,62720071,2024-10-01 12:35:00.386,2024-10-01 12:35:00.386,,,,,UTC+0200,r7FYwmiDQH,,com.sec.android.app.shealth,2024-10-01 12:30:59.528,1c9ab2dd-7864-4f84-88bd-20a99092c858,72.0,
,21312,62720071,1,2024-10-01 12:40:29.330,,,62720071,2024-10-01 12:46:29.220,2024-10-01 12:46:29.220,,,,,UTC+0200,r7FYwmiDQH,,com.sec.android.app.shealth,2024-10-01 12:40:29.330,7d3bde08-56da-4f8a-a257-439de67d46d2,78.0,
,21312,62720071,1,2024-10-01 13:10:30.876,,,62720071,2024-10-01 13:11:58.213,2024-10-01 13:11:58.213,,,,,UTC+0200,r7FYwmiDQH,,com.sec.android.app.shealth,2024-10-01 13:10:30.876,c3e5c0f0-7636-4616-b84d-792882ada8cb,87.0,
,21312,62720071,1,2024-10-01 13:20:29.300,,,62720071,2024-10-01 13:35:49.741,2024-10-01 13:35:49.741,,,,,UTC+0200,r7FYwmiDQH,,com.sec.android.app.shealth,2024-10-01 13:20:29.300,e6349be9-908d-4043-b913-1a23dcfff0e3,75.0,
,21312,62720071,1,2024-10-01 13:30:29.300,,,62720071,2024-10-01 13:35:49.765,2024-10-01 13:35:49.765,,,,,UTC+0200,r7FYwmiDQH,,com.sec.android.app.shealth,2024-10-01 13:30:29.300,175fc00c-863b-4769-ac02-220091db9044,81.0,
,21312,62720071,1,2024-10-01 13:40:29.378,,,62720071,2024-10-01 13:41:31.079,2024-10-01 13:41:31.079,,,,,UTC+0200,r7FYwmiDQH,,com.sec.android.app.shealth,2024-10-01 13:40:29.378,6941c4cd-bbd9-495d-9398-6395acbf23f4,79.0,
,21312,62720071,1,2024-10-01 13:50:29.238,,,62720071,2024-10-01 13:55:00.393,2024-10-01 13:55:00.393,,,,,UTC+0200,r7FYwmiDQH,,com.sec.android.app.shealth,2024-10-01 13:50:29.238,200032d1-55d9-4609-a3a9-a54da3dc0f0b,80.0,
,21312,62720071,1,2024-10-01 14:00:29.223,,,62720071,2024-10-01 14:01:38.617,2024-10-01 14:01:38.617,,,,,UTC+0200,r7FYwmiDQH,,com.sec.android.app.shealth,2024-10-01 14:00:29.223,fc13188f-49da-4fe6-a6fb-c316157ec51d,76.0,
,21312,62720071,1,2024-10-01 14:10:29.290,,,62720071,2024-10-01 14:12:48.565,2024-10-01 14:12:48.565,,,,,UTC+0200,r7FYwmiDQH,,com.sec.android.app.shealth,2024-10-01 14:10:29.290,8a061340-04fc-4c7a-b7f6-b5e4e49e5702,79.0,
,21312,62720071,1,2024-10-01 14:20:29.368,,,62720071,2024-10-01 14:29:18.246,2024-10-01 14:29:18.246,,,,,UTC+0200,r7FYwmiDQH,,com.sec.android.app.shealth,2024-10-01 14:20:29.368,5a229bd2-47bc-467d-99db-c7731ae8e7d2,76.0,
,21312,62720071,1,2024-10-01 14:30:59.561,,,62720071,2024-10-01 14:35:00.061,2024-10-01 14:35:00.061,,,,,UTC+0200,r7FYwmiDQH,,com.sec.android.app.shealth,2024-10-01 14:30:59.561,cea14a40-5a36-43c8-aba9-01081da6cd85,76.0,
,21312,62720071,1,2024-10-01 14:40:29.288,,,62720071,2024-10-01 14:48:00.930,2024-10-01 14:48:00.930,,,,,UTC+0200,r7FYwmiDQH,,com.sec.android.app.shealth,2024-10-01 14:40:29.288,a0a780b5-bff7-47f4-8f09-4462eaf44418,77.0,
,21312,62720071,1,2024-10-01 14:50:29.248,,,62720071,2024-10-01 14:54:59.091,2024-10-01 14:54:59.091,,,,,UTC+0200,r7FYwmiDQH,,com.sec.android.app.shealth,2024-10-01 14:50:29.248,123321b5-1a84-4411-8c2b-d0f9f2ccef55,72.0,
,21312,62720071,1,2024-10-01 15:00:29.242,,,62720071,2024-10-01 15:03:21.721,2024-10-01 15:03:21.721,,,,,UTC+0200,r7FYwmiDQH,,com.sec.android.app.shealth,2024-10-01 15:00:29.242,64f0d4f2-d74a-4195-8c90-fee343228975,78.0,
,21312,62720071,1,2024-10-01 15:10:29.290,,,62720071,2024-10-01 15:14:52.540,2024-10-01 15:14:52.540,,,,,UTC+0200,r7FYwmiDQH,,com.sec.android.app.shealth,2024-10-01 15:10:29.290,1c1641ea-c659-4790-acf9-9e8529fa9556,75.0,
,21312,62720071,1,2024-11-05 08:30:29.392,,,62720071,2024-11-05 08:30:33.951,2024-11-05 08:30:33.951,,,,,UTC+0100,r7FYwmiDQH,,com.sec.android.app.shealth,2024-11-05 08:30:29.392,09f3f5e1-794e-4782-b659-eaffb1f02fd8,78.0,
,21312,62720071,1,2024-11-05 08:40:53.864,,,62720071,2024-11-05 08:41:08.137,2024-11-05 08:41:08.137,,,,,UTC+0100,r7FYwmiDQH,,com.sec.android.app.shealth,2024-11-05 08:40:53.864,4ee03d3e-493b-4e03-ad58-d234e2bada49,76.0,
,21312,62720071,1,2024-11-05 08:50:29.360,,,62720071,2024-11-05 08:54:59.882,2024-11-05 08:54:59.882,,,,,UTC+0100,r7FYwmiDQH,,com.sec.android.app.shealth,2024-11-05 08:50:29.360,63c91dab-609d-4f91-9112-1812d091bdbe,72.0,
,21312,62720071,1,2024-11-05 09:00:32.855,,,62720071,2024-11-05 09:00:33.151,2024-11-05 09:00:33.151,,,,,UTC+0100,r7FYwmiDQH,,com.sec.android.app.shealth,2024-11-05 09:00:32.855,dbd1519e-90d2-412c-8f47-10141a0ba94f,76.0,
,21312,62720071,1,2024-11-05 09:10:29.360,,,62720071,2024-11-05 09:14:59.313,2024-11-05 09:14:59.313,,,,,UTC+0100,r7FYwmiDQH,,com.sec.android.app.shealth,2024-11-05 09:10:29.360,f986bc23-99ef-45b0-8adf-85305aa3f49e,76.0,
,21312,62720071,1,2024-11-05 09:20:52.875,,,62720071,2024-11-05 09:24:20.492,2024-11-05 09:24:20.492,,,,,UTC+0100,r7FYwmiDQH,,com.sec.android.app.shealth,2024-11-05 09:20:52.875,ba042026-ba47-4715-b8b5-7513cc02e07c,71.0,
,21312,62720071,1,2024-11-05 09:30:29.415,,,62720071,2024-11-05 09:33:54.601,2024-11-05 09:33:54.601,,,,,UTC+0100,r7FYwmiDQH,,com.sec.android.app.shealth,2024-11-05 09:30:29.415,5ddbf8f9-2b5e-435f-8cc1-aa85089e5b8b,64.0,
,21312,62720071,1,2024-11-05 09:40:29.300,,,62720071,2024-11-05 09:55:00.500,2024-11-05 09:55:00.500,,,,,UTC+0100,r7FYwmiDQH,,com.sec.android.app.shealth,2024-11-05 09:40:29.300,faf48ae4-d67d-4568-ac89-a9f3236543c5,72.0,
,21312,62720071,1,2024-11-05 09:50:29.300,,,62720071,2024-11-05 09:55:00.513,2024-11-05 09:55:00.513,,,,,UTC+0100,r7FYwmiDQH,,com.sec.android.app.shealth,2024-11-05 09:50:29.300,fa1806a7-a968-4afc-8e2c-82ddffec3ac9,71.0,
,21312,62720071,1,2024-11-05 10:00:29.226,,,62720071,2024-11-05 10:01:09.380,2024-11-05 10:01:09.380,,,,,UTC+0100,r7FYwmiDQH,,com.sec.android.app.shealth,2024-11-05 10:00:29.226,c0ee4929-ee20-4405-badf-4adb85f42f63,75.0,
,21312,62720071,1,2024-11-05 10:10:29.251,,,62720071,2024-11-05 10:10:46.954,2024-11-05 10:10:46.954,,,,,UTC+0100,r7FYwmiDQH,,com.sec.android.app.shealth,2024-11-05 10:10:29.251,441a7841-05ea-42ab-86c6-e13afdea6217,68.0,
,21312,62720071,1,2024-11-05 10:30:29.236,,,62720071,2024-11-05 10:32:26.536,2024-11-05 10:32:26.536,,,,,UTC+0100,r7FYwmiDQH,,com.sec.android.app.shealth,2024-11-05 10:30:29.236,7e96ccd0-32da-40a4-8b80-2885286f5144,69.0,
,21312,62720071,1,2024-11-05 10:40:33.051,,,62720071,2024-11-05 10:42:17.177,2024-11-05 10:42:17.177,,,,,UTC+0100,r7FYwmiDQH,,com.sec.android.app.shealth,2024-11-05 10:40:33.051,758cad7a-c49d-4739-b7f2-78fc84869a0a,67.0,
,21312,62720071,1,2024-11-05 10:50:29.210,,,62720071,2024-11-05 10:53:31.507,2024-11-05 10:53:31.507,,,,,UTC+0100,r7FYwmiDQH,,com.sec.android.app.shealth,2024-11-05 10:50:29.210,13b42a7b-41c3-43eb-bfff-bc5d21c8eb9b,67.0,
,21312,62720071,1,2024-11-05 11:00:42.554,,,62720071,2024-11-05 11:01:09.976,2024-11-05 11:01:09.976,,,,,UTC+0100,r7FYwmiDQH,,com.sec.android.app.shealth,2024-11-05 11:00:42.554,697ac6d0-1703-4cb0-9c47-b8aa473c91e4,68.0,
,21312,62720071,1,2024-11-05 11:10:29.230,,,62720071,2024-11-05 11:15:01.065,2024-11-05 11:15:01.065,,,,,UTC+0100,r7FYwmiDQH,,com.sec.android.app.shealth,2024-11-05 11:10:29.230,11bf7f9a-765d-4671-92b3-2b3476fe9b1b,72.0,
,21312,62720071,1,2024-11-05 11:30:29.361,,,62720071,2024-11-05 11:31:03.124,2024-11-05 11:31:03.124,,,,,UTC+0100,r7FYwmiDQH,,com.sec.android.app.shealth,2024-11-05 11:30:29.361,9236bbb2-87e0-4c27-9709-574465a979bb,72.0,
,21312,62720071,1,2024-11-05 11:40:29.278,,,62720071,2024-11-05 11:55:00.919,2024-11-05 11:55:00.919,,,,,UTC+0100,r7FYwmiDQH,,com.sec.android.app.shealth,2024-11-05 11:40:29.278,9495c338-1607-43d9-b09f-7140fcb7ec30,65.0,
,21312,62720071,1,2024-11-05 11:50:29.278,,,62720071,2024-11-05 11:55:00.933,2024-11-05 11:55:00.933,,,,,UTC+0100,r7FYwmiDQH,,com.sec.android.app.shealth,2024-11-05 11:50:29.278,af38c608-e817-4840-b7ac-cc5d4df0ce81,63.0,
,21312,62720071,1,2024-11-05 12:10:29.287,,,62720071,2024-11-05 12:15:00.492,2024-11-05 12:15:00.492,,,,,UTC+0100,r7FYwmiDQH,,com.sec.android.app.shealth,2024-11-05 12:10:29.287,2c222ac9-c94f-4078-bb48-c3a41f2cec4f,63.0,
,21312,62720071,1,2024-11-05 12:20:29.227,,,62720071,2024-11-05 12:30:27.951,2024-11-05 12:30:27.951,,,,,UTC+0100,r7FYwmiDQH,,com.sec.android.app.shealth,2024-11-05 12:20:29.227,6e5394d8-c9bc-410f-9058-a467eb99dc85,66.0,
,21312,62720071,1,2024-11-05 12:30:29.318,,,62720071,2024-11-05 12:30:29.954,2024-11-05 12:30:29.954,,,,,UTC+0100,r7FYwmiDQH,,com.sec.android.app.shealth,2024-11-05 12:30:29.318,fe65734f-374a-486b-bcd9-86c4430a6e38,72.0,
,21312,62720071,1,2024-11-05 12:40:29.362,,,62720071,2024-11-05 12:44:39.965,2024-11-05 12:44:39.965,,,,,UTC+0100,r7FYwmiDQH,,com.sec.android.app.shealth,2024-11-05 12:40:29.362,057a2c09-b2d8-47dc-ac69-248172de08f5,78.0,
,21312,62720071,1,2024-11-05 12:50:30.192,,,62720071,2024-11-05 12:55:00.490,2024-11-05 12:55:00.490,,,,,UTC+0100,r7FYwmiDQH,,com.sec.android.app.shealth,2024-11-05 12:50:30.192,c6e3ee73-7bc0-4d22-adce-e024728bf63f,71.0,
,21312,62720071,1,2024-11-05 13:10:42.815,,,62720071,2024-11-05 13:14:55.853,2024-11-05 13:14:55.853,,,,,UTC+0100,r7FYwmiDQH,,com.sec.android.app.shealth,2024-11-05 13:10:42.815,1ef56665-0dee-4c48-bdd6-562013af6df3,77.0,
,21312,62720071,1,2024-11-05 13:20:33.975,,,62720071,2024-11-05 13:24:49.651,2024-11-05 13:24:49.651,,,,,UTC+0100,r7FYwmiDQH,,com.sec.android.app.shealth,2024-11-05 13:20:33.975,cc4d377f-7929-480d-8ca8-f68d98764d1a,84.0,
,21312,62720071,1,2024-11-05 13:40:46.483,,,62720071,2024-11-05 13:52:37.290,2024-11-05 13:52:37.290,,,,,UTC+0100,r7FYwmiDQH,,com.sec.android.app.shealth,2024-11-05 13:40:46.483,68d6c605-8d88-4434-a713-e1fc3c41bd51,86.0,
,21312,62720071,1,2024-11-05 14:01:00.854,,,62720071,2024-11-05 14:02:12.118,2024-11-05 14:02:12.118,,,,,UTC+0100,r7FYwmiDQH,,com.sec.android.app.shealth,2024-11-05 14:01:00.854,18f20a4e-caf8-440d-a11b-682e782dde25,87.0,
,21312,62720071,1,2024-11-05 14:20:29.249,,,62720071,2024-11-05 14:34:51.955,2024-11-05 14:34:51.955,,,,,UTC+0100,r7FYwmiDQH,,com.sec.android.app.shealth,2024-11-05 14:20:29.249,daac1da4-95c1-4cc0-9ad6-3a9665d17045,83.0,
,21312,62720071,1,2024-11-05 14:30:29.249,,,62720071,2024-11-05 14:34:51.991,2024-11-05 14:34:51.991,,,,,UTC+0100,r7FYwmiDQH,,com.sec.android.app.shealth,2024-11-05 14:30:29.249,1c6f6679-7335-40c6-82c0-35226ca88739,83.0,
,21312,62720071,1,2024-11-05 14:40:29.257,,,62720071,2024-11-05 14:42:48.995,2024-11-05 14:42:48.995,,,,,UTC+0100,r7FYwmiDQH,,com.sec.android.app.shealth,2024-11-05 14:40:29.257,a332f1d1-5ba6-4e40-8682-fb7b190d5f73,72.0,
,21312,62720071,1,2024-11-05 14:50:29.217,,,62720071,2024-11-05 14:55:01.057,2024-11-05 14:55:01.057,,,,,UTC+0100,r7FYwmiDQH,,com.sec.android.app.shealth,2024-11-05 14:50:29.217,8b22c23c-6b25-4184-85b4-6cba85c9242e,77.0,
,21312,62720071,1,2024-11-05 15:10:30.856,,,62720071,2024-11-05 15:13:45.248,2024-11-05 15:13:45.248,,,,,UTC+0100,r7FYwmiDQH,,com.sec.android.app.shealth,2024-11-05 15:10:30.856,12024a01-5961-416d-bfd2-192132396bb0,90.0,
,21312,62720071,1,2024-11-05 15:20:30.690,,,62720071,2024-11-05 15:20:57.135,2024-11-05 15:20:57.135,,,,,UTC+0100,r7FYwmiDQH,,com.sec.android.app.shealth,2024-11-05 15:20:30.690,263f7d6a-1dbf-45be-ad04-cfaf84f4b923,98.0,
,21312,62720071,1,2024-11-05 15:30:29.337,,,62720071,2024-11-05 15:34:59.450,2024-11-05 15:34:59.450,,,,,UTC+0100,r7FYwmiDQH,,com.sec.android.app.shealth,2024-11-05 15:30:29.337,21bfd27f-2d73-4826-9dde-5e36f1ac9e0b,76.0,
,21312,62720071,1,2024-11-05 15:40:29.371,,,62720071,2024-11-05 15:49:43.235,2024-11-05 15:49:43.235,,,,,UTC+0100,r7FYwmiDQH,,com.sec.android.app.shealth,2024-11-05 15:40:29.371,985e0a1e-420d-46a1-9961-cf6b47c57370,73.0,
,21312,62720071,1,2024-11-05 16:00:29.394,,,62720071,2024-11-05 16:07:24.079,2024-11-05 16:07:24.079,,,,,UTC+0100,r7FYwmiDQH,,com.sec.android.app.shealth,2024-11-05 16:00:29.394,8ea954dc-a0b1-4f51-adc5-2d32d1a943f9,75.0,
,21312,62720071,1,2024-11-05 16:10:56.879,,,62720071,2024-11-05 16:14:59.438,2024-11-05 16:14:59.438,,,,,UTC+0100,r7FYwmiDQH,,com.sec.android.app.shealth,2024-11-05 16:10:56.879,1f190357-6ee4-4419-8486-c904441fe609,79.0,
,21312,62720071,1,2024-11-05 16:30:40.950,,,62720071,2024-11-05 16:31:32.558,2024-11-05 16:31:32.558,,,,,UTC+0100,r7FYwmiDQH,,com.sec.android.app.shealth,2024-11-05 16:30:40.950,4a261920-db7a-4ccc-8e52-e582e9bea28e,78.0,
,21312,62720071,1,2024-11-05 16:41:12.000,,,62720071,2024-11-05 16:45:30.221,2024-11-05 16:45:30.221,,,,,UTC+0100,r7FYwmiDQH,,com.sec.android.app.shealth,2024-11-05 16:41:12.000,b4264f35-efe9-405b-b563-1482ca014dc5,75.0,
,21312,62720071,1,2024-11-05 17:10:29.313,,,62720071,2024-11-05 17:16:53.344,2024-11-05 17:16:53.344,,,,,UTC+0100,r7FYwmiDQH,,com.sec.android.app.shealth,2024-11-05 17:10:29.313,2ca0f0fa-c612-4750-8149-601c32427c7b,66.0,
,21312,62720071,1,2024-11-05 17:20:30.866,,,62720071,2024-11-05 17:20:55.141,2024-11-05 17:20:55.141,,,,,UTC+0100,r7FYwmiDQH,,com.sec.android.app.shealth,2024-11-05 17:20:30.866,38e62686-e2b3-4e8c-8474-2e30534bab68,65.0,
,21312,62720071,1,2024-11-05 17:30:29.343,,,62720071,2024-11-05 17:35:00.095,2024-11-05 17:35:00.095,,,,,UTC+0100,r7FYwmiDQH,,com.sec.android.app.shealth,2024-11-05 17:30:29.343,519f1407-e0a2-4f14-8da2-d56890f23989,64.0,
,21312,62720071,1,2024-11-05 17:40:29.340,,,62720071,2024-11-05 17:51:08.026,2024-11-05 17:51:08.026,,,,,UTC+0100,r7FYwmiDQH,,com.sec.android.app.shealth,2024-11-05 17:40:29.340,04c15d2c-f091-4586-992c-08e83b827094,63.0,
,21312,62720071,1,2024-11-05 17:50:29.340,,,62720071,2024-11-05 17:51:08.045,2024-11-05 17:51:08.045,,,,,UTC+0100,r7FYwmiDQH,,com.sec.android.app.shealth,2024-11-05 17:50:29.340,5300cb89-2364-4b33-91ed-08004aeec3a5,69.0,
,21312,62720071,1,2024-11-05 18:00:29.295,,,62720071,2024-11-05 18:01:42.748,2024-11-05 18:01:42.748,,,,,UTC+0100,r7FYwmiDQH,,com.sec.android.app.shealth,2024-11-05 18:00:29.295,cf309891-b993-401c-bc62-e4aa5a2d8562,64.0,
,21312,62720071,1,2024-11-05 18:10:29.318,,,62720071,2024-11-05 18:11:21.476,2024-11-05 18:11:21.476,,,,,UTC+0100,r7FYwmiDQH,,com.sec.android.app.shealth,2024-11-05 18:10:29.318,b5a067a9-647f-4854-8050-5e755e6c62cd,66.0,
,21312,62720071,1,2024-11-05 18:20:30.130,,,62720071,2024-11-05 18:21:03.164,2024-11-05 18:21:03.164,,,,,UTC+0100,r7FYwmiDQH,,com.sec.android.app.shealth,2024-11-05 18:20:30.130,48d63395-cc4a-4446-9101-5a458c96a498,68.0,
,21312,62720071,1,2024-11-05 18:30:29.238,,,62720071,2024-11-05 18:30:58.120,2024-11-05 18:30:58.120,,,,,UTC+0100,r7FYwmiDQH,,com.sec.android.app.shealth,2024-11-05 18:30:29.238,c859b239-643c-4d37-966b-f385771aadb4,74.0,
,21312,62720071,1,2024-11-05 19:00:29.264,,,62720071,2024-11-05 19:12:50.605,2024-11-05 19:12:50.605,,,,,UTC+0100,r7FYwmiDQH,,com.sec.android.app.shealth,2024-11-05 19:00:29.264,2f9c8555-5be7-40e0-96d2-768fdeb5b687,70.0,
,21312,62720071,1,2024-11-05 19:10:29.264,,,62720071,2024-11-05 19:12:50.685,2024-11-05 19:12:50.685,,,,,UTC+0100,r7FYwmiDQH,,com.sec.android.app.shealth,2024-11-05 19:10:29.264,b8acebdc-b2b4-4389-8a4b-3f8f265b5fb6,77.0,
,21312,62720071,1,2024-11-05 19:20:29.307,,,62720071,2024-11-05 19:20:29.779,2024-11-05 19:20:29.779,,,,,UTC+0100,r7FYwmiDQH,,com.sec.android.app.shealth,2024-11-05 19:20:29.307,7f90b262-cb96-4fcc-9516-ce2480f467e8,76.0,
,21312,62720071,1,2024-11-05 19:30:29.297,,,62720071,2024-11-05 19:35:00.495,2024-11-05 19:35:00.495,,,,,UTC+0100,r7FYwmiDQH,,com.sec.android.app.shealth,2024-11-05 19:30:29.297,654905cd-9578-44e1-9d13-a5b1d21d6547,65.0,
,21312,62720071,1,2024-11-05 19:40:29.323,,,62720071,2024-11-05 19:45:45.898,2024-11-05 19:45:45.898,,,,,UTC+0100,r7FYwmiDQH,,com.sec.android.app.shealth,2024-11-05 19:40:29.323,614071ad-f2dd-4249-a8b2-7dfd11a7ee2e,70.0,
,21312,62720071,1,2024-11-05 19:50:29.287,,,62720071,2024-11-05 19:54:59.073,2024-11-05 19:54:59.073,,,,,UTC+0100,r7FYwmiDQH,,com.sec.android.app.shealth,2024-11-05 19:50:29.287,699179c8-6c29-40b6-97cd-0293f2facb39,79.0,
,21312,62720071,1,2024-11-05 20:10:29.242,,,62720071,2024-11-05 20:14:09.826,2024-11-05 20:14:09.826,,,,,UTC+0100,r7FYwmiDQH,,com.sec.android.app.shealth,2024-11-05 20:10:29.242,141a66d1-e7f6-418f-a6d7-a2b41bfe6670,64.0,
,21312,62720071,1,2024-11-05 20:20:29.205,,,62720071,2024-11-05 20:25:20.671,2024-11-05 20:25:20.671,,,,,UTC+0100,r7FYwmiDQH,,com.sec.android.app.shealth,2024-11-05 20:20:29.205,4f54eab2-da85-48f3-bdd7-7e75f86a1aea,65.0,
,21312,62720071,1,2024-11-05 20:30:29.299,,,62720071,2024-11-05 20:30:59.113,2024-11-05 20:30:59.113,,,,,UTC+0100,r7FYwmiDQH,,com.sec.android.app.shealth,2024-11-05 20:30:29.299,86ed1b7f-631b-4870-93c2-83d79ff6e8d5,68.0,
,21312,62720071,1,2024-11-05 20:40:29.301,,,62720071,2024-11-05 20:40:37.176,2024-11-05 20:40:37.176,,,,,UTC+0100,r7FYwmiDQH,,com.sec.android.app.shealth,2024-11-05 20:40:29.301,4f6cb36b-df4f-4e5f-87b4-703075ad76e9,68.0,
,21312,62720071,1,2024-11-05 20:50:36.131,,,62720071,2024-11-05 20:50:39.623,2024-11-05 20:50:39.623,,,,,UTC+0100,r7FYwmiDQH,,com.sec.android.app.shealth,2024-11-05 20:50:36.131,1b23a1cf-11c0-45be-85f8-9c03c437b492,80.0,
,21312,62720071,1,2024-11-05 21:10:29.227,,,62720071,2024-11-05 21:15:00.077,2024-11-05 21:15:00.077,,,,,UTC+0100,r7FYwmiDQH,,com.sec.android.app.shealth,2024-11-05 21:10:29.227,c237fec8-43c7-42c5-9901-a04023bbcb5c,65.0,
,21313,62720071,1,2024-11-05 21:00:00.000,,cd6604f5-d2b5-4ab7-a0aa-9d49176f7a2b.com.samsung.health.heart_rate.binning_data.json,62720071,2024-11-05 22:07:06.261,2024-11-05 21:15:00.066,,70.0,56.0,,UTC+0100,r7FYwmiDQH,,com.sec.android.app.shealth,2024-11-05 21:59:59.999,cd6604f5-d2b5-4ab7-a0aa-9d49176f7a2b,60.0,
,21313,62720071,1,2024-11-05 22:00:00.000,,67c484c6-ece8-4213-aa54-2f685d9bcb86.com.samsung.health.heart_rate.binning_data.json,62720071,2024-11-05 23:00:03.365,2024-11-05 22:09:27.193,,81.0,54.0,,UTC+0100,r7FYwmiDQH,,com.sec.android.app.shealth,2024-11-05 22:59:59.999,67c484c6-ece8-4213-aa54-2f685d9bcb86,60.0,
,21313,62720071,1,2024-11-05 23:00:00.000,,7c89ae73-71ea-4606-81c3-39f1d936bfae.com.samsung.health.heart_rate.binning_data.json,62720071,2024-11-06 00:05:07.566,2024-11-06 00:05:07.566,,74.0,54.0,,UTC+0100,r7FYwmiDQH,,com.sec.android.app.shealth,2024-11-05 23:59:59.999,7c89ae73-71ea-4606-81c3-39f1d936bfae,60.0,
,21313,62720071,1,2024-11-06 00:00:00.000,,22de2512-8d31-4800-b172-d72ad1978017.com.samsung.health.heart_rate.binning_data.json,62720071,2024-11-06 01:07:16.309,2024-11-06 00:05:07.795,,77.0,54.0,,UTC+0100,r7FYwmiDQH,,com.sec.android.app.shealth,2024-11-06 00:59:59.999,22de2512-8d31-4800-b172-d72ad1978017,61.0,
,21313,62720071,1,2024-11-06 01:00:00.000,,b1e7afca-27bb-4113-b5f1-086e3848a51e.com.samsung.health.heart_rate.binning_data.json,62720071,2024-11-06 02:10:59.237,2024-11-06 01:07:16.526,,71.0,53.0,,UTC+0100,r7FYwmiDQH,,com.sec.android.app.shealth,2024-11-06 01:59:59.999,b1e7afca-27bb-4113-b5f1-086e3848a51e,57.0,
,21313,62720071,1,2024-11-06 02:00:00.000,,e6b6f91c-a4e8-4226-9b84-df34a8bf6fa4.com.samsung.health.heart_rate.binning_data.json,62720071,2024-11-06 03:05:08.197,2024-11-06 02:10:59.728,,74.0,54.0,,UTC+0100,r7FYwmiDQH,,com.sec.android.app.shealth,2024-11-06 02:59:59.999,e6b6f91c-a4e8-4226-9b84-df34a8bf6fa4,58.0,
,21313,62720071,1,2024-11-06 03:00:00.000,,b05cc385-561c-4620-92f1-45c800ecdafc.com.samsung.health.heart_rate.binning_data.json,62720071,2024-11-06 04:07:47.184,2024-11-06 03:05:28.553,,80.0,50.0,,UTC+0100,r7FYwmiDQH,,com.sec.android.app.shealth,2024-11-06 03:59:59.999,b05cc385-561c-4620-92f1-45c800ecdafc,56.0,
,21313,62720071,1,2024-11-06 04:00:00.000,,1e9708ae-9b47-4def-9346-e89f1b8cbc4e.com.samsung.health.heart_rate.binning_data.json,62720071,2024-11-06 04:07:47.480,2024-11-06 04:07:47.480,,68.0,54.0,,UTC+0100,r7FYwmiDQH,,com.sec.android.app.shealth,2024-11-06 04:07:47.438,1e9708ae-9b47-4def-9346-e89f1b8cbc4e,55.0,
,21312,62720071,1,2024-11-06 04:10:29.351,,,62720071,2024-11-06 04:15:01.049,2024-11-06 04:15:01.049,,,,,UTC+0100,r7FYwmiDQH,,com.sec.android.app.shealth,2024-11-06 04:10:29.351,8d6f6dbc-92a0-4150-9d64-22a70cd4fd0b,54.0,
,21312,62910031,1,2025-02-22 17:01:02.864,,,62910031,2025-02-22 17:03:29.409,2025-02-22 17:03:29.409,,,,,UTC+0100,r7FYwmiDQH,,com.sec.android.app.shealth,2025-02-22 17:01:02.864,b5497654-87a2-442d-afb8-e4962816b73a,79.0,
,21312,62910031,1,2025-02-22 17:10:30.869,,,62910031,2025-02-22 17:11:09.173,2025-02-22 17:11:09.173,,,,,UTC+0100,r7FYwmiDQH,,com.sec.android.app.shealth,2025-02-22 17:10:30.869,b4ccfd4f-10d3-4548-b79b-5e445ffcf4e3,78.0,
,21312,62910031,1,2025-02-22 17:20:29.272,,,62910031,2025-02-22 17:20:29.405,2025-02-22 17:20:29.405,,,,,UTC+0100,r7FYwmiDQH,,com.sec.android.app.shealth,2025-02-22 17:20:29.272,beb461e0-a8b0-4f38-8887-bdaf5585a9f4,75.0,
,21312,62910031,1,2025-02-22 17:30:29.344,,,62910031,2025-02-22 17:34:16.397,2025-02-22 17:34:16.397,,,,,UTC+0100,r7FYwmiDQH,,com.sec.android.app.shealth,2025-02-22 17:30:29.344,2684aa11-4393-4b4f-99e4-5bcb2e0ed587,73.0,
,21312,62910031,1,2025-02-22 17:50:31.259,,,62910031,2025-02-22 17:51:13.201,2025-02-22 17:51:13.201,,,,,UTC+0100,r7FYwmiDQH,,com.sec.android.app.shealth,2025-02-22 17:50:31.259,a8d402b9-345c-4547-9f64-7eff5995e1fe,82.0,
,21312,62910031,1,2025-02-22 18:00:29.311,,,62910031,2025-02-22 18:15:00.465,2025-02-22 18:15:00.465,,,,,UTC+0100,r7FYwmiDQH,,com.sec.android.app.shealth,2025-02-22 18:00:29.311,d048d2c1-029e-404a-a43e-48d44ecbfc71,75.0,
,21312,62910031,1,2025-02-22 18:10:29.311,,,62910031,2025-02-22 18:15:00.472,2025-02-22 18:15:00.472,,,,,UTC+0100,r7FYwmiDQH,,com.sec.android.app.shealth,2025-02-22 18:10:29.311,daf2e75a-8501-4f9b-b603-46ee11bc2ac8,71.0,
,21312,62910031,1,2025-02-22 18:20:29.359,,,62910031,2025-02-22 18:21:49.724,2025-02-22 18:21:49.724,,,,,UTC+0100,r7FYwmiDQH,,com.sec.android.app.shealth,2025-02-22 18:20:29.359,e43c7a23-2016-479f-8ec8-eec12101440b,78.0,
,21312,62910031,1,2025-02-22 18:30:29.400,,,62910031,2025-02-22 18:32:30.678,2025-02-22 18:32:30.678,,,,,UTC+0100,r7FYwmiDQH,,com.sec.android.app.shealth,2025-02-22 18:30:29.400,60141bcd-ea9a-4aac-b3b6-f0a561d42ecb,78.0,
,21312,62910031,1,2025-02-22 18:40:29.309,,,62910031,2025-02-22 18:48:09.470,2025-02-22 18:48:09.470,,,,,UTC+0100,r7FYwmiDQH,,com.sec.android.app.shealth,2025-02-22 18:40:29.309,79f2de63-b7de-4832-8dc7-d10a8bb80761,82.0,
,21312,62910031,1,2025-02-22 18:50:58.667,,,62910031,2025-02-22 18:51:23.444,2025-02-22 18:51:23.444,,,,,UTC+0100,r7FYwmiDQH,,com.sec.android.app.shealth,2025-02-22 18:50:58.667,984e1294-b444-4645-91ac-e44a2ed8c0de,93.0,
,21312,62910031,1,2025-02-22 19:00:29.302,,,62910031,2025-02-22 19:01:53.288,2025-02-22 19:01:53.288,,,,,UTC+0100,r7FYwmiDQH,,com.sec.android.app.shealth,2025-02-22 19:00:29.302,2eaae782-e382-46f4-b5e4-95813a5297fe,85.0,
,21312,62910031,1,2025-02-22 19:10:30.774,,,62910031,2025-02-22 19:11:19.285,2025-02-22 19:11:19.285,,,,,UTC+0100,r7FYwmiDQH,,com.sec.android.app.shealth,2025-02-22 19:10:30.774,105919cd-6a27-42a3-a7f9-dcaf584e8824,87.0,
,21312,62910031,1,2025-02-22 19:20:29.319,,,62910031,2025-02-22 19:21:34.863,2025-02-22 19:21:34.863,,,,,UTC+0100,r7FYwmiDQH,,com.sec.android.app.shealth,2025-02-22 19:20:29.319,a0d22bab-9d6e-43f5-b81d-595361b4b790,82.0,
,21312,62910031,1,2025-02-22 19:30:29.301,,,62910031,2025-02-22 19:35:00.067,2025-02-22 19:35:00.067,,,,,UTC+0100,r7FYwmiDQH,,com.sec.android.app.shealth,2025-02-22 19:30:29.301,14201b54-f8fe-42f3-b52a-a9e6ef6ba64a,83.0,
,21312,62910031,1,2025-02-22 19:40:29.317,,,62910031,2025-02-22 19:48:54.432,2025-02-22 19:48:54.432,,,,,UTC+0100,r7FYwmiDQH,,com.sec.android.app.shealth,2025-02-22 19:40:29.317,70e58a0b-1b0e-4d55-9acb-4f473d4dfae8,82.0,
,21312,62910031,1,2025-02-22 19:50:29.342,,,62910031,2025-02-22 19:50:52.466,2025-02-22 19:50:52.466,,,,,UTC+0100,r7FYwmiDQH,,com.sec.android.app.shealth,2025-02-22 19:50:29.342,94a86b0b-4982-41be-99d2-f7a243f17ee9,82.0,
,21312,62910031,1,2025-02-22 20:00:29.298,,,62910031,2025-02-22 20:01:34.611,2025-02-22 20:01:34.611,,,,,UTC+0100,r7FYwmiDQH,,com.sec.android.app.shealth,2025-02-22 20:00:29.298,66bdfb15-53ed-4de5-9df9-09eb01b6f505,81.0,
,21312,62910031,1,2025-02-22 20:10:29.330,,,62910031,2025-02-22 20:15:00.180,2025-02-22 20:15:00.180,,,,,UTC+0100,r7FYwmiDQH,,com.sec.android.app.shealth,2025-02-22 20:10:29.330,5447dd52-07dd-429d-8418-cd902bbdead6,79.0,
,21312,62910031,1,2025-02-22 20:20:29.325,,,62910031,2025-02-22 20:29:02.511,2025-02-22 20:29:02.511,,,,,UTC+0100,r7FYwmiDQH,,com.sec.android.app.shealth,2025-02-22 20:20:29.325,8d6ba5e2-c594-41bd-9ee5-63a8da545abd,83.0,
,21312,62910031,1,2025-02-22 20:30:29.278,,,62910031,2025-02-22 20:30:50.468,2025-02-22 20:30:50.468,,,,,UTC+0100,r7FYwmiDQH,,com.sec.android.app.shealth,2025-02-22 20:30:29.278,9b8e0997-6c35-4641-930c-50e076463224,81.0,
,21312,62910031,1,2025-02-22 20:40:29.349,,,62910031,2025-02-22 20:48:12.400,2025-02-22 20:48:12.400,,,,,UTC+0100,r7FYwmiDQH,,com.sec.android.app.shealth,2025-02-22 20:40:29.349,a319cb47-d8f8-42ca-923a-d1e1d8c77dcb,70.0,
,21312,62910031,1,2025-02-22 21:00:29.362,,,62910031,2025-02-22 21:26:49.018,2025-02-22 21:26:49.018,,,,,UTC+0100,r7FYwmiDQH,,com.sec.android.app.shealth,2025-02-22 21:00:29.362,5ecdbf9d-ec26-40cb-8c63-839ae307116b,75.0,
,21312,62910031,1,2025-02-22 21:10:29.362,,,62910031,2025-02-22 21:26:49.050,2025-02-22 21:26:49.050,,,,,UTC+0100,r7FYwmiDQH,,com.sec.android.app.shealth,2025-02-22 21:10:29.362,b6edeb1d-150d-4452-a1d0-4b61ed9f48e3,73.0,
,21312,62910031,1,2025-02-22 21:20:29.362,,,62910031,2025-02-22 21:26:49.066,2025-02-22 21:26:49.066,,,,,UTC+0100,r7FYwmiDQH,,com.sec.android.app.shealth,2025-02-22 21:20:29.362,b9a7045c-914d-4130-9413-3a663a031f59,72.0,
,21312,62910031,1,2025-02-22 21:30:29.299,,,62910031,2025-02-22 21:35:00.079,2025-02-22 21:35:00.079,,,,,UTC+0100,r7FYwmiDQH,,com.sec.android.app.shealth,2025-02-22 21:30:29.299,414f0883-a713-4e97-8bd8-4d3707460287,72.0,
,21312,62910031,1,2025-02-22 21:40:29.323,,,62910031,2025-02-22 21:55:01.049,2025-02-22 21:55:01.049,,,,,UTC+0100,r7FYwmiDQH,,com.sec.android.app.shealth,2025-02-22 21:40:29.323,f96e24f1-8bb1-46ec-bf9b-4df3601ec1c4,72.0,
,21312,62910031,1,2025-02-22 21:50:29.323,,,62910031,2025-02-22 21:55:01.062,2025-02-22 21:55:01.062,,,,,UTC+0100,r7FYwmiDQH,,com.sec.android.app.shealth,2025-02-22 21:50:29.323,cb8ae7d3-addb-4159-9afc-52300435a324,76.0,
,21312,62910031,1,2025-02-22 22:00:29.213,,,62910031,2025-02-22 22:15:01.052,2025-02-22 22:15:01.052,,,,,UTC+0100,r7FYwmiDQH,,com.sec.android.app.shealth,2025-02-22 22:00:29.213,699451dc-197d-4f32-8b63-419d212aa9e1,72.0,
,21312,62910031,1,2025-02-22 22:10:29.213,,,62910031,2025-02-22 22:15:01.061,2025-02-22 22:15:01.061,,,,,UTC+0100,r7FYwmiDQH,,com.sec.android.app.shealth,2025-02-22 22:10:29.213,7de948c1-88b7-4195-b41b-f592c6f5ddfd,73.0,
,21312,62910031,1,2025-02-22 22:20:29.378,,,62910031,2025-02-22 22:35:00.453,2025-02-22 22:35:00.453,,,,,UTC+0100,r7FYwmiDQH,,com.sec.android.app.shealth,2025-02-22 22:20:29.378,2c6e31ab-d372-4bd4-af0d-e91bf0117fc4,71.0,
,21312,62910031,1,2025-02-22 22:30:29.378,,,62910031,2025-02-22 22:35:00.459,2025-02-22 22:35:00.459,,,,,UTC+0100,r7FYwmiDQH,,com.sec.android.app.shealth,2025-02-22 22:30:29.378,64386555-6800-4e99-92a5-9d3784d0c11a,73.0,
,21312,62910031,1,2025-02-22 22:40:29.312,,,62910031,2025-02-22 22:55:00.143,2025-02-22 22:55:00.143,,,,,UTC+0100,r7FYwmiDQH,,com.sec.android.app.shealth,2025-02-22 22:40:29.312,b94b2319-9523-418c-b8f4-b4000517dd18,75.0,
,21312,62910031,1,2025-02-22 22:50:29.312,,,62910031,2025-02-22 22:55:00.153,2025-02-22 22:55:00.153,,,,,UTC+0100,r7FYwmiDQH,,com.sec.android.app.shealth,2025-02-22 22:50:29.312,6245411a-0e49-4a89-a7c5-b408b3373e8e,76.0,
,21312,62910031,1,2025-02-22 23:10:29.310,,,62910031,2025-02-22 23:15:00.452,2025-02-22 23:15:00.452,,,,,UTC+0100,r7FYwmiDQH,,com.sec.android.app.shealth,2025-02-22 23:10:29.310,f117cfe5-3e4c-440f-97d8-0a58045c9b41,76.0,
,21313,62910031,1,2025-02-22 23:00:00.000,,5ac25db5-b1d8-469d-918a-54a64d2a523c.com.samsung.health.heart_rate.binning_data.json,62910031,2025-02-23 00:05:06.298,2025-02-22 23:15:00.444,,77.0,62.0,,UTC+0100,r7FYwmiDQH,,com.sec.android.app.shealth,2025-02-22 23:59:59.999,5ac25db5-b1d8-469d-918a-54a64d2a523c,65.0,
,21313,62910031,1,2025-02-23 00:00:00.000,,0fbcc9a2-edb7-4e0e-9c5f-d92bb7c2c553.com.samsung.health.heart_rate.binning_data.json,62910031,2025-02-23 01:05:25.097,2025-02-23 00:13:35.213,,87.0,55.0,,UTC+0100,r7FYwmiDQH,,com.sec.android.app.shealth,2025-02-23 00:59:59.999,0fbcc9a2-edb7-4e0e-9c5f-d92bb7c2c553,66.0,
,21313,62910031,1,2025-02-23 01:00:00.000,,dfe5561f-1fc7-45e1-aeb2-c631f442fe85.com.samsung.health.heart_rate.binning_data.json,62910031,2025-02-23 02:06:02.174,2025-02-23 01:09:09.231,,79.0,51.0,,UTC+0100,r7FYwmiDQH,,com.sec.android.app.shealth,2025-02-23 01:59:59.999,dfe5561f-1fc7-45e1-aeb2-c631f442fe85,63.0,
,21313,62910031,1,2025-02-23 02:00:00.000,,579b3fcc-7ba2-4dd9-ac8a-05e25ba82a0f.com.samsung.health.heart_rate.binning_data.json,62910031,2025-02-23 02:43:30.870,2025-02-23 02:09:46.235,,87.0,55.0,,UTC+0100,r7FYwmiDQH,,com.sec.android.app.shealth,2025-02-23 02:43:30.814,579b3fcc-7ba2-4dd9-ac8a-05e25ba82a0f,65.0,
,21312,62910031,1,2025-03-04 10:20:29.307,,,62910031,2025-03-04 10:35:00.075,2025-03-04 10:35:00.075,,,,,UTC+0100,r7FYwmiDQH,,com.sec.android.app.shealth,2025-03-04 10:20:29.307,bff0d8cd-dce6-4af8-a58b-b1076670120c,70.0,
,21312,62910031,1,2025-03-04 10:30:29.307,,,62910031,2025-03-04 10:35:00.083,2025-03-04 10:35:00.083,,,,,UTC+0100,r7FYwmiDQH,,com.sec.android.app.shealth,2025-03-04 10:30:29.307,da29d5b9-c5a9-4017-9839-5a86d900b38b,67.0,
,21312,62910031,1,2025-03-04 10:40:30.189,,,62910031,2025-03-04 10:40:30.539,2025-03-04 10:40:30.539,,,,,UTC+0100,r7FYwmiDQH,,com.sec.android.app.shealth,2025-03-04 10:40:30.189,8686024d-25c4-42d1-863b-4f3f1ae1d14e,75.0,
,21312,62910031,1,2025-03-04 10:50:52.991,,,62910031,2025-03-04 10:54:26.998,2025-03-04 10:54:26.998,,,,,UTC+0100,r7FYwmiDQH,,com.sec.android.app.shealth,2025-03-04 10:50:52.991,9284e028-37e1-4cb7-859d-5e58151ed3cb,81.0,
,21312,62910031,1,2025-03-04 11:00:37.942,,,62910031,2025-03-04 11:02:12.352,2025-03-04 11:02:12.352,,,,,UTC+0100,r7FYwmiDQH,,com.sec.android.app.shealth,2025-03-04 11:00:37.942,81297d34-8222-4a4c-8b2b-1614e999cb68,75.0,
,21312,62910031,1,2025-03-04 11:12:32.696,,,62910031,2025-03-04 11:14:07.172,2025-03-04 11:14:07.172,,,,,UTC+0100,r7FYwmiDQH,,com.sec.android.app.shealth,2025-03-04 11:12:32.696,6e0d435a-12c8-44e9-aecb-a8a8b29ab639,90.0,
,21312,62910031,1,2025-03-04 11:20:29.268,,,62910031,2025-03-04 11:23:32.420,2025-03-04 11:23:32.420,,,,,UTC+0100,r7FYwmiDQH,,com.sec.android.app.shealth,2025-03-04 11:20:29.268,5962cfd1-ea24-463e-8e00-66ec2d1125d0,62.0,
,21312,62910031,1,2025-03-04 11:30:54.129,,,62910031,2025-03-04 11:33:30.624,2025-03-04 11:33:30.624,,,,,UTC+0100,r7FYwmiDQH,,com.sec.android.app.shealth,2025-03-04 11:30:54.129,90a9d6f9-2d90-4a99-b03c-1a2107545f2b,78.0,
,21312,62910031,1,2025-03-04 11:40:57.288,,,62910031,2025-03-04 11:43:38.470,2025-03-04 11:43:38.470,,,,,UTC+0100,r7FYwmiDQH,,com.sec.android.app.shealth,2025-03-04 11:40:57.288,6d2b08a9-2bf1-4d1c-b766-b35cd9636421,75.0,
,21312,62910031,1,2025-03-04 11:50:29.361,,,62910031,2025-03-04 11:50:31.082,2025-03-04 11:50:31.082,,,,,UTC+0100,r7FYwmiDQH,,com.sec.android.app.shealth,2025-03-04 11:50:29.361,b16dd7d5-58b0-45fd-a555-b7ab55d283d4,72.0,
,21312,62910031,1,2025-03-04 12:00:54.165,,,62910031,2025-03-04 12:01:51.170,2025-03-04 12:01:51.170,,,,,UTC+0100,r7FYwmiDQH,,com.sec.android.app.shealth,2025-03-04 12:00:54.165,afe14089-3aa7-439e-bc5a-e69982485269,84.0,
,21312,62910031,1,2025-03-04 12:10:30.602,,,62910031,2025-03-04 12:11:13.197,2025-03-04 12:11:13.197,,,,,UTC+0100,r7FYwmiDQH,,com.sec.android.app.shealth,2025-03-04 12:10:30.602,92f0b9fd-0db0-47da-b7ad-32697ea8ea4f,82.0,
,21312,62910031,1,2025-03-04 12:20:29.217,,,62910031,2025-03-04 12:24:03.533,2025-03-04 12:24:03.533,,,,,UTC+0100,r7FYwmiDQH,,com.sec.android.app.shealth,2025-03-04 12:20:29.217,bd4b4e15-a154-449a-85f9-ca34c7a3ba14,77.0,
,21312,62910031,1,2025-03-04 12:30:59.585,,,62910031,2025-03-04 12:34:59.288,2025-03-04 12:34:59.288,,,,,UTC+0100,r7FYwmiDQH,,com.sec.android.app.shealth,2025-03-04 12:30:59.585,edc4fe0f-2da0-4bdd-83a9-97545b2c8142,91.0,
,21312,62910031,1,2025-03-04 12:40:29.375,,,62910031,2025-03-04 12:41:47.903,2025-03-04 12:41:47.903,,,,,UTC+0100,r7FYwmiDQH,,com.sec.android.app.shealth,2025-03-04 12:40:29.375,fa7e0eed-0917-4eff-8a55-84db1446d2f4,75.0,
,21312,62910031,1,2025-03-04 12:50:29.302,,,62910031,2025-03-04 12:54:59.285,2025-03-04 12:54:59.285,,,,,UTC+0100,r7FYwmiDQH,,com.sec.android.app.shealth,2025-03-04 12:50:29.302,740c3d3e-d9c4-4c7d-acd8-c16a5ddf1eea,79.0,
,21312,62910031,1,2025-03-04 13:31:05.676,,,62910031,2025-03-04 13:35:00.160,2025-03-04 13:35:00.160,,,,,UTC+0100,r7FYwmiDQH,,com.sec.android.app.shealth,2025-03-04 13:31:05.676,3046fa9b-ca27-41fa-9d86-5334a5147d51,80.0,
,21312,62910031,1,2025-03-04 13:40:29.295,,,62910031,2025-03-04 13:50:05.399,2025-03-04 13:50:05.399,,,,,UTC+0100,r7FYwmiDQH,,com.sec.android.app.shealth,2025-03-04 13:40:29.295,355e1c9a-c915-43d5-b84a-df18028b7c83,85.0,
,21312,62910031,1,2025-03-04 13:50:52.158,,,62910031,2025-03-04 13:52:29.363,2025-03-04 13:52:29.363,,,,,UTC+0100,r7FYwmiDQH,,com.sec.android.app.shealth,2025-03-04 13:50:52.158,d912d99e-c3f6-4f52-9796-d88450a60746,90.0,
,21312,62910031,1,2025-03-04 14:30:29.333,,,62910031,2025-03-04 14:34:11.809,2025-03-04 14:34:11.809,,,,,UTC+0100,r7FYwmiDQH,,com.sec.android.app.shealth,2025-03-04 14:30:29.333,0d6703d1-ba26-4f58-94d3-5e2fe1aa3d7a,100.0,
,21312,62910031,1,2025-03-04 14:40:29.387,,,62910031,2025-03-04 14:44:17.856,2025-03-04 14:44:17.856,,,,,UTC+0100,r7FYwmiDQH,,com.sec.android.app.shealth,2025-03-04 14:40:29.387,549e71e9-5a91-47e2-a2b2-506b5c0a4523,90.0,
,21312,62910031,1,2025-03-04 14:50:29.350,,,62910031,2025-03-04 14:52:13.198,2025-03-04 14:52:13.198,,,,,UTC+0100,r7FYwmiDQH,,com.sec.android.app.shealth,2025-03-04 14:50:29.350,94b3a935-7220-485f-bca1-7c4e9fb03af1,88.0,
,21312,62910031,1,2025-03-04 15:40:29.392,,,62910031,2025-03-04 15:54:59.332,2025-03-04 15:54:59.332,,,,,UTC+0100,r7FYwmiDQH,,com.sec.android.app.shealth,2025-03-04 15:40:29.392,c970b595-86f6-44b8-9185-a6b2b586c3bd,80.0,
,21312,62910031,1,2025-03-04 15:50:29.392,,,62910031,2025-03-04 15:54:59.344,2025-03-04 15:54:59.344,,,,,UTC+0100,r7FYwmiDQH,,com.sec.android.app.shealth,2025-03-04 15:50:29.392,6e024f8f-31dc-4d92-858d-bb3b4cd1b9e9,65.0,
,21312,62910031,1,2025-03-04 16:20:29.292,,,62910031,2025-03-04 16:30:29.413,2025-03-04 16:30:29.413,,,,,UTC+0100,r7FYwmiDQH,,com.sec.android.app.shealth,2025-03-04 16:20:29.292,46c2f2c6-04ec-49f9-9e68-41e35a322961,74.0,
,21312,62910031,1,2025-03-04 16:40:54.480,,,62910031,2025-03-04 16:42:45.178,2025-03-04 16:42:45.178,,,,,UTC+0100,r7FYwmiDQH,,com.sec.android.app.shealth,2025-03-04 16:40:54.480,bde581a5-347d-420c-8f3b-3819ec362036,81.0,
,21312,62910031,1,2025-03-04 16:50:29.311,,,62910031,2025-03-04 16:55:00.463,2025-03-04 16:55:00.463,,,,,UTC+0100,r7FYwmiDQH,,com.sec.android.app.shealth,2025-03-04 16:50:29.311,eac468a6-adb5-41ec-a259-b72dabf03784,81.0,
,21312,62910031,1,2025-03-04 17:00:29.283,,,62910031,2025-03-04 17:15:00.206,2025-03-04 17:15:00.206,,,,,UTC+0100,r7FYwmiDQH,,com.sec.android.app.shealth,2025-03-04 17:00:29.283,add5908b-97c7-4a26-9782-a68f03aa0738,76.0,
,21312,62910031,1,2025-03-04 17:10:29.283,,,62910031,2025-03-04 17:15:00.218,2025-03-04 17:15:00.218,,,,,UTC+0100,r7FYwmiDQH,,com.sec.android.app.shealth,2025-03-04 17:10:29.283,a6832f1e-1966-447f-baee-fcc6bab17c88,92.0,
,21312,62910031,1,2025-03-04 17:30:29.310,,,62910031,2025-03-04 17:32:24.178,2025-03-04 17:32:24.178,,,,,UTC+0100,r7FYwmiDQH,,com.sec.android.app.shealth,2025-03-04 17:30:29.310,1a6f0c62-878c-447a-946c-85979b724db2,83.0,
,21312,62910031,1,2025-03-04 17:40:30.829,,,62910031,2025-03-04 17:41:04.180,2025-03-04 17:41:04.180,,,,,UTC+0100,r7FYwmiDQH,,com.sec.android.app.shealth,2025-03-04 17:40:30.829,62a39b29-89e1-44f9-b0d6-0c58dec2f2a1,85.0,
,21312,62910031,1,2025-03-04 17:50:58.604,,,62910031,2025-03-04 17:55:01.046,2025-03-04 17:55:01.046,,,,,UTC+0100,r7FYwmiDQH,,com.sec.android.app.shealth,2025-03-04 17:50:58.604,ca1296e2-b6a1-4d9c-b79b-f754fa7432ab,74.0,
,21312,62910031,1,2025-03-04 18:00:29.317,,,62910031,2025-03-04 18:15:01.065,2025-03-04 18:15:01.065,,,,,UTC+0100,r7FYwmiDQH,,com.sec.android.app.shealth,2025-03-04 18:00:29.317,bb88712a-b25f-4bba-b15e-3c5766e9d164,80.0,
,21312,62910031,1,2025-03-04 18:10:29.317,,,62910031,2025-03-04 18:15:01.073,2025-03-04 18:15:01.073,,,,,UTC+0100,r7FYwmiDQH,,com.sec.android.app.shealth,2025-03-04 18:10:29.317,7da7958d-b14e-4fac-b1a5-b257c90eee30,83.0,
,21312,62910031,1,2025-03-04 18:20:29.351,,,62910031,2025-03-04 18:31:20.141,2025-03-04 18:31:20.141,,,,,UTC+0100,r7FYwmiDQH,,com.sec.android.app.shealth,2025-03-04 18:20:29.351,9466793e-f982-40bf-9c86-ae9f580facaa,75.0,
,21312,62910031,1,2025-03-04 18:30:29.351,,,62910031,2025-03-04 18:31:20.168,2025-03-04 18:31:20.168,,,,,UTC+0100,r7FYwmiDQH,,com.sec.android.app.shealth,2025-03-04 18:30:29.351,b4ae5366-19ea-4e05-9b05-3ffd3957b23b,70.0,
,21312,62910031,1,2025-03-04 18:40:29.341,,,62910031,2025-03-04 18:42:24.600,2025-03-04 18:42:24.600,,,,,UTC+0100,r7FYwmiDQH,,com.sec.android.app.shealth,2025-03-04 18:40:29.341,fbd52cdf-da55-4136-81b2-8a9b1ecf7be8,74.0,
,21312,62910031,1,2025-03-04 18:50:29.355,,,62910031,2025-03-04 18:55:00.335,2025-03-04 18:55:00.335,,,,,UTC+0100,r7FYwmiDQH,,com.sec.android.app.shealth,2025-03-04 18:50:29.355,5da1a628-c36a-4272-ac08-d43bcf37b059,76.0,
,21312,62910031,1,2025-03-04 19:00:29.354,,,62910031,2025-03-04 19:00:41.011,2025-03-04 19:00:41.011,,,,,UTC+0100,r7FYwmiDQH,,com.sec.android.app.shealth,2025-03-04 19:00:29.354,03fe6d19-39f3-4717-80e3-014330aee972,78.0,
,21312,62910031,1,2025-03-04 19:10:29.319,,,62910031,2025-03-04 19:14:59.296,2025-03-04 19:14:59.296,,,,,UTC+0100,r7FYwmiDQH,,com.sec.android.app.shealth,2025-03-04 19:10:29.319,dd52a7ce-987d-40aa-8164-efb26f132038,73.0,
,21312,62910031,1,2025-03-04 19:20:29.318,,,62910031,2025-03-04 19:34:59.461,2025-03-04 19:34:59.461,,,,,UTC+0100,r7FYwmiDQH,,com.sec.android.app.shealth,2025-03-04 19:20:29.318,5f8947e8-9936-4c7f-a28d-13de48843321,68.0,
,21312,62910031,1,2025-03-04 19:30:29.318,,,62910031,2025-03-04 19:34:59.470,2025-03-04 19:34:59.470,,,,,UTC+0100,r7FYwmiDQH,,com.sec.android.app.shealth,2025-03-04 19:30:29.318,dcc1acab-7e52-4483-91cb-a65f32c44981,67.0,
,21312,62910031,1,2025-03-04 19:40:29.375,,,62910031,2025-03-04 19:54:59.404,2025-03-04 19:54:59.404,,,,,UTC+0100,r7FYwmiDQH,,com.sec.android.app.shealth,2025-03-04 19:40:29.375,c73dea3e-d6fc-448b-8a77-78241d582857,69.0,
,21312,62910031,1,2025-03-04 19:50:29.375,,,62910031,2025-03-04 19:54:59.416,2025-03-04 19:54:59.416,,,,,UTC+0100,r7FYwmiDQH,,com.sec.android.app.shealth,2025-03-04 19:50:29.375,d7a632f3-4a30-41b7-a1dd-4621d6f64ad1,68.0,
,21312,62910031,1,2025-03-04 20:10:29.292,,,62910031,2025-03-04 20:14:13.713,2025-03-04 20:14:13.713,,,,,UTC+0100,r7FYwmiDQH,,com.sec.android.app.shealth,2025-03-04 20:10:29.292,d84d277d-d23b-400c-86f2-331a0b3a0e88,66.0,
,21312,62910031,1,2025-03-04 20:20:29.395,,,62910031,2025-03-04 20:23:35.151,2025-03-04 20:23:35.151,,,,,UTC+0100,r7FYwmiDQH,,com.sec.android.app.shealth,2025-03-04 20:20:29.395,24a7032b-5e04-4f6a-807a-25fca6eea53c,67.0,
,21312,62910031,1,2025-03-04 20:30:29.296,,,62910031,2025-03-04 20:34:59.434,2025-03-04 20:34:59.434,,,,,UTC+0100,r7FYwmiDQH,,com.sec.android.app.shealth,2025-03-04 20:30:29.296,96e2d605-fee6-4c82-8e4e-2b2a5c0af6e0,71.0,
,21312,62910031,1,2025-03-04 20:40:29.371,,,62910031,2025-03-04 20:40:29.258,2025-03-04 20:40:29.258,,,,,UTC+0100,r7FYwmiDQH,,com.sec.android.app.shealth,2025-03-04 20:40:29.371,539c2591-75bf-48e7-8ece-91446f8462e5,62.0,
,21312,62910031,1,2025-03-04 23:10:29.310,,,62910031,2025-03-04 23:15:00.064,2025-03-04 23:15:00.064,,,,,UTC+0100,r7FYwmiDQH,,com.sec.android.app.shealth,2025-03-04 23:10:29.310,37cb6a27-0683-4f0b-b80c-1a2e9028a4f0,60.0,
,21313,62910031,1,2025-03-04 23:00:00.000,,abdaf08f-8b6d-4ef3-aef7-43450e86daab.com.samsung.health.heart_rate.binning_data.json,62910031,2025-03-05 00:08:04.203,2025-03-04 23:15:00.052,,80.0,53.0,,UTC+0100,r7FYwmiDQH,,com.sec.android.app.shealth,2025-03-04 23:59:59.999,abdaf08f-8b6d-4ef3-aef7-43450e86daab,65.0,
,21313,62910031,1,2025-03-05 00:00:00.000,,2eaac8a7-4d2f-4cb2-bf10-45030001ba5a.com.samsung.health.heart_rate.binning_data.json,62910031,2025-03-05 01:05:06.305,2025-03-05 00:13:07.249,,84.0,54.0,,UTC+0100,r7FYwmiDQH,,com.sec.android.app.shealth,2025-03-05 00:59:59.999,2eaac8a7-4d2f-4cb2-bf10-45030001ba5a,67.0,
,21313,62910031,1,2025-03-05 01:00:00.000,,60be3efc-cfeb-475c-8672-b7035128b21a.com.samsung.health.heart_rate.binning_data.json,62910031,2025-03-05 02:05:07.289,2025-03-05 01:13:11.185,,76.0,54.0,,UTC+0100,r7FYwmiDQH,,com.sec.android.app.shealth,2025-03-05 01:59:59.999,60be3efc-cfeb-475c-8672-b7035128b21a,59.0,
,21313,62910031,1,2025-03-05 02:00:00.000,,28e348a5-621a-4451-ade2-933f20109b06.com.samsung.health.heart_rate.binning_data.json,62910031,2025-03-05 03:05:05.290,2025-03-05 02:12:10.164,,81.0,55.0,,UTC+0100,r7FYwmiDQH,,com.sec.android.app.shealth,2025-03-05 02:59:59.999,28e348a5-621a-4451-ade2-933f20109b06,61.0,
,21313,62910031,1,2025-03-05 03:00:00.000,,f019af7a-bca0-496b-9435-2c48d6b73b7d.com.samsung.health.heart_rate.binning_data.json,62910031,2025-03-05 04:05:29.238,2025-03-05 03:14:25.118,,78.0,52.0,,UTC+0100,r7FYwmiDQH,,com.sec.android.app.shealth,2025-03-05 03:59:59.999,f019af7a-bca0-496b-9435-2c48d6b73b7d,59.0,
,21313,62910031,1,2025-03-05 04:00:00.000,,0576f0e1-c079-4118-a639-77a25a000815.com.samsung.health.heart_rate.binning_data.json,62910031,2025-03-05 05:05:46.031,2025-03-05 04:12:09.301,,101.0,54.0,,UTC+0100,r7FYwmiDQH,,com.sec.android.app.shealth,2025-03-05 04:59:59.999,0576f0e1-c079-4118-a639-77a25a000815,61.0,
,21313,62910031,1,2025-03-05 05:00:00.000,,864abf72-efdf-4cda-aa0d-1586ab8f15b6.com.samsung.health.heart_rate.binning_data.json,62910031,2025-03-05 06:06:08.143,2025-03-05 05:05:46.343,,80.0,55.0,,UTC+0100,r7FYwmiDQH,,com.sec.android.app.shealth,2025-03-05 05:59:59.999,864abf72-efdf-4cda-aa0d-1586ab8f15b6,61.0,
,21313,62910031,1,2025-03-05 06:00:00.000,,4dc7341b-be84-4081-a916-99be9dce820f.com.samsung.health.heart_rate.binning_data.json,62910031,2025-03-05 07:05:07.702,2025-03-05 06:06:08.381,,78.0,52.0,,UTC+0100,r7FYwmiDQH,,com.sec.android.app.shealth,2025-03-05 06:59:59.999,4dc7341b-be84-4081-a916-99be9dce820f,61.0,
,21313,62910031,1,2025-03-05 07:00:00.000,,fd0bb337-9870-43ac-997b-c16032c6720a.com.samsung.health.heart_rate.binning_data.json,62910031,2025-03-05 07:05:08.145,2025-03-05 07:05:08.145,,77.0,63.0,,UTC+0100,r7FYwmiDQH,,com.sec.android.app.shealth,2025-03-05 07:05:07.999,fd0bb337-9870-43ac-997b-c16032c6720a,67.0,
,21312,62701231,1,2025-03-06 18:00:29.345,,,62701231,2025-03-06 18:00:30.071,2025-03-06 18:00:30.071,,,,,UTC+0100,NA9l677+ml,,com.sec.android.app.shealth,2025-03-06 18:00:29.345,db5f7919-2e86-4e39-90a3-a0621dea2ea9,63.0,
,21312,62701231,1,2025-03-06 18:10:29.290,,,62701231,2025-03-06 18:15:01.024,2025-03-06 18:15:01.024,,,,,UTC+0100,NA9l677+ml,,com.sec.android.app.shealth,2025-03-06 18:10:29.290,90549eaa-0b1a-4ca2-80eb-1f905dbe2c6e,63.0,
,21312,62701231,1,2025-03-06 18:20:29.295,,,62701231,2025-03-06 18:21:17.795,2025-03-06 18:21:17.795,,,,,UTC+0100,NA9l677+ml,,com.sec.android.app.shealth,2025-03-06 18:20:29.295,27e7bfa7-4736-493e-a8a7-0a6baba5d158,64.0,
,21312,62701231,1,2025-03-06 18:31:23.930,,,62701231,2025-03-06 18:32:33.274,2025-03-06 18:32:33.274,,,,,UTC+0100,NA9l677+ml,,com.sec.android.app.shealth,2025-03-06 18:31:23.930,eae776d3-d3b3-42b6-bf9e-34bce954ca04,86.0,
,21312,62701231,1,2025-03-06 18:40:29.285,,,62701231,2025-03-06 18:55:00.582,2025-03-06 18:55:00.582,,,,,UTC+0100,NA9l677+ml,,com.sec.android.app.shealth,2025-03-06 18:40:29.285,60b970c8-0101-4349-88a9-37e9dc2ca0a6,53.0,
,21312,62701231,1,2025-03-06 18:50:29.285,,,62701231,2025-03-06 18:55:00.589,2025-03-06 18:55:00.589,,,,,UTC+0100,NA9l677+ml,,com.sec.android.app.shealth,2025-03-06 18:50:29.285,5595e40e-89e7-43f1-a0a8-014246ef1a41,55.0,
,21312,62701231,1,2025-03-06 19:00:29.314,,,62701231,2025-03-06 19:02:15.783,2025-03-06 19:02:15.783,,,,,UTC+0100,NA9l677+ml,,com.sec.android.app.shealth,2025-03-06 19:00:29.314,7be38d74-4faf-41c2-9399-22f9c8833454,54.0,
,21312,62701231,1,2025-03-06 19:10:29.334,,,62701231,2025-03-06 19:14:01.865,2025-03-06 19:14:01.865,,,,,UTC+0100,NA9l677+ml,,com.sec.android.app.shealth,2025-03-06 19:10:29.334,c1465494-e712-422a-8b7f-bc993deda21a,67.0,
,21312,62701231,1,2025-03-06 19:20:29.274,,,62701231,2025-03-06 19:31:38.181,2025-03-06 19:31:38.181,,,,,UTC+0100,NA9l677+ml,,com.sec.android.app.shealth,2025-03-06 19:20:29.274,f9a86472-8546-46a4-8afd-241ea458363d,57.0,
,21312,62701231,1,2025-03-06 19:30:29.274,,,62701231,2025-03-06 19:31:38.186,2025-03-06 19:31:38.186,,,,,UTC+0100,NA9l677+ml,,com.sec.android.app.shealth,2025-03-06 19:30:29.274,a777ddfc-b77e-445d-9258-481a8753657c,60.0,
,21312,62701231,1,2025-03-06 19:40:29.270,,,62701231,2025-03-06 19:41:53.533,2025-03-06 19:41:53.533,,,,,UTC+0100,NA9l677+ml,,com.sec.android.app.shealth,2025-03-06 19:40:29.270,93329d18-96a1-4944-bf0e-6c27c22e99a7,67.0,
,21312,62701231,1,2025-03-06 19:50:29.281,,,62701231,2025-03-06 19:50:29.664,2025-03-06 19:50:29.664,,,,,UTC+0100,NA9l677+ml,,com.sec.android.app.shealth,2025-03-06 19:50:29.281,fada8c41-4f21-4bc9-98b7-c58a09507c08,69.0,
,21312,62701231,1,2025-03-06 20:00:29.293,,,62701231,2025-03-06 20:00:30.323,2025-03-06 20:00:30.323,,,,,UTC+0100,NA9l677+ml,,com.sec.android.app.shealth,2025-03-06 20:00:29.293,a14fbdce-9826-4919-89dc-f3a3e91ea917,68.0,
,21312,62701231,1,2025-03-06 20:10:29.295,,,62701231,2025-03-06 20:11:17.251,2025-03-06 20:11:17.251,,,,,UTC+0100,NA9l677+ml,,com.sec.android.app.shealth,2025-03-06 20:10:29.295,4b56fc3f-830a-4623-a319-67d14eeb0e54,70.0,
,21312,62701231,1,2025-03-06 20:20:29.245,,,62701231,2025-03-06 20:26:47.489,2025-03-06 20:26:47.489,,,,,UTC+0100,NA9l677+ml,,com.sec.android.app.shealth,2025-03-06 20:20:29.245,8e7b8ec8-0f73-4181-9ffa-4b16ffc4c169,67.0,
,21312,62701231,1,2025-03-06 20:30:29.308,,,62701231,2025-03-06 20:34:47.917,2025-03-06 20:34:47.917,,,,,UTC+0100,NA9l677+ml,,com.sec.android.app.shealth,2025-03-06 20:30:29.308,47b78858-1395-4a6c-b1b0-39e7d97cc4a1,65.0,
,21312,62701231,1,2025-03-06 20:40:29.342,,,62701231,2025-03-06 20:57:16.507,2025-03-06 20:57:16.507,,,,,UTC+0100,NA9l677+ml,,com.sec.android.app.shealth,2025-03-06 20:40:29.342,e9375e37-e109-4614-801d-cefb145408dc,66.0,
,21312,62701231,1,2025-03-06 20:50:29.342,,,62701231,2025-03-06 20:57:16.512,2025-03-06 20:57:16.512,,,,,UTC+0100,NA9l677+ml,,com.sec.android.app.shealth,2025-03-06 20:50:29.342,4fd63ca2-77cf-442c-8fb6-32dc95f2ad70,68.0,
,21312,62701231,1,2025-03-06 21:00:29.316,,,62701231,2025-03-06 21:02:43.943,2025-03-06 21:02:43.943,,,,,UTC+0100,NA9l677+ml,,com.sec.android.app.shealth,2025-03-06 21:00:29.316,5218acbe-0fe1-421c-ae47-00b7461ca5aa,66.0,
,21312,62701231,1,2025-03-06 21:10:29.284,,,62701231,2025-03-06 21:10:42.368,2025-03-06 21:10:42.368,,,,,UTC+0100,NA9l677+ml,,com.sec.android.app.shealth,2025-03-06 21:10:29.284,77587157-fee0-4af5-9a63-3abe9dc55df6,71.0,
,20000,62701231,1,2025-03-06 21:18:04.481,,,62701231,2025-03-06 21:18:04.391,2025-03-06 21:18:04.391,,,,,UTC+0100,NA9l677+ml,,com.sec.android.app.shealth,2025-03-06 21:18:04.481,03e16c71-ad0a-4813-aedb-9ea7c326c6d9,61.0,
,21312,62701231,1,2025-03-06 21:20:29.291,,,62701231,2025-03-06 21:35:00.788,2025-03-06 21:35:00.788,,,,,UTC+0100,NA9l677+ml,,com.sec.android.app.shealth,2025-03-06 21:20:29.291,3c01f317-b3c0-4f7d-af5d-215504586fe0,62.0,
,21312,62701231,1,2025-03-06 21:30:29.291,,,62701231,2025-03-06 21:35:00.793,2025-03-06 21:35:00.793,,,,,UTC+0100,NA9l677+ml,,com.sec.android.app.shealth,2025-03-06 21:30:29.291,45663c4a-dd81-465b-92da-684928ff7858,62.0,
,21312,62701231,1,2025-03-06 21:40:29.318,,,62701231,2025-03-06 21:46:34.608,2025-03-06 21:46:34.608,,,,,UTC+0100,NA9l677+ml,,com.sec.android.app.shealth,2025-03-06 21:40:29.318,74828ed3-4fd3-414c-97c2-dd4798cb53a1,63.0,
,21312,62701231,1,2025-03-06 21:50:29.333,,,62701231,2025-03-06 21:50:37.906,2025-03-06 21:50:37.906,,,,,UTC+0100,NA9l677+ml,,com.sec.android.app.shealth,2025-03-06 21:50:29.333,c52cc32d-d717-4373-9c7f-898fa575712e,63.0,
,21312,62701231,1,2025-03-06 22:00:29.331,,,62701231,2025-03-06 22:02:10.487,2025-03-06 22:02:10.487,,,,,UTC+0100,NA9l677+ml,,com.sec.android.app.shealth,2025-03-06 22:00:29.331,f323489a-783c-4085-bdfd-505422b6428b,62.0,
,21312,62701231,1,2025-03-06 22:10:29.316,,,62701231,2025-03-06 22:15:01.048,2025-03-06 22:15:01.048,,,,,UTC+0100,NA9l677+ml,,com.sec.android.app.shealth,2025-03-06 22:10:29.316,a019f235-ed02-41b9-bcd0-ee499a13d10b,68.0,
,21312,62701231,1,2025-03-06 22:20:29.318,,,62701231,2025-03-06 22:28:28.438,2025-03-06 22:28:28.438,,,,,UTC+0100,NA9l677+ml,,com.sec.android.app.shealth,2025-03-06 22:20:29.318,be94bb16-dbb9-4cfd-860d-07f022207a03,61.0,
,21312,62701231,1,2025-03-06 22:30:29.266,,,62701231,2025-03-06 22:30:50.098,2025-03-06 22:30:50.098,,,,,UTC+0100,NA9l677+ml,,com.sec.android.app.shealth,2025-03-06 22:30:29.266,b6f54990-3c00-484c-8de6-00e7ab08dc1b,63.0,
,21312,62701231,1,2025-03-06 22:40:29.325,,,62701231,2025-03-06 22:51:19.894,2025-03-06 22:51:19.894,,,,,UTC+0100,NA9l677+ml,,com.sec.android.app.shealth,2025-03-06 22:40:29.325,c16b5ff4-885f-421b-aa8d-e7b14a8c3823,73.0,
,21312,62701231,1,2025-03-06 22:50:29.325,,,62701231,2025-03-06 22:51:19.898,2025-03-06 22:51:19.898,,,,,UTC+0100,NA9l677+ml,,com.sec.android.app.shealth,2025-03-06 22:50:29.325,4f533d08-e3cf-4185-a0e1-6b64260fbf90,63.0,
,21312,62701231,1,2025-03-06 23:00:29.307,,,62701231,2025-03-06 23:17:18.746,2025-03-06 23:17:18.746,,,,,UTC+0100,NA9l677+ml,,com.sec.android.app.shealth,2025-03-06 23:00:29.307,8be3473d-0274-4f77-961b-242e680a5945,59.0,
,21312,62701231,1,2025-03-06 23:10:29.307,,,62701231,2025-03-06 23:17:18.753,2025-03-06 23:17:18.753,,,,,UTC+0100,NA9l677+ml,,com.sec.android.app.shealth,2025-03-06 23:10:29.307,52000470-6275-4dcd-a266-2a47b8e077d1,62.0,
,21312,62701231,1,2025-03-06 23:20:29.243,,,62701231,2025-03-06 23:22:16.905,2025-03-06 23:22:16.905,,,,,UTC+0100,NA9l677+ml,,com.sec.android.app.shealth,2025-03-06 23:20:29.243,02a5928b-5ea1-4c07-9385-64f262107d9f,69.0,
,21312,62701231,1,2025-03-06 23:30:29.217,,,62701231,2025-03-06 23:30:49.031,2025-03-06 23:30:49.031,,,,,UTC+0100,NA9l677+ml,,com.sec.android.app.shealth,2025-03-06 23:30:29.217,27bc0e1e-c49d-499a-928a-7a98c1c7203e,62.0,
,21312,62701231,1,2025-03-06 23:40:29.366,,,62701231,2025-03-06 23:44:38.148,2025-03-06 23:44:38.148,,,,,UTC+0100,NA9l677+ml,,com.sec.android.app.shealth,2025-03-06 23:40:29.366,e98ea89a-fe03-4209-b633-6cf6181abca0,63.0,
,21312,62701231,1,2025-03-06 23:50:29.289,,,62701231,2025-03-06 23:51:45.175,2025-03-06 23:51:45.175,,,,,UTC+0100,NA9l677+ml,,com.sec.android.app.shealth,2025-03-06 23:50:29.289,76e8144b-f904-4d61-8bee-e9aac2e496ca,61.0,
,21313,62701231,1,2025-03-07 00:00:00.000,,8ff54484-9549-4f91-b865-78a085acbf7d.com.samsung.health.heart_rate.binning_data.json,62701231,2025-03-07 01:54:59.613,2025-03-07 00:28:45.353,,70.0,53.0,,UTC+0100,NA9l677+ml,,com.sec.android.app.shealth,2025-03-07 00:59:59.999,8ff54484-9549-4f91-b865-78a085acbf7d,57.0,
,21313,62701231,1,2025-03-07 01:00:00.000,,02e3cd62-01e6-4424-ad23-830049bde271.com.samsung.health.heart_rate.binning_data.json,62701231,2025-03-07 02:06:57.962,2025-03-07 01:03:32.744,,61.0,51.0,,UTC+0100,NA9l677+ml,,com.sec.android.app.shealth,2025-03-07 01:59:59.999,02e3cd62-01e6-4424-ad23-830049bde271,54.0,
,21312,62701231,1,2025-03-07 01:10:29.277,,,62701231,2025-03-07 01:15:00.974,2025-03-07 01:15:00.974,,,,,UTC+0100,NA9l677+ml,,com.sec.android.app.shealth,2025-03-07 01:10:29.277,439d92a0-298d-4cf1-bc67-d81472f4abca,55.0,
,21312,62701231,1,2025-03-07 01:20:29.288,,,62701231,2025-03-07 01:35:00.464,2025-03-07 01:35:00.464,,,,,UTC+0100,NA9l677+ml,,com.sec.android.app.shealth,2025-03-07 01:20:29.288,57924c2d-0338-4a03-ab6f-57638cc26f58,54.0,
,21312,62701231,1,2025-03-07 01:30:29.288,,,62701231,2025-03-07 01:35:00.469,2025-03-07 01:35:00.469,,,,,UTC+0100,NA9l677+ml,,com.sec.android.app.shealth,2025-03-07 01:30:29.288,e9ac7767-9e5c-40a1-9538-e85f2c19bfda,56.0,
,21313,62701231,1,2025-03-07 02:00:00.000,,381283d7-14ae-428f-82c4-d712a2d6de19.com.samsung.health.heart_rate.binning_data.json,62701231,2025-03-07 03:08:31.659,2025-03-07 02:06:58.238,,67.0,50.0,,UTC+0100,NA9l677+ml,,com.sec.android.app.shealth,2025-03-07 02:59:59.999,381283d7-14ae-428f-82c4-d712a2d6de19,57.0,
,21313,62701231,1,2025-03-07 03:00:00.000,,a5746f85-5327-413c-81c7-b5b78c1a439a.com.samsung.health.heart_rate.binning_data.json,62701231,2025-03-07 04:08:50.673,2025-03-07 03:11:22.632,,78.0,51.0,,UTC+0100,NA9l677+ml,,com.sec.android.app.shealth,2025-03-07 03:59:59.999,a5746f85-5327-413c-81c7-b5b78c1a439a,58.0,
,21313,62701231,1,2025-03-07 04:00:00.000,,8e06ffc7-39fa-45c6-a13a-2745c6206868.com.samsung.health.heart_rate.binning_data.json,62701231,2025-03-07 05:03:23.593,2025-03-07 04:09:57.612,,74.0,50.0,,UTC+0100,NA9l677+ml,,com.sec.android.app.shealth,2025-03-07 04:59:59.999,8e06ffc7-39fa-45c6-a13a-2745c6206868,55.0,
,21313,62701231,1,2025-03-07 05:00:00.000,,67ee5fe1-d038-484d-b542-67301b678dc4.com.samsung.health.heart_rate.binning_data.json,62701231,2025-03-07 06:05:03.437,2025-03-07 05:03:23.948,,74.0,50.0,,UTC+0100,NA9l677+ml,,com.sec.android.app.shealth,2025-03-07 05:59:59.999,67ee5fe1-d038-484d-b542-67301b678dc4,55.0,
,21313,62701231,1,2025-03-07 06:00:00.000,,f317cc76-ff22-4c19-a4e7-549728570d61.com.samsung.health.heart_rate.binning_data.json,62701231,2025-03-07 06:05:27.152,2025-03-07 06:05:27.152,,71.0,53.0,,UTC+0100,NA9l677+ml,,com.sec.android.app.shealth,2025-03-07 06:05:27.141,f317cc76-ff22-4c19-a4e7-549728570d61,56.0,
,21313,62910031,1,2025-03-07 07:00:00.000,,57c03f80-931b-4355-859d-e3dbef6a48c5.com.samsung.health.heart_rate.binning_data.json,62910031,2025-03-07 08:01:45.665,2025-03-07 07:15:00.562,,84.0,52.0,,UTC+0100,NA9l677+ml,,com.sec.android.app.shealth,2025-03-07 07:59:59.999,57c03f80-931b-4355-859d-e3dbef6a48c5,64.0,
,21312,62910031,1,2025-03-07 08:00:30.408,,,62910031,2025-03-07 08:01:45.722,2025-03-07 08:01:45.722,,,,,UTC+0100,NA9l677+ml,,com.sec.android.app.shealth,2025-03-07 08:00:30.408,fd794d91-ad6d-46e3-b515-d07b09b11b5e,72.0,
,21312,62910031,1,2025-03-07 08:10:29.335,,,62910031,2025-03-07 08:15:00.573,2025-03-07 08:15:00.573,,,,,UTC+0100,NA9l677+ml,,com.sec.android.app.shealth,2025-03-07 08:10:29.335,0c8c2aa8-e7a6-4a8c-b92e-319bebded26b,76.0,
,21312,62910031,1,2025-03-07 08:20:29.246,,,62910031,2025-03-07 08:20:40.003,2025-03-07 08:20:40.003,,,,,UTC+0100,NA9l677+ml,,com.sec.android.app.shealth,2025-03-07 08:20:29.246,c7c79381-fccf-4ef9-b2f4-9d235883874a,83.0,
,21312,62910031,1,2025-03-07 08:30:29.271,,,62910031,2025-03-07 08:34:59.661,2025-03-07 08:34:59.661,,,,,UTC+0100,NA9l677+ml,,com.sec.android.app.shealth,2025-03-07 08:30:29.271,69734227-30a3-4113-9800-ed2feb3e109c,75.0,
,21312,62910031,1,2025-03-07 08:50:29.285,,,62910031,2025-03-07 08:55:00.776,2025-03-07 08:55:00.776,,,,,UTC+0100,NA9l677+ml,,com.sec.android.app.shealth,2025-03-07 08:50:29.285,8d772fe4-aa27-4e38-9c84-febc3a44ca29,70.0,
,21312,62910031,1,2025-03-07 09:00:37.580,,,62910031,2025-03-07 09:06:27.257,2025-03-07 09:06:27.257,,,,,UTC+0100,NA9l677+ml,,com.sec.android.app.shealth,2025-03-07 09:00:37.580,e94dca6d-b65c-45bf-96fa-05e8eedd7312,86.0,
,21312,62910031,1,2025-03-07 09:20:29.254,,,62910031,2025-03-07 09:35:00.324,2025-03-07 09:35:00.324,,,,,UTC+0100,NA9l677+ml,,com.sec.android.app.shealth,2025-03-07 09:20:29.254,ec3f1aee-cff6-4552-ac33-f42a890067c7,80.0,
,21312,62910031,1,2025-03-07 09:30:29.254,,,62910031,2025-03-07 09:35:00.328,2025-03-07 09:35:00.328,,,,,UTC+0100,NA9l677+ml,,com.sec.android.app.shealth,2025-03-07 09:30:29.254,28596359-a440-4359-81db-862587c6953e,78.0,
,21312,62910031,1,2025-03-07 09:40:29.275,,,62910031,2025-03-07 09:44:25.131,2025-03-07 09:44:25.131,,,,,UTC+0100,NA9l677+ml,,com.sec.android.app.shealth,2025-03-07 09:40:29.275,07003725-163d-42a4-b151-5f5e3de3b9a1,77.0,
,21312,62910031,1,2025-03-07 09:50:29.290,,,62910031,2025-03-07 09:55:00.536,2025-03-07 09:55:00.536,,,,,UTC+0100,NA9l677+ml,,com.sec.android.app.shealth,2025-03-07 09:50:29.290,66e85058-f517-45c9-8db4-06f367572878,55.0,
,21312,62910031,1,2025-03-07 10:41:00.076,,,62910031,2025-03-07 10:42:00.383,2025-03-07 10:42:00.383,,,,,UTC+0100,NA9l677+ml,,com.sec.android.app.shealth,2025-03-07 10:41:00.076,f66fc3c0-f10e-42e1-9c27-b4414f0e5d9d,74.0,
,21312,62910031,1,2025-03-07 11:00:29.282,,,62910031,2025-03-07 11:00:32.350,2025-03-07 11:00:32.350,,,,,UTC+0100,NA9l677+ml,,com.sec.android.app.shealth,2025-03-07 11:00:29.282,fa2df50e-31b9-4a5b-af14-574b1749744d,66.0,
,21312,62910031,1,2025-03-07 11:10:29.336,,,62910031,2025-03-07 11:15:01.168,2025-03-07 11:15:01.168,,,,,UTC+0100,NA9l677+ml,,com.sec.android.app.shealth,2025-03-07 11:10:29.336,626c25d9-d6a9-40d2-8c83-00c091187f3e,66.0,
,21312,62910031,1,2025-03-07 11:20:29.299,,,62910031,2025-03-07 11:24:40.444,2025-03-07 11:24:40.444,,,,,UTC+0100,NA9l677+ml,,com.sec.android.app.shealth,2025-03-07 11:20:29.299,b188f553-b489-442c-b2ff-b4bc261d3544,64.0,
,21312,62910031,1,2025-03-07 11:30:29.306,,,62910031,2025-03-07 11:31:54.852,2025-03-07 11:31:54.852,,,,,UTC+0100,NA9l677+ml,,com.sec.android.app.shealth,2025-03-07 11:30:29.306,f1eb8d25-0c9e-43f4-8ca8-a9908034642c,72.0,
,21312,62910031,1,2025-03-07 12:00:29.251,,,62910031,2025-03-07 12:15:00.277,2025-03-07 12:15:00.277,,,,,UTC+0100,NA9l677+ml,,com.sec.android.app.shealth,2025-03-07 12:00:29.251,9d55098b-db35-4475-8ae4-86c8f32ab5bf,64.0,
,21312,62910031,1,2025-03-07 12:10:29.251,,,62910031,2025-03-07 12:15:00.281,2025-03-07 12:15:00.281,,,,,UTC+0100,NA9l677+ml,,com.sec.android.app.shealth,2025-03-07 12:10:29.251,d4502d45-10e8-4251-a72b-256cf22a8c42,71.0,
,21312,62910031,1,2025-03-07 12:20:29.294,,,62910031,2025-03-07 12:34:27.407,2025-03-07 12:34:27.407,,,,,UTC+0100,NA9l677+ml,,com.sec.android.app.shealth,2025-03-07 12:20:29.294,e831540a-3720-4200-a903-ea35f1415223,67.0,
,21312,62910031,1,2025-03-07 12:30:29.294,,,62910031,2025-03-07 12:34:27.411,2025-03-07 12:34:27.411,,,,,UTC+0100,NA9l677+ml,,com.sec.android.app.shealth,2025-03-07 12:30:29.294,01289b2a-eb9d-4c71-af8c-dc180489f6d0,67.0,
,21312,62910031,1,2025-03-07 12:40:39.501,,,62910031,2025-03-07 12:42:20.831,2025-03-07 12:42:20.831,,,,,UTC+0100,NA9l677+ml,,com.sec.android.app.shealth,2025-03-07 12:40:39.501,89f0bcd1-d8c5-45c9-8d8e-8d4555638b76,76.0,
,21312,62910031,1,2025-03-07 13:10:48.299,,,62910031,2025-03-07 13:11:51.447,2025-03-07 13:11:51.447,,,,,UTC+0100,NA9l677+ml,,com.sec.android.app.shealth,2025-03-07 13:10:48.299,292a7815-b6b3-486b-a40a-885c9f00be48,92.0,
,21312,62910031,1,2025-03-07 13:30:29.333,,,62910031,2025-03-07 13:35:00.554,2025-03-07 13:35:00.554,,,,,UTC+0100,NA9l677+ml,,com.sec.android.app.shealth,2025-03-07 13:30:29.333,f7f8f269-9e35-43b2-a7ec-70bc7d923b81,68.0,
,21312,62910031,1,2025-03-07 13:40:29.326,,,62910031,2025-03-07 13:41:44.894,2025-03-07 13:41:44.894,,,,,UTC+0100,NA9l677+ml,,com.sec.android.app.shealth,2025-03-07 13:40:29.326,a50d6982-d640-4c35-8bff-6389a57efa08,73.0,
,21312,62910031,1,2025-03-07 13:50:29.320,,,62910031,2025-03-07 13:52:27.114,2025-03-07 13:52:27.114,,,,,UTC+0100,NA9l677+ml,,com.sec.android.app.shealth,2025-03-07 13:50:29.320,e0545ed0-8c32-44d1-adc3-b0fa60336556,66.0,
,21312,62910031,1,2025-03-07 14:20:29.335,,,62910031,2025-03-07 14:22:57.779,2025-03-07 14:22:57.779,,,,,UTC+0100,NA9l677+ml,,com.sec.android.app.shealth,2025-03-07 14:20:29.335,6a2a9853-8b03-4771-99f1-37a3592fb165,83.0,
,21312,62910031,1,2025-03-07 14:30:29.282,,,62910031,2025-03-07 14:35:01.089,2025-03-07 14:35:01.089,,,,,UTC+0100,NA9l677+ml,,com.sec.android.app.shealth,2025-03-07 14:30:29.282,fd127beb-5304-4384-a437-7f6ace51bb01,68.0,
,21312,62910031,1,2025-03-07 14:40:29.360,,,62910031,2025-03-07 14:53:36.308,2025-03-07 14:53:36.308,,,,,UTC+0100,NA9l677+ml,,com.sec.android.app.shealth,2025-03-07 14:40:29.360,741b67e3-2ffe-4ac5-8fda-15815a4c52a5,66.0,
,21312,62910031,1,2025-03-07 14:50:29.360,,,62910031,2025-03-07 14:53:36.310,2025-03-07 14:53:36.310,,,,,UTC+0100,NA9l677+ml,,com.sec.android.app.shealth,2025-03-07 14:50:29.360,4d8f7250-a67c-4af2-8055-1cd92e1bbb17,74.0,
,21312,62910031,1,2025-03-07 15:00:29.269,,,62910031,2025-03-07 15:06:09.632,2025-03-07 15:06:09.632,,,,,UTC+0100,NA9l677+ml,,com.sec.android.app.shealth,2025-03-07 15:00:29.269,a731889f-d4ae-42cf-b621-545074981d65,72.0,
,21312,62910031,1,2025-03-07 15:10:29.332,,,62910031,2025-03-07 15:13:29.784,2025-03-07 15:13:29.784,,,,,UTC+0100,NA9l677+ml,,com.sec.android.app.shealth,2025-03-07 15:10:29.332,c1dfcf65-5bf1-4243-ad90-77418c8c0678,71.0,
,21312,62910031,1,2025-03-07 15:20:29.322,,,62910031,2025-03-07 15:31:00.792,2025-03-07 15:31:00.792,,,,,UTC+0100,NA9l677+ml,,com.sec.android.app.shealth,2025-03-07 15:20:29.322,bf4e44a1-3130-4c70-980c-c5fc8009b29b,78.0,
,21312,62910031,1,2025-03-07 15:30:29.322,,,62910031,2025-03-07 15:31:00.798,2025-03-07 15:31:00.798,,,,,UTC+0100,NA9l677+ml,,com.sec.android.app.shealth,2025-03-07 15:30:29.322,bd46494f-5338-486f-96f1-23475ef8cbf3,70.0,
,21312,62910031,1,2025-03-07 15:41:01.519,,,62910031,2025-03-07 15:55:00.194,2025-03-07 15:55:00.194,,,,,UTC+0100,NA9l677+ml,,com.sec.android.app.shealth,2025-03-07 15:41:01.519,b7b04959-5d63-4bb6-b365-14f7956dcdd4,68.0,
,21312,62910031,1,2025-03-07 16:00:29.315,,,62910031,2025-03-07 16:14:59.863,2025-03-07 16:14:59.863,,,,,UTC+0100,NA9l677+ml,,com.sec.android.app.shealth,2025-03-07 16:00:29.315,90bf4a6a-0841-41c3-b43b-56a49e83ed48,70.0,
,21312,62910031,1,2025-03-07 16:10:29.315,,,62910031,2025-03-07 16:14:59.869,2025-03-07 16:14:59.869,,,,,UTC+0100,NA9l677+ml,,com.sec.android.app.shealth,2025-03-07 16:10:29.315,efbc996d-c1c9-437e-aa13-63539bc0e1dd,70.0,
,21312,62910031,1,2025-03-07 16:20:29.258,,,62910031,2025-03-07 16:20:57.561,2025-03-07 16:20:57.561,,,,,UTC+0100,NA9l677+ml,,com.sec.android.app.shealth,2025-03-07 16:20:29.258,56ae8b88-9f0f-4f36-9aa2-d1546a9d39ba,68.0,
,21312,62910031,1,2025-03-07 16:30:29.264,,,62910031,2025-03-07 16:35:00.042,2025-03-07 16:35:00.042,,,,,UTC+0100,NA9l677+ml,,com.sec.android.app.shealth,2025-03-07 16:30:29.264,365718f9-54b9-4f28-8dc9-df01efcf3e25,69.0,
,21312,62910031,1,2025-03-07 16:40:59.131,,,62910031,2025-03-07 16:41:18.838,2025-03-07 16:41:18.838,,,,,UTC+0100,NA9l677+ml,,com.sec.android.app.shealth,2025-03-07 16:40:59.131,b8ee71ea-29d5-451a-b410-d18d9c4807c9,79.0,
,21312,62910031,1,2025-03-07 17:00:29.306,,,62910031,2025-03-07 17:02:47.860,2025-03-07 17:02:47.860,,,,,UTC+0100,NA9l677+ml,,com.sec.android.app.shealth,2025-03-07 17:00:29.306,d375a60e-36f9-415c-8caf-3e78e3634971,72.0,
,21312,62910031,1,2025-03-07 17:10:54.451,,,62910031,2025-03-07 17:15:00.575,2025-03-07 17:15:00.575,,,,,UTC+0100,NA9l677+ml,,com.sec.android.app.shealth,2025-03-07 17:10:54.451,d6564061-693b-44a5-8412-d61c73e01a42,66.0,
,21312,62910031,1,2025-03-07 17:40:29.277,,,62910031,2025-03-07 17:49:23.815,2025-03-07 17:49:23.815,,,,,UTC+0100,NA9l677+ml,,com.sec.android.app.shealth,2025-03-07 17:40:29.277,2a2fbfdd-406b-4d74-9ec9-ed2f0fc8cf8c,73.0,
,21312,62910031,1,2025-03-07 17:50:59.594,,,62910031,2025-03-07 17:52:46.685,2025-03-07 17:52:46.685,,,,,UTC+0100,NA9l677+ml,,com.sec.android.app.shealth,2025-03-07 17:50:59.594,8afc2036-766f-4cce-bad0-e9827414ced9,72.0,
,21312,62910031,1,2025-03-13 13:30:29.324,,,62910031,2025-03-13 13:35:00.108,2025-03-13 13:35:00.108,,,,,UTC+0100,NA9l677+ml,,com.sec.android.app.shealth,2025-03-13 13:30:29.324,b2b96b9f-341d-4f49-a3bd-5b382694cbc2,72.0,
,21312,62910031,1,2025-03-13 13:40:48.303,,,62910031,2025-03-13 13:40:57.077,2025-03-13 13:40:57.077,,,,,UTC+0100,NA9l677+ml,,com.sec.android.app.shealth,2025-03-13 13:40:48.303,f75fd195-3aa9-4ac1-969f-7978f82fdc3d,79.0,
,21312,62910031,1,2025-03-13 13:50:29.344,,,62910031,2025-03-13 13:54:59.912,2025-03-13 13:54:59.912,,,,,UTC+0100,NA9l677+ml,,com.sec.android.app.shealth,2025-03-13 13:50:29.344,06b05602-65f6-4711-9d2c-ae8325f822db,68.0,
,21312,62910031,1,2025-03-13 14:00:29.298,,,62910031,2025-03-13 14:02:37.153,2025-03-13 14:02:37.153,,,,,UTC+0100,NA9l677+ml,,com.sec.android.app.shealth,2025-03-13 14:00:29.298,6ae60467-36a8-42b0-8d69-606c6c1d71ff,64.0,
,21312,62910031,1,2025-03-13 14:10:29.298,,,62910031,2025-03-13 14:10:36.316,2025-03-13 14:10:36.316,,,,,UTC+0100,NA9l677+ml,,com.sec.android.app.shealth,2025-03-13 14:10:29.298,be3401e7-ab7f-439f-aa69-81286d990fb6,73.0,
,21312,62910031,1,2025-03-13 14:20:29.299,,,62910031,2025-03-13 14:24:01.669,2025-03-13 14:24:01.669,,,,,UTC+0100,NA9l677+ml,,com.sec.android.app.shealth,2025-03-13 14:20:29.299,ccd3be41-3253-423b-b849-008d8fecea8e,63.0,
,21312,62910031,1,2025-03-13 14:50:29.329,,,62910031,2025-03-13 15:00:46.859,2025-03-13 15:00:46.859,,,,,UTC+0100,NA9l677+ml,,com.sec.android.app.shealth,2025-03-13 14:50:29.329,031a7290-035c-4e0a-b865-4e2e74141e73,59.0,
,21312,62910031,1,2025-03-13 15:00:29.329,,,62910031,2025-03-13 15:00:46.867,2025-03-13 15:00:46.867,,,,,UTC+0100,NA9l677+ml,,com.sec.android.app.shealth,2025-03-13 15:00:29.329,44b6489c-8342-45d5-a6fa-a822c07deebd,70.0,
,21312,62910031,1,2025-03-13 15:10:29.380,,,62910031,2025-03-13 15:13:56.903,2025-03-13 15:13:56.903,,,,,UTC+0100,NA9l677+ml,,com.sec.android.app.shealth,2025-03-13 15:10:29.380,726c0182-4f63-44a7-b43c-1bc96b58e4d6,74.0,
,21312,62910031,1,2025-03-13 15:20:30.293,,,62910031,2025-03-13 15:25:04.682,2025-03-13 15:25:04.682,,,,,UTC+0100,NA9l677+ml,,com.sec.android.app.shealth,2025-03-13 15:20:30.293,3ff0f705-0d1c-4054-aef5-bdba73633c93,70.0,
,21312,62910031,1,2025-03-13 15:30:29.326,,,62910031,2025-03-13 15:35:00.347,2025-03-13 15:35:00.347,,,,,UTC+0100,NA9l677+ml,,com.sec.android.app.shealth,2025-03-13 15:30:29.326,7c86506c-547a-4a46-b719-1ac10796ffdb,74.0,
,21312,62910031,1,2025-03-13 15:40:29.345,,,62910031,2025-03-13 15:40:44.172,2025-03-13 15:40:44.172,,,,,UTC+0100,NA9l677+ml,,com.sec.android.app.shealth,2025-03-13 15:40:29.345,182f2c43-7918-4a05-9c9b-6c1c41c80185,63.0,
,21312,62910031,1,2025-03-13 16:00:29.341,,,62910031,2025-03-13 16:03:09.629,2025-03-13 16:03:09.629,,,,,UTC+0100,NA9l677+ml,,com.sec.android.app.shealth,2025-03-13 16:00:29.341,447ce1d8-4dab-41f3-b113-53bd682043cd,64.0,
,21312,62910031,1,2025-03-13 16:10:29.297,,,62910031,2025-03-13 16:15:00.975,2025-03-13 16:15:00.975,,,,,UTC+0100,NA9l677+ml,,com.sec.android.app.shealth,2025-03-13 16:10:29.297,b3833222-8a3f-4a3d-b5fa-89bfe3a2421b,64.0,
,21312,62910031,1,2025-03-13 16:20:32.092,,,62910031,2025-03-13 16:20:33.789,2025-03-13 16:20:33.789,,,,,UTC+0100,NA9l677+ml,,com.sec.android.app.shealth,2025-03-13 16:20:32.092,d274bee3-30d6-4446-a0ec-6f2b6183ffce,75.0,
,21312,62910031,1,2025-03-13 16:30:29.367,,,62910031,2025-03-13 16:30:33.861,2025-03-13 16:30:33.861,,,,,UTC+0100,NA9l677+ml,,com.sec.android.app.shealth,2025-03-13 16:30:29.367,c2eec29c-d4be-45fe-84e1-b814e831e606,66.0,
,21312,62910031,1,2025-03-13 16:41:01.848,,,62910031,2025-03-13 16:45:23.157,2025-03-13 16:45:23.157,,,,,UTC+0100,NA9l677+ml,,com.sec.android.app.shealth,2025-03-13 16:41:01.848,51374148-3ff2-48aa-b64c-24112f70db22,71.0,
,21312,62910031,1,2025-03-13 17:20:29.354,,,62910031,2025-03-13 17:24:24.551,2025-03-13 17:24:24.551,,,,,UTC+0100,NA9l677+ml,,com.sec.android.app.shealth,2025-03-13 17:20:29.354,53568a53-05c1-4ade-8db4-2aa1c6eed14c,76.0,
,21312,62910031,1,2025-03-13 17:30:29.300,,,62910031,2025-03-13 17:30:30.498,2025-03-13 17:30:30.498,,,,,UTC+0100,NA9l677+ml,,com.sec.android.app.shealth,2025-03-13 17:30:29.300,f115d72d-21a4-4208-be49-acfaeb5864a1,80.0,
,21312,62910031,1,2025-03-13 18:00:41.167,,,62910031,2025-03-13 18:01:35.942,2025-03-13 18:01:35.942,,,,,UTC+0100,NA9l677+ml,,com.sec.android.app.shealth,2025-03-13 18:00:41.167,a14ad8ea-f800-4772-b6fc-7cd5439f641c,81.0,
,21312,62910031,1,2025-03-13 18:10:29.295,,,62910031,2025-03-13 18:12:40.273,2025-03-13 18:12:40.273,,,,,UTC+0100,NA9l677+ml,,com.sec.android.app.shealth,2025-03-13 18:10:29.295,2413db19-622b-4433-ae2f-55ead677afda,77.0,
,21312,62910031,1,2025-03-13 18:20:29.374,,,62910031,2025-03-13 18:34:59.910,2025-03-13 18:34:59.910,,,,,UTC+0100,NA9l677+ml,,com.sec.android.app.shealth,2025-03-13 18:20:29.374,9b9e92c6-4fe0-4be3-b56a-3e2847662f81,66.0,
,21312,62910031,1,2025-03-13 18:30:29.374,,,62910031,2025-03-13 18:34:59.916,2025-03-13 18:34:59.916,,,,,UTC+0100,NA9l677+ml,,com.sec.android.app.shealth,2025-03-13 18:30:29.374,2ef163ca-ec80-46b4-8926-3300ac5e232a,70.0,
,21312,62910031,1,2025-03-13 18:40:29.290,,,62910031,2025-03-13 18:46:20.724,2025-03-13 18:46:20.724,,,,,UTC+0100,NA9l677+ml,,com.sec.android.app.shealth,2025-03-13 18:40:29.290,7f826f2a-54d1-4430-8374-d4481f0a3e73,75.0,
,21312,62910031,1,2025-03-13 18:50:29.254,,,62910031,2025-03-13 18:55:01.041,2025-03-13 18:55:01.041,,,,,UTC+0100,NA9l677+ml,,com.sec.android.app.shealth,2025-03-13 18:50:29.254,303bee21-570a-43cf-bf9f-cf760b8f4fe1,54.0,
,21312,62910031,1,2025-03-13 19:00:32.659,,,62910031,2025-03-13 19:10:44.387,2025-03-13 19:10:44.387,,,,,UTC+0100,NA9l677+ml,,com.sec.android.app.shealth,2025-03-13 19:00:32.659,1c4b6f5b-33a4-4e79-9e19-600f31633183,71.0,
,21312,62910031,1,2025-03-13 19:10:32.659,,,62910031,2025-03-13 19:10:44.395,2025-03-13 19:10:44.395,,,,,UTC+0100,NA9l677+ml,,com.sec.android.app.shealth,2025-03-13 19:10:32.659,b1ee2d0b-980d-453c-bc39-7ae0daa82aee,77.0,
,21312,62910031,1,2025-03-13 19:21:00.599,,,62910031,2025-03-13 19:34:59.976,2025-03-13 19:34:59.976,,,,,UTC+0100,NA9l677+ml,,com.sec.android.app.shealth,2025-03-13 19:21:00.599,489410fc-4f4e-4474-adfb-56b0206de2b9,71.0,
,21312,62910031,1,2025-03-13 19:40:29.287,,,62910031,2025-03-13 19:55:00.806,2025-03-13 19:55:00.806,,,,,UTC+0100,NA9l677+ml,,com.sec.android.app.shealth,2025-03-13 19:40:29.287,eb1518c5-695c-4fae-9251-f3fba32ea2c9,71.0,
,21312,62910031,1,2025-03-13 19:50:29.287,,,62910031,2025-03-13 19:55:00.811,2025-03-13 19:55:00.811,,,,,UTC+0100,NA9l677+ml,,com.sec.android.app.shealth,2025-03-13 19:50:29.287,aae45c61-a928-4d65-b41a-f54e85669ef9,74.0,
,21312,62910031,1,2025-03-13 20:00:29.278,,,62910031,2025-03-13 20:15:00.613,2025-03-13 20:15:00.613,,,,,UTC+0100,NA9l677+ml,,com.sec.android.app.shealth,2025-03-13 20:00:29.278,df1d094c-6e52-47cf-92f1-5653762094a4,79.0,
,21312,62910031,1,2025-03-13 20:10:29.278,,,62910031,2025-03-13 20:15:00.619,2025-03-13 20:15:00.619,,,,,UTC+0100,NA9l677+ml,,com.sec.android.app.shealth,2025-03-13 20:10:29.278,aee96471-3d78-49f2-a19a-68777e423cf1,74.0,
,21312,62910031,1,2025-03-13 20:20:29.256,,,62910031,2025-03-13 20:21:36.267,2025-03-13 20:21:36.267,,,,,UTC+0100,NA9l677+ml,,com.sec.android.app.shealth,2025-03-13 20:20:29.256,1a10ad78-79b4-405f-960b-4ae501d145d2,75.0,
,21312,62910031,1,2025-03-13 20:30:29.319,,,62910031,2025-03-13 20:31:08.411,2025-03-13 20:31:08.411,,,,,UTC+0100,NA9l677+ml,,com.sec.android.app.shealth,2025-03-13 20:30:29.319,cc21deff-5d2c-4532-901f-e19c41f9dfe9,83.0,
,21312,62910031,1,2025-03-13 20:40:29.285,,,62910031,2025-03-13 20:51:05.580,2025-03-13 20:51:05.580,,,,,UTC+0100,NA9l677+ml,,com.sec.android.app.shealth,2025-03-13 20:40:29.285,87f2855a-5425-4ca0-85ae-d0cc8dd05f7f,68.0,
,21312,62910031,1,2025-03-13 20:50:29.285,,,62910031,2025-03-13 20:51:05.586,2025-03-13 20:51:05.586,,,,,UTC+0100,NA9l677+ml,,com.sec.android.app.shealth,2025-03-13 20:50:29.285,b8ca1b4f-d24f-4cba-af44-d056faec2c06,70.0,
,21312,62910031,1,2025-03-13 21:00:29.325,,,62910031,2025-03-13 21:02:44.471,2025-03-13 21:02:44.471,,,,,UTC+0100,NA9l677+ml,,com.sec.android.app.shealth,2025-03-13 21:00:29.325,b9ed8d6d-2a93-4480-82a0-06e390c2d080,67.0,
,21312,62910031,1,2025-03-13 21:10:29.319,,,62910031,2025-03-13 21:31:47.614,2025-03-13 21:31:47.614,,,,,UTC+0100,NA9l677+ml,,com.sec.android.app.shealth,2025-03-13 21:10:29.319,3f40f411-cb09-4290-ba27-e5e04c2d02c2,71.0,
,21312,62910031,1,2025-03-13 21:20:29.319,,,62910031,2025-03-13 21:31:47.624,2025-03-13 21:31:47.624,,,,,UTC+0100,NA9l677+ml,,com.sec.android.app.shealth,2025-03-13 21:20:29.319,50915a08-5c5b-45c1-8b95-a595b0b212d4,70.0,
,21312,62910031,1,2025-03-13 21:30:29.319,,,62910031,2025-03-13 21:31:47.629,2025-03-13 21:31:47.629,,,,,UTC+0100,NA9l677+ml,,com.sec.android.app.shealth,2025-03-13 21:30:29.319,2fb60995-ed67-437d-b125-5d5d1748dd2f,71.0,
,21312,62910031,1,2025-03-13 21:40:29.365,,,62910031,2025-03-13 21:46:51.173,2025-03-13 21:46:51.173,,,,,UTC+0100,NA9l677+ml,,com.sec.android.app.shealth,2025-03-13 21:40:29.365,2c3258de-92d5-4a54-8563-0e23af0e4f3d,70.0,
,21312,62910031,1,2025-03-13 21:50:29.250,,,62910031,2025-03-13 21:50:30.150,2025-03-13 21:50:30.150,,,,,UTC+0100,NA9l677+ml,,com.sec.android.app.shealth,2025-03-13 21:50:29.250,cc6cd4fa-57e9-46bf-bc6a-0d35486e6214,75.0,
,21312,62910031,1,2025-03-13 22:00:29.364,,,62910031,2025-03-13 22:01:32.380,2025-03-13 22:01:32.380,,,,,UTC+0100,NA9l677+ml,,com.sec.android.app.shealth,2025-03-13 22:00:29.364,b8cbf212-f5c2-40cf-9d5b-e9ee14bea3a9,72.0,
,21312,62910031,1,2025-03-13 22:10:29.322,,,62910031,2025-03-13 22:10:53.575,2025-03-13 22:10:53.575,,,,,UTC+0100,NA9l677+ml,,com.sec.android.app.shealth,2025-03-13 22:10:29.322,68a46f6b-6ff2-4142-9f74-e6c367cb6627,69.0,
,21312,62910031,1,2025-03-13 22:20:29.285,,,62910031,2025-03-13 22:22:48.998,2025-03-13 22:22:48.998,,,,,UTC+0100,NA9l677+ml,,com.sec.android.app.shealth,2025-03-13 22:20:29.285,a6aa1d5c-b48b-487f-9d40-0e600a0cd7ac,68.0,
,21312,62910031,1,2025-03-13 22:30:29.878,,,62910031,2025-03-13 22:34:59.883,2025-03-13 22:34:59.883,,,,,UTC+0100,NA9l677+ml,,com.sec.android.app.shealth,2025-03-13 22:30:29.878,57009a09-3d2f-490a-84cd-566170b31ea0,81.0,
,21312,62910031,1,2025-03-13 22:40:29.291,,,62910031,2025-03-13 22:54:59.926,2025-03-13 22:54:59.926,,,,,UTC+0100,NA9l677+ml,,com.sec.android.app.shealth,2025-03-13 22:40:29.291,67e50b6f-e47a-4ab7-b50f-37b6a833ede7,69.0,
,21312,62910031,1,2025-03-13 22:50:29.291,,,62910031,2025-03-13 22:54:59.934,2025-03-13 22:54:59.934,,,,,UTC+0100,NA9l677+ml,,com.sec.android.app.shealth,2025-03-13 22:50:29.291,5b4fa897-0150-4c3b-962b-a0f62cbe6915,72.0,
,21312,62910031,1,2025-03-13 23:00:29.330,,,62910031,2025-03-13 23:05:36.633,2025-03-13 23:05:36.633,,,,,UTC+0100,NA9l677+ml,,com.sec.android.app.shealth,2025-03-13 23:00:29.330,37da5f14-34e8-4d37-8d50-2388d6c515fb,72.0,
,21312,62910031,1,2025-03-13 23:10:29.366,,,62910031,2025-03-13 23:14:59.912,2025-03-13 23:14:59.912,,,,,UTC+0100,NA9l677+ml,,com.sec.android.app.shealth,2025-03-13 23:10:29.366,4ee0ca7e-142c-4ee6-af46-7546417d1b8c,103.0,
,21312,62910031,1,2025-03-13 23:20:29.357,,,62910031,2025-03-13 23:29:54.399,2025-03-13 23:29:54.399,,,,,UTC+0100,NA9l677+ml,,com.sec.android.app.shealth,2025-03-13 23:20:29.357,4235e68c-84df-4c65-88f6-17fec12f739d,76.0,
,21312,62910031,1,2025-03-13 23:30:29.346,,,62910031,2025-03-13 23:31:55.554,2025-03-13 23:31:55.554,,,,,UTC+0100,NA9l677+ml,,com.sec.android.app.shealth,2025-03-13 23:30:29.346,2d299ea2-8137-406b-9180-8344415156a0,69.0,
,21312,62910031,1,2025-03-13 23:40:29.327,,,62910031,2025-03-13 23:55:00.714,2025-03-13 23:55:00.714,,,,,UTC+0100,NA9l677+ml,,com.sec.android.app.shealth,2025-03-13 23:40:29.327,bd35880d-5c33-4aa8-9307-836199149e36,70.0,
,21312,62910031,1,2025-03-13 23:50:29.327,,,62910031,2025-03-13 23:55:00.724,2025-03-13 23:55:00.724,,,,,UTC+0100,NA9l677+ml,,com.sec.android.app.shealth,2025-03-13 23:50:29.327,ab9c7673-2548-448b-88dd-9d9ab2a6149e,67.0,
,21312,62910031,1,2025-03-14 00:10:29.286,,,62910031,2025-03-14 00:15:00.756,2025-03-14 00:15:00.756,,,,,UTC+0100,NA9l677+ml,,com.sec.android.app.shealth,2025-03-14 00:10:29.286,02192e13-533e-4582-a1a2-7c86a9d550a2,69.0,
,21313,62910031,1,2025-03-14 00:00:00.000,,401209f0-6e0f-423d-90d1-6e671941bad1.com.samsung.health.heart_rate.binning_data.json,62910031,2025-03-14 01:05:02.413,2025-03-14 00:00:30.525,,83.0,66.0,,UTC+0100,NA9l677+ml,,com.sec.android.app.shealth,2025-03-14 00:59:59.999,401209f0-6e0f-423d-90d1-6e671941bad1,69.0,
,21313,62910031,1,2025-03-14 01:00:00.000,,fe6ed985-2710-47b7-8b06-449b11725912.com.samsung.health.heart_rate.binning_data.json,62910031,2025-03-14 02:06:02.400,2025-03-14 01:05:02.612,,99.0,64.0,,UTC+0100,NA9l677+ml,,com.sec.android.app.shealth,2025-03-14 01:59:59.999,fe6ed985-2710-47b7-8b06-449b11725912,70.0,
,21313,62910031,1,2025-03-14 02:00:00.000,,b8f90533-c2aa-4c46-9144-31b4d119e3f7.com.samsung.health.heart_rate.binning_data.json,62910031,2025-03-14 03:06:05.399,2025-03-14 02:06:39.146,,86.0,53.0,,UTC+0100,NA9l677+ml,,com.sec.android.app.shealth,2025-03-14 02:59:59.999,b8f90533-c2aa-4c46-9144-31b4d119e3f7,71.0,
,21313,62910031,1,2025-03-14 03:00:00.000,,ceaff558-56b3-473a-97d5-7e1d2435720d.com.samsung.health.heart_rate.binning_data.json,62910031,2025-03-14 04:05:40.937,2025-03-14 03:06:05.689,,90.0,66.0,,UTC+0100,NA9l677+ml,,com.sec.android.app.shealth,2025-03-14 03:59:59.999,ceaff558-56b3-473a-97d5-7e1d2435720d,73.0,
,21313,62910031,1,2025-03-14 04:00:00.000,,6880641c-7ca0-4035-b1e3-8376fd846e1d.com.samsung.health.heart_rate.binning_data.json,62910031,2025-03-14 05:05:28.763,2025-03-14 04:06:08.803,,92.0,58.0,,UTC+0100,NA9l677+ml,,com.sec.android.app.shealth,2025-03-14 04:59:59.999,6880641c-7ca0-4035-b1e3-8376fd846e1d,74.0,
,21313,62910031,1,2025-03-14 05:00:00.000,,d1b53edb-f775-422f-9018-2e71ad822034.com.samsung.health.heart_rate.binning_data.json,62910031,2025-03-14 06:05:02.242,2025-03-14 05:05:28.957,,74.0,54.0,,UTC+0100,NA9l677+ml,,com.sec.android.app.shealth,2025-03-14 05:59:59.999,d1b53edb-f775-422f-9018-2e71ad822034,60.0,
,21313,62910031,1,2025-03-14 06:00:00.000,,ea80c285-62d9-45c3-a610-679695e3d0f3.com.samsung.health.heart_rate.binning_data.json,62910031,2025-03-14 07:06:15.824,2025-03-14 06:05:02.451,,88.0,54.0,,UTC+0100,NA9l677+ml,,com.sec.android.app.shealth,2025-03-14 06:59:59.999,ea80c285-62d9-45c3-a610-679695e3d0f3,61.0,
,21313,62910031,1,2025-03-14 07:00:00.000,,0c2f027e-f4ad-4157-aa2c-e67435c88670.com.samsung.health.heart_rate.binning_data.json,62910031,2025-03-15 00:48:59.429,2025-03-14 07:06:16.041,,80.0,53.0,,UTC+0100,NA9l677+ml,,com.sec.android.app.shealth,2025-03-14 07:59:59.999,0c2f027e-f4ad-4157-aa2c-e67435c88670,61.0,
,21312,62910031,1,2025-03-14 07:51:12.460,,,62910031,2025-03-14 07:51:39.280,2025-03-14 07:51:39.280,,,,,UTC+0100,NA9l677+ml,,com.sec.android.app.shealth,2025-03-14 07:51:12.460,99a82dc9-4034-4f04-9d4e-cbd805866dad,81.0,
,21312,62910031,1,2025-03-14 08:00:29.301,,,62910031,2025-03-14 08:01:58.835,2025-03-14 08:01:58.835,,,,,UTC+0100,NA9l677+ml,,com.sec.android.app.shealth,2025-03-14 08:00:29.301,341539e2-5b32-4d18-a1ef-7983bdcdece9,72.0,
,21312,62910031,1,2025-03-14 08:10:29.361,,,62910031,2025-03-14 08:11:35.216,2025-03-14 08:11:35.216,,,,,UTC+0100,NA9l677+ml,,com.sec.android.app.shealth,2025-03-14 08:10:29.361,022bcc02-fa58-45fb-aa83-27df18354761,72.0,
,21312,62910031,1,2025-03-14 08:20:30.171,,,62910031,2025-03-14 08:21:13.945,2025-03-14 08:21:13.945,,,,,UTC+0100,NA9l677+ml,,com.sec.android.app.shealth,2025-03-14 08:20:30.171,ef40db07-5af3-4d85-9993-2fdf50a64de2,91.0,
,21312,62910031,1,2025-03-14 08:30:29.383,,,62910031,2025-03-14 08:34:38.754,2025-03-14 08:34:38.754,,,,,UTC+0100,NA9l677+ml,,com.sec.android.app.shealth,2025-03-14 08:30:29.383,d2685609-6537-4578-8280-868ca65c1f73,73.0,
,21312,62910031,1,2025-03-14 08:40:29.329,,,62910031,2025-03-14 08:51:42.098,2025-03-14 08:51:42.098,,,,,UTC+0100,NA9l677+ml,,com.sec.android.app.shealth,2025-03-14 08:40:29.329,7710aa02-0202-44ee-8c12-efbc490249c0,73.0,
,21312,62910031,1,2025-03-14 08:50:29.329,,,62910031,2025-03-14 08:51:42.106,2025-03-14 08:51:42.106,,,,,UTC+0100,NA9l677+ml,,com.sec.android.app.shealth,2025-03-14 08:50:29.329,41b61878-e99e-4362-8ead-aee0448b287d,76.0,
,21312,62910031,1,2025-03-14 09:00:29.328,,,62910031,2025-03-14 09:06:34.707,2025-03-14 09:06:34.707,,,,,UTC+0100,NA9l677+ml,,com.sec.android.app.shealth,2025-03-14 09:00:29.328,e29ae453-0b2b-45a7-9907-94577fbaae11,83.0,
,21312,62910031,1,2025-03-14 09:10:31.961,,,62910031,2025-03-14 09:12:08.738,2025-03-14 09:12:08.738,,,,,UTC+0100,NA9l677+ml,,com.sec.android.app.shealth,2025-03-14 09:10:31.961,1ec30212-315b-498a-9dd5-01b52ac9dd0e,92.0,
,21312,62910031,1,2025-03-14 09:20:29.300,,,62910031,2025-03-14 09:25:15.109,2025-03-14 09:25:15.109,,,,,UTC+0100,NA9l677+ml,,com.sec.android.app.shealth,2025-03-14 09:20:29.300,54b01201-5c42-4bbb-9477-ecab7ffad49a,74.0,
,21312,62910031,1,2025-03-14 09:30:29.336,,,62910031,2025-03-14 09:34:47.341,2025-03-14 09:34:47.341,,,,,UTC+0100,NA9l677+ml,,com.sec.android.app.shealth,2025-03-14 09:30:29.336,31577754-e784-46cb-b80a-9c143f8d87cb,82.0,
,21312,62910031,1,2025-03-14 09:50:29.318,,,62910031,2025-03-14 09:55:00.796,2025-03-14 09:55:00.796,,,,,UTC+0100,NA9l677+ml,,com.sec.android.app.shealth,2025-03-14 09:50:29.318,f9d1fc56-4e54-4bdb-ad0f-7c037aefb122,74.0,
,21312,62910031,1,2025-03-14 10:00:29.292,,,62910031,2025-03-14 10:09:42.703,2025-03-14 10:09:42.703,,,,,UTC+0100,NA9l677+ml,,com.sec.android.app.shealth,2025-03-14 10:00:29.292,e9db3249-18aa-40c4-94ca-98bb2cb63acf,76.0,
,21312,62910031,1,2025-03-14 10:10:29.317,,,62910031,2025-03-14 10:15:00.446,2025-03-14 10:15:00.446,,,,,UTC+0100,NA9l677+ml,,com.sec.android.app.shealth,2025-03-14 10:10:29.317,a12bf90e-3672-47a5-bfd0-85d8354a2f97,73.0,
,21312,62910031,1,2025-03-14 10:20:29.324,,,62910031,2025-03-14 10:28:37.251,2025-03-14 10:28:37.251,,,,,UTC+0100,NA9l677+ml,,com.sec.android.app.shealth,2025-03-14 10:20:29.324,096c9c93-87d6-4561-9eb0-39f1233332ed,73.0,
,21312,62910031,1,2025-03-14 10:30:59.566,,,62910031,2025-03-14 10:31:20.310,2025-03-14 10:31:20.310,,,,,UTC+0100,NA9l677+ml,,com.sec.android.app.shealth,2025-03-14 10:30:59.566,bc8a9497-d259-4bd2-84d6-8b5ddff668a1,83.0,
,21312,62910031,1,2025-03-14 11:30:30.578,,,62910031,2025-03-14 11:32:28.350,2025-03-14 11:32:28.350,,,,,UTC+0100,NA9l677+ml,,com.sec.android.app.shealth,2025-03-14 11:30:30.578,c920adda-6039-401f-af9d-dbfca3870d9c,83.0,
,21312,62910031,1,2025-03-14 11:40:29.288,,,62910031,2025-03-14 11:44:44.713,2025-03-14 11:44:44.713,,,,,UTC+0100,NA9l677+ml,,com.sec.android.app.shealth,2025-03-14 11:40:29.288,ce8c3add-5972-42ba-9e84-aacf78d2a507,71.0,
,21312,62910031,1,2025-03-14 11:50:29.339,,,62910031,2025-03-14 11:55:01.348,2025-03-14 11:55:01.348,,,,,UTC+0100,NA9l677+ml,,com.sec.android.app.shealth,2025-03-14 11:50:29.339,f32db07f-19cc-4cb4-ab97-fc77866e9a2d,69.0,
,21312,62910031,1,2025-03-14 12:00:29.311,,,62910031,2025-03-14 12:01:44.280,2025-03-14 12:01:44.280,,,,,UTC+0100,NA9l677+ml,,com.sec.android.app.shealth,2025-03-14 12:00:29.311,6539e117-8a89-46ee-9de7-fb99d7080c15,67.0,
,21312,62910031,1,2025-03-14 12:10:29.362,,,62910031,2025-03-14 12:12:16.626,2025-03-14 12:12:16.626,,,,,UTC+0100,NA9l677+ml,,com.sec.android.app.shealth,2025-03-14 12:10:29.362,05b96314-3feb-454b-9092-db35d7a6672e,78.0,
,21312,62910031,1,2025-03-14 12:20:29.329,,,62910031,2025-03-14 12:21:35.993,2025-03-14 12:21:35.993,,,,,UTC+0100,NA9l677+ml,,com.sec.android.app.shealth,2025-03-14 12:20:29.329,a1ca9cbc-c620-4d81-8e72-3151fd498033,81.0,
,21312,62910031,1,2025-03-14 12:50:29.294,,,62910031,2025-03-14 12:51:30.251,2025-03-14 12:51:30.251,,,,,UTC+0100,NA9l677+ml,,com.sec.android.app.shealth,2025-03-14 12:50:29.294,f04cd1d6-c637-4030-a916-3ae272c4f48a,78.0,
,21312,62910031,1,2025-03-14 13:11:17.183,,,62910031,2025-03-14 13:11:20.962,2025-03-14 13:11:20.962,,,,,UTC+0100,NA9l677+ml,,com.sec.android.app.shealth,2025-03-14 13:11:17.183,1ce9073b-f606-4a01-91c7-ea57fdc0b86a,112.0,
,21312,62910031,1,2025-03-14 13:50:29.373,,,62910031,2025-03-14 13:55:00.442,2025-03-14 13:55:00.442,,,,,UTC+0100,NA9l677+ml,,com.sec.android.app.shealth,2025-03-14 13:50:29.373,b6c622b3-80e3-40f1-bd8d-0a5cc82771ad,83.0,
,21312,62910031,1,2025-03-14 14:00:29.312,,,62910031,2025-03-14 14:03:41.718,2025-03-14 14:03:41.718,,,,,UTC+0100,NA9l677+ml,,com.sec.android.app.shealth,2025-03-14 14:00:29.312,d92aab1f-47b0-452f-8e88-dd109af725b7,79.0,
,21312,62910031,1,2025-03-14 14:10:29.340,,,62910031,2025-03-14 14:15:00.400,2025-03-14 14:15:00.400,,,,,UTC+0100,NA9l677+ml,,com.sec.android.app.shealth,2025-03-14 14:10:29.340,72da74cf-4038-4e4f-b28d-6264562926df,85.0,
,21312,62910031,1,2025-03-14 14:20:29.320,,,62910031,2025-03-14 14:22:57.576,2025-03-14 14:22:57.576,,,,,UTC+0100,NA9l677+ml,,com.sec.android.app.shealth,2025-03-14 14:20:29.320,4ca138f9-ef19-4d98-8956-962bc06d35f7,78.0,
,21312,62910031,1,2025-03-14 14:30:29.349,,,62910031,2025-03-14 14:31:49.697,2025-03-14 14:31:49.697,,,,,UTC+0100,NA9l677+ml,,com.sec.android.app.shealth,2025-03-14 14:30:29.349,9fe73efa-a616-4d56-a560-177201b980d0,77.0,
,21312,62910031,1,2025-03-14 14:40:29.329,,,62910031,2025-03-14 14:43:34.479,2025-03-14 14:43:34.479,,,,,UTC+0100,NA9l677+ml,,com.sec.android.app.shealth,2025-03-14 14:40:29.329,4168816c-882b-49d7-8e09-0bef300406a7,79.0,
,21312,62910031,1,2025-03-14 14:50:29.322,,,62910031,2025-03-14 14:54:59.182,2025-03-14 14:54:59.182,,,,,UTC+0100,NA9l677+ml,,com.sec.android.app.shealth,2025-03-14 14:50:29.322,3239e956-4900-427e-b061-3ca04ee454a4,79.0,
,21312,62910031,1,2025-03-14 15:00:29.325,,,62910031,2025-03-14 15:01:01.057,2025-03-14 15:01:01.057,,,,,UTC+0100,NA9l677+ml,,com.sec.android.app.shealth,2025-03-14 15:00:29.325,1c2a8928-1300-4d20-9fe3-86d07b33089f,76.0,
,21312,62910031,1,2025-03-14 16:21:09.784,,,62910031,2025-03-14 16:22:07.829,2025-03-14 16:22:07.829,,,,,UTC+0100,NA9l677+ml,,com.sec.android.app.shealth,2025-03-14 16:21:09.784,d8b55cb3-816a-48ab-954d-5b7264e75447,110.0,
,21312,62910031,1,2025-03-14 16:40:29.323,,,62910031,2025-03-14 16:55:01.144,2025-03-14 16:55:01.144,,,,,UTC+0100,NA9l677+ml,,com.sec.android.app.shealth,2025-03-14 16:40:29.323,1bfb9d72-6201-48b5-9faa-353727e7f531,92.0,
,21312,62910031,1,2025-03-14 16:50:29.323,,,62910031,2025-03-14 16:55:01.150,2025-03-14 16:55:01.150,,,,,UTC+0100,NA9l677+ml,,com.sec.android.app.shealth,2025-03-14 16:50:29.323,26568faf-96c6-4eef-a739-ccb2f1161247,84.0,
,21312,62910031,1,2025-03-14 17:10:30.583,,,62910031,2025-03-14 17:11:08.628,2025-03-14 17:11:08.628,,,,,UTC+0100,NA9l677+ml,,com.sec.android.app.shealth,2025-03-14 17:10:30.583,28a3535b-9fc0-42d1-abfd-c9a02dd5ff8d,103.0,
,21312,62910031,1,2025-03-14 17:20:29.455,,,62910031,2025-03-14 17:20:39.505,2025-03-14 17:20:39.505,,,,,UTC+0100,NA9l677+ml,,com.sec.android.app.shealth,2025-03-14 17:20:29.455,c49abbed-e384-432a-abc8-6908a1cb495f,86.0,
,21312,62910031,1,2025-03-14 17:30:29.325,,,62910031,2025-03-14 17:35:00.828,2025-03-14 17:35:00.828,,,,,UTC+0100,NA9l677+ml,,com.sec.android.app.shealth,2025-03-14 17:30:29.325,a38bd826-46b7-49d1-8557-70fb0aa51009,76.0,
,21312,62910031,1,2025-03-14 17:40:29.342,,,62910031,2025-03-14 17:41:23.666,2025-03-14 17:41:23.666,,,,,UTC+0100,NA9l677+ml,,com.sec.android.app.shealth,2025-03-14 17:40:29.342,250f583c-ab14-4221-8141-fefcc544d8c2,79.0,
,21312,62910031,1,2025-03-14 17:50:29.358,,,62910031,2025-03-14 17:54:27.772,2025-03-14 17:54:27.772,,,,,UTC+0100,NA9l677+ml,,com.sec.android.app.shealth,2025-03-14 17:50:29.358,01eec3b2-072b-442e-8f6d-d63dfa31b7f3,73.0,
,21312,62910031,1,2025-03-14 18:10:29.342,,,62910031,2025-03-14 18:10:30.308,2025-03-14 18:10:30.308,,,,,UTC+0100,NA9l677+ml,,com.sec.android.app.shealth,2025-03-14 18:10:29.342,79b14dd5-5512-4b13-962d-104fd4de508c,68.0,
,21312,62910031,1,2025-03-14 18:20:59.615,,,62910031,2025-03-14 18:22:59.429,2025-03-14 18:22:59.429,,,,,UTC+0100,NA9l677+ml,,com.sec.android.app.shealth,2025-03-14 18:20:59.615,cca972b4-0fd4-4aef-8536-658baf588215,80.0,
,21312,62910031,1,2025-03-14 18:30:29.535,,,62910031,2025-03-14 18:31:09.208,2025-03-14 18:31:09.208,,,,,UTC+0100,NA9l677+ml,,com.sec.android.app.shealth,2025-03-14 18:30:29.535,5af7e79a-b139-4fc4-9986-9191fee6fbee,77.0,
,21312,62910031,1,2025-03-14 18:50:29.282,,,62910031,2025-03-14 18:55:00.592,2025-03-14 18:55:00.592,,,,,UTC+0100,NA9l677+ml,,com.sec.android.app.shealth,2025-03-14 18:50:29.282,66666abc-939c-40c1-a483-f1490e494ecf,74.0,
,21312,62910031,1,2025-03-14 19:00:29.355,,,62910031,2025-03-14 19:00:29.398,2025-03-14 19:00:29.398,,,,,UTC+0100,NA9l677+ml,,com.sec.android.app.shealth,2025-03-14 19:00:29.355,f877169b-7eca-4b24-8fda-798219c5cabb,77.0,
,21312,62910031,1,2025-03-14 19:10:29.372,,,62910031,2025-03-14 19:15:00.910,2025-03-14 19:15:00.910,,,,,UTC+0100,NA9l677+ml,,com.sec.android.app.shealth,2025-03-14 19:10:29.372,5f8932cd-e1c4-49c5-b52b-a8124ab940d6,79.0,
,21312,62910031,1,2025-03-14 19:20:58.598,,,62910031,2025-03-14 19:33:18.080,2025-03-14 19:33:18.080,,,,,UTC+0100,NA9l677+ml,,com.sec.android.app.shealth,2025-03-14 19:20:58.598,ef37c793-ac02-40a6-ba2c-cf711b7668c8,73.0,
,21312,62910031,1,2025-03-14 19:30:58.598,,,62910031,2025-03-14 19:33:18.104,2025-03-14 19:33:18.104,,,,,UTC+0100,NA9l677+ml,,com.sec.android.app.shealth,2025-03-14 19:30:58.598,5697800c-c540-46c4-8df8-06784c7a637a,84.0,
,21312,62910031,1,2025-03-14 19:40:29.297,,,62910031,2025-03-14 19:48:20.744,2025-03-14 19:48:20.744,,,,,UTC+0100,NA9l677+ml,,com.sec.android.app.shealth,2025-03-14 19:40:29.297,24a3225a-2f35-414f-83a4-53916925e113,80.0,
,21312,62910031,1,2025-03-14 19:50:45.031,,,62910031,2025-03-14 19:51:00.001,2025-03-14 19:51:00.001,,,,,UTC+0100,NA9l677+ml,,com.sec.android.app.shealth,2025-03-14 19:50:45.031,fc442b4a-9e87-48b1-b9fb-31709b77226c,75.0,
,21312,62910031,1,2025-03-14 20:00:29.338,,,62910031,2025-03-14 20:01:33.784,2025-03-14 20:01:33.784,,,,,UTC+0100,NA9l677+ml,,com.sec.android.app.shealth,2025-03-14 20:00:29.338,9e921bb2-e2e6-4a0b-be80-e14a14e04a58,79.0,
,21312,62910031,1,2025-03-14 20:10:29.372,,,62910031,2025-03-14 20:10:42.265,2025-03-14 20:10:42.265,,,,,UTC+0100,NA9l677+ml,,com.sec.android.app.shealth,2025-03-14 20:10:29.372,f0cce764-d228-40de-8a70-efd8c20af589,79.0,
,21312,62910031,1,2025-03-14 20:20:29.301,,,62910031,2025-03-14 20:26:15.928,2025-03-14 20:26:15.928,,,,,UTC+0100,NA9l677+ml,,com.sec.android.app.shealth,2025-03-14 20:20:29.301,cfca7bfc-41d6-4d46-8057-3f5a3577e832,80.0,
,21312,62910031,1,2025-03-14 20:40:29.306,,,62910031,2025-03-14 20:40:29.965,2025-03-14 20:40:29.965,,,,,UTC+0100,NA9l677+ml,,com.sec.android.app.shealth,2025-03-14 20:40:29.306,bdedac68-e0d4-4838-8af5-cb22b13bbdc0,87.0,
,21312,62910031,1,2025-03-14 20:50:29.345,,,62910031,2025-03-14 20:55:00.159,2025-03-14 20:55:00.159,,,,,UTC+0100,NA9l677+ml,,com.sec.android.app.shealth,2025-03-14 20:50:29.345,0fa2c91c-e364-4e2b-b3c5-253600fd9ffa,74.0,
,21312,62910031,1,2025-03-14 21:00:29.302,,,62910031,2025-03-14 21:05:07.723,2025-03-14 21:05:07.723,,,,,UTC+0100,NA9l677+ml,,com.sec.android.app.shealth,2025-03-14 21:00:29.302,3d5297fa-9fa5-4314-abfd-f80ac47874c3,78.0,
,21312,62910031,1,2025-03-14 21:10:29.303,,,62910031,2025-03-14 21:15:00.265,2025-03-14 21:15:00.265,,,,,UTC+0100,NA9l677+ml,,com.sec.android.app.shealth,2025-03-14 21:10:29.303,e2af597f-b6cb-4739-9a09-a3a6b0398fa4,74.0,
,21312,62910031,1,2025-03-14 21:20:29.372,,,62910031,2025-03-14 21:24:56.857,2025-03-14 21:24:56.857,,,,,UTC+0100,NA9l677+ml,,com.sec.android.app.shealth,2025-03-14 21:20:29.372,7e19a1a3-f9ad-4236-ad0c-67d44897fadf,74.0,
,21312,62910031,1,2025-03-14 21:30:29.342,,,62910031,2025-03-14 21:35:00.414,2025-03-14 21:35:00.414,,,,,UTC+0100,NA9l677+ml,,com.sec.android.app.shealth,2025-03-14 21:30:29.342,17e59693-24fc-4baf-b60d-983a9f70ef0f,71.0,
,21312,62910031,1,2025-03-14 21:40:29.341,,,62910031,2025-03-14 21:55:00.620,2025-03-14 21:55:00.620,,,,,UTC+0100,NA9l677+ml,,com.sec.android.app.shealth,2025-03-14 21:40:29.341,8e3c4fb7-9cc4-48d5-a565-a1dc4ac7a9f4,80.0,
,21312,62910031,1,2025-03-14 21:50:29.341,,,62910031,2025-03-14 21:55:00.627,2025-03-14 21:55:00.627,,,,,UTC+0100,NA9l677+ml,,com.sec.android.app.shealth,2025-03-14 21:50:29.341,7e020052-2889-4dcf-9533-9f5e98760a5f,71.0,
,21312,62910031,1,2025-03-14 22:00:29.315,,,62910031,2025-03-14 22:10:45.486,2025-03-14 22:10:45.486,,,,,UTC+0100,NA9l677+ml,,com.sec.android.app.shealth,2025-03-14 22:00:29.315,a09c316d-6e9e-4659-97d8-e61c164844a1,67.0,
,21312,62910031,1,2025-03-14 22:10:29.315,,,62910031,2025-03-14 22:10:45.510,2025-03-14 22:10:45.510,,,,,UTC+0100,NA9l677+ml,,com.sec.android.app.shealth,2025-03-14 22:10:29.315,84b126a1-3122-4cfe-9e58-8a905b925aea,72.0,
,21312,62910031,1,2025-03-14 22:20:29.326,,,62910031,2025-03-14 22:21:52.644,2025-03-14 22:21:52.644,,,,,UTC+0100,NA9l677+ml,,com.sec.android.app.shealth,2025-03-14 22:20:29.326,8a39f437-64f9-4f4e-ab4b-d6872c1a6c8b,70.0,
,21312,62910031,1,2025-03-14 22:30:29.372,,,62910031,2025-03-14 22:30:30.133,2025-03-14 22:30:30.133,,,,,UTC+0100,NA9l677+ml,,com.sec.android.app.shealth,2025-03-14 22:30:29.372,05bf233b-aecd-473f-a3c6-62e2dd8bf88f,71.0,
,21312,62910031,1,2025-03-14 22:40:29.387,,,62910031,2025-03-14 22:53:02.720,2025-03-14 22:53:02.720,,,,,UTC+0100,NA9l677+ml,,com.sec.android.app.shealth,2025-03-14 22:40:29.387,ad1959df-9356-4057-bf3c-d8d1c1c98baf,74.0,
,21312,62910031,1,2025-03-14 22:50:29.387,,,62910031,2025-03-14 22:53:02.729,2025-03-14 22:53:02.729,,,,,UTC+0100,NA9l677+ml,,com.sec.android.app.shealth,2025-03-14 22:50:29.387,414c71bc-3e36-4ea2-9a44-02bf437a4fbc,71.0,
,21312,62910031,1,2025-03-14 23:00:29.362,,,62910031,2025-03-14 23:00:54.971,2025-03-14 23:00:54.971,,,,,UTC+0100,NA9l677+ml,,com.sec.android.app.shealth,2025-03-14 23:00:29.362,82916a4f-6ab1-425a-a2cf-d84d49979715,72.0,
,21312,62910031,1,2025-03-14 23:20:29.335,,,62910031,2025-03-14 23:23:06.369,2025-03-14 23:23:06.369,,,,,UTC+0100,NA9l677+ml,,com.sec.android.app.shealth,2025-03-14 23:20:29.335,748897de-6d11-4b82-a797-952aa27c20e2,76.0,
,21312,62910031,1,2025-03-14 23:30:29.348,,,62910031,2025-03-14 23:35:00.382,2025-03-14 23:35:00.382,,,,,UTC+0100,NA9l677+ml,,com.sec.android.app.shealth,2025-03-14 23:30:29.348,3a03f831-1e58-43f5-a4ee-2237345ab6f7,75.0,
,21312,62910031,1,2025-03-14 23:40:29.335,,,62910031,2025-03-14 23:42:02.368,2025-03-14 23:42:02.368,,,,,UTC+0100,NA9l677+ml,,com.sec.android.app.shealth,2025-03-14 23:40:29.335,48eb8abf-ae85-4dae-b56c-ec8f63f965db,75.0,
,21312,62910031,1,2025-03-14 23:50:29.308,,,62910031,2025-03-14 23:55:01.277,2025-03-14 23:55:01.277,,,,,UTC+0100,NA9l677+ml,,com.sec.android.app.shealth,2025-03-14 23:50:29.308,5428fc35-482c-48d7-b02e-9c0c34a88777,72.0,
,21313,62910031,1,2025-03-15 00:00:00.000,,42e3e185-d8ff-4901-a537-d70f6aeeb215.com.samsung.health.heart_rate.binning_data.json,62910031,2025-03-15 01:07:46.411,2025-03-15 00:01:51.291,,77.0,55.0,,UTC+0100,NA9l677+ml,,com.sec.android.app.shealth,2025-03-15 00:59:59.999,42e3e185-d8ff-4901-a537-d70f6aeeb215,67.0,
,21312,62910031,1,2025-03-15 00:20:29.311,,,62910031,2025-03-15 00:35:00.359,2025-03-15 00:35:00.359,,,,,UTC+0100,NA9l677+ml,,com.sec.android.app.shealth,2025-03-15 00:20:29.311,9574b18e-1428-4214-bc15-cb816b586cbd,70.0,
,21312,62910031,1,2025-03-15 00:30:29.311,,,62910031,2025-03-15 00:35:00.366,2025-03-15 00:35:00.366,,,,,UTC+0100,NA9l677+ml,,com.sec.android.app.shealth,2025-03-15 00:30:29.311,05489243-2728-4f07-be75-6e04ccb8b8c8,68.0,
,21313,62910031,1,2025-03-15 01:00:00.000,,e39158d6-37fe-4477-96b6-e81965412e8d.com.samsung.health.heart_rate.binning_data.json,62910031,2025-03-15 02:09:09.957,2025-03-15 01:08:05.603,,82.0,55.0,,UTC+0100,NA9l677+ml,,com.sec.android.app.shealth,2025-03-15 01:59:59.999,e39158d6-37fe-4477-96b6-e81965412e8d,64.0,
,21313,62910031,1,2025-03-15 02:00:00.000,,34efc8e5-9502-4aff-8399-9f7eeb6b42a6.com.samsung.health.heart_rate.binning_data.json,62910031,2025-03-15 02:09:34.408,2025-03-15 02:09:34.408,,71.0,62.0,,UTC+0100,NA9l677+ml,,com.sec.android.app.shealth,2025-03-15 02:09:34.388,34efc8e5-9502-4aff-8399-9f7eeb6b42a6,66.0,
,21312,62910031,1,2025-03-21 12:50:29.316,,,62910031,2025-03-21 12:52:49.652,2025-03-21 12:52:49.652,,,,,UTC+0100,NA9l677+ml,,com.sec.android.app.shealth,2025-03-21 12:50:29.316,22eb8f80-e8e0-4665-8923-0962c246a0ce,80.0,
,21312,62910031,1,2025-03-21 13:40:29.374,,,62910031,2025-03-21 13:44:05.239,2025-03-21 13:44:05.239,,,,,UTC+0100,NA9l677+ml,,com.sec.android.app.shealth,2025-03-21 13:40:29.374,86956cd1-e533-47c9-b7be-23e84643245a,100.0,
,21312,62910031,1,2025-03-21 13:50:46.392,,,62910031,2025-03-21 13:50:52.605,2025-03-21 13:50:52.605,,,,,UTC+0100,NA9l677+ml,,com.sec.android.app.shealth,2025-03-21 13:50:46.392,a4130362-927b-4b7c-8887-9241cf64747c,105.0,
,21312,62910031,1,2025-03-21 14:50:29.383,,,62910031,2025-03-21 14:52:25.591,2025-03-21 14:52:25.591,,,,,UTC+0100,NA9l677+ml,,com.sec.android.app.shealth,2025-03-21 14:50:29.383,0c1ab05c-5dcd-49df-adeb-5e1acf783eea,83.0,
,21312,62910031,1,2025-03-21 15:00:29.272,,,62910031,2025-03-21 15:15:00.758,2025-03-21 15:15:00.758,,,,,UTC+0100,NA9l677+ml,,com.sec.android.app.shealth,2025-03-21 15:00:29.272,3accf7af-2b54-4f45-82de-064b7a728996,90.0,
,21312,62910031,1,2025-03-21 15:10:29.272,,,62910031,2025-03-21 15:15:00.765,2025-03-21 15:15:00.765,,,,,UTC+0100,NA9l677+ml,,com.sec.android.app.shealth,2025-03-21 15:10:29.272,ec38a9e9-b6f5-4565-a68d-054675df3da9,80.0,
,21312,62910031,1,2025-03-21 15:20:29.295,,,62910031,2025-03-21 15:24:10.394,2025-03-21 15:24:10.394,,,,,UTC+0100,NA9l677+ml,,com.sec.android.app.shealth,2025-03-21 15:20:29.295,d5c7759d-8688-49f9-b632-3a0dc2fe67d5,84.0,
,21312,62910031,1,2025-03-21 15:40:29.323,,,62910031,2025-03-21 15:41:56.792,2025-03-21 15:41:56.792,,,,,UTC+0100,NA9l677+ml,,com.sec.android.app.shealth,2025-03-21 15:40:29.323,4c5249f0-374b-4af3-8266-a0af7693d8d6,77.0,
,21312,62910031,1,2025-03-21 15:50:29.301,,,62910031,2025-03-21 15:54:13.992,2025-03-21 15:54:13.992,,,,,UTC+0100,NA9l677+ml,,com.sec.android.app.shealth,2025-03-21 15:50:29.301,2aa76da7-9261-4419-8deb-f1a3ce0659b9,70.0,
,21312,62910031,1,2025-03-21 16:00:29.303,,,62910031,2025-03-21 16:15:00.858,2025-03-21 16:15:00.858,,,,,UTC+0100,NA9l677+ml,,com.sec.android.app.shealth,2025-03-21 16:00:29.303,15f83baf-3666-4b1c-96aa-ebf683e5be19,66.0,
,21312,62910031,1,2025-03-21 16:10:29.303,,,62910031,2025-03-21 16:15:00.865,2025-03-21 16:15:00.865,,,,,UTC+0100,NA9l677+ml,,com.sec.android.app.shealth,2025-03-21 16:10:29.303,d4c35267-8687-4be5-9138-906dbad037be,66.0,
,21312,62910031,1,2025-03-21 16:20:29.301,,,62910031,2025-03-21 16:21:35.933,2025-03-21 16:21:35.933,,,,,UTC+0100,NA9l677+ml,,com.sec.android.app.shealth,2025-03-21 16:20:29.301,354cf20c-34be-48b9-8c50-0bb33e0b584b,65.0,
,21312,62910031,1,2025-03-21 16:30:29.373,,,62910031,2025-03-21 16:34:59.439,2025-03-21 16:34:59.439,,,,,UTC+0100,NA9l677+ml,,com.sec.android.app.shealth,2025-03-21 16:30:29.373,c0116379-79f7-455e-affe-4d6df46a8b5b,65.0,
,21312,62910031,1,2025-03-21 16:40:29.377,,,62910031,2025-03-21 16:41:18.525,2025-03-21 16:41:18.525,,,,,UTC+0100,NA9l677+ml,,com.sec.android.app.shealth,2025-03-21 16:40:29.377,468809f0-f92d-4e17-b98a-c8a028c87172,65.0,
,21312,62910031,1,2025-03-21 17:00:46.621,,,62910031,2025-03-21 17:04:58.437,2025-03-21 17:04:58.437,,,,,UTC+0100,NA9l677+ml,,com.sec.android.app.shealth,2025-03-21 17:00:46.621,5efb4bdb-7688-4b69-8ed4-d9c083e03bdb,80.0,
,21312,62910031,1,2025-03-21 17:20:29.363,,,62910031,2025-03-21 17:28:19.103,2025-03-21 17:28:19.103,,,,,UTC+0100,NA9l677+ml,,com.sec.android.app.shealth,2025-03-21 17:20:29.363,47cc2390-00c9-4974-b71d-619deab64420,75.0,
,21312,62910031,1,2025-03-21 17:41:09.674,,,62910031,2025-03-21 17:41:52.893,2025-03-21 17:41:52.893,,,,,UTC+0100,NA9l677+ml,,com.sec.android.app.shealth,2025-03-21 17:41:09.674,b67dfa05-6648-4db8-9f65-fb34d9090ea3,103.0,
,21312,62910031,1,2025-03-21 17:50:29.317,,,62910031,2025-03-21 17:55:00.151,2025-03-21 17:55:00.151,,,,,UTC+0100,NA9l677+ml,,com.sec.android.app.shealth,2025-03-21 17:50:29.317,c53ea0cf-378a-4965-85c8-eebb72f4dca6,77.0,
,21312,62910031,1,2025-03-21 18:00:29.325,,,62910031,2025-03-21 18:15:00.760,2025-03-21 18:15:00.760,,,,,UTC+0100,NA9l677+ml,,com.sec.android.app.shealth,2025-03-21 18:00:29.325,4f60d59d-3608-4cb2-95d4-bc0ca5c834f4,70.0,
,21312,62910031,1,2025-03-21 18:10:29.325,,,62910031,2025-03-21 18:15:00.767,2025-03-21 18:15:00.767,,,,,UTC+0100,NA9l677+ml,,com.sec.android.app.shealth,2025-03-21 18:10:29.325,fab8607c-347e-4b18-bdb0-6cad6c7f8560,73.0,
,21312,62910031,1,2025-03-21 18:20:59.570,,,62910031,2025-03-21 18:32:13.502,2025-03-21 18:32:13.502,,,,,UTC+0100,NA9l677+ml,,com.sec.android.app.shealth,2025-03-21 18:20:59.570,0cf9a5b8-6a27-4d1d-afb3-2ac40a70433d,67.0,
,21312,62910031,1,2025-03-21 18:30:59.570,,,62910031,2025-03-21 18:32:13.509,2025-03-21 18:32:13.509,,,,,UTC+0100,NA9l677+ml,,com.sec.android.app.shealth,2025-03-21 18:30:59.570,3e093a88-2ac0-4996-996b-d0f29308ea36,78.0,
,21312,62910031,1,2025-03-21 18:40:29.388,,,62910031,2025-03-21 18:41:50.058,2025-03-21 18:41:50.058,,,,,UTC+0100,NA9l677+ml,,com.sec.android.app.shealth,2025-03-21 18:40:29.388,135879e9-a227-4bb6-bc5a-015326d8481a,80.0,
,21312,62910031,1,2025-03-21 18:50:29.321,,,62910031,2025-03-21 18:54:06.054,2025-03-21 18:54:06.054,,,,,UTC+0100,NA9l677+ml,,com.sec.android.app.shealth,2025-03-21 18:50:29.321,6f3ff99a-41cf-4c52-b563-a3347ced668f,66.0,
,21312,62910031,1,2025-03-21 19:20:29.314,,,62910031,2025-03-21 19:35:00.781,2025-03-21 19:35:00.781,,,,,UTC+0100,NA9l677+ml,,com.sec.android.app.shealth,2025-03-21 19:20:29.314,83b7135f-08f0-4840-a359-ab45ee133a71,75.0,
,21312,62910031,1,2025-03-21 19:30:29.314,,,62910031,2025-03-21 19:35:00.788,2025-03-21 19:35:00.788,,,,,UTC+0100,NA9l677+ml,,com.sec.android.app.shealth,2025-03-21 19:30:29.314,81ec19a6-efa8-4b94-a5d1-f90ed6ad78e3,76.0,
,21313,62910031,1,2025-03-21 19:00:00.000,,00771bf7-feb7-411e-bf18-e4806ff7e493.com.samsung.health.heart_rate.binning_data.json,62910031,2025-03-21 20:04:29.772,2025-03-21 19:11:27.566,,89.0,56.0,,UTC+0100,NA9l677+ml,,com.sec.android.app.shealth,2025-03-21 19:59:59.999,00771bf7-feb7-411e-bf18-e4806ff7e493,73.0,
,21313,62910031,1,2025-03-21 20:00:00.000,,0cda75ad-b936-4668-8d37-5f48587d6727.com.samsung.health.heart_rate.binning_data.json,62910031,2025-03-22 23:09:23.800,2025-03-21 20:04:29.959,,80.0,61.0,,UTC+0100,NA9l677+ml,,com.sec.android.app.shealth,2025-03-21 20:59:59.999,0cda75ad-b936-4668-8d37-5f48587d6727,72.0,
,21312,62910031,1,2025-03-22 18:10:29.318,,,62910031,2025-03-22 18:10:32.238,2025-03-22 18:10:32.238,,,,,UTC+0100,NA9l677+ml,,com.sec.android.app.shealth,2025-03-22 18:10:29.318,77ae6b9c-670d-4c6b-9ce2-8b0796fdb2d6,69.0,
,21312,62910031,1,2025-03-22 18:20:29.931,,,62910031,2025-03-22 18:21:50.385,2025-03-22 18:21:50.385,,,,,UTC+0100,NA9l677+ml,,com.sec.android.app.shealth,2025-03-22 18:20:29.931,8abaa745-4d42-4273-a3f7-d1e6a2a42158,82.0,
,21312,62910031,1,2025-03-22 18:30:29.313,,,62910031,2025-03-22 18:31:55.508,2025-03-22 18:31:55.508,,,,,UTC+0100,NA9l677+ml,,com.sec.android.app.shealth,2025-03-22 18:30:29.313,0f547e2b-fd3b-46c5-bbb1-bca547ae2b91,75.0,
,21312,62910031,1,2025-03-22 22:50:29.299,,,62910031,2025-03-22 22:55:00.222,2025-03-22 22:55:00.222,,,,,UTC+0100,NA9l677+ml,,com.sec.android.app.shealth,2025-03-22 22:50:29.299,418df12a-6918-4231-9d2a-7cd57f5efab1,73.0,
,21313,62910031,1,2025-03-22 22:00:00.000,,ba47a61e-2aaf-4353-af76-b3c87bf22e4e.com.samsung.health.heart_rate.binning_data.json,62910031,2025-03-22 23:09:24.020,2025-03-22 22:55:00.211,,74.0,69.0,,UTC+0100,NA9l677+ml,,com.sec.android.app.shealth,2025-03-22 22:59:59.999,ba47a61e-2aaf-4353-af76-b3c87bf22e4e,70.0,
,21313,62910031,1,2025-03-22 23:00:00.000,,8cca5cfd-31de-487f-bce3-3c20f646d321.com.samsung.health.heart_rate.binning_data.json,62910031,2025-03-23 00:07:41.802,2025-03-22 23:12:54.489,,86.0,65.0,,UTC+0100,NA9l677+ml,,com.sec.android.app.shealth,2025-03-22 23:59:59.999,8cca5cfd-31de-487f-bce3-3c20f646d321,72.0,
,21313,62910031,1,2025-03-23 00:00:00.000,,00ccbbe8-cc66-409f-85c6-a58b1fd9caad.com.samsung.health.heart_rate.binning_data.json,62910031,2025-03-23 01:07:40.909,2025-03-23 00:13:02.396,,88.0,60.0,,UTC+0100,NA9l677+ml,,com.sec.android.app.shealth,2025-03-23 00:59:59.999,00ccbbe8-cc66-409f-85c6-a58b1fd9caad,74.0,
,21313,62910031,1,2025-03-23 01:00:00.000,,9b731495-9909-4091-b76e-e2a9ca22626b.com.samsung.health.heart_rate.binning_data.json,62910031,2025-03-23 02:05:53.918,2025-03-23 01:07:41.114,,88.0,63.0,,UTC+0100,NA9l677+ml,,com.sec.android.app.shealth,2025-03-23 01:59:59.999,9b731495-9909-4091-b76e-e2a9ca22626b,75.0,
,21313,62910031,1,2025-03-23 02:00:00.000,,111a6810-07e7-4f4d-a926-b1df2de6e5a4.com.samsung.health.heart_rate.binning_data.json,62910031,2025-03-23 03:07:41.063,2025-03-23 02:05:54.162,,93.0,55.0,,UTC+0100,NA9l677+ml,,com.sec.android.app.shealth,2025-03-23 02:59:59.999,111a6810-07e7-4f4d-a926-b1df2de6e5a4,76.0,
,21313,62910031,1,2025-03-23 03:00:00.000,,0a0c1a17-8e22-4c97-ab29-53d1f4929382.com.samsung.health.heart_rate.binning_data.json,62910031,2025-03-23 04:07:41.041,2025-03-23 03:07:41.344,,89.0,55.0,,UTC+0100,NA9l677+ml,,com.sec.android.app.shealth,2025-03-23 03:59:59.999,0a0c1a17-8e22-4c97-ab29-53d1f4929382,72.0,
,21313,62910031,1,2025-03-23 04:00:00.000,,5d041514-b371-4ac2-8267-6b5d6058abe8.com.samsung.health.heart_rate.binning_data.json,62910031,2025-03-23 05:09:01.177,2025-03-23 04:07:41.341,,78.0,54.0,,UTC+0100,NA9l677+ml,,com.sec.android.app.shealth,2025-03-23 04:59:59.999,5d041514-b371-4ac2-8267-6b5d6058abe8,67.0,
,21313,62910031,1,2025-03-23 05:00:00.000,,1eab1403-e49d-4ee0-9d78-cf9fbf7a5c95.com.samsung.health.heart_rate.binning_data.json,62910031,2025-03-23 06:07:45.720,2025-03-23 05:09:01.462,,84.0,53.0,,UTC+0100,NA9l677+ml,,com.sec.android.app.shealth,2025-03-23 05:59:59.999,1eab1403-e49d-4ee0-9d78-cf9fbf7a5c95,63.0,
,21313,62910031,1,2025-03-23 06:00:00.000,,33379a80-176f-49c5-a970-05d1f087bab5.com.samsung.health.heart_rate.binning_data.json,62910031,2025-03-23 07:12:20.058,2025-03-23 06:07:46.063,,85.0,53.0,,UTC+0100,NA9l677+ml,,com.sec.android.app.shealth,2025-03-23 06:59:59.999,33379a80-176f-49c5-a970-05d1f087bab5,61.0,
,21313,62910031,1,2025-03-23 07:00:00.000,,29161871-5cfb-447e-bb77-5d385fae7af6.com.samsung.health.heart_rate.binning_data.json,62910031,2025-03-23 07:17:17.977,2025-03-23 07:12:29.127,,89.0,58.0,,UTC+0100,NA9l677+ml,,com.sec.android.app.shealth,2025-03-23 07:17:17.502,29161871-5cfb-447e-bb77-5d385fae7af6,66.0,
,21312,62910031,1,2025-03-23 07:20:59.584,,,62910031,2025-03-23 07:21:13.817,2025-03-23 07:21:13.817,,,,,UTC+0100,NA9l677+ml,,com.sec.android.app.shealth,2025-03-23 07:20:59.584,7fc0ec27-06e4-4ae8-986b-ce3c367f8a2d,70.0,
,21312,62910031,1,2025-03-23 07:30:29.329,,,62910031,2025-03-23 07:30:32.882,2025-03-23 07:30:32.882,,,,,UTC+0100,NA9l677+ml,,com.sec.android.app.shealth,2025-03-23 07:30:29.329,0d26979d-b65f-4f56-91ee-62b1dcc60bc2,73.0,
,21312,62910031,1,2025-03-23 08:20:30.237,,,62910031,2025-03-23 08:20:40.949,2025-03-23 08:20:40.949,,,,,UTC+0100,NA9l677+ml,,com.sec.android.app.shealth,2025-03-23 08:20:30.237,65c205c1-15a0-479e-86a0-8e6e15b81bf6,118.0,
,21312,62910031,1,2025-03-23 08:30:29.339,,,62910031,2025-03-23 08:30:54.248,2025-03-23 08:30:54.248,,,,,UTC+0100,NA9l677+ml,,com.sec.android.app.shealth,2025-03-23 08:30:29.339,6bd03911-3e0d-442a-9ce1-19cd1b08731f,84.0,
,21312,62910031,1,2025-03-23 09:10:29.367,,,62910031,2025-03-23 09:12:20.339,2025-03-23 09:12:20.339,,,,,UTC+0100,NA9l677+ml,,com.sec.android.app.shealth,2025-03-23 09:10:29.367,d52c7dba-5918-4190-bd04-f0a6cb840767,87.0,
,21312,62910031,1,2025-03-23 09:30:59.525,,,62910031,2025-03-23 09:35:00.825,2025-03-23 09:35:00.825,,,,,UTC+0100,NA9l677+ml,,com.sec.android.app.shealth,2025-03-23 09:30:59.525,b06b93ad-4499-43f7-ac19-a1d194818053,84.0,
,21312,62910031,1,2025-03-23 09:40:59.645,,,62910031,2025-03-23 09:45:59.849,2025-03-23 09:45:59.849,,,,,UTC+0100,NA9l677+ml,,com.sec.android.app.shealth,2025-03-23 09:40:59.645,f7e83987-be09-4b25-ab71-8cc78fc323a1,82.0,
,21312,62910031,1,2025-03-23 09:50:29.384,,,62910031,2025-03-23 09:52:46.065,2025-03-23 09:52:46.065,,,,,UTC+0100,NA9l677+ml,,com.sec.android.app.shealth,2025-03-23 09:50:29.384,8dea2613-583f-481e-9c8c-5f7d6d560cdb,79.0,
,21312,62910031,1,2025-03-23 10:00:29.370,,,62910031,2025-03-23 10:03:29.037,2025-03-23 10:03:29.037,,,,,UTC+0100,NA9l677+ml,,com.sec.android.app.shealth,2025-03-23 10:00:29.370,b3b789d9-ecc6-4576-a921-2741135d903b,82.0,
,21312,62910031,1,2025-03-23 10:10:29.328,,,62910031,2025-03-23 10:14:59.982,2025-03-23 10:14:59.982,,,,,UTC+0100,NA9l677+ml,,com.sec.android.app.shealth,2025-03-23 10:10:29.328,a3d850d0-41c3-478d-80fa-e20921f50a23,92.0,
,21312,62910031,1,2025-03-23 10:20:29.370,,,62910031,2025-03-23 10:24:05.746,2025-03-23 10:24:05.746,,,,,UTC+0100,NA9l677+ml,,com.sec.android.app.shealth,2025-03-23 10:20:29.370,e2af2d19-5042-4070-8e34-9feb4a823148,79.0,
,21312,62910031,1,2025-03-23 10:30:29.309,,,62910031,2025-03-23 10:30:55.095,2025-03-23 10:30:55.095,,,,,UTC+0100,NA9l677+ml,,com.sec.android.app.shealth,2025-03-23 10:30:29.309,a721d210-d2ec-40b1-a891-684ac8f95e8c,69.0,
,21312,62910031,1,2025-03-23 10:40:29.388,,,62910031,2025-03-23 10:45:43.974,2025-03-23 10:45:43.974,,,,,UTC+0100,NA9l677+ml,,com.sec.android.app.shealth,2025-03-23 10:40:29.388,8343d822-3b3d-4080-9935-1f37d946f66f,81.0,
,21312,62910031,1,2025-03-23 10:50:29.382,,,62910031,2025-03-23 10:55:01.746,2025-03-23 10:55:01.746,,,,,UTC+0100,NA9l677+ml,,com.sec.android.app.shealth,2025-03-23 10:50:29.382,3a99cb8b-1f50-45dc-81d7-d55a419a4908,68.0,
,21312,62910031,1,2025-03-23 11:00:29.313,,,62910031,2025-03-23 11:06:49.780,2025-03-23 11:06:49.780,,,,,UTC+0100,NA9l677+ml,,com.sec.android.app.shealth,2025-03-23 11:00:29.313,c9ce82f6-5a75-4252-806a-7fc41cb6626e,70.0,
,21312,62910031,1,2025-03-23 11:10:29.273,,,62910031,2025-03-23 11:15:00.351,2025-03-23 11:15:00.351,,,,,UTC+0100,NA9l677+ml,,com.sec.android.app.shealth,2025-03-23 11:10:29.273,7f34d810-1383-46f7-bf8e-42a4599a13a6,73.0,
,21312,62910031,1,2025-03-23 11:20:29.303,,,62910031,2025-03-23 11:21:13.448,2025-03-23 11:21:13.448,,,,,UTC+0100,NA9l677+ml,,com.sec.android.app.shealth,2025-03-23 11:20:29.303,4ef0c14c-9b72-43db-9030-98c7a9be8d28,74.0,
,21312,62910031,1,2025-03-23 11:30:29.297,,,62910031,2025-03-23 11:35:00.488,2025-03-23 11:35:00.488,,,,,UTC+0100,NA9l677+ml,,com.sec.android.app.shealth,2025-03-23 11:30:29.297,ac4ec06e-dbea-4106-b337-80b1b4530e9e,75.0,
,21312,62910031,1,2025-03-23 11:40:29.307,,,62910031,2025-03-23 11:41:19.467,2025-03-23 11:41:19.467,,,,,UTC+0100,NA9l677+ml,,com.sec.android.app.shealth,2025-03-23 11:40:29.307,0ff2a4af-40b7-4292-af42-96f06ceaea32,67.0,
,21312,62910031,1,2025-03-23 11:50:58.657,,,62910031,2025-03-23 11:51:10.356,2025-03-23 11:51:10.356,,,,,UTC+0100,NA9l677+ml,,com.sec.android.app.shealth,2025-03-23 11:50:58.657,e5dc320e-ecd4-4099-8678-9f743032cced,70.0,
,21312,62910031,1,2025-03-23 12:00:29.300,,,62910031,2025-03-23 12:02:42.937,2025-03-23 12:02:42.937,,,,,UTC+0100,NA9l677+ml,,com.sec.android.app.shealth,2025-03-23 12:00:29.300,931321e1-206e-4c13-b16c-251c680e684e,76.0,
,21312,62910031,1,2025-03-23 12:20:29.304,,,62910031,2025-03-23 12:21:23.899,2025-03-23 12:21:23.899,,,,,UTC+0100,NA9l677+ml,,com.sec.android.app.shealth,2025-03-23 12:20:29.304,86488cdc-f87a-4ae7-af27-62c41f77aee0,75.0,
,21312,62910031,1,2025-03-23 12:30:29.296,,,62910031,2025-03-23 12:33:47.237,2025-03-23 12:33:47.237,,,,,UTC+0100,NA9l677+ml,,com.sec.android.app.shealth,2025-03-23 12:30:29.296,e53332eb-2b69-4961-9a23-c3d9a1d61d40,77.0,
,21312,62910031,1,2025-03-23 13:00:59.579,,,62910031,2025-03-23 13:03:16.449,2025-03-23 13:03:16.449,,,,,UTC+0100,NA9l677+ml,,com.sec.android.app.shealth,2025-03-23 13:00:59.579,8ab90e92-89a0-4d99-8c60-da259f14dfd6,76.0,
,21312,62910031,1,2025-03-23 13:20:29.569,,,62910031,2025-03-23 13:20:29.263,2025-03-23 13:20:29.263,,,,,UTC+0100,NA9l677+ml,,com.sec.android.app.shealth,2025-03-23 13:20:29.569,260a51ed-30d4-4175-93ed-9e61fac4f441,94.0,
,21312,62910031,1,2025-03-23 13:30:29.370,,,62910031,2025-03-23 13:33:28.284,2025-03-23 13:33:28.284,,,,,UTC+0100,NA9l677+ml,,com.sec.android.app.shealth,2025-03-23 13:30:29.370,9e6903b6-cd7f-4ab9-8e70-8e5d98fa5d52,75.0,
,21312,62950051,1,2025-04-24 02:30:29.289,,,62950051,2025-04-24 02:33:05.952,2025-04-24 02:33:05.952,,,,,UTC+0200,NA9l677+ml,,com.sec.android.app.shealth,2025-04-24 02:30:29.289,55e46833-547a-4d24-8851-9f7ac88cc0a6,77.0,
,21312,62950051,1,2025-04-24 02:40:30.115,,,62950051,2025-04-24 02:42:27.812,2025-04-24 02:42:27.812,,,,,UTC+0200,NA9l677+ml,,com.sec.android.app.shealth,2025-04-24 02:40:30.115,3d12864d-b803-4572-8ad2-fb736236a564,74.0,
,21312,62950051,1,2025-04-24 02:50:29.347,,,62950051,2025-04-24 02:55:00.809,2025-04-24 02:55:00.809,,,,,UTC+0200,NA9l677+ml,,com.sec.android.app.shealth,2025-04-24 02:50:29.347,a5cadeaa-904f-4a62-8714-c0ca5a5dc9a1,74.0,
,21312,62950051,1,2025-04-24 03:00:29.243,,,62950051,2025-04-24 03:06:23.245,2025-04-24 03:06:23.245,,,,,UTC+0200,NA9l677+ml,,com.sec.android.app.shealth,2025-04-24 03:00:29.243,7a7795b5-3f58-4b3b-ac5d-9e7c485bec8a,72.0,
,21312,62950051,1,2025-04-24 03:10:29.269,,,62950051,2025-04-24 03:12:00.936,2025-04-24 03:12:00.936,,,,,UTC+0200,NA9l677+ml,,com.sec.android.app.shealth,2025-04-24 03:10:29.269,b207758f-811e-48d4-a696-345bd3256d87,71.0,
,21312,62950051,1,2025-04-24 03:20:59.528,,,62950051,2025-04-24 03:35:00.148,2025-04-24 03:35:00.148,,,,,UTC+0200,NA9l677+ml,,com.sec.android.app.shealth,2025-04-24 03:20:59.528,311f4588-c0e5-4bef-b946-20eae7837b1c,71.0,
,21312,62950051,1,2025-04-24 03:30:59.528,,,62950051,2025-04-24 03:35:00.161,2025-04-24 03:35:00.161,,,,,UTC+0200,NA9l677+ml,,com.sec.android.app.shealth,2025-04-24 03:30:59.528,168ea5a1-4b98-47f3-b709-f1217ef51fc8,67.0,
,21312,62950051,1,2025-04-24 03:41:49.754,,,62950051,2025-04-24 03:42:21.758,2025-04-24 03:42:21.758,,,,,UTC+0200,NA9l677+ml,,com.sec.android.app.shealth,2025-04-24 03:41:49.754,b3e501d0-9dcd-40e0-9f21-79e23d3504c0,75.0,
,21312,62950051,1,2025-04-24 03:50:29.335,,,62950051,2025-04-24 03:50:35.461,2025-04-24 03:50:35.461,,,,,UTC+0200,NA9l677+ml,,com.sec.android.app.shealth,2025-04-24 03:50:29.335,944b7ca6-ecf0-45dc-b187-f30fc41d76f8,70.0,
,21312,62950051,1,2025-04-24 04:10:29.242,,,62950051,2025-04-24 04:10:58.512,2025-04-24 04:10:58.512,,,,,UTC+0200,NA9l677+ml,,com.sec.android.app.shealth,2025-04-24 04:10:29.242,00e16ad4-56d6-48e4-b7fb-0007d1b73ec3,73.0,
,21312,62950051,1,2025-04-24 04:21:22.717,,,62950051,2025-04-24 04:22:58.717,2025-04-24 04:22:58.717,,,,,UTC+0200,NA9l677+ml,,com.sec.android.app.shealth,2025-04-24 04:21:22.717,fbf74799-8de8-485c-8f15-2f352dea9968,75.0,
,21312,62950051,1,2025-04-24 04:30:29.260,,,62950051,2025-04-24 04:31:38.894,2025-04-24 04:31:38.894,,,,,UTC+0200,NA9l677+ml,,com.sec.android.app.shealth,2025-04-24 04:30:29.260,3fab36e1-7840-4270-be70-2f9fab21b938,74.0,
,21312,62950051,1,2025-04-24 04:40:29.278,,,62950051,2025-04-24 04:55:01.069,2025-04-24 04:55:01.069,,,,,UTC+0200,NA9l677+ml,,com.sec.android.app.shealth,2025-04-24 04:40:29.278,adee4770-5698-4ea0-8125-90c7a20bb5e4,70.0,
,21312,62950051,1,2025-04-24 04:50:29.278,,,62950051,2025-04-24 04:55:01.079,2025-04-24 04:55:01.079,,,,,UTC+0200,NA9l677+ml,,com.sec.android.app.shealth,2025-04-24 04:50:29.278,246b777e-5ba6-444c-8dbb-309a107fb124,69.0,
,21313,62950051,1,2025-04-24 05:00:00.000,,7cf0354d-4291-4179-ae01-05bf594ada46.com.samsung.health.heart_rate.binning_data.json,62950051,2025-04-24 06:07:27.314,2025-04-24 05:15:00.225,,70.0,55.0,,UTC+0200,NA9l677+ml,,com.sec.android.app.shealth,2025-04-24 05:59:59.999,7cf0354d-4291-4179-ae01-05bf594ada46,62.0,
,21312,62950051,1,2025-04-24 07:00:47.051,,,62950051,2025-04-24 07:01:11.046,2025-04-24 07:01:11.046,,,,,UTC+0200,NA9l677+ml,,com.sec.android.app.shealth,2025-04-24 07:00:47.051,73eb2471-fbe9-4f45-9f02-f2ba20f06ef2,76.0,
,21312,62950051,1,2025-04-24 07:10:59.501,,,62950051,2025-04-24 07:15:00.353,2025-04-24 07:15:00.353,,,,,UTC+0200,NA9l677+ml,,com.sec.android.app.shealth,2025-04-24 07:10:59.501,76d620b3-8ad8-4215-9797-329b704d1699,74.0,
,21312,62950051,1,2025-04-24 07:30:29.283,,,62950051,2025-04-24 07:35:00.550,2025-04-24 07:35:00.550,,,,,UTC+0200,NA9l677+ml,,com.sec.android.app.shealth,2025-04-24 07:30:29.283,074ff45a-67e5-4e99-8ac1-7e8cdeeb3cf6,79.0,
,21312,62950051,1,2025-04-24 07:40:29.303,,,62950051,2025-04-24 07:54:52.658,2025-04-24 07:54:52.658,,,,,UTC+0200,NA9l677+ml,,com.sec.android.app.shealth,2025-04-24 07:40:29.303,9745aa54-4bca-4fab-a45b-56d836247b81,83.0,
,21312,62950051,1,2025-04-24 07:50:29.303,,,62950051,2025-04-24 07:54:52.670,2025-04-24 07:54:52.670,,,,,UTC+0200,NA9l677+ml,,com.sec.android.app.shealth,2025-04-24 07:50:29.303,054ec938-3bc9-4241-89ee-fc1d490f7195,84.0,
,21312,62950051,1,2025-04-24 08:00:29.319,,,62950051,2025-04-24 08:15:00.833,2025-04-24 08:15:00.833,,,,,UTC+0200,NA9l677+ml,,com.sec.android.app.shealth,2025-04-24 08:00:29.319,b1dac175-ae46-437c-8be8-4dc46defe60e,87.0,
,21312,62950051,1,2025-04-24 08:10:29.319,,,62950051,2025-04-24 08:15:00.843,2025-04-24 08:15:00.843,,,,,UTC+0200,NA9l677+ml,,com.sec.android.app.shealth,2025-04-24 08:10:29.319,b7d9ec62-0359-4d1d-b4e8-40072d091b4f,81.0,
,21312,62950051,1,2025-04-24 08:20:29.312,,,62950051,2025-04-24 08:29:34.138,2025-04-24 08:29:34.138,,,,,UTC+0200,NA9l677+ml,,com.sec.android.app.shealth,2025-04-24 08:20:29.312,02e9b158-c8d8-4f7f-a4d0-af8855a03e02,68.0,
,21312,62950051,1,2025-04-24 08:30:29.245,,,62950051,2025-04-24 08:35:01.649,2025-04-24 08:35:01.649,,,,,UTC+0200,NA9l677+ml,,com.sec.android.app.shealth,2025-04-24 08:30:29.245,df1dc150-7681-48f4-993a-4c412ea26374,79.0,
,21312,62950051,1,2025-04-24 08:40:29.272,,,62950051,2025-04-24 08:55:01.842,2025-04-24 08:55:01.842,,,,,UTC+0200,NA9l677+ml,,com.sec.android.app.shealth,2025-04-24 08:40:29.272,a612dd3c-ceef-42d9-bdfe-95dda5fc93e4,68.0,
,21312,62950051,1,2025-04-24 08:50:29.272,,,62950051,2025-04-24 08:55:01.853,2025-04-24 08:55:01.853,,,,,UTC+0200,NA9l677+ml,,com.sec.android.app.shealth,2025-04-24 08:50:29.272,7a5e3c4b-92a3-4255-9d5a-e533c219f7f5,77.0,
,21313,62950051,1,2025-04-24 06:00:00.000,,034234b9-e2f3-41b9-8b12-c7ffc2ee3cf9.com.samsung.health.heart_rate.binning_data.json,62950051,2025-04-24 09:13:23.278,2025-04-24 06:09:58.626,,83.0,55.0,,UTC+0200,NA9l677+ml,,com.sec.android.app.shealth,2025-04-24 06:59:59.999,034234b9-e2f3-41b9-8b12-c7ffc2ee3cf9,62.0,
,21313,62950051,1,2025-04-24 09:00:00.000,,d48be5f2-f909-482e-99d8-904e4d8f2bbb.com.samsung.health.heart_rate.binning_data.json,62950051,2025-04-24 10:06:48.292,2025-04-24 09:15:01.611,,90.0,60.0,,UTC+0200,NA9l677+ml,,com.sec.android.app.shealth,2025-04-24 09:59:59.999,d48be5f2-f909-482e-99d8-904e4d8f2bbb,71.0,
,21312,62950051,1,2025-04-24 10:40:30.334,,,62950051,2025-04-24 10:40:49.352,2025-04-24 10:40:49.352,,,,,UTC+0200,NA9l677+ml,,com.sec.android.app.shealth,2025-04-24 10:40:30.334,93763187-888e-44cb-83ec-5a758d24c72f,75.0,
,21313,62950051,1,2025-04-24 10:00:00.000,,49d0731e-7023-4655-8aa0-d58c32531f0f.com.samsung.health.heart_rate.binning_data.json,62950051,2025-04-24 11:10:56.992,2025-04-24 10:06:48.605,,81.0,65.0,,UTC+0200,NA9l677+ml,,com.sec.android.app.shealth,2025-04-24 10:59:59.999,49d0731e-7023-4655-8aa0-d58c32531f0f,72.0,
,21312,62950051,1,2025-04-24 11:40:32.064,,,62950051,2025-04-24 11:47:08.213,2025-04-24 11:47:08.213,,,,,UTC+0200,NA9l677+ml,,com.sec.android.app.shealth,2025-04-24 11:40:32.064,3d9a8a10-3546-4077-bb57-6765c10b22f5,76.0,
,21312,62950051,1,2025-04-24 11:50:29.292,,,62950051,2025-04-24 11:55:00.946,2025-04-24 11:55:00.946,,,,,UTC+0200,NA9l677+ml,,com.sec.android.app.shealth,2025-04-24 11:50:29.292,2592038b-1633-49e7-80f2-258626ce02ae,75.0,
,21312,62950051,1,2025-04-24 12:10:29.248,,,62950051,2025-04-24 12:15:00.791,2025-04-24 12:15:00.791,,,,,UTC+0200,NA9l677+ml,,com.sec.android.app.shealth,2025-04-24 12:10:29.248,9cbe2f77-6e77-4462-ac94-3c24e5ef9828,76.0,
,21312,62950051,1,2025-04-24 12:20:29.331,,,62950051,2025-04-24 12:30:59.350,2025-04-24 12:30:59.350,,,,,UTC+0200,NA9l677+ml,,com.sec.android.app.shealth,2025-04-24 12:20:29.331,9e6c3bcf-b333-47f2-8f6c-af49b96e99a3,71.0,
,21312,62950051,1,2025-04-24 12:30:29.331,,,62950051,2025-04-24 12:30:59.354,2025-04-24 12:30:59.354,,,,,UTC+0200,NA9l677+ml,,com.sec.android.app.shealth,2025-04-24 12:30:29.331,aab16afe-260d-497c-8de5-b98586a1d4fe,69.0,
,21312,62950051,1,2025-04-24 12:40:29.214,,,62950051,2025-04-24 12:51:26.968,2025-04-24 12:51:26.968,,,,,UTC+0200,NA9l677+ml,,com.sec.android.app.shealth,2025-04-24 12:40:29.214,a23c1456-b35d-41cb-a919-1375591a4600,71.0,
,21312,62950051,1,2025-04-24 12:50:29.214,,,62950051,2025-04-24 12:51:26.980,2025-04-24 12:51:26.980,,,,,UTC+0200,NA9l677+ml,,com.sec.android.app.shealth,2025-04-24 12:50:29.214,c51829e6-2e23-4a71-aa41-a0e56bea4976,68.0,
,21313,62950051,1,2025-04-24 11:00:00.000,,20dbe0b2-8c9b-4c48-910b-ae275ed3578c.com.samsung.health.heart_rate.binning_data.json,62950051,2025-04-24 13:00:22.226,2025-04-24 11:10:57.518,,84.0,60.0,,UTC+0200,NA9l677+ml,,com.sec.android.app.shealth,2025-04-24 11:59:59.999,20dbe0b2-8c9b-4c48-910b-ae275ed3578c,74.0,
,21313,62950051,1,2025-04-24 12:00:00.000,,fd98e88a-ddfb-4d14-aa25-1210048784aa.com.samsung.health.heart_rate.binning_data.json,62950051,2025-04-24 13:00:22.381,2025-04-24 12:00:29.556,,72.0,65.0,,UTC+0200,NA9l677+ml,,com.sec.android.app.shealth,2025-04-24 12:59:59.999,fd98e88a-ddfb-4d14-aa25-1210048784aa,68.0,
,21313,62950051,1,2025-04-24 13:00:00.000,,7ab3850e-feb6-4c6a-b8f6-d4204b303354.com.samsung.health.heart_rate.binning_data.json,62950051,2025-04-24 14:05:22.098,2025-04-24 14:05:22.098,,91.0,55.0,,UTC+0200,NA9l677+ml,,com.sec.android.app.shealth,2025-04-24 13:59:59.999,7ab3850e-feb6-4c6a-b8f6-d4204b303354,69.0,
,21313,62950051,1,2025-04-24 14:00:00.000,,b50821df-76ab-447d-a1e2-1f69e1b077d3.com.samsung.health.heart_rate.binning_data.json,62950051,2025-04-24 15:09:06.313,2025-04-24 14:05:22.569,,88.0,55.0,,UTC+0200,NA9l677+ml,,com.sec.android.app.shealth,2025-04-24 14:59:59.999,b50821df-76ab-447d-a1e2-1f69e1b077d3,66.0,
,21313,62950051,1,2025-04-24 15:00:00.000,,62e49c12-4d30-4b42-90b2-325be7440e12.com.samsung.health.heart_rate.binning_data.json,62950051,2025-05-02 21:15:00.355,2025-04-24 15:13:53.791,,86.0,55.0,,UTC+0200,NA9l677+ml,,com.sec.android.app.shealth,2025-04-24 15:59:59.999,62e49c12-4d30-4b42-90b2-325be7440e12,67.0,
,21312,62950051,1,2025-04-24 15:30:30.829,,,62950051,2025-04-24 15:31:13.831,2025-04-24 15:31:13.831,,,,,UTC+0200,NA9l677+ml,,com.sec.android.app.shealth,2025-04-24 15:30:30.829,193ef32a-11ef-420f-be33-fbfea631f47a,76.0,
,21312,62950051,1,2025-04-24 16:00:29.342,,,62950051,2025-04-24 16:06:30.104,2025-04-24 16:06:30.104,,,,,UTC+0200,NA9l677+ml,,com.sec.android.app.shealth,2025-04-24 16:00:29.342,f09515e7-e3bf-40ab-b3b2-5bc157e48544,72.0,
,21312,62950051,1,2025-04-24 16:10:29.225,,,62950051,2025-04-24 16:11:40.512,2025-04-24 16:11:40.512,,,,,UTC+0200,NA9l677+ml,,com.sec.android.app.shealth,2025-04-24 16:10:29.225,814297a5-6031-4982-98f8-257fba3fb0b2,70.0,
,21312,62950051,1,2025-04-24 16:20:29.260,,,62950051,2025-04-24 16:23:51.115,2025-04-24 16:23:51.115,,,,,UTC+0200,NA9l677+ml,,com.sec.android.app.shealth,2025-04-24 16:20:29.260,24c3d87b-0b78-4375-8fdd-3c6b4beb60ef,69.0,
,21312,62950051,1,2025-04-24 16:30:29.261,,,62950051,2025-04-24 16:35:00.480,2025-04-24 16:35:00.480,,,,,UTC+0200,NA9l677+ml,,com.sec.android.app.shealth,2025-04-24 16:30:29.261,57f563dd-3462-4535-9b27-27445d3833a6,79.0,
,21312,62950051,1,2025-04-24 16:40:29.238,,,62950051,2025-04-24 16:41:43.925,2025-04-24 16:41:43.925,,,,,UTC+0200,NA9l677+ml,,com.sec.android.app.shealth,2025-04-24 16:40:29.238,62ffc9ef-620a-4a64-a60e-66ebeed01d9b,83.0,
,21312,62950051,1,2025-04-24 17:40:59.587,,,62950051,2025-04-24 17:41:27.057,2025-04-24 17:41:27.057,,,,,UTC+0200,NA9l677+ml,,com.sec.android.app.shealth,2025-04-24 17:40:59.587,9cc7e9d4-c1e5-43b9-9d74-5d09ba58579d,93.0,
,21312,62950051,1,2025-04-24 17:50:30.328,,,62950051,2025-04-24 17:51:34.754,2025-04-24 17:51:34.754,,,,,UTC+0200,NA9l677+ml,,com.sec.android.app.shealth,2025-04-24 17:50:30.328,22ce8c32-cc49-45d1-82ce-3ef7edb8b9fc,94.0,
,21312,62950051,1,2025-04-24 18:10:29.276,,,62950051,2025-04-24 18:15:00.570,2025-04-24 18:15:00.570,,,,,UTC+0200,NA9l677+ml,,com.sec.android.app.shealth,2025-04-24 18:10:29.276,a28d0082-8c12-438b-ac78-90feb1dd7af3,82.0,
,21312,62950051,1,2025-04-24 18:20:29.266,,,62950051,2025-04-24 18:25:17.409,2025-04-24 18:25:17.409,,,,,UTC+0200,NA9l677+ml,,com.sec.android.app.shealth,2025-04-24 18:20:29.266,4154262d-0f37-4e56-b347-70135680328e,75.0,
,21312,62950051,1,2025-04-24 18:30:29.343,,,62950051,2025-04-24 18:35:00.781,2025-04-24 18:35:00.781,,,,,UTC+0200,NA9l677+ml,,com.sec.android.app.shealth,2025-04-24 18:30:29.343,8b11de84-a820-49ba-aee1-9e336c12e3d3,74.0,
,21312,62950051,1,2025-04-24 18:40:29.339,,,62950051,2025-04-24 18:48:31.958,2025-04-24 18:48:31.958,,,,,UTC+0200,NA9l677+ml,,com.sec.android.app.shealth,2025-04-24 18:40:29.339,d273fabe-163a-4f08-ac2e-8883d6a2ad32,78.0,
,21312,62950051,1,2025-04-25 06:30:29.267,,,62950051,2025-04-25 06:38:41.826,2025-04-25 06:38:41.826,,,,,UTC+0200,NA9l677+ml,,com.sec.android.app.shealth,2025-04-25 06:30:29.267,d85d6c7b-5cf8-4db2-90e3-a8bd7c8611d3,76.0,
,21312,62950051,1,2025-04-25 06:40:29.340,,,62950051,2025-04-25 06:48:02.170,2025-04-25 06:48:02.170,,,,,UTC+0200,NA9l677+ml,,com.sec.android.app.shealth,2025-04-25 06:40:29.340,6bc11bd4-2f3a-4ee6-99c4-d5ec9174ac69,74.0,
,21312,62950051,1,2025-04-25 06:50:29.270,,,62950051,2025-04-25 06:55:00.525,2025-04-25 06:55:00.525,,,,,UTC+0200,NA9l677+ml,,com.sec.android.app.shealth,2025-04-25 06:50:29.270,77a79a32-36b5-424f-a981-0a274391123f,78.0,
,21312,62950051,1,2025-04-25 07:11:26.736,,,62950051,2025-04-25 07:11:55.693,2025-04-25 07:11:55.693,,,,,UTC+0200,NA9l677+ml,,com.sec.android.app.shealth,2025-04-25 07:11:26.736,b129703e-0078-4ed8-b8cd-d8cb61217510,93.0,
,21312,62950051,1,2025-04-25 07:20:29.292,,,62950051,2025-04-25 07:22:19.721,2025-04-25 07:22:19.721,,,,,UTC+0200,NA9l677+ml,,com.sec.android.app.shealth,2025-04-25 07:20:29.292,de6a8635-04ac-4325-a19f-b33d41372f6d,83.0,
,21312,62950051,1,2025-04-25 07:30:30.134,,,62950051,2025-04-25 07:35:00.279,2025-04-25 07:35:00.279,,,,,UTC+0200,NA9l677+ml,,com.sec.android.app.shealth,2025-04-25 07:30:30.134,3cbfa370-3ff0-404d-9ace-f9e2d2f05daa,83.0,
,21312,62950051,1,2025-04-25 08:20:29.314,,,62950051,2025-04-25 08:21:38.928,2025-04-25 08:21:38.928,,,,,UTC+0200,NA9l677+ml,,com.sec.android.app.shealth,2025-04-25 08:20:29.314,11a53bee-728c-48f7-af7d-83b68c3e5ce7,82.0,
,21312,62950051,1,2025-04-25 08:30:31.803,,,62950051,2025-04-25 08:34:07.744,2025-04-25 08:34:07.744,,,,,UTC+0200,NA9l677+ml,,com.sec.android.app.shealth,2025-04-25 08:30:31.803,db10b2f0-9add-40e2-8eea-a59a352e3c49,99.0,
,21312,62950051,1,2025-04-25 08:40:34.799,,,62950051,2025-04-25 08:42:59.493,2025-04-25 08:42:59.493,,,,,UTC+0200,NA9l677+ml,,com.sec.android.app.shealth,2025-04-25 08:40:34.799,82d8756d-4939-4f2c-ad5f-ad34f447ad39,83.0,
,21312,62950051,1,2025-04-25 08:50:29.269,,,62950051,2025-04-25 08:51:25.099,2025-04-25 08:51:25.099,,,,,UTC+0200,NA9l677+ml,,com.sec.android.app.shealth,2025-04-25 08:50:29.269,63191724-3107-4a93-a822-b9a2d109ec70,79.0,
,21312,62950051,1,2025-04-25 09:00:29.330,,,62950051,2025-04-25 09:01:37.222,2025-04-25 09:01:37.222,,,,,UTC+0200,NA9l677+ml,,com.sec.android.app.shealth,2025-04-25 09:00:29.330,2863f3f5-fb5b-40b8-b492-312a29b07e3c,75.0,
,21312,62950051,1,2025-04-25 09:30:30.008,,,62950051,2025-04-25 09:35:00.319,2025-04-25 09:35:00.319,,,,,UTC+0200,NA9l677+ml,,com.sec.android.app.shealth,2025-04-25 09:30:30.008,8cbbc89b-cd23-4b54-ae09-7d690df5d13f,88.0,
,21312,62950051,1,2025-04-25 10:00:29.313,,,62950051,2025-04-25 10:05:38.314,2025-04-25 10:05:38.314,,,,,UTC+0200,NA9l677+ml,,com.sec.android.app.shealth,2025-04-25 10:00:29.313,756072e3-83bf-44fc-ba19-2b496746d12f,82.0,
,21312,62950051,1,2025-04-25 10:10:29.291,,,62950051,2025-04-25 10:11:58.176,2025-04-25 10:11:58.176,,,,,UTC+0200,NA9l677+ml,,com.sec.android.app.shealth,2025-04-25 10:10:29.291,90bfab71-0c4f-4a7b-a3a1-870c10acdb5a,73.0,
,21312,62950051,1,2025-04-25 10:20:29.279,,,62950051,2025-04-25 10:24:44.956,2025-04-25 10:24:44.956,,,,,UTC+0200,NA9l677+ml,,com.sec.android.app.shealth,2025-04-25 10:20:29.279,9563f8f3-f8d2-412d-9aeb-d67edae959d4,81.0,
,21312,62950051,1,2025-04-25 10:30:29.311,,,62950051,2025-04-25 10:32:15.163,2025-04-25 10:32:15.163,,,,,UTC+0200,NA9l677+ml,,com.sec.android.app.shealth,2025-04-25 10:30:29.311,bb23497b-2f56-4a22-a758-eb5912efc579,83.0,
,21312,62950051,1,2025-04-25 11:10:29.341,,,62950051,2025-04-25 11:14:00.691,2025-04-25 11:14:00.691,,,,,UTC+0200,NA9l677+ml,,com.sec.android.app.shealth,2025-04-25 11:10:29.341,de59082c-0f5c-4f94-a72c-d1487c68acc0,90.0,
,21312,62950051,1,2025-04-25 11:21:11.691,,,62950051,2025-04-25 11:21:33.783,2025-04-25 11:21:33.783,,,,,UTC+0200,NA9l677+ml,,com.sec.android.app.shealth,2025-04-25 11:21:11.691,d8f6cedb-a77e-4aa4-aa9f-c095a9a6d18b,85.0,
,21312,62950051,1,2025-04-25 11:40:31.405,,,62950051,2025-04-25 11:41:07.346,2025-04-25 11:41:07.346,,,,,UTC+0200,NA9l677+ml,,com.sec.android.app.shealth,2025-04-25 11:40:31.405,8a3102db-a7b3-4f44-9688-7a5c2e83dff7,101.0,
,21312,62950051,1,2025-04-25 11:50:36.988,,,62950051,2025-04-25 11:59:15.822,2025-04-25 11:59:15.822,,,,,UTC+0200,NA9l677+ml,,com.sec.android.app.shealth,2025-04-25 11:50:36.988,46caa645-f3b6-4749-b662-a4e69ef5aea3,90.0,
,21312,62950051,1,2025-04-25 12:00:46.072,,,62950051,2025-04-25 12:01:41.316,2025-04-25 12:01:41.316,,,,,UTC+0200,NA9l677+ml,,com.sec.android.app.shealth,2025-04-25 12:00:46.072,4b1cbbda-f652-4f2a-bb75-82a223c387cc,102.0,
,21312,62950051,1,2025-04-25 18:02:42.321,,,62950051,2025-04-25 18:02:42.298,2025-04-25 18:02:42.298,,,,,UTC+0200,NA9l677+ml,,com.sec.android.app.shealth,2025-04-25 18:02:42.321,e8ac5e50-ef11-484b-9f91-2e4078e0e52e,85.0,
,21312,62950051,1,2025-04-25 18:10:29.329,,,62950051,2025-04-25 18:13:02.782,2025-04-25 18:13:02.782,,,,,UTC+0200,NA9l677+ml,,com.sec.android.app.shealth,2025-04-25 18:10:29.329,0beeb7b0-8c60-4d32-9ace-624948491754,78.0,
,21312,62950051,1,2025-04-25 18:20:29.372,,,62950051,2025-04-25 18:23:32.878,2025-04-25 18:23:32.878,,,,,UTC+0200,NA9l677+ml,,com.sec.android.app.shealth,2025-04-25 18:20:29.372,ea1f1cde-e9dc-4be4-8999-cd333dfca800,75.0,
,21312,62950051,1,2025-04-25 18:30:29.260,,,62950051,2025-04-25 18:35:00.907,2025-04-25 18:35:00.907,,,,,UTC+0200,NA9l677+ml,,com.sec.android.app.shealth,2025-04-25 18:30:29.260,07152128-978c-4012-88bf-2e5d06bfd028,77.0,
,21312,62950051,1,2025-04-25 18:40:29.510,,,62950051,2025-04-25 18:43:57.349,2025-04-25 18:43:57.349,,,,,UTC+0200,NA9l677+ml,,com.sec.android.app.shealth,2025-04-25 18:40:29.510,9daaebe5-0e74-4006-a5fd-8b62f73ce470,83.0,
,21312,62950051,1,2025-04-25 18:51:08.445,,,62950051,2025-04-25 18:51:28.361,2025-04-25 18:51:28.361,,,,,UTC+0200,NA9l677+ml,,com.sec.android.app.shealth,2025-04-25 18:51:08.445,86f1564d-a86b-4875-848f-2e9fbc229606,86.0,
,21312,62950051,1,2025-04-25 19:00:29.354,,,62950051,2025-04-25 19:13:47.914,2025-04-25 19:13:47.914,,,,,UTC+0200,NA9l677+ml,,com.sec.android.app.shealth,2025-04-25 19:00:29.354,ff7d2210-74f8-4900-9c1a-4fd4dd0e1172,89.0,
,21312,62950051,1,2025-04-25 19:10:29.354,,,62950051,2025-04-25 19:13:47.929,2025-04-25 19:13:47.929,,,,,UTC+0200,NA9l677+ml,,com.sec.android.app.shealth,2025-04-25 19:10:29.354,da35fbe3-7759-4244-8141-0c8c1f078ca5,94.0,
,21312,62950051,1,2025-04-25 19:42:23.325,,,62950051,2025-04-25 19:42:29.196,2025-04-25 19:42:29.196,,,,,UTC+0200,NA9l677+ml,,com.sec.android.app.shealth,2025-04-25 19:42:23.325,631bb76d-e09b-4186-80a1-29232cc7d32f,111.0,
,21312,62950051,1,2025-04-26 06:31:02.440,,,62950051,2025-04-26 06:31:20.305,2025-04-26 06:31:20.305,,,,,UTC+0200,NA9l677+ml,,com.sec.android.app.shealth,2025-04-26 06:31:02.440,736457f1-0103-4a70-a5c7-a10811cc9943,86.0,
,21312,62950051,1,2025-04-26 06:40:29.350,,,62950051,2025-04-26 06:44:00.233,2025-04-26 06:44:00.233,,,,,UTC+0200,NA9l677+ml,,com.sec.android.app.shealth,2025-04-26 06:40:29.350,e51a5944-0035-4a4d-ae7e-94ce93a1f39e,70.0,
,21312,62950051,1,2025-04-26 06:50:29.329,,,62950051,2025-04-26 06:55:00.077,2025-04-26 06:55:00.077,,,,,UTC+0200,NA9l677+ml,,com.sec.android.app.shealth,2025-04-26 06:50:29.329,3baafdef-e390-4943-9349-ad45e8429bc0,71.0,
,21312,62950051,1,2025-04-26 07:00:29.362,,,62950051,2025-04-26 07:05:59.801,2025-04-26 07:05:59.801,,,,,UTC+0200,NA9l677+ml,,com.sec.android.app.shealth,2025-04-26 07:00:29.362,e50c2763-960c-42c0-8ed2-9ef22393338e,72.0,
,21312,62950051,1,2025-04-26 07:10:29.348,,,62950051,2025-04-26 07:13:19.629,2025-04-26 07:13:19.629,,,,,UTC+0200,NA9l677+ml,,com.sec.android.app.shealth,2025-04-26 07:10:29.348,45377840-bcf0-4a8d-a77e-728d3fa03506,70.0,
,21312,62950051,1,2025-04-26 07:20:29.330,,,62950051,2025-04-26 07:20:35.680,2025-04-26 07:20:35.680,,,,,UTC+0200,NA9l677+ml,,com.sec.android.app.shealth,2025-04-26 07:20:29.330,81aecada-55dd-47ac-a080-d9e3c8c09d2d,81.0,
,21312,62950051,1,2025-04-26 10:40:29.784,,,62950051,2025-04-26 10:40:29.777,2025-04-26 10:40:29.777,,,,,UTC+0200,NA9l677+ml,,com.sec.android.app.shealth,2025-04-26 10:40:29.784,edffda9e-a50c-4328-ae73-1628848e82f0,94.0,
,21312,62950051,1,2025-04-26 10:50:29.321,,,62950051,2025-04-26 10:51:05.846,2025-04-26 10:51:05.846,,,,,UTC+0200,NA9l677+ml,,com.sec.android.app.shealth,2025-04-26 10:50:29.321,5a446a6d-071f-44a0-afbb-96c1b27a1dfc,82.0,
,21312,62950051,1,2025-04-26 11:00:29.342,,,62950051,2025-04-26 11:06:15.131,2025-04-26 11:06:15.131,,,,,UTC+0200,NA9l677+ml,,com.sec.android.app.shealth,2025-04-26 11:00:29.342,ec147e5c-aeca-410f-bd29-8fb605af6a06,78.0,
,21312,62950051,1,2025-04-26 11:10:29.372,,,62950051,2025-04-26 11:15:00.342,2025-04-26 11:15:00.342,,,,,UTC+0200,NA9l677+ml,,com.sec.android.app.shealth,2025-04-26 11:10:29.372,b6fc39aa-f8f0-4d99-9d30-5b846ff885dd,85.0,
,21312,62950051,1,2025-04-26 11:20:29.310,,,62950051,2025-04-26 11:24:39.791,2025-04-26 11:24:39.791,,,,,UTC+0200,NA9l677+ml,,com.sec.android.app.shealth,2025-04-26 11:20:29.310,7b9f9d65-f984-4fc6-8344-debf052610d3,81.0,
,21312,62950051,1,2025-04-26 11:30:29.330,,,62950051,2025-04-26 11:31:56.795,2025-04-26 11:31:56.795,,,,,UTC+0200,NA9l677+ml,,com.sec.android.app.shealth,2025-04-26 11:30:29.330,73b69851-4c1d-4de7-a9d8-d228f643a620,81.0,
,21312,62950051,1,2025-04-26 11:42:15.653,,,62950051,2025-04-26 11:43:14.594,2025-04-26 11:43:14.594,,,,,UTC+0200,NA9l677+ml,,com.sec.android.app.shealth,2025-04-26 11:42:15.653,a7b0f53e-6b3e-402f-a850-c45a0196576b,99.0,
,21312,62950051,1,2025-04-26 11:52:15.943,,,62950051,2025-04-26 11:52:50.956,2025-04-26 11:52:50.956,,,,,UTC+0200,NA9l677+ml,,com.sec.android.app.shealth,2025-04-26 11:52:15.943,f7ba5d22-6843-4cb0-8830-314b1c0b72d5,115.0,
,21312,62950051,1,2025-04-26 12:41:18.705,,,62950051,2025-04-26 12:41:26.661,2025-04-26 12:41:26.661,,,,,UTC+0200,NA9l677+ml,,com.sec.android.app.shealth,2025-04-26 12:41:18.705,665fa801-b577-4982-b980-7cb4e5878e9c,92.0,
,21312,62950051,1,2025-04-26 13:01:18.025,,,62950051,2025-04-26 13:02:40.956,2025-04-26 13:02:40.956,,,,,UTC+0200,NA9l677+ml,,com.sec.android.app.shealth,2025-04-26 13:01:18.025,b8c283c0-f515-47e0-ab3d-c6426a434d04,94.0,
,21312,62950051,1,2025-04-26 13:20:29.335,,,62950051,2025-04-26 13:24:34.288,2025-04-26 13:24:34.288,,,,,UTC+0200,NA9l677+ml,,com.sec.android.app.shealth,2025-04-26 13:20:29.335,9b2e9880-7714-4530-9740-7b175df40e62,80.0,
,21312,62950051,1,2025-04-26 13:30:29.310,,,62950051,2025-04-26 13:33:04.532,2025-04-26 13:33:04.532,,,,,UTC+0200,NA9l677+ml,,com.sec.android.app.shealth,2025-04-26 13:30:29.310,31960168-4957-4c6f-bdf5-259bb8ffceae,86.0,
,21312,62950051,1,2025-04-26 13:40:59.567,,,62950051,2025-04-26 13:43:30.892,2025-04-26 13:43:30.892,,,,,UTC+0200,NA9l677+ml,,com.sec.android.app.shealth,2025-04-26 13:40:59.567,906395cf-3255-4da8-a157-a15ddbf462e9,86.0,
,21312,62950051,1,2025-04-26 13:50:29.340,,,62950051,2025-04-26 13:50:34.600,2025-04-26 13:50:34.600,,,,,UTC+0200,NA9l677+ml,,com.sec.android.app.shealth,2025-04-26 13:50:29.340,e5adf7e9-0a34-4642-bbaf-2cb776f9f078,82.0,
,21312,62950051,1,2025-04-26 14:10:29.354,,,62950051,2025-04-26 14:11:12.011,2025-04-26 14:11:12.011,,,,,UTC+0200,NA9l677+ml,,com.sec.android.app.shealth,2025-04-26 14:10:29.354,b08eaa2d-3632-44fb-bad8-672a2b38f5bb,81.0,
,21312,62950051,1,2025-04-26 14:30:29.343,,,62950051,2025-04-26 14:31:37.558,2025-04-26 14:31:37.558,,,,,UTC+0200,NA9l677+ml,,com.sec.android.app.shealth,2025-04-26 14:30:29.343,eaa980f8-d9a3-433e-8197-0f4d5e4dfd7b,86.0,
,21312,62950051,1,2025-04-26 14:40:29.346,,,62950051,2025-04-26 14:41:24.031,2025-04-26 14:41:24.031,,,,,UTC+0200,NA9l677+ml,,com.sec.android.app.shealth,2025-04-26 14:40:29.346,e1506e61-f557-42fb-abb4-54979c66aeed,83.0,
,21312,62950051,1,2025-04-26 14:50:29.346,,,62950051,2025-04-26 14:50:30.210,2025-04-26 14:50:30.210,,,,,UTC+0200,NA9l677+ml,,com.sec.android.app.shealth,2025-04-26 14:50:29.346,a3b0d341-a850-493c-bc0a-11e7a3c45790,85.0,
,21312,62950051,1,2025-04-26 15:00:29.300,,,62950051,2025-04-26 15:04:30.290,2025-04-26 15:04:30.290,,,,,UTC+0200,NA9l677+ml,,com.sec.android.app.shealth,2025-04-26 15:00:29.300,57cebedb-fdb2-431c-b999-ff12f86c4aa3,83.0,
,21312,62950051,1,2025-04-26 15:10:29.365,,,62950051,2025-04-26 15:11:35.451,2025-04-26 15:11:35.451,,,,,UTC+0200,NA9l677+ml,,com.sec.android.app.shealth,2025-04-26 15:10:29.365,aba80ce4-9b6a-4891-98f2-3c6b02fe70e8,81.0,
,21312,62950051,1,2025-04-26 15:20:58.572,,,62950051,2025-04-26 15:25:01.166,2025-04-26 15:25:01.166,,,,,UTC+0200,NA9l677+ml,,com.sec.android.app.shealth,2025-04-26 15:20:58.572,5cacc5c1-f03a-4607-98de-731be6651724,89.0,
,21312,62950051,1,2025-04-26 15:30:29.323,,,62950051,2025-04-26 15:35:00.626,2025-04-26 15:35:00.626,,,,,UTC+0200,NA9l677+ml,,com.sec.android.app.shealth,2025-04-26 15:30:29.323,ee46e3f4-1db3-4fa4-86c0-a12aefdf24ad,75.0,
,21312,62950051,1,2025-04-26 15:40:29.282,,,62950051,2025-04-26 15:41:04.510,2025-04-26 15:41:04.510,,,,,UTC+0200,NA9l677+ml,,com.sec.android.app.shealth,2025-04-26 15:40:29.282,c349d5f3-9ee7-4fc5-a09e-b584c949dc8b,83.0,
,21312,62950051,1,2025-04-26 15:50:29.350,,,62950051,2025-04-26 15:52:44.031,2025-04-26 15:52:44.031,,,,,UTC+0200,NA9l677+ml,,com.sec.android.app.shealth,2025-04-26 15:50:29.350,b3a2c63b-a80b-48a0-bc4f-e13338976773,78.0,
,21312,62950051,1,2025-04-26 16:00:29.376,,,62950051,2025-04-26 16:03:16.455,2025-04-26 16:03:16.455,,,,,UTC+0200,NA9l677+ml,,com.sec.android.app.shealth,2025-04-26 16:00:29.376,10dcf24f-67d6-417b-b46f-7febc56a9f95,81.0,
,21312,62950051,1,2025-04-26 16:10:29.311,,,62950051,2025-04-26 16:15:00.261,2025-04-26 16:15:00.261,,,,,UTC+0200,NA9l677+ml,,com.sec.android.app.shealth,2025-04-26 16:10:29.311,c1effa0f-2105-4737-9446-9b2984c76892,78.0,
,21312,62950051,1,2025-04-26 16:20:29.373,,,62950051,2025-04-26 16:24:02.528,2025-04-26 16:24:02.528,,,,,UTC+0200,NA9l677+ml,,com.sec.android.app.shealth,2025-04-26 16:20:29.373,792b92ba-26ef-4027-8a0e-d8f34b282e40,84.0,
,21312,62950051,1,2025-04-26 16:31:33.769,,,62950051,2025-04-26 16:32:56.061,2025-04-26 16:32:56.061,,,,,UTC+0200,NA9l677+ml,,com.sec.android.app.shealth,2025-04-26 16:31:33.769,76957e9a-da01-4b55-b7e4-f78c54472e6c,98.0,
,21312,62950051,1,2025-04-26 16:40:29.380,,,62950051,2025-04-26 16:45:07.007,2025-04-26 16:45:07.007,,,,,UTC+0200,NA9l677+ml,,com.sec.android.app.shealth,2025-04-26 16:40:29.380,f4807e35-1622-4f23-b5f8-131dbe816342,74.0,
,21312,62950051,1,2025-04-26 17:00:29.306,,,62950051,2025-04-26 17:03:08.679,2025-04-26 17:03:08.679,,,,,UTC+0200,NA9l677+ml,,com.sec.android.app.shealth,2025-04-26 17:00:29.306,63fe5a18-21c5-4ce6-83cc-e9ed9c3f8c7d,73.0,
,21312,62950051,1,2025-04-26 17:10:29.290,,,62950051,2025-04-26 17:15:00.498,2025-04-26 17:15:00.498,,,,,UTC+0200,NA9l677+ml,,com.sec.android.app.shealth,2025-04-26 17:10:29.290,b3ba20f6-1966-4d13-be55-42ee1ea5f4e0,77.0,
,21312,62950051,1,2025-04-26 17:20:29.353,,,62950051,2025-04-26 17:22:41.541,2025-04-26 17:22:41.541,,,,,UTC+0200,NA9l677+ml,,com.sec.android.app.shealth,2025-04-26 17:20:29.353,6fbd0a26-67b4-42a4-ad10-dc6724fbbf65,77.0,
,21312,62950051,1,2025-04-26 17:30:29.874,,,62950051,2025-04-26 17:30:39.752,2025-04-26 17:30:39.752,,,,,UTC+0200,NA9l677+ml,,com.sec.android.app.shealth,2025-04-26 17:30:29.874,49920f3f-fcd4-4f08-b0cb-1c47d17f57dc,78.0,
,21312,62950051,1,2025-04-26 17:40:29.383,,,62950051,2025-04-26 17:42:58.752,2025-04-26 17:42:58.752,,,,,UTC+0200,NA9l677+ml,,com.sec.android.app.shealth,2025-04-26 17:40:29.383,74369f1d-6c5a-409e-8a43-5c2ff121d19c,76.0,
,21312,62950051,1,2025-04-26 17:50:29.371,,,62950051,2025-04-26 17:51:16.150,2025-04-26 17:51:16.150,,,,,UTC+0200,NA9l677+ml,,com.sec.android.app.shealth,2025-04-26 17:50:29.371,c86b0952-8d92-46ab-a5fd-b3f0da20acdd,72.0,
,21312,62950051,1,2025-04-26 18:00:29.288,,,62950051,2025-04-26 18:03:07.159,2025-04-26 18:03:07.159,,,,,UTC+0200,NA9l677+ml,,com.sec.android.app.shealth,2025-04-26 18:00:29.288,ea33f263-61d6-45ca-b4ce-f34605f35089,67.0,
,21312,62950051,1,2025-04-26 18:10:29.337,,,62950051,2025-04-26 18:10:29.378,2025-04-26 18:10:29.378,,,,,UTC+0200,NA9l677+ml,,com.sec.android.app.shealth,2025-04-26 18:10:29.337,1d951835-0bbc-46d1-a8e1-e0af0bebf9b6,70.0,
,21312,62950051,1,2025-04-26 18:20:59.568,,,62950051,2025-04-26 18:29:26.158,2025-04-26 18:29:26.158,,,,,UTC+0200,NA9l677+ml,,com.sec.android.app.shealth,2025-04-26 18:20:59.568,d649461a-6ce4-4743-a373-ccc98d2248db,79.0,
,21312,62950051,1,2025-04-26 18:30:29.293,,,62950051,2025-04-26 18:31:48.552,2025-04-26 18:31:48.552,,,,,UTC+0200,NA9l677+ml,,com.sec.android.app.shealth,2025-04-26 18:30:29.293,d3b27ff4-4795-4710-a485-71717921ac9d,81.0,
,21312,62950051,1,2025-04-26 18:40:59.718,,,62950051,2025-04-26 18:55:00.083,2025-04-26 18:55:00.083,,,,,UTC+0200,NA9l677+ml,,com.sec.android.app.shealth,2025-04-26 18:40:59.718,6738416a-22cc-4f87-b468-9fd6cef60091,75.0,
,21312,62950051,1,2025-04-26 19:00:46.001,,,62950051,2025-04-26 19:03:27.382,2025-04-26 19:03:27.382,,,,,UTC+0200,NA9l677+ml,,com.sec.android.app.shealth,2025-04-26 19:00:46.001,79eace1e-9ee7-48e3-aca2-3d20fefaf428,90.0,
,21312,62950051,1,2025-04-27 06:32:07.815,,,62950051,2025-04-27 06:33:00.740,2025-04-27 06:33:00.740,,,,,UTC+0200,NA9l677+ml,,com.sec.android.app.shealth,2025-04-27 06:32:07.815,36cdd212-835f-46a1-beef-2ad7061ea403,83.0,
,21312,62950051,1,2025-04-27 06:40:29.347,,,62950051,2025-04-27 06:42:37.884,2025-04-27 06:42:37.884,,,,,UTC+0200,NA9l677+ml,,com.sec.android.app.shealth,2025-04-27 06:40:29.347,a6ff7ec4-55b1-42cf-971f-55f0ac7fce16,72.0,
,21312,62950051,1,2025-04-27 06:50:29.287,,,62950051,2025-04-27 06:56:24.944,2025-04-27 06:56:24.944,,,,,UTC+0200,NA9l677+ml,,com.sec.android.app.shealth,2025-04-27 06:50:29.287,13bbc5cf-83c1-4b07-9925-e49b4d6b4eaf,71.0,
,21312,62950051,1,2025-04-27 07:10:29.313,,,62950051,2025-04-27 07:12:47.180,2025-04-27 07:12:47.180,,,,,UTC+0200,NA9l677+ml,,com.sec.android.app.shealth,2025-04-27 07:10:29.313,98ff1caf-32e0-4f79-87e9-4c7bc258f730,78.0,
,21312,62950051,1,2025-04-27 07:30:29.304,,,62950051,2025-04-27 07:35:00.338,2025-04-27 07:35:00.338,,,,,UTC+0200,NA9l677+ml,,com.sec.android.app.shealth,2025-04-27 07:30:29.304,66685216-d4da-4943-af6e-d7439374babf,75.0,
,21312,62950051,1,2025-04-27 07:40:29.283,,,62950051,2025-04-27 07:54:02.328,2025-04-27 07:54:02.328,,,,,UTC+0200,NA9l677+ml,,com.sec.android.app.shealth,2025-04-27 07:40:29.283,15ad57ce-6d9c-4a6c-87a3-8a2ef77dc750,74.0,
,21312,62950051,1,2025-04-27 07:50:29.283,,,62950051,2025-04-27 07:54:02.337,2025-04-27 07:54:02.337,,,,,UTC+0200,NA9l677+ml,,com.sec.android.app.shealth,2025-04-27 07:50:29.283,bf2af073-1c8f-4b6f-a856-4355829958a0,76.0,
,21312,62950051,1,2025-04-27 08:10:29.312,,,62950051,2025-04-27 08:10:45.796,2025-04-27 08:10:45.796,,,,,UTC+0200,NA9l677+ml,,com.sec.android.app.shealth,2025-04-27 08:10:29.312,052848d5-8148-4040-97da-8aeb6fc99440,87.0,
,21312,62950051,1,2025-04-27 08:20:29.323,,,62950051,2025-04-27 08:55:00.683,2025-04-27 08:55:00.683,,,,,UTC+0200,NA9l677+ml,,com.sec.android.app.shealth,2025-04-27 08:20:29.323,1944a236-c0be-4d53-9a8d-b5c552ca9d22,89.0,
,21312,62950051,1,2025-04-27 08:30:29.323,,,62950051,2025-04-27 08:55:00.693,2025-04-27 08:55:00.693,,,,,UTC+0200,NA9l677+ml,,com.sec.android.app.shealth,2025-04-27 08:30:29.323,704469c3-3baf-429b-aa46-82da184f8ae7,77.0,
,21312,62950051,1,2025-04-27 08:50:29.323,,,62950051,2025-04-27 08:55:00.702,2025-04-27 08:55:00.702,,,,,UTC+0200,NA9l677+ml,,com.sec.android.app.shealth,2025-04-27 08:50:29.323,5f8ab15b-910d-4d6d-aa53-ca6824102e97,74.0,
,21312,62950051,1,2025-04-27 09:00:29.372,,,62950051,2025-04-27 09:09:56.955,2025-04-27 09:09:56.955,,,,,UTC+0200,NA9l677+ml,,com.sec.android.app.shealth,2025-04-27 09:00:29.372,af497cca-989a-4d6f-914f-6d9ceaafaaff,72.0,
,21312,62950051,1,2025-04-27 09:11:02.258,,,62950051,2025-04-27 09:15:00.843,2025-04-27 09:15:00.843,,,,,UTC+0200,NA9l677+ml,,com.sec.android.app.shealth,2025-04-27 09:11:02.258,075c4461-ea7f-47e7-bd71-b766da212152,79.0,
,21312,62950051,1,2025-04-27 09:20:36.686,,,62950051,2025-04-27 09:22:08.901,2025-04-27 09:22:08.901,,,,,UTC+0200,NA9l677+ml,,com.sec.android.app.shealth,2025-04-27 09:20:36.686,b053e056-dcdc-448f-9936-fc39407587b6,85.0,
,21312,62950051,1,2025-04-27 09:30:29.335,,,62950051,2025-04-27 09:31:02.846,2025-04-27 09:31:02.846,,,,,UTC+0200,NA9l677+ml,,com.sec.android.app.shealth,2025-04-27 09:30:29.335,0d797e34-4441-42f0-9839-b08764f2072d,82.0,
,21312,62950051,1,2025-04-27 09:40:35.510,,,62950051,2025-04-27 09:40:36.639,2025-04-27 09:40:36.639,,,,,UTC+0200,NA9l677+ml,,com.sec.android.app.shealth,2025-04-27 09:40:35.510,67b150ac-2737-43d1-87a6-67847015ddc1,72.0,
,21312,62950051,1,2025-04-27 09:50:29.285,,,62950051,2025-04-27 09:55:00.611,2025-04-27 09:55:00.611,,,,,UTC+0200,NA9l677+ml,,com.sec.android.app.shealth,2025-04-27 09:50:29.285,cdcdcb48-4f43-4935-9a37-57ea44b7654d,70.0,
,21312,62950051,1,2025-04-27 10:00:29.371,,,62950051,2025-04-27 10:11:53.138,2025-04-27 10:11:53.138,,,,,UTC+0200,NA9l677+ml,,com.sec.android.app.shealth,2025-04-27 10:00:29.371,991840c2-3576-480d-9411-b7183344851d,70.0,
,21312,62950051,1,2025-04-27 10:10:29.371,,,62950051,2025-04-27 10:11:53.152,2025-04-27 10:11:53.152,,,,,UTC+0200,NA9l677+ml,,com.sec.android.app.shealth,2025-04-27 10:10:29.371,98ab6fcb-2d80-41ab-96ef-070c8821e836,72.0,
,21312,62950051,1,2025-04-27 10:20:29.339,,,62950051,2025-04-27 10:20:35.201,2025-04-27 10:20:35.201,,,,,UTC+0200,NA9l677+ml,,com.sec.android.app.shealth,2025-04-27 10:20:29.339,ea0f96e9-38af-4951-ac3e-e468f1b7e1ca,81.0,
,21312,62950051,1,2025-04-27 10:31:04.438,,,62950051,2025-04-27 10:31:48.371,2025-04-27 10:31:48.371,,,,,UTC+0200,NA9l677+ml,,com.sec.android.app.shealth,2025-04-27 10:31:04.438,1042e4a9-3856-4711-8d4e-082626b1340f,84.0,
,21312,62950051,1,2025-04-27 10:40:29.316,,,62950051,2025-04-27 10:45:42.889,2025-04-27 10:45:42.889,,,,,UTC+0200,NA9l677+ml,,com.sec.android.app.shealth,2025-04-27 10:40:29.316,d932af2e-508b-4439-8b89-21fcb25fe655,78.0,
,21312,62950051,1,2025-04-27 10:50:29.335,,,62950051,2025-04-27 11:15:01.912,2025-04-27 11:15:01.912,,,,,UTC+0200,NA9l677+ml,,com.sec.android.app.shealth,2025-04-27 10:50:29.335,0181f501-df53-44bd-9f9b-0e4fb76d58f1,83.0,
,21312,62950051,1,2025-04-27 11:00:29.335,,,62950051,2025-04-27 11:15:01.922,2025-04-27 11:15:01.922,,,,,UTC+0200,NA9l677+ml,,com.sec.android.app.shealth,2025-04-27 11:00:29.335,dc70b7d7-c593-4a62-8636-508cedba3184,83.0,
,21312,62950051,1,2025-04-27 11:10:29.335,,,62950051,2025-04-27 11:15:01.930,2025-04-27 11:15:01.930,,,,,UTC+0200,NA9l677+ml,,com.sec.android.app.shealth,2025-04-27 11:10:29.335,92170a4b-261d-4699-8c2f-caeee1c5ec06,80.0,
,21312,62950051,1,2025-04-27 11:20:59.363,,,62950051,2025-04-27 11:23:04.171,2025-04-27 11:23:04.171,,,,,UTC+0200,NA9l677+ml,,com.sec.android.app.shealth,2025-04-27 11:20:59.363,bd04eeea-d5da-45a8-8541-7354fa70cc75,78.0,
,21312,62950051,1,2025-04-27 12:10:29.283,,,62950051,2025-04-27 12:35:00.389,2025-04-27 12:35:00.389,,,,,UTC+0200,NA9l677+ml,,com.sec.android.app.shealth,2025-04-27 12:10:29.283,92ef8771-5592-47b9-ad06-9b9231d72ccf,87.0,
,21312,62950051,1,2025-04-27 12:20:29.283,,,62950051,2025-04-27 12:35:00.415,2025-04-27 12:35:00.415,,,,,UTC+0200,NA9l677+ml,,com.sec.android.app.shealth,2025-04-27 12:20:29.283,4f490b95-c08c-4280-958e-a2f551fc3bc3,79.0,
,21312,62950051,1,2025-04-27 12:30:29.283,,,62950051,2025-04-27 12:35:00.419,2025-04-27 12:35:00.419,,,,,UTC+0200,NA9l677+ml,,com.sec.android.app.shealth,2025-04-27 12:30:29.283,02f657a2-d7f5-4ed7-9ccf-1eb88efc6927,80.0,
,21312,62950051,1,2025-04-27 12:40:58.567,,,62950051,2025-04-27 12:55:00.377,2025-04-27 12:55:00.377,,,,,UTC+0200,NA9l677+ml,,com.sec.android.app.shealth,2025-04-27 12:40:58.567,9f4a7b18-6972-4f60-b290-e167dfd2e4b7,76.0,
,21312,62950051,1,2025-04-27 12:50:58.567,,,62950051,2025-04-27 12:55:00.385,2025-04-27 12:55:00.385,,,,,UTC+0200,NA9l677+ml,,com.sec.android.app.shealth,2025-04-27 12:50:58.567,9976480b-08fe-4dc7-8c69-84bf4e2e3c97,79.0,
,21312,62950051,1,2025-04-27 13:00:29.375,,,62950051,2025-04-27 13:06:43.256,2025-04-27 13:06:43.256,,,,,UTC+0200,NA9l677+ml,,com.sec.android.app.shealth,2025-04-27 13:00:29.375,77af1afc-d8ef-4c98-b294-ba4b224f8c51,80.0,
,21312,62950051,1,2025-04-27 13:10:29.377,,,62950051,2025-04-27 13:15:00.611,2025-04-27 13:15:00.611,,,,,UTC+0200,NA9l677+ml,,com.sec.android.app.shealth,2025-04-27 13:10:29.377,50dc206f-3f16-426b-becb-def2b361b1a5,78.0,
,21312,62950051,1,2025-04-27 13:20:29.299,,,62950051,2025-04-27 13:35:00.887,2025-04-27 13:35:00.887,,,,,UTC+0200,NA9l677+ml,,com.sec.android.app.shealth,2025-04-27 13:20:29.299,55c5d79f-6a20-437d-b7f7-a3a8f210eef2,77.0,
,21312,62950051,1,2025-04-27 13:30:29.299,,,62950051,2025-04-27 13:35:00.894,2025-04-27 13:35:00.894,,,,,UTC+0200,NA9l677+ml,,com.sec.android.app.shealth,2025-04-27 13:30:29.299,da712ee5-7111-40e4-87c1-50185db89fbc,76.0,
,21312,62950051,1,2025-04-27 13:40:29.338,,,62950051,2025-04-27 13:53:49.837,2025-04-27 13:53:49.837,,,,,UTC+0200,NA9l677+ml,,com.sec.android.app.shealth,2025-04-27 13:40:29.338,9176e5ce-0375-49e7-9e11-be018e2279c5,76.0,
,21312,62950051,1,2025-04-27 13:50:29.338,,,62950051,2025-04-27 13:53:49.838,2025-04-27 13:53:49.838,,,,,UTC+0200,NA9l677+ml,,com.sec.android.app.shealth,2025-04-27 13:50:29.338,6e7ec43a-927b-4bdb-b32e-f735b37e964b,75.0,
,21312,62950051,1,2025-04-27 14:00:29.304,,,62950051,2025-04-27 14:01:07.752,2025-04-27 14:01:07.752,,,,,UTC+0200,NA9l677+ml,,com.sec.android.app.shealth,2025-04-27 14:00:29.304,22c49722-333e-4d42-8a4e-618cc09eed52,93.0,
,21312,62950051,1,2025-04-27 14:10:29.329,,,62950051,2025-04-27 14:12:15.033,2025-04-27 14:12:15.033,,,,,UTC+0200,NA9l677+ml,,com.sec.android.app.shealth,2025-04-27 14:10:29.329,3f557af7-3a06-4bf4-93e5-693310b9fd12,82.0,
,21312,62950051,1,2025-04-27 14:20:29.284,,,62950051,2025-04-27 14:21:04.826,2025-04-27 14:21:04.826,,,,,UTC+0200,NA9l677+ml,,com.sec.android.app.shealth,2025-04-27 14:20:29.284,534773e3-e91d-4d7f-b802-baf26d4becdc,77.0,
,21312,62950051,1,2025-04-27 14:30:31.057,,,62950051,2025-04-27 14:33:04.212,2025-04-27 14:33:04.212,,,,,UTC+0200,NA9l677+ml,,com.sec.android.app.shealth,2025-04-27 14:30:31.057,eef84150-b11a-492e-8b1c-73e0183d8abe,73.0,
,21312,62950051,1,2025-04-27 15:00:29.371,,,62950051,2025-04-27 15:03:32.566,2025-04-27 15:03:32.566,,,,,UTC+0200,NA9l677+ml,,com.sec.android.app.shealth,2025-04-27 15:00:29.371,20257e6a-c976-49e0-a2da-2ba7da06d9ca,71.0,
,21312,62950051,1,2025-04-27 15:10:32.608,,,62950051,2025-04-27 15:15:00.410,2025-04-27 15:15:00.410,,,,,UTC+0200,NA9l677+ml,,com.sec.android.app.shealth,2025-04-27 15:10:32.608,94f05ebb-e120-40d2-9f4c-6a0abebc1de0,83.0,
,21312,62950051,1,2025-04-27 15:20:29.324,,,62950051,2025-04-27 15:35:00.499,2025-04-27 15:35:00.499,,,,,UTC+0200,NA9l677+ml,,com.sec.android.app.shealth,2025-04-27 15:20:29.324,9a56b761-c546-4e32-a245-01b4c1e70b66,70.0,
,21312,62950051,1,2025-04-27 15:30:29.324,,,62950051,2025-04-27 15:35:00.509,2025-04-27 15:35:00.509,,,,,UTC+0200,NA9l677+ml,,com.sec.android.app.shealth,2025-04-27 15:30:29.324,4a6f73a0-b6bc-468d-a87b-4f010d5410a4,72.0,
,21312,62950051,1,2025-04-27 15:40:29.288,,,62950051,2025-04-27 15:55:00.466,2025-04-27 15:55:00.466,,,,,UTC+0200,NA9l677+ml,,com.sec.android.app.shealth,2025-04-27 15:40:29.288,4c1d2406-bc61-4301-81fd-3f7d3c1293ce,70.0,
,21312,62950051,1,2025-04-27 15:50:29.288,,,62950051,2025-04-27 15:55:00.473,2025-04-27 15:55:00.473,,,,,UTC+0200,NA9l677+ml,,com.sec.android.app.shealth,2025-04-27 15:50:29.288,24e3bc52-abd3-404f-acaf-1cbbac1ee994,67.0,
,21312,62950051,1,2025-04-27 16:00:29.324,,,62950051,2025-04-27 16:07:57.402,2025-04-27 16:07:57.402,,,,,UTC+0200,NA9l677+ml,,com.sec.android.app.shealth,2025-04-27 16:00:29.324,84317e88-62eb-469b-b332-29cd701dd340,72.0,
,21312,62950051,1,2025-04-27 16:10:29.308,,,62950051,2025-04-27 16:15:00.360,2025-04-27 16:15:00.360,,,,,UTC+0200,NA9l677+ml,,com.sec.android.app.shealth,2025-04-27 16:10:29.308,f7ed6aa9-5ec8-40e9-b473-24d9aa49c79f,72.0,
,21312,62950051,1,2025-04-27 16:20:29.318,,,62950051,2025-04-27 16:21:38.233,2025-04-27 16:21:38.233,,,,,UTC+0200,NA9l677+ml,,com.sec.android.app.shealth,2025-04-27 16:20:29.318,ddf51a93-fcad-406b-9e22-102587ec69aa,75.0,
,21312,62950051,1,2025-04-27 16:41:11.714,,,62950051,2025-04-27 16:42:03.551,2025-04-27 16:42:03.551,,,,,UTC+0200,NA9l677+ml,,com.sec.android.app.shealth,2025-04-27 16:41:11.714,9ba14c04-6a7f-46f9-b3c3-2ede0932e99c,78.0,
,21312,62950051,1,2025-04-28 10:30:29.345,,,62950051,2025-04-28 10:34:27.435,2025-04-28 10:34:27.435,,,,,UTC+0200,NA9l677+ml,,com.sec.android.app.shealth,2025-04-28 10:30:29.345,4a1855ca-77de-48ff-8e2b-01785674a9a7,70.0,
,21312,62950051,1,2025-04-28 10:20:29.345,,,62950051,2025-04-28 10:34:27.442,2025-04-28 10:34:27.442,,,,,UTC+0200,NA9l677+ml,,com.sec.android.app.shealth,2025-04-28 10:20:29.345,00157502-8fdd-405f-a0ab-e7145708c531,63.0,
,21312,62950051,1,2025-04-28 10:40:29.368,,,62950051,2025-04-28 10:47:25.389,2025-04-28 10:47:25.389,,,,,UTC+0200,NA9l677+ml,,com.sec.android.app.shealth,2025-04-28 10:40:29.368,6b34ff8a-2b61-4e95-955b-7af677a62177,73.0,
,21312,62950051,1,2025-04-28 10:50:29.332,,,62950051,2025-04-28 10:51:22.019,2025-04-28 10:51:22.019,,,,,UTC+0200,NA9l677+ml,,com.sec.android.app.shealth,2025-04-28 10:50:29.332,ee1efb74-ffd4-4c6f-b794-be7fa874598b,77.0,
,21312,62950051,1,2025-04-28 11:00:29.348,,,62950051,2025-04-28 11:07:40.691,2025-04-28 11:07:40.691,,,,,UTC+0200,NA9l677+ml,,com.sec.android.app.shealth,2025-04-28 11:00:29.348,545dcf84-1a15-4f3a-95f0-583346a646f5,74.0,
,21312,62950051,1,2025-04-28 11:10:29.293,,,62950051,2025-04-28 11:11:34.215,2025-04-28 11:11:34.215,,,,,UTC+0200,NA9l677+ml,,com.sec.android.app.shealth,2025-04-28 11:10:29.293,f8f2bebf-0e5a-4d57-9031-f65b97c1b6e0,76.0,
,21312,62950051,1,2025-04-28 11:20:29.299,,,62950051,2025-04-28 11:20:40.849,2025-04-28 11:20:40.849,,,,,UTC+0200,NA9l677+ml,,com.sec.android.app.shealth,2025-04-28 11:20:29.299,4030a63d-1747-4049-9bd2-46bbb1d7a3cf,81.0,
,21312,62950051,1,2025-04-28 13:30:29.368,,,62950051,2025-04-28 13:34:02.722,2025-04-28 13:34:02.722,,,,,UTC+0200,NA9l677+ml,,com.sec.android.app.shealth,2025-04-28 13:30:29.368,b586fd4b-d5a2-4db0-b245-f34b01716991,85.0,
,21312,62950051,1,2025-04-28 13:40:29.347,,,62950051,2025-04-28 13:42:50.050,2025-04-28 13:42:50.050,,,,,UTC+0200,NA9l677+ml,,com.sec.android.app.shealth,2025-04-28 13:40:29.347,a19ac118-d2ae-40ee-87e0-d82da4ef2d40,80.0,
,21312,62950051,1,2025-04-28 14:10:58.627,,,62950051,2025-04-28 14:14:45.479,2025-04-28 14:14:45.479,,,,,UTC+0200,NA9l677+ml,,com.sec.android.app.shealth,2025-04-28 14:10:58.627,50ea71bc-8c3b-42c5-84be-637fefcded00,84.0,
,21312,62950051,1,2025-04-28 14:20:29.340,,,62950051,2025-04-28 14:22:15.731,2025-04-28 14:22:15.731,,,,,UTC+0200,NA9l677+ml,,com.sec.android.app.shealth,2025-04-28 14:20:29.340,0d38f807-a17c-43f3-b877-4ac480d780b6,81.0,
,21312,62950051,1,2025-04-28 14:30:29.360,,,62950051,2025-04-28 14:35:00.606,2025-04-28 14:35:00.606,,,,,UTC+0200,NA9l677+ml,,com.sec.android.app.shealth,2025-04-28 14:30:29.360,3a7a043a-570d-4e0b-9103-bf91490657f8,82.0,
,21312,62950051,1,2025-04-28 14:40:29.319,,,62950051,2025-04-28 14:55:00.927,2025-04-28 14:55:00.927,,,,,UTC+0200,NA9l677+ml,,com.sec.android.app.shealth,2025-04-28 14:40:29.319,bee67f87-3928-4dd5-b8f5-f73560fd05f8,74.0,
,21312,62950051,1,2025-04-28 14:50:29.319,,,62950051,2025-04-28 14:55:00.932,2025-04-28 14:55:00.932,,,,,UTC+0200,NA9l677+ml,,com.sec.android.app.shealth,2025-04-28 14:50:29.319,022ad8e5-6f58-4aa1-83f7-bbd8463c73e4,76.0,
,21312,62950051,1,2025-04-28 15:00:29.319,,,62950051,2025-04-28 15:13:25.695,2025-04-28 15:13:25.695,,,,,UTC+0200,NA9l677+ml,,com.sec.android.app.shealth,2025-04-28 15:00:29.319,47cbf1d3-f9f8-4239-88c2-f8fab2e5b4d1,72.0,
,21312,62950051,1,2025-04-28 15:10:29.319,,,62950051,2025-04-28 15:13:25.702,2025-04-28 15:13:25.702,,,,,UTC+0200,NA9l677+ml,,com.sec.android.app.shealth,2025-04-28 15:10:29.319,565dca4c-c92e-4411-a7e4-73ff2763c103,79.0,
,21312,62950051,1,2025-04-28 15:30:40.879,,,62950051,2025-04-28 15:30:46.209,2025-04-28 15:30:46.209,,,,,UTC+0200,NA9l677+ml,,com.sec.android.app.shealth,2025-04-28 15:30:40.879,9c478a82-8229-48b3-9dc0-c52eb076eef4,83.0,
,21312,62950051,1,2025-04-28 15:40:29.359,,,62950051,2025-04-28 15:41:09.610,2025-04-28 15:41:09.610,,,,,UTC+0200,NA9l677+ml,,com.sec.android.app.shealth,2025-04-28 15:40:29.359,4f5e9930-53e0-4e3b-9518-a48ca1fc5b9a,76.0,
,21312,62950051,1,2025-04-28 16:00:29.352,,,62950051,2025-04-28 16:09:26.596,2025-04-28 16:09:26.596,,,,,UTC+0200,NA9l677+ml,,com.sec.android.app.shealth,2025-04-28 16:00:29.352,97a26427-c878-4234-a840-1f3ba85bf0b5,71.0,
,21312,62950051,1,2025-04-28 16:10:29.310,,,62950051,2025-04-28 16:14:46.422,2025-04-28 16:14:46.422,,,,,UTC+0200,NA9l677+ml,,com.sec.android.app.shealth,2025-04-28 16:10:29.310,e4cff6c2-30e4-4200-94a0-5187235b6d56,81.0,
,21312,62950051,1,2025-04-28 16:20:58.561,,,62950051,2025-04-28 16:28:57.569,2025-04-28 16:28:57.569,,,,,UTC+0200,NA9l677+ml,,com.sec.android.app.shealth,2025-04-28 16:20:58.561,471eb455-aa25-4232-928c-bdd422ed0a33,78.0,
,21312,62950051,1,2025-04-28 16:30:59.658,,,62950051,2025-04-28 16:31:10.910,2025-04-28 16:31:10.910,,,,,UTC+0200,NA9l677+ml,,com.sec.android.app.shealth,2025-04-28 16:30:59.658,858fbf48-47d3-4647-a660-926af81cc3ce,83.0,
,21312,62950051,1,2025-04-28 16:40:29.312,,,62950051,2025-04-28 16:46:31.306,2025-04-28 16:46:31.306,,,,,UTC+0200,NA9l677+ml,,com.sec.android.app.shealth,2025-04-28 16:40:29.312,65e32daa-71ec-4da1-af85-a16607f11486,72.0,
,21312,62950051,1,2025-04-28 17:00:29.302,,,62950051,2025-04-28 17:15:01.002,2025-04-28 17:15:01.002,,,,,UTC+0200,NA9l677+ml,,com.sec.android.app.shealth,2025-04-28 17:00:29.302,9aa4317c-355a-40cd-8bc3-56caa60d6f95,71.0,
,21312,62950051,1,2025-04-28 17:10:29.302,,,62950051,2025-04-28 17:15:01.006,2025-04-28 17:15:01.006,,,,,UTC+0200,NA9l677+ml,,com.sec.android.app.shealth,2025-04-28 17:10:29.302,900d3992-98a0-4112-81be-ab8ce894e0fa,70.0,
,21312,62950051,1,2025-04-28 17:20:29.312,,,62950051,2025-04-28 17:34:27.743,2025-04-28 17:34:27.743,,,,,UTC+0200,NA9l677+ml,,com.sec.android.app.shealth,2025-04-28 17:20:29.312,de578feb-2b63-4e7a-9330-70f6046af2b2,70.0,
,21312,62950051,1,2025-04-28 17:30:29.312,,,62950051,2025-04-28 17:34:27.757,2025-04-28 17:34:27.757,,,,,UTC+0200,NA9l677+ml,,com.sec.android.app.shealth,2025-04-28 17:30:29.312,1c498d86-6588-4359-ad1b-950ea10c9e2c,69.0,
,21312,62950051,1,2025-04-28 17:40:29.340,,,62950051,2025-04-28 17:40:40.685,2025-04-28 17:40:40.685,,,,,UTC+0200,NA9l677+ml,,com.sec.android.app.shealth,2025-04-28 17:40:29.340,af48f834-4ffa-494b-aaa2-fa0f28978963,72.0,
,21312,62950051,1,2025-04-28 17:50:29.279,,,62950051,2025-04-28 17:55:00.965,2025-04-28 17:55:00.965,,,,,UTC+0200,NA9l677+ml,,com.sec.android.app.shealth,2025-04-28 17:50:29.279,9154f1ee-cd93-4382-97e7-864219f38ae1,77.0,
,21312,62950051,1,2025-04-28 18:00:29.290,,,62950051,2025-04-28 18:07:20.821,2025-04-28 18:07:20.821,,,,,UTC+0200,NA9l677+ml,,com.sec.android.app.shealth,2025-04-28 18:00:29.290,800f4559-3cbd-4f58-9a3f-f42097da637d,73.0,
,21312,62950051,1,2025-04-28 18:10:29.355,,,62950051,2025-04-28 18:13:42.765,2025-04-28 18:13:42.765,,,,,UTC+0200,NA9l677+ml,,com.sec.android.app.shealth,2025-04-28 18:10:29.355,8c389603-02e3-4acb-8489-1e1625dda28a,76.0,
,21312,62950051,1,2025-04-29 12:52:09.676,,,62950051,2025-04-29 12:52:38.494,2025-04-29 12:52:38.494,,,,,UTC+0200,NA9l677+ml,,com.sec.android.app.shealth,2025-04-29 12:52:09.676,8410b459-eb1b-4f09-bf30-fbb5fb6445fe,104.0,
,21312,62950051,1,2025-04-29 13:00:29.361,,,62950051,2025-04-29 13:00:34.470,2025-04-29 13:00:34.470,,,,,UTC+0200,NA9l677+ml,,com.sec.android.app.shealth,2025-04-29 13:00:29.361,58b5f840-ec68-4c9a-b200-2eb5bea7c837,91.0,
,21312,62950051,1,2025-04-29 13:10:29.307,,,62950051,2025-04-29 13:10:43.763,2025-04-29 13:10:43.763,,,,,UTC+0200,NA9l677+ml,,com.sec.android.app.shealth,2025-04-29 13:10:29.307,a2cab4a0-1434-479f-ab88-046e6a164ef4,88.0,
,21312,62950051,1,2025-04-29 13:40:42.365,,,62950051,2025-04-29 13:41:18.157,2025-04-29 13:41:18.157,,,,,UTC+0200,NA9l677+ml,,com.sec.android.app.shealth,2025-04-29 13:40:42.365,651afcd8-4f9c-48f1-86f3-b5168871acef,87.0,
,21312,62950051,1,2025-04-29 14:20:29.331,,,62950051,2025-04-29 14:23:15.871,2025-04-29 14:23:15.871,,,,,UTC+0200,NA9l677+ml,,com.sec.android.app.shealth,2025-04-29 14:20:29.331,73769f9a-17f2-4956-9305-f58e74dce794,84.0,
,21312,62950051,1,2025-04-29 14:40:29.375,,,62950051,2025-04-29 14:46:00.349,2025-04-29 14:46:00.349,,,,,UTC+0200,NA9l677+ml,,com.sec.android.app.shealth,2025-04-29 14:40:29.375,a233ad74-521d-4417-bec1-0d1dabb0e0e4,79.0,
,21312,62950051,1,2025-04-29 15:00:29.344,,,62950051,2025-04-29 15:12:43.627,2025-04-29 15:12:43.627,,,,,UTC+0200,NA9l677+ml,,com.sec.android.app.shealth,2025-04-29 15:00:29.344,e6e13da8-d93f-4e27-b665-7dc83b51094b,77.0,
,21312,62950051,1,2025-04-29 15:10:29.344,,,62950051,2025-04-29 15:12:43.635,2025-04-29 15:12:43.635,,,,,UTC+0200,NA9l677+ml,,com.sec.android.app.shealth,2025-04-29 15:10:29.344,add67eec-e68d-4e97-b18d-430347433185,77.0,
,21312,62950051,1,2025-04-29 15:20:29.323,,,62950051,2025-04-29 15:25:19.749,2025-04-29 15:25:19.749,,,,,UTC+0200,NA9l677+ml,,com.sec.android.app.shealth,2025-04-29 15:20:29.323,71715cac-d60b-4611-8e11-995c5003aa84,77.0,
,21312,62950051,1,2025-04-29 15:30:29.305,,,62950051,2025-04-29 15:35:00.460,2025-04-29 15:35:00.460,,,,,UTC+0200,NA9l677+ml,,com.sec.android.app.shealth,2025-04-29 15:30:29.305,a7279e20-b6e4-4d6f-95fe-a4496b142979,77.0,
,21312,62950051,1,2025-04-29 15:40:29.311,,,62950051,2025-04-29 15:42:32.683,2025-04-29 15:42:32.683,,,,,UTC+0200,NA9l677+ml,,com.sec.android.app.shealth,2025-04-29 15:40:29.311,0f98a543-8a0e-46cf-9f8d-adf8b6b7c912,76.0,
,21312,62950051,1,2025-04-29 15:51:28.249,,,62950051,2025-04-29 15:51:29.944,2025-04-29 15:51:29.944,,,,,UTC+0200,NA9l677+ml,,com.sec.android.app.shealth,2025-04-29 15:51:28.249,0a5a0fdd-0cc3-4319-bc3e-22d2cd34234b,91.0,
,21312,62950051,1,2025-04-30 06:40:29.286,,,62950051,2025-04-30 06:49:40.491,2025-04-30 06:49:40.491,,,,,UTC+0200,NA9l677+ml,,com.sec.android.app.shealth,2025-04-30 06:40:29.286,995fa24f-9a8a-42c4-970f-5453c6c8c81b,71.0,
,21312,62950051,1,2025-04-30 07:00:29.346,,,62950051,2025-04-30 07:05:29.963,2025-04-30 07:05:29.963,,,,,UTC+0200,NA9l677+ml,,com.sec.android.app.shealth,2025-04-30 07:00:29.346,9ceeb0f5-02ca-4c33-bef0-86cc540a138e,75.0,
,21312,62950051,1,2025-04-30 07:20:29.312,,,62950051,2025-04-30 07:24:20.645,2025-04-30 07:24:20.645,,,,,UTC+0200,NA9l677+ml,,com.sec.android.app.shealth,2025-04-30 07:20:29.312,4157c053-62a9-4a17-9f9c-5b1fdee20975,77.0,
,21312,62950051,1,2025-04-30 07:40:29.340,,,62950051,2025-04-30 07:41:18.948,2025-04-30 07:41:18.948,,,,,UTC+0200,NA9l677+ml,,com.sec.android.app.shealth,2025-04-30 07:40:29.340,3de7c3ba-2fd2-4a17-82e5-24eb5b9de2bd,83.0,
,21312,62950051,1,2025-04-30 07:51:47.579,,,62950051,2025-04-30 07:52:45.804,2025-04-30 07:52:45.804,,,,,UTC+0200,NA9l677+ml,,com.sec.android.app.shealth,2025-04-30 07:51:47.579,80de0292-7af7-49b4-bc0a-74b6c0ce8bbd,92.0,
,21312,62950051,1,2025-04-30 08:10:29.301,,,62950051,2025-04-30 08:11:01.272,2025-04-30 08:11:01.272,,,,,UTC+0200,NA9l677+ml,,com.sec.android.app.shealth,2025-04-30 08:10:29.301,a9d53a06-a738-49ae-afb2-2e1c3107ee77,78.0,
,21312,62950051,1,2025-04-30 08:40:29.281,,,62950051,2025-04-30 08:46:42.398,2025-04-30 08:46:42.398,,,,,UTC+0200,NA9l677+ml,,com.sec.android.app.shealth,2025-04-30 08:40:29.281,73b012b2-ac15-455d-886f-b9aee9b46c06,68.0,
,21312,62950051,1,2025-04-30 08:50:29.294,,,62950051,2025-04-30 08:55:00.703,2025-04-30 08:55:00.703,,,,,UTC+0200,NA9l677+ml,,com.sec.android.app.shealth,2025-04-30 08:50:29.294,d4a60ed1-483e-413c-9293-0d1b31cc07f7,72.0,
,21312,62950051,1,2025-04-30 09:00:29.300,,,62950051,2025-04-30 09:13:41.488,2025-04-30 09:13:41.488,,,,,UTC+0200,NA9l677+ml,,com.sec.android.app.shealth,2025-04-30 09:00:29.300,df35e6e8-d869-4e98-8e7d-318b60784e2a,69.0,
,21312,62950051,1,2025-04-30 09:10:29.300,,,62950051,2025-04-30 09:13:41.503,2025-04-30 09:13:41.503,,,,,UTC+0200,NA9l677+ml,,com.sec.android.app.shealth,2025-04-30 09:10:29.300,85d088c1-cebb-4b84-bc74-76d631ef082d,67.0,
,21312,62950051,1,2025-04-30 09:20:29.290,,,62950051,2025-04-30 09:27:42.188,2025-04-30 09:27:42.188,,,,,UTC+0200,NA9l677+ml,,com.sec.android.app.shealth,2025-04-30 09:20:29.290,d0df72c4-8d8b-4a48-ae41-70ff0e4866a6,68.0,
,21312,62950051,1,2025-04-30 10:10:29.358,,,62950051,2025-04-30 10:15:00.862,2025-04-30 10:15:00.862,,,,,UTC+0200,NA9l677+ml,,com.sec.android.app.shealth,2025-04-30 10:10:29.358,cf2db4d9-264b-46df-ad5a-afd3af255b29,65.0,
,21312,62950051,1,2025-04-30 10:20:29.322,,,62950051,2025-04-30 10:20:42.747,2025-04-30 10:20:42.747,,,,,UTC+0200,NA9l677+ml,,com.sec.android.app.shealth,2025-04-30 10:20:29.322,c9228874-017e-47d5-a882-9aeefdba9ab5,73.0,
,21312,62950051,1,2025-04-30 10:30:29.366,,,62950051,2025-04-30 10:35:01.039,2025-04-30 10:35:01.039,,,,,UTC+0200,NA9l677+ml,,com.sec.android.app.shealth,2025-04-30 10:30:29.366,8f5eb048-d00c-45ac-9f14-4c3065199fc9,76.0,
,21312,62950051,1,2025-04-30 10:40:29.311,,,62950051,2025-04-30 10:44:24.386,2025-04-30 10:44:24.386,,,,,UTC+0200,NA9l677+ml,,com.sec.android.app.shealth,2025-04-30 10:40:29.311,1a169268-985c-41b1-9ce7-16f95a7b2855,79.0,
,21312,62950051,1,2025-04-30 10:50:29.308,,,62950051,2025-04-30 10:55:01.048,2025-04-30 10:55:01.048,,,,,UTC+0200,NA9l677+ml,,com.sec.android.app.shealth,2025-04-30 10:50:29.308,229ca533-15fe-42ae-95f9-16d38cdfddf8,79.0,
,21312,62950051,1,2025-04-30 11:00:29.302,,,62950051,2025-04-30 11:09:46.302,2025-04-30 11:09:46.302,,,,,UTC+0200,NA9l677+ml,,com.sec.android.app.shealth,2025-04-30 11:00:29.302,2b8f1d4c-600c-4a26-a736-53512bacd925,77.0,
,21312,62950051,1,2025-04-30 11:10:29.335,,,62950051,2025-04-30 11:13:56.963,2025-04-30 11:13:56.963,,,,,UTC+0200,NA9l677+ml,,com.sec.android.app.shealth,2025-04-30 11:10:29.335,9deab22a-1545-4966-8f89-078e559e9b83,82.0,
,21312,62950051,1,2025-04-30 11:30:29.317,,,62950051,2025-04-30 11:35:00.220,2025-04-30 11:35:00.220,,,,,UTC+0200,NA9l677+ml,,com.sec.android.app.shealth,2025-04-30 11:30:29.317,1b5d6491-7b70-48bd-bc53-37e782e5da4d,80.0,
,21312,62950051,1,2025-04-30 11:40:29.280,,,62950051,2025-04-30 11:40:51.026,2025-04-30 11:40:51.026,,,,,UTC+0200,NA9l677+ml,,com.sec.android.app.shealth,2025-04-30 11:40:29.280,8c4189ee-f0ad-4d16-83e8-f993f78d20e4,84.0,
,21312,62950051,1,2025-04-30 12:02:01.996,,,62950051,2025-04-30 12:02:04.083,2025-04-30 12:02:04.083,,,,,UTC+0200,NA9l677+ml,,com.sec.android.app.shealth,2025-04-30 12:02:01.996,0230fa32-0d5b-401d-a062-d353eeb7c7b7,109.0,
,21312,62950051,1,2025-04-30 12:20:29.367,,,62950051,2025-04-30 12:28:43.616,2025-04-30 12:28:43.616,,,,,UTC+0200,NA9l677+ml,,com.sec.android.app.shealth,2025-04-30 12:20:29.367,cd1af38a-bed5-4909-9104-70da2ee99ce0,89.0,
,21312,62950051,1,2025-04-30 12:40:51.408,,,62950051,2025-04-30 12:43:53.869,2025-04-30 12:43:53.869,,,,,UTC+0200,NA9l677+ml,,com.sec.android.app.shealth,2025-04-30 12:40:51.408,863db3e4-e558-4e68-805c-e3cc74c096f5,85.0,
,21312,62950051,1,2025-04-30 12:50:48.815,,,62950051,2025-04-30 12:51:11.860,2025-04-30 12:51:11.860,,,,,UTC+0200,NA9l677+ml,,com.sec.android.app.shealth,2025-04-30 12:50:48.815,ee381de4-18cb-49fb-9ca8-c934f2acdc31,80.0,
,21312,62950051,1,2025-04-30 13:00:29.290,,,62950051,2025-04-30 13:01:34.154,2025-04-30 13:01:34.154,,,,,UTC+0200,NA9l677+ml,,com.sec.android.app.shealth,2025-04-30 13:00:29.290,c0cb54c0-6447-4db5-a1f9-9fbcab3e6977,84.0,
,21312,62950051,1,2025-04-30 13:20:29.325,,,62950051,2025-04-30 13:24:32.549,2025-04-30 13:24:32.549,,,,,UTC+0200,NA9l677+ml,,com.sec.android.app.shealth,2025-04-30 13:20:29.325,fb889abf-b395-48a2-9361-26b631ceea3c,77.0,
,21312,62950051,1,2025-04-30 15:30:29.290,,,62950051,2025-04-30 15:31:02.869,2025-04-30 15:31:02.869,,,,,UTC+0200,NA9l677+ml,,com.sec.android.app.shealth,2025-04-30 15:30:29.290,e36b2688-7ccd-4390-9244-212414d95d02,64.0,
,21312,62950051,1,2025-04-30 15:41:07.385,,,62950051,2025-04-30 15:42:07.520,2025-04-30 15:42:07.520,,,,,UTC+0200,NA9l677+ml,,com.sec.android.app.shealth,2025-04-30 15:41:07.385,474ae6a8-f66a-4135-bb29-3b7448565d1a,72.0,
,21312,62950051,1,2025-04-30 15:50:47.973,,,62950051,2025-04-30 15:53:00.055,2025-04-30 15:53:00.055,,,,,UTC+0200,NA9l677+ml,,com.sec.android.app.shealth,2025-04-30 15:50:47.973,4382b907-521b-4cbf-9748-fb9b4cc96750,68.0,
,21312,62950051,1,2025-04-30 16:00:29.308,,,62950051,2025-04-30 16:01:38.176,2025-04-30 16:01:38.176,,,,,UTC+0200,NA9l677+ml,,com.sec.android.app.shealth,2025-04-30 16:00:29.308,d58d0479-ca81-4d28-908e-1c28fb3925be,68.0,
,21312,62950051,1,2025-04-30 16:10:29.353,,,62950051,2025-04-30 16:15:01.084,2025-04-30 16:15:01.084,,,,,UTC+0200,NA9l677+ml,,com.sec.android.app.shealth,2025-04-30 16:10:29.353,888fbb34-0ba6-4f13-bb71-f21b23cf54ee,71.0,
,21312,62950051,1,2025-04-30 16:20:29.265,,,62950051,2025-04-30 16:25:07.421,2025-04-30 16:25:07.421,,,,,UTC+0200,NA9l677+ml,,com.sec.android.app.shealth,2025-04-30 16:20:29.265,258ba15d-7838-4858-bfa4-c7c4ea5af22a,69.0,
,21312,62950051,1,2025-04-30 16:30:29.284,,,62950051,2025-04-30 16:31:47.369,2025-04-30 16:31:47.369,,,,,UTC+0200,NA9l677+ml,,com.sec.android.app.shealth,2025-04-30 16:30:29.284,217a1197-f11c-4328-9e40-8454233058b6,67.0,
,21312,62950051,1,2025-04-30 16:40:54.224,,,62950051,2025-04-30 16:53:02.522,2025-04-30 16:53:02.522,,,,,UTC+0200,NA9l677+ml,,com.sec.android.app.shealth,2025-04-30 16:40:54.224,b7a39d46-5a7e-4ab5-b726-f3054fa7d23a,67.0,
,21312,62950051,1,2025-04-30 16:50:54.224,,,62950051,2025-04-30 16:53:02.528,2025-04-30 16:53:02.528,,,,,UTC+0200,NA9l677+ml,,com.sec.android.app.shealth,2025-04-30 16:50:54.224,df649981-9dcc-4483-89f8-882f84d7c32b,64.0,
,21312,62950051,1,2025-04-30 17:00:29.825,,,62950051,2025-04-30 17:01:19.637,2025-04-30 17:01:19.637,,,,,UTC+0200,NA9l677+ml,,com.sec.android.app.shealth,2025-04-30 17:00:29.825,557522d2-49ff-42d3-9784-5ff2914b08e4,75.0,
,21312,62950051,1,2025-04-30 17:10:29.307,,,62950051,2025-04-30 17:16:32.023,2025-04-30 17:16:32.023,,,,,UTC+0200,NA9l677+ml,,com.sec.android.app.shealth,2025-04-30 17:10:29.307,bc3883fb-8c65-4bfc-982a-9b8189dc0e24,66.0,
,21312,62950051,1,2025-04-30 17:30:29.330,,,62950051,2025-04-30 17:35:00.986,2025-04-30 17:35:00.986,,,,,UTC+0200,NA9l677+ml,,com.sec.android.app.shealth,2025-04-30 17:30:29.330,5a436334-2b3f-4a21-b421-ec6d69f46b89,64.0,
,21312,62950051,1,2025-05-01 09:01:02.500,,,62950051,2025-05-01 09:01:56.397,2025-05-01 09:01:56.397,,,,,UTC+0200,NA9l677+ml,,com.sec.android.app.shealth,2025-05-01 09:01:02.500,8468910f-cf48-4509-ba01-bd3c96c22c5f,70.0,
,21312,62950051,1,2025-05-01 09:10:29.300,,,62950051,2025-05-01 09:15:00.781,2025-05-01 09:15:00.781,,,,,UTC+0200,NA9l677+ml,,com.sec.android.app.shealth,2025-05-01 09:10:29.300,68bcd3f7-6d5a-4179-bf0d-9d47120f7d91,55.0,
,21312,62950051,1,2025-05-01 09:20:29.273,,,62950051,2025-05-01 09:35:00.722,2025-05-01 09:35:00.722,,,,,UTC+0200,NA9l677+ml,,com.sec.android.app.shealth,2025-05-01 09:20:29.273,75dd177f-b7a5-4119-9dc2-135c81023f6e,68.0,
,21312,62950051,1,2025-05-01 09:30:29.273,,,62950051,2025-05-01 09:35:00.728,2025-05-01 09:35:00.728,,,,,UTC+0200,NA9l677+ml,,com.sec.android.app.shealth,2025-05-01 09:30:29.273,6259058b-6a26-46a7-99ef-7561e150d653,64.0,
,21312,62950051,1,2025-05-01 09:40:29.364,,,62950051,2025-05-01 09:43:15.465,2025-05-01 09:43:15.465,,,,,UTC+0200,NA9l677+ml,,com.sec.android.app.shealth,2025-05-01 09:40:29.364,0ce3dd99-4639-423d-90b6-b95b8d148700,64.0,
,21312,62950051,1,2025-05-01 10:00:30.151,,,62950051,2025-05-01 10:00:53.099,2025-05-01 10:00:53.099,,,,,UTC+0200,NA9l677+ml,,com.sec.android.app.shealth,2025-05-01 10:00:30.151,b2ce8d18-a603-4fed-9f2c-73d2858e8a30,78.0,
,21312,62950051,1,2025-05-01 10:20:31.907,,,62950051,2025-05-01 10:21:09.854,2025-05-01 10:21:09.854,,,,,UTC+0200,NA9l677+ml,,com.sec.android.app.shealth,2025-05-01 10:20:31.907,1bf742c7-18b5-433e-b74b-4bcfd5d62680,103.0,
,21312,62950051,1,2025-05-01 10:30:30.930,,,62950051,2025-05-01 10:30:37.863,2025-05-01 10:30:37.863,,,,,UTC+0200,NA9l677+ml,,com.sec.android.app.shealth,2025-05-01 10:30:30.930,fa20d3a4-8587-4975-a503-5a6ba4327321,98.0,
,21312,62950051,1,2025-05-01 10:41:08.468,,,62950051,2025-05-01 10:44:12.800,2025-05-01 10:44:12.800,,,,,UTC+0200,NA9l677+ml,,com.sec.android.app.shealth,2025-05-01 10:41:08.468,3842bd19-3efd-46a5-a804-df51455ce47a,81.0,
,21312,62950051,1,2025-05-01 11:10:29.306,,,62950051,2025-05-01 11:10:30.746,2025-05-01 11:10:30.746,,,,,UTC+0200,NA9l677+ml,,com.sec.android.app.shealth,2025-05-01 11:10:29.306,214f8ac5-daa6-48fd-90dc-322515e56a5f,90.0,
,21312,62950051,1,2025-05-01 11:21:06.580,,,62950051,2025-05-01 11:21:39.489,2025-05-01 11:21:39.489,,,,,UTC+0200,NA9l677+ml,,com.sec.android.app.shealth,2025-05-01 11:21:06.580,e5e5dea5-68ba-4ead-9288-0438692d2728,84.0,
,21312,62950051,1,2025-05-01 12:00:30.036,,,62950051,2025-05-01 12:00:29.961,2025-05-01 12:00:29.961,,,,,UTC+0200,NA9l677+ml,,com.sec.android.app.shealth,2025-05-01 12:00:30.036,b59b2f32-9a0f-4c0d-81a4-23fbc33a08e8,100.0,
,21312,62950051,1,2025-05-01 12:40:29.318,,,62950051,2025-05-01 12:40:40.387,2025-05-01 12:40:40.387,,,,,UTC+0200,NA9l677+ml,,com.sec.android.app.shealth,2025-05-01 12:40:29.318,fb86d6ad-7034-4089-8202-403167b34850,95.0,
,21312,62950051,1,2025-05-01 12:50:59.568,,,62950051,2025-05-01 12:52:10.043,2025-05-01 12:52:10.043,,,,,UTC+0200,NA9l677+ml,,com.sec.android.app.shealth,2025-05-01 12:50:59.568,9243e817-df8b-4cab-99a4-0123fce06fb1,93.0,
,21312,62950051,1,2025-05-01 13:00:29.288,,,62950051,2025-05-01 13:04:26.588,2025-05-01 13:04:26.588,,,,,UTC+0200,NA9l677+ml,,com.sec.android.app.shealth,2025-05-01 13:00:29.288,76230ba0-e56f-4077-a070-9c421cd19c24,85.0,
,21312,62950051,1,2025-05-01 13:10:29.413,,,62950051,2025-05-01 13:15:13.048,2025-05-01 13:15:13.048,,,,,UTC+0200,NA9l677+ml,,com.sec.android.app.shealth,2025-05-01 13:10:29.413,0669e70e-6ad3-4c80-9525-3ba1a58a4015,91.0,
,21312,62950051,1,2025-05-01 13:20:29.301,,,62950051,2025-05-01 13:24:45.388,2025-05-01 13:24:45.388,,,,,UTC+0200,NA9l677+ml,,com.sec.android.app.shealth,2025-05-01 13:20:29.301,8eb00493-377d-4c0d-b40d-e0f716cc00c2,87.0,
,21312,62950051,1,2025-05-01 13:31:01.801,,,62950051,2025-05-01 13:31:32.724,2025-05-01 13:31:32.724,,,,,UTC+0200,NA9l677+ml,,com.sec.android.app.shealth,2025-05-01 13:31:01.801,67dba69b-729b-4622-bb92-d4242e771bcb,91.0,
,21312,62950051,1,2025-05-01 13:40:29.378,,,62950051,2025-05-01 13:44:25.133,2025-05-01 13:44:25.133,,,,,UTC+0200,NA9l677+ml,,com.sec.android.app.shealth,2025-05-01 13:40:29.378,95fa4b79-e135-4a08-bf30-909ac80ebd0f,88.0,
,21312,62950051,1,2025-05-01 13:50:30.638,,,62950051,2025-05-01 13:54:05.568,2025-05-01 13:54:05.568,,,,,UTC+0200,NA9l677+ml,,com.sec.android.app.shealth,2025-05-01 13:50:30.638,a37306b9-0ead-4f4b-abb2-d6e3aa07e351,98.0,
,21312,62950051,1,2025-05-02 06:50:29.322,,,62950051,2025-05-02 06:55:00.794,2025-05-02 06:55:00.794,,,,,UTC+0200,NA9l677+ml,,com.sec.android.app.shealth,2025-05-02 06:50:29.322,21bae2ea-d236-47bb-914f-2d4e8bf00a57,78.0,
,21312,62950051,1,2025-05-02 07:00:29.303,,,62950051,2025-05-02 07:06:37.710,2025-05-02 07:06:37.710,,,,,UTC+0200,NA9l677+ml,,com.sec.android.app.shealth,2025-05-02 07:00:29.303,588c788c-fb9a-4cf8-844e-a11e64c58a50,78.0,
,21312,62950051,1,2025-05-02 07:10:29.361,,,62950051,2025-05-02 07:10:42.222,2025-05-02 07:10:42.222,,,,,UTC+0200,NA9l677+ml,,com.sec.android.app.shealth,2025-05-02 07:10:29.361,03b569a7-2af9-4012-8b79-4d775388ba1c,79.0,
,21312,62950051,1,2025-05-02 07:20:53.242,,,62950051,2025-05-02 07:24:08.626,2025-05-02 07:24:08.626,,,,,UTC+0200,NA9l677+ml,,com.sec.android.app.shealth,2025-05-02 07:20:53.242,c887807b-d6e5-453e-bf3d-0d465829483a,84.0,
,21312,62950051,1,2025-05-02 07:30:29.329,,,62950051,2025-05-02 07:32:04.957,2025-05-02 07:32:04.957,,,,,UTC+0200,NA9l677+ml,,com.sec.android.app.shealth,2025-05-02 07:30:29.329,aad89d3c-843d-4b32-b175-8bcef1beb05a,83.0,
,21312,62950051,1,2025-05-02 07:50:29.315,,,62950051,2025-05-02 07:53:10.415,2025-05-02 07:53:10.415,,,,,UTC+0200,NA9l677+ml,,com.sec.android.app.shealth,2025-05-02 07:50:29.315,e336d0ad-836e-4015-83ad-b190e2064a9b,76.0,
,21312,62950051,1,2025-05-02 08:00:29.327,,,62950051,2025-05-02 08:04:37.473,2025-05-02 08:04:37.473,,,,,UTC+0200,NA9l677+ml,,com.sec.android.app.shealth,2025-05-02 08:00:29.327,ee2f7baa-6607-4ce1-8441-6efe2f591720,78.0,
,21312,62950051,1,2025-05-02 08:10:30.327,,,62950051,2025-05-02 08:10:31.363,2025-05-02 08:10:31.363,,,,,UTC+0200,NA9l677+ml,,com.sec.android.app.shealth,2025-05-02 08:10:30.327,da17a394-1cf1-4b09-9f06-8f20c4ebfd20,80.0,
,21312,62950051,1,2025-05-02 08:20:36.902,,,62950051,2025-05-02 08:27:22.973,2025-05-02 08:27:22.973,,,,,UTC+0200,NA9l677+ml,,com.sec.android.app.shealth,2025-05-02 08:20:36.902,2f8840a8-268c-4705-9c83-caf313152110,78.0,
,21312,62950051,1,2025-05-02 08:30:29.341,,,62950051,2025-05-02 08:35:01.226,2025-05-02 08:35:01.226,,,,,UTC+0200,NA9l677+ml,,com.sec.android.app.shealth,2025-05-02 08:30:29.341,e2b17dc0-7149-4da9-af9a-208e56f98d0f,70.0,
,21312,62950051,1,2025-05-02 08:40:29.377,,,62950051,2025-05-02 08:42:57.558,2025-05-02 08:42:57.558,,,,,UTC+0200,NA9l677+ml,,com.sec.android.app.shealth,2025-05-02 08:40:29.377,ec4d1f8f-756f-4a81-a562-4b5703ee0e67,70.0,
,21312,62950051,1,2025-05-02 08:50:59.671,,,62950051,2025-05-02 08:53:32.250,2025-05-02 08:53:32.250,,,,,UTC+0200,NA9l677+ml,,com.sec.android.app.shealth,2025-05-02 08:50:59.671,1d55c3ed-0455-49b9-8a47-69547b255753,75.0,
,21312,62950051,1,2025-05-02 09:00:29.359,,,62950051,2025-05-02 09:15:00.344,2025-05-02 09:15:00.344,,,,,UTC+0200,NA9l677+ml,,com.sec.android.app.shealth,2025-05-02 09:00:29.359,a14bfdaa-acbe-45f7-aef6-af8e1b0ba1cb,74.0,
,21312,62950051,1,2025-05-02 09:10:29.359,,,62950051,2025-05-02 09:15:00.352,2025-05-02 09:15:00.352,,,,,UTC+0200,NA9l677+ml,,com.sec.android.app.shealth,2025-05-02 09:10:29.359,5f9ecd7a-8f82-47ac-a2de-fe8ba9f3fd9e,72.0,
,21312,62950051,1,2025-05-02 09:20:29.354,,,62950051,2025-05-02 09:35:00.257,2025-05-02 09:35:00.257,,,,,UTC+0200,NA9l677+ml,,com.sec.android.app.shealth,2025-05-02 09:20:29.354,6c44600a-9180-480d-bd34-714109c047db,71.0,
,21312,62950051,1,2025-05-02 09:30:29.354,,,62950051,2025-05-02 09:35:00.263,2025-05-02 09:35:00.263,,,,,UTC+0200,NA9l677+ml,,com.sec.android.app.shealth,2025-05-02 09:30:29.354,1a5fa77f-e6f5-4240-99ec-943d161be606,75.0,
,21312,62950051,1,2025-05-02 09:50:29.326,,,62950051,2025-05-02 09:55:00.237,2025-05-02 09:55:00.237,,,,,UTC+0200,NA9l677+ml,,com.sec.android.app.shealth,2025-05-02 09:50:29.326,b782c106-6104-4ace-9ca4-19484d6523f1,72.0,
,21312,62950051,1,2025-05-02 10:00:29.280,,,62950051,2025-05-02 10:00:30.041,2025-05-02 10:00:30.041,,,,,UTC+0200,NA9l677+ml,,com.sec.android.app.shealth,2025-05-02 10:00:29.280,b783eaf1-a11a-4bfe-a372-e982defad33f,81.0,
,21312,62950051,1,2025-05-02 10:10:29.343,,,62950051,2025-05-02 10:15:00.069,2025-05-02 10:15:00.069,,,,,UTC+0200,NA9l677+ml,,com.sec.android.app.shealth,2025-05-02 10:10:29.343,5bc08e1c-c58b-46fd-9631-7a929559b30c,73.0,
,21312,62950051,1,2025-05-02 10:20:29.349,,,62950051,2025-05-02 10:23:25.315,2025-05-02 10:23:25.315,,,,,UTC+0200,NA9l677+ml,,com.sec.android.app.shealth,2025-05-02 10:20:29.349,c5a1d854-2f4e-4873-b6cb-343f79c396e7,68.0,
,21312,62950051,1,2025-05-02 10:40:29.634,,,62950051,2025-05-02 10:54:48.643,2025-05-02 10:54:48.643,,,,,UTC+0200,NA9l677+ml,,com.sec.android.app.shealth,2025-05-02 10:40:29.634,5a1221ff-cdd1-4171-9c0a-f560506aadfe,76.0,
,21312,62950051,1,2025-05-02 10:50:29.634,,,62950051,2025-05-02 10:54:48.651,2025-05-02 10:54:48.651,,,,,UTC+0200,NA9l677+ml,,com.sec.android.app.shealth,2025-05-02 10:50:29.634,ffc062d4-ca2e-4537-b03d-2f1357b6f0fd,79.0,
,21312,62950051,1,2025-05-02 11:00:29.281,,,62950051,2025-05-02 11:01:27.563,2025-05-02 11:01:27.563,,,,,UTC+0200,NA9l677+ml,,com.sec.android.app.shealth,2025-05-02 11:00:29.281,66475795-1b9a-4f10-907b-284a54e5563e,69.0,
,21312,62950051,1,2025-05-02 11:10:30.506,,,62950051,2025-05-02 11:10:54.447,2025-05-02 11:10:54.447,,,,,UTC+0200,NA9l677+ml,,com.sec.android.app.shealth,2025-05-02 11:10:30.506,17c7cd16-7a59-4488-85a3-1fe5620f6621,70.0,
,21312,62950051,1,2025-05-02 11:20:29.306,,,62950051,2025-05-02 11:24:43.149,2025-05-02 11:24:43.149,,,,,UTC+0200,NA9l677+ml,,com.sec.android.app.shealth,2025-05-02 11:20:29.306,f1c31e5b-1ccb-4b61-8b48-09dc654ac6e7,68.0,
,21312,62950051,1,2025-05-02 11:30:29.372,,,62950051,2025-05-02 11:31:00.874,2025-05-02 11:31:00.874,,,,,UTC+0200,NA9l677+ml,,com.sec.android.app.shealth,2025-05-02 11:30:29.372,8a68d1e6-968f-4d2e-bc30-4289a15fde68,75.0,
,21312,62950051,1,2025-05-02 11:40:59.588,,,62950051,2025-05-02 11:47:02.969,2025-05-02 11:47:02.969,,,,,UTC+0200,NA9l677+ml,,com.sec.android.app.shealth,2025-05-02 11:40:59.588,c638988d-f717-4463-a0f5-2863c694ec7e,81.0,
,21312,62950051,1,2025-05-02 11:50:29.301,,,62950051,2025-05-02 11:52:24.793,2025-05-02 11:52:24.793,,,,,UTC+0200,NA9l677+ml,,com.sec.android.app.shealth,2025-05-02 11:50:29.301,d5484be4-5453-4fc8-bb33-9a98d1be3748,76.0,
,21312,62950051,1,2025-05-02 12:10:29.355,,,62950051,2025-05-02 12:19:52.317,2025-05-02 12:19:52.317,,,,,UTC+0200,NA9l677+ml,,com.sec.android.app.shealth,2025-05-02 12:10:29.355,65e4914a-92ef-4dc9-8cf2-e5b4518f7e94,83.0,
,21312,62950051,1,2025-05-02 12:30:29.318,,,62950051,2025-05-02 12:35:00.728,2025-05-02 12:35:00.728,,,,,UTC+0200,NA9l677+ml,,com.sec.android.app.shealth,2025-05-02 12:30:29.318,926c2775-ff17-407b-990a-59cb6c46b94e,87.0,
,21312,62950051,1,2025-05-02 12:40:29.333,,,62950051,2025-05-02 12:43:40.951,2025-05-02 12:43:40.951,,,,,UTC+0200,NA9l677+ml,,com.sec.android.app.shealth,2025-05-02 12:40:29.333,65b4f2c9-b27b-41c4-8455-59720b734b3a,86.0,
,21312,62950051,1,2025-05-02 13:00:29.343,,,62950051,2025-05-02 13:00:47.333,2025-05-02 13:00:47.333,,,,,UTC+0200,NA9l677+ml,,com.sec.android.app.shealth,2025-05-02 13:00:29.343,70d29e38-da3b-4174-a8d3-ca67d0490f76,87.0,
,21312,62950051,1,2025-05-02 13:10:59.376,,,62950051,2025-05-02 13:12:53.012,2025-05-02 13:12:53.012,,,,,UTC+0200,NA9l677+ml,,com.sec.android.app.shealth,2025-05-02 13:10:59.376,5cc1b55e-b687-492b-a259-ca5c21fb49d0,84.0,
,21312,62950051,1,2025-05-02 13:30:29.347,,,62950051,2025-05-02 13:33:21.798,2025-05-02 13:33:21.798,,,,,UTC+0200,NA9l677+ml,,com.sec.android.app.shealth,2025-05-02 13:30:29.347,4acd95ac-84fb-485d-a962-45446eeca9bd,92.0,
,21312,62950051,1,2025-05-02 13:50:29.292,,,62950051,2025-05-02 13:55:00.432,2025-05-02 13:55:00.432,,,,,UTC+0200,NA9l677+ml,,com.sec.android.app.shealth,2025-05-02 13:50:29.292,7815a449-a66b-4012-8029-6ef83ea934c8,87.0,
,21312,62950051,1,2025-05-02 14:00:29.345,,,62950051,2025-05-02 14:02:57.691,2025-05-02 14:02:57.691,,,,,UTC+0200,NA9l677+ml,,com.sec.android.app.shealth,2025-05-02 14:00:29.345,cb3b9f20-ec8a-4673-a103-0ecddb8dbcee,80.0,
,21312,62950051,1,2025-05-02 14:10:29.355,,,62950051,2025-05-02 14:15:00.796,2025-05-02 14:15:00.796,,,,,UTC+0200,NA9l677+ml,,com.sec.android.app.shealth,2025-05-02 14:10:29.355,a76165dc-bcad-454a-9ce8-1722f27a47fd,84.0,
,21312,62950051,1,2025-05-02 14:20:29.308,,,62950051,2025-05-02 14:20:43.689,2025-05-02 14:20:43.689,,,,,UTC+0200,NA9l677+ml,,com.sec.android.app.shealth,2025-05-02 14:20:29.308,e7c6f742-60e7-4b49-b622-6e083e0e353a,81.0,
,21312,62950051,1,2025-05-02 14:30:29.373,,,62950051,2025-05-02 14:32:27.336,2025-05-02 14:32:27.336,,,,,UTC+0200,NA9l677+ml,,com.sec.android.app.shealth,2025-05-02 14:30:29.373,55d3cb26-2e25-438e-a2a7-9ca1df3a0611,80.0,
,21312,62950051,1,2025-05-02 14:40:29.319,,,62950051,2025-05-02 14:40:33.464,2025-05-02 14:40:33.464,,,,,UTC+0200,NA9l677+ml,,com.sec.android.app.shealth,2025-05-02 14:40:29.319,75581cba-b6f9-4f45-85ee-b5cb203b3768,89.0,
,21312,62950051,1,2025-05-02 14:51:03.364,,,62950051,2025-05-02 14:55:00.967,2025-05-02 14:55:00.967,,,,,UTC+0200,NA9l677+ml,,com.sec.android.app.shealth,2025-05-02 14:51:03.364,def87ec4-1c35-46c8-9cd6-8a47f14e8f13,88.0,
,21312,62950051,1,2025-05-02 15:20:29.295,,,62950051,2025-05-02 15:35:00.218,2025-05-02 15:35:00.218,,,,,UTC+0200,NA9l677+ml,,com.sec.android.app.shealth,2025-05-02 15:20:29.295,f72c3f9c-5ab7-4cfa-994e-3b7eca8d561d,78.0,
,21312,62950051,1,2025-05-02 15:30:29.295,,,62950051,2025-05-02 15:35:00.225,2025-05-02 15:35:00.225,,,,,UTC+0200,NA9l677+ml,,com.sec.android.app.shealth,2025-05-02 15:30:29.295,04e3b149-32f2-4e24-a441-725018572a16,75.0,
,21312,62950051,1,2025-05-02 15:40:29.265,,,62950051,2025-05-02 15:43:26.637,2025-05-02 15:43:26.637,,,,,UTC+0200,NA9l677+ml,,com.sec.android.app.shealth,2025-05-02 15:40:29.265,84fd8153-6fe7-4248-a5c6-9a1878e44c6f,76.0,
,21312,62950051,1,2025-05-02 15:50:29.368,,,62950051,2025-05-02 15:55:00.726,2025-05-02 15:55:00.726,,,,,UTC+0200,NA9l677+ml,,com.sec.android.app.shealth,2025-05-02 15:50:29.368,e574ec37-beba-45c5-9b1e-f705e462398f,78.0,
,21312,62950051,1,2025-05-02 16:00:29.317,,,62950051,2025-05-02 16:15:00.154,2025-05-02 16:15:00.154,,,,,UTC+0200,NA9l677+ml,,com.sec.android.app.shealth,2025-05-02 16:00:29.317,1b10d6d6-bac7-4f1d-a7f6-e8da4532e07d,78.0,
,21312,62950051,1,2025-05-02 16:10:29.317,,,62950051,2025-05-02 16:15:00.162,2025-05-02 16:15:00.162,,,,,UTC+0200,NA9l677+ml,,com.sec.android.app.shealth,2025-05-02 16:10:29.317,01315806-ac77-4bd0-b717-a938b18a8012,74.0,
,21312,62950051,1,2025-05-02 16:20:29.326,,,62950051,2025-05-02 16:32:23.412,2025-05-02 16:32:23.412,,,,,UTC+0200,NA9l677+ml,,com.sec.android.app.shealth,2025-05-02 16:20:29.326,ab4f96fc-3331-452f-a1bd-dd9e6cf8a333,75.0,
,21312,62950051,1,2025-05-02 16:30:29.326,,,62950051,2025-05-02 16:32:23.433,2025-05-02 16:32:23.433,,,,,UTC+0200,NA9l677+ml,,com.sec.android.app.shealth,2025-05-02 16:30:29.326,41b2cb21-bc99-41f9-98d4-af500e8e61d2,76.0,
,21312,62950051,1,2025-05-02 16:40:29.298,,,62950051,2025-05-02 16:45:15.491,2025-05-02 16:45:15.491,,,,,UTC+0200,NA9l677+ml,,com.sec.android.app.shealth,2025-05-02 16:40:29.298,e0bf9f35-9af7-4c41-ad36-60f431b36b2c,73.0,
,21312,62950051,1,2025-05-02 16:52:08.700,,,62950051,2025-05-02 16:52:18.651,2025-05-02 16:52:18.651,,,,,UTC+0200,NA9l677+ml,,com.sec.android.app.shealth,2025-05-02 16:52:08.700,1bbaff4a-02cf-4fa7-aa67-0b457b912876,82.0,
,21312,62950051,1,2025-05-02 17:01:06.434,,,62950051,2025-05-02 17:02:08.365,2025-05-02 17:02:08.365,,,,,UTC+0200,NA9l677+ml,,com.sec.android.app.shealth,2025-05-02 17:01:06.434,e57191a7-5017-420b-b0db-f290f37e2e08,72.0,
,21312,62950051,1,2025-05-02 17:10:29.288,,,62950051,2025-05-02 17:18:42.216,2025-05-02 17:18:42.216,,,,,UTC+0200,NA9l677+ml,,com.sec.android.app.shealth,2025-05-02 17:10:29.288,b853472e-b7db-42e8-a943-01a5dd7fbfe0,72.0,
,21312,62950051,1,2025-05-02 17:20:29.305,,,62950051,2025-05-02 17:20:45.488,2025-05-02 17:20:45.488,,,,,UTC+0200,NA9l677+ml,,com.sec.android.app.shealth,2025-05-02 17:20:29.305,53924bdb-0863-4c08-a8d2-75a2d9a67a18,74.0,
,21312,62950051,1,2025-05-02 17:30:29.340,,,62950051,2025-05-02 17:34:21.871,2025-05-02 17:34:21.871,,,,,UTC+0200,NA9l677+ml,,com.sec.android.app.shealth,2025-05-02 17:30:29.340,97a98e04-dcec-4875-bd3b-87d126a2b885,71.0,
,21312,62950051,1,2025-05-02 17:40:29.329,,,62950051,2025-05-02 17:41:25.645,2025-05-02 17:41:25.645,,,,,UTC+0200,NA9l677+ml,,com.sec.android.app.shealth,2025-05-02 17:40:29.329,e07c845c-43f4-418b-9c16-ff154e02f9da,75.0,
,21312,62950051,1,2025-05-02 17:50:29.315,,,62950051,2025-05-02 17:52:47.388,2025-05-02 17:52:47.388,,,,,UTC+0200,NA9l677+ml,,com.sec.android.app.shealth,2025-05-02 17:50:29.315,2bd5323f-be24-4c9b-a437-d4870c7a199b,78.0,
,21312,62950051,1,2025-05-02 18:00:29.346,,,62950051,2025-05-02 18:12:27.510,2025-05-02 18:12:27.510,,,,,UTC+0200,NA9l677+ml,,com.sec.android.app.shealth,2025-05-02 18:00:29.346,d198b27c-acd5-40e9-bcde-e69961c187af,70.0,
,21312,62950051,1,2025-05-02 18:10:29.346,,,62950051,2025-05-02 18:12:27.527,2025-05-02 18:12:27.527,,,,,UTC+0200,NA9l677+ml,,com.sec.android.app.shealth,2025-05-02 18:10:29.346,53c83f27-34d6-4cbc-9a55-6c586ad650c9,72.0,
,21312,62950051,1,2025-05-02 18:20:29.366,,,62950051,2025-05-02 18:31:56.544,2025-05-02 18:31:56.544,,,,,UTC+0200,NA9l677+ml,,com.sec.android.app.shealth,2025-05-02 18:20:29.366,1dccdfc8-9ea5-45d3-8244-7815e9242878,68.0,
,21312,62950051,1,2025-05-02 18:30:29.366,,,62950051,2025-05-02 18:31:56.551,2025-05-02 18:31:56.551,,,,,UTC+0200,NA9l677+ml,,com.sec.android.app.shealth,2025-05-02 18:30:29.366,6dc200a1-705a-47f0-9d28-d3058c0826b5,67.0,
,21312,62950051,1,2025-05-02 18:40:29.371,,,62950051,2025-05-02 18:45:14.706,2025-05-02 18:45:14.706,,,,,UTC+0200,NA9l677+ml,,com.sec.android.app.shealth,2025-05-02 18:40:29.371,0108927e-ecb4-4f56-b515-5880adf6c882,72.0,
,21312,62950051,1,2025-05-02 18:50:29.271,,,62950051,2025-05-02 18:53:37.045,2025-05-02 18:53:37.045,,,,,UTC+0200,NA9l677+ml,,com.sec.android.app.shealth,2025-05-02 18:50:29.271,ce3f1e56-ddf4-4d06-8815-bce7169adf25,65.0,
,21312,62950051,1,2025-05-02 19:00:29.365,,,62950051,2025-05-02 19:32:05.069,2025-05-02 19:32:05.069,,,,,UTC+0200,NA9l677+ml,,com.sec.android.app.shealth,2025-05-02 19:00:29.365,e81a826f-c32a-4339-a362-2422d290c8df,75.0,
,21312,62950051,1,2025-05-02 19:10:29.365,,,62950051,2025-05-02 19:32:05.077,2025-05-02 19:32:05.077,,,,,UTC+0200,NA9l677+ml,,com.sec.android.app.shealth,2025-05-02 19:10:29.365,a9ceb27d-0194-437f-995c-dcb087eba564,69.0,
,21312,62950051,1,2025-05-02 19:20:29.365,,,62950051,2025-05-02 19:32:05.086,2025-05-02 19:32:05.086,,,,,UTC+0200,NA9l677+ml,,com.sec.android.app.shealth,2025-05-02 19:20:29.365,447e0ad5-170c-4cbc-abe6-236112965980,64.0,
,21312,62950051,1,2025-05-02 19:30:29.365,,,62950051,2025-05-02 19:32:05.092,2025-05-02 19:32:05.092,,,,,UTC+0200,NA9l677+ml,,com.sec.android.app.shealth,2025-05-02 19:30:29.365,8361d63d-c340-45a1-8423-750314f991ce,64.0,
,21312,62950051,1,2025-05-02 19:40:29.326,,,62950051,2025-05-02 19:55:00.597,2025-05-02 19:55:00.597,,,,,UTC+0200,NA9l677+ml,,com.sec.android.app.shealth,2025-05-02 19:40:29.326,5a32a096-a9bc-41b6-b66f-a67e9711dfe3,65.0,
,21312,62950051,1,2025-05-02 19:50:29.326,,,62950051,2025-05-02 19:55:00.603,2025-05-02 19:55:00.603,,,,,UTC+0200,NA9l677+ml,,com.sec.android.app.shealth,2025-05-02 19:50:29.326,b73bc99d-8d52-46c6-a254-90db9f93e60d,62.0,
,21312,62950051,1,2025-05-02 20:00:29.342,,,62950051,2025-05-02 20:05:48.212,2025-05-02 20:05:48.212,,,,,UTC+0200,NA9l677+ml,,com.sec.android.app.shealth,2025-05-02 20:00:29.342,15b5dc87-b74d-4024-98ab-ca88ecf015fd,64.0,
,21312,62950051,1,2025-05-02 20:10:29.312,,,62950051,2025-05-02 20:15:00.815,2025-05-02 20:15:00.815,,,,,UTC+0200,NA9l677+ml,,com.sec.android.app.shealth,2025-05-02 20:10:29.312,8ea3d175-5111-4b6e-8491-b039895ad0b7,65.0,
,21312,62950051,1,2025-05-02 20:20:29.281,,,62950051,2025-05-02 20:30:34.955,2025-05-02 20:30:34.955,,,,,UTC+0200,NA9l677+ml,,com.sec.android.app.shealth,2025-05-02 20:20:29.281,62093f18-0b4a-4027-91ab-94cba27b914e,63.0,
,21312,62950051,1,2025-05-02 20:30:29.281,,,62950051,2025-05-02 20:30:34.963,2025-05-02 20:30:34.963,,,,,UTC+0200,NA9l677+ml,,com.sec.android.app.shealth,2025-05-02 20:30:29.281,033d9a98-b0af-47da-96fc-dc648c70e4da,66.0,
,21312,62950051,1,2025-05-02 20:40:29.304,,,62950051,2025-05-02 20:42:49.923,2025-05-02 20:42:49.923,,,,,UTC+0200,NA9l677+ml,,com.sec.android.app.shealth,2025-05-02 20:40:29.304,97773ba4-56b8-46d2-804f-f4e389355267,61.0,
,21312,62950051,1,2025-05-02 20:50:29.359,,,62950051,2025-05-02 20:51:06.907,2025-05-02 20:51:06.907,,,,,UTC+0200,NA9l677+ml,,com.sec.android.app.shealth,2025-05-02 20:50:29.359,62c0ccf6-b150-4a5d-962d-4f4265dbce1f,59.0,
,21312,62950051,1,2025-05-02 22:10:29.303,,,62950051,2025-05-02 22:15:00.906,2025-05-02 22:15:00.906,,,,,UTC+0200,NA9l677+ml,,com.sec.android.app.shealth,2025-05-02 22:10:29.303,9b976741-0362-4a56-88d6-fdce344e15c5,68.0,
,21313,62950051,1,2025-05-02 21:00:00.000,,12285010-9b8a-41f8-8932-f4f6f944f556.com.samsung.health.heart_rate.binning_data.json,62950051,2025-05-02 22:29:28.960,2025-05-02 21:15:00.556,,78.0,56.0,,UTC+0200,NA9l677+ml,,com.sec.android.app.shealth,2025-05-02 21:59:59.999,12285010-9b8a-41f8-8932-f4f6f944f556,62.0,
,21313,62950051,1,2025-05-02 22:00:00.000,,c1d56ce0-878a-4dd5-99b6-e9b170bb7fc1.com.samsung.health.heart_rate.binning_data.json,62950051,2025-05-02 23:07:26.391,2025-05-02 22:15:00.896,,70.0,55.0,,UTC+0200,NA9l677+ml,,com.sec.android.app.shealth,2025-05-02 22:59:59.999,c1d56ce0-878a-4dd5-99b6-e9b170bb7fc1,65.0,
,21313,62950051,1,2025-05-02 23:00:00.000,,f16023c2-9809-45cb-9feb-7031881fc617.com.samsung.health.heart_rate.binning_data.json,62950051,2025-05-03 00:07:35.708,2025-05-02 23:12:26.976,,71.0,60.0,,UTC+0200,NA9l677+ml,,com.sec.android.app.shealth,2025-05-02 23:59:59.999,f16023c2-9809-45cb-9feb-7031881fc617,64.0,
,21313,62950051,1,2025-05-03 00:00:00.000,,91e32d61-1e4b-4f21-b58a-03c9f6d0cbf1.com.samsung.health.heart_rate.binning_data.json,62950051,2025-05-03 01:07:23.394,2025-05-03 00:15:00.027,,77.0,55.0,,UTC+0200,NA9l677+ml,,com.sec.android.app.shealth,2025-05-03 00:59:59.999,91e32d61-1e4b-4f21-b58a-03c9f6d0cbf1,64.0,
,21313,62950051,1,2025-05-03 01:00:00.000,,f3acffb9-c3b7-4f18-9919-b9b861be66bc.com.samsung.health.heart_rate.binning_data.json,62950051,2025-05-03 02:07:54.564,2025-05-03 01:07:45.155,,67.0,56.0,,UTC+0200,NA9l677+ml,,com.sec.android.app.shealth,2025-05-03 01:59:59.999,f3acffb9-c3b7-4f18-9919-b9b861be66bc,60.0,
,21313,62950051,1,2025-05-03 02:00:00.000,,89ee026c-6b1a-404c-a230-6214d060867c.com.samsung.health.heart_rate.binning_data.json,62950051,2025-05-03 03:15:00.161,2025-05-03 02:13:59.706,,67.0,55.0,,UTC+0200,NA9l677+ml,,com.sec.android.app.shealth,2025-05-03 02:59:59.999,89ee026c-6b1a-404c-a230-6214d060867c,59.0,
,21313,62950051,1,2025-05-03 03:00:00.000,,70343a13-74b3-45f5-9b61-9564e4ab822f.com.samsung.health.heart_rate.binning_data.json,62950051,2025-05-03 04:02:55.636,2025-05-03 03:18:06.016,,80.0,55.0,,UTC+0200,NA9l677+ml,,com.sec.android.app.shealth,2025-05-03 03:59:59.999,70343a13-74b3-45f5-9b61-9564e4ab822f,60.0,
,21313,62950051,1,2025-05-03 04:00:00.000,,2da400a2-b3ea-47b2-a8e0-708bad934f5e.com.samsung.health.heart_rate.binning_data.json,62950051,2025-05-03 04:21:17.427,2025-05-03 04:02:55.712,,84.0,57.0,,UTC+0200,NA9l677+ml,,com.sec.android.app.shealth,2025-05-03 04:21:17.357,2da400a2-b3ea-47b2-a8e0-708bad934f5e,69.0,
,21312,62950051,1,2025-05-03 04:20:30.399,,,62950051,2025-05-03 04:21:18.681,2025-05-03 04:21:18.681,,,,,UTC+0200,NA9l677+ml,,com.sec.android.app.shealth,2025-05-03 04:20:30.399,2576974b-99e8-44a5-a6f2-0c0a19270c9b,66.0,
,21312,62950051,1,2025-05-03 04:30:29.311,,,62950051,2025-05-03 04:32:03.716,2025-05-03 04:32:03.716,,,,,UTC+0200,NA9l677+ml,,com.sec.android.app.shealth,2025-05-03 04:30:29.311,4ce885b0-eccb-4c14-b37c-77690e2509cb,66.0,
,21312,62950051,1,2025-05-03 04:40:29.324,,,62950051,2025-05-03 04:50:37.897,2025-05-03 04:50:37.897,,,,,UTC+0200,NA9l677+ml,,com.sec.android.app.shealth,2025-05-03 04:40:29.324,b10e556e-a3c7-4d4b-80ea-939dd620c1ea,69.0,
,21312,62950051,1,2025-05-03 04:50:29.324,,,62950051,2025-05-03 04:50:37.905,2025-05-03 04:50:37.905,,,,,UTC+0200,NA9l677+ml,,com.sec.android.app.shealth,2025-05-03 04:50:29.324,c523fca1-91c6-4cb1-9223-9b1f9c6305ac,74.0,
,21312,62950051,1,2025-05-03 05:00:30.343,,,62950051,2025-05-03 05:01:40.284,2025-05-03 05:01:40.284,,,,,UTC+0200,NA9l677+ml,,com.sec.android.app.shealth,2025-05-03 05:00:30.343,fadcebfc-a495-4fd5-a17d-9d942f581243,75.0,
,21312,62950051,1,2025-05-03 05:21:58.333,,,62950051,2025-05-03 05:22:05.279,2025-05-03 05:22:05.279,,,,,UTC+0200,NA9l677+ml,,com.sec.android.app.shealth,2025-05-03 05:21:58.333,187bb4c1-064f-4104-a914-a4d144234307,78.0,
,21312,62950051,1,2025-05-03 05:30:29.345,,,62950051,2025-05-03 05:30:29.490,2025-05-03 05:30:29.490,,,,,UTC+0200,NA9l677+ml,,com.sec.android.app.shealth,2025-05-03 05:30:29.345,ecef53b3-6b7b-472e-923d-d0a9779e5e80,80.0,
,21312,62950051,1,2025-05-03 05:40:29.301,,,62950051,2025-05-03 05:52:57.045,2025-05-03 05:52:57.045,,,,,UTC+0200,NA9l677+ml,,com.sec.android.app.shealth,2025-05-03 05:40:29.301,0153a44c-ebaf-4c1f-8223-7d82e737a2bd,72.0,
,21312,62950051,1,2025-05-03 05:50:29.301,,,62950051,2025-05-03 05:52:57.052,2025-05-03 05:52:57.052,,,,,UTC+0200,NA9l677+ml,,com.sec.android.app.shealth,2025-05-03 05:50:29.301,02437384-e0cf-4b0d-9c9c-4fdfbbbf3099,70.0,
,21312,62950051,1,2025-05-03 06:00:29.341,,,62950051,2025-05-03 06:10:02.722,2025-05-03 06:10:02.722,,,,,UTC+0200,NA9l677+ml,,com.sec.android.app.shealth,2025-05-03 06:00:29.341,a2381448-5b14-4e09-8bc3-a447ea00efe5,68.0,
,21312,62950051,1,2025-05-03 06:10:29.326,,,62950051,2025-05-03 06:12:40.127,2025-05-03 06:12:40.127,,,,,UTC+0200,NA9l677+ml,,com.sec.android.app.shealth,2025-05-03 06:10:29.326,aeac428f-fb54-4f19-a092-c95ea8483fce,69.0,
,21312,62950051,1,2025-05-03 06:20:29.303,,,62950051,2025-05-03 06:21:35.546,2025-05-03 06:21:35.546,,,,,UTC+0200,NA9l677+ml,,com.sec.android.app.shealth,2025-05-03 06:20:29.303,890c3704-6244-4dec-8681-9f0ee6a7b332,68.0,
,21312,62950051,1,2025-05-03 06:30:38.223,,,62950051,2025-05-03 06:35:00.879,2025-05-03 06:35:00.879,,,,,UTC+0200,NA9l677+ml,,com.sec.android.app.shealth,2025-05-03 06:30:38.223,3fa06f69-55bb-485a-97ba-c8137afac037,70.0,
,21312,62950051,1,2025-05-03 06:40:29.377,,,62950051,2025-05-03 06:42:00.051,2025-05-03 06:42:00.051,,,,,UTC+0200,NA9l677+ml,,com.sec.android.app.shealth,2025-05-03 06:40:29.377,0859e34d-32bf-42b7-a4f9-95c51596336c,78.0,
,21312,62950051,1,2025-05-03 06:53:25.108,,,62950051,2025-05-03 06:54:25.049,2025-05-03 06:54:25.049,,,,,UTC+0200,NA9l677+ml,,com.sec.android.app.shealth,2025-05-03 06:53:25.108,7a17c764-0651-417d-b06d-e6a43a6ccf95,88.0,
,21312,62950051,1,2025-05-03 07:00:29.327,,,62950051,2025-05-03 07:13:01.476,2025-05-03 07:13:01.476,,,,,UTC+0200,NA9l677+ml,,com.sec.android.app.shealth,2025-05-03 07:00:29.327,2120cefd-3408-432f-8c3a-e2e52306adee,73.0,
,21312,62950051,1,2025-05-03 07:10:29.327,,,62950051,2025-05-03 07:13:01.486,2025-05-03 07:13:01.486,,,,,UTC+0200,NA9l677+ml,,com.sec.android.app.shealth,2025-05-03 07:10:29.327,e204cb53-4d07-4814-9ee0-5409b85b6828,68.0,
,21312,62950051,1,2025-05-03 07:20:29.374,,,62950051,2025-05-03 07:21:02.600,2025-05-03 07:21:02.600,,,,,UTC+0200,NA9l677+ml,,com.sec.android.app.shealth,2025-05-03 07:20:29.374,5363f4d0-ecc4-4162-b7f7-0fff65487df6,73.0,
,21312,62950051,1,2025-05-03 07:30:29.352,,,62950051,2025-05-03 07:55:00.191,2025-05-03 07:55:00.191,,,,,UTC+0200,NA9l677+ml,,com.sec.android.app.shealth,2025-05-03 07:30:29.352,e06d9675-03f6-4b90-9a88-fca4a579fc7b,69.0,
,21312,62950051,1,2025-05-03 07:40:29.352,,,62950051,2025-05-03 07:55:00.197,2025-05-03 07:55:00.197,,,,,UTC+0200,NA9l677+ml,,com.sec.android.app.shealth,2025-05-03 07:40:29.352,cc3987a9-6712-4ef3-a34f-e5eced4fb6f0,69.0,
,21312,62950051,1,2025-05-03 07:50:29.352,,,62950051,2025-05-03 07:55:00.202,2025-05-03 07:55:00.202,,,,,UTC+0200,NA9l677+ml,,com.sec.android.app.shealth,2025-05-03 07:50:29.352,75115373-d774-4011-844d-6ec8802eb5c6,71.0,
,21312,62950051,1,2025-05-03 08:00:29.331,,,62950051,2025-05-03 08:13:48.436,2025-05-03 08:13:48.436,,,,,UTC+0200,NA9l677+ml,,com.sec.android.app.shealth,2025-05-03 08:00:29.331,0681caee-513a-4d14-b399-7b8ef3532278,69.0,
,21312,62950051,1,2025-05-03 08:10:29.331,,,62950051,2025-05-03 08:13:48.443,2025-05-03 08:13:48.443,,,,,UTC+0200,NA9l677+ml,,com.sec.android.app.shealth,2025-05-03 08:10:29.331,0fbc6e95-f4b9-4c8e-a815-7562f179ed28,68.0,
,21312,62950051,1,2025-05-03 08:20:29.354,,,62950051,2025-05-03 08:30:18.287,2025-05-03 08:30:18.287,,,,,UTC+0200,NA9l677+ml,,com.sec.android.app.shealth,2025-05-03 08:20:29.354,e951c66b-828f-4896-a21d-00cdf4336232,71.0,
,21312,62950051,1,2025-05-03 08:30:29.282,,,62950051,2025-05-03 08:35:00.049,2025-05-03 08:35:00.049,,,,,UTC+0200,NA9l677+ml,,com.sec.android.app.shealth,2025-05-03 08:30:29.282,1d50844e-8795-47f9-966b-f3aad88b1259,74.0,
,21312,62950051,1,2025-05-03 08:41:00.701,,,62950051,2025-05-03 08:51:09.666,2025-05-03 08:51:09.666,,,,,UTC+0200,NA9l677+ml,,com.sec.android.app.shealth,2025-05-03 08:41:00.701,c214c270-8e16-4419-aea8-a1edec0c27dd,68.0,
,21312,62950051,1,2025-05-03 09:00:29.312,,,62950051,2025-05-03 09:09:58.334,2025-05-03 09:09:58.334,,,,,UTC+0200,NA9l677+ml,,com.sec.android.app.shealth,2025-05-03 09:00:29.312,bef97a78-5a1d-48f9-9977-5ab096572d35,63.0,
,21312,62950051,1,2025-05-03 09:10:29.291,,,62950051,2025-05-03 09:10:35.343,2025-05-03 09:10:35.343,,,,,UTC+0200,NA9l677+ml,,com.sec.android.app.shealth,2025-05-03 09:10:29.291,d9f0001d-90cf-4317-8b1e-c77f6e78081c,66.0,
,21312,62950051,1,2025-05-03 09:20:29.327,,,62950051,2025-05-03 09:24:21.488,2025-05-03 09:24:21.488,,,,,UTC+0200,NA9l677+ml,,com.sec.android.app.shealth,2025-05-03 09:20:29.327,3d8f5416-3712-4d94-b3fd-36c4a63ae1b4,65.0,
,21312,62950051,1,2025-05-03 09:30:29.372,,,62950051,2025-05-03 09:33:24.049,2025-05-03 09:33:24.049,,,,,UTC+0200,NA9l677+ml,,com.sec.android.app.shealth,2025-05-03 09:30:29.372,78671052-9c87-4d80-bbc5-aaf8334582e2,67.0,
,21312,62950051,1,2025-05-03 09:40:29.316,,,62950051,2025-05-03 09:44:51.917,2025-05-03 09:44:51.917,,,,,UTC+0200,NA9l677+ml,,com.sec.android.app.shealth,2025-05-03 09:40:29.316,e7a6df65-5091-4e42-bda5-3bf54612a917,77.0,
,21312,62950051,1,2025-05-03 09:51:12.168,,,62950051,2025-05-03 09:51:32.594,2025-05-03 09:51:32.594,,,,,UTC+0200,NA9l677+ml,,com.sec.android.app.shealth,2025-05-03 09:51:12.168,504abf5b-49f0-49a6-ae0b-97ea82421889,76.0,
,21312,62950051,1,2025-05-03 10:00:29.333,,,62950051,2025-05-03 10:01:43.649,2025-05-03 10:01:43.649,,,,,UTC+0200,NA9l677+ml,,com.sec.android.app.shealth,2025-05-03 10:00:29.333,80cd02e1-0e01-4914-8850-4da868e0c3be,74.0,
,21312,62950051,1,2025-05-03 10:10:29.326,,,62950051,2025-05-03 10:11:50.237,2025-05-03 10:11:50.237,,,,,UTC+0200,NA9l677+ml,,com.sec.android.app.shealth,2025-05-03 10:10:29.326,557207b1-a1c9-465d-8770-2fd0b1246705,81.0,
,21312,62950051,1,2025-05-03 10:20:29.364,,,62950051,2025-05-03 10:34:55.776,2025-05-03 10:34:55.776,,,,,UTC+0200,NA9l677+ml,,com.sec.android.app.shealth,2025-05-03 10:20:29.364,9603c6f9-75c4-4e6f-9d5f-da5f21556e59,72.0,
,21312,62950051,1,2025-05-03 10:30:29.364,,,62950051,2025-05-03 10:34:55.801,2025-05-03 10:34:55.801,,,,,UTC+0200,NA9l677+ml,,com.sec.android.app.shealth,2025-05-03 10:30:29.364,360fa91a-47aa-42cb-b58e-a6e591f2b6b1,66.0,
,21312,62950051,1,2025-05-03 10:50:29.332,,,62950051,2025-05-03 10:52:15.176,2025-05-03 10:52:15.176,,,,,UTC+0200,NA9l677+ml,,com.sec.android.app.shealth,2025-05-03 10:50:29.332,25f005f2-56f5-4c6a-bb91-94ea5b983d68,67.0,
,21312,62950051,1,2025-05-03 11:00:29.283,,,62950051,2025-05-03 11:03:25.779,2025-05-03 11:03:25.779,,,,,UTC+0200,NA9l677+ml,,com.sec.android.app.shealth,2025-05-03 11:00:29.283,b16eb07c-645a-4a20-834a-64c9968506c6,67.0,
,21312,62950051,1,2025-05-03 11:10:29.312,,,62950051,2025-05-03 11:11:27.020,2025-05-03 11:11:27.020,,,,,UTC+0200,NA9l677+ml,,com.sec.android.app.shealth,2025-05-03 11:10:29.312,de36ca1c-1d48-4bf2-9848-27ace6e9725c,71.0,
,21312,62950051,1,2025-05-03 11:20:29.378,,,62950051,2025-05-03 11:22:03.852,2025-05-03 11:22:03.852,,,,,UTC+0200,NA9l677+ml,,com.sec.android.app.shealth,2025-05-03 11:20:29.378,e6cf17ce-3760-446e-ba2e-e949cb26c873,77.0,
,21312,62950051,1,2025-05-03 11:30:29.340,,,62950051,2025-05-03 11:30:30.180,2025-05-03 11:30:30.180,,,,,UTC+0200,NA9l677+ml,,com.sec.android.app.shealth,2025-05-03 11:30:29.340,e224ac13-0e75-47ed-8d52-bcee9021a32d,72.0,
,21312,62950051,1,2025-05-03 11:40:59.884,,,62950051,2025-05-03 11:48:02.907,2025-05-03 11:48:02.907,,,,,UTC+0200,NA9l677+ml,,com.sec.android.app.shealth,2025-05-03 11:40:59.884,df87613e-9dae-442e-943a-4d533c622ff7,79.0,
,21312,62950051,1,2025-05-03 11:50:29.293,,,62950051,2025-05-03 11:50:55.297,2025-05-03 11:50:55.297,,,,,UTC+0200,NA9l677+ml,,com.sec.android.app.shealth,2025-05-03 11:50:29.293,213dd4cf-4b72-4781-b7e0-95f991a011ad,87.0,
,21312,62950051,1,2025-05-03 12:00:29.235,,,62950051,2025-05-03 12:01:27.712,2025-05-03 12:01:27.712,,,,,UTC+0200,NA9l677+ml,,com.sec.android.app.shealth,2025-05-03 12:00:29.235,7094c7e0-6660-4abd-a3e8-06650f945cb7,89.0,
,21312,62950051,1,2025-05-03 12:10:29.336,,,62950051,2025-05-03 12:12:02.430,2025-05-03 12:12:02.430,,,,,UTC+0200,NA9l677+ml,,com.sec.android.app.shealth,2025-05-03 12:10:29.336,4f4d6ed2-e3e5-4278-aeec-a13d674cead5,84.0,
,21312,62950051,1,2025-05-03 12:20:29.324,,,62950051,2025-05-03 12:22:46.934,2025-05-03 12:22:46.934,,,,,UTC+0200,NA9l677+ml,,com.sec.android.app.shealth,2025-05-03 12:20:29.324,f3d32266-104f-4abb-88f5-ede3548ed2d1,85.0,
,21312,62950051,1,2025-05-03 12:30:29.377,,,62950051,2025-05-03 12:32:09.404,2025-05-03 12:32:09.404,,,,,UTC+0200,NA9l677+ml,,com.sec.android.app.shealth,2025-05-03 12:30:29.377,93f31782-3544-4da0-ada5-480846de46bd,85.0,
,21312,62950051,1,2025-05-03 12:40:29.306,,,62950051,2025-05-03 12:41:17.757,2025-05-03 12:41:17.757,,,,,UTC+0200,NA9l677+ml,,com.sec.android.app.shealth,2025-05-03 12:40:29.306,76c9a0df-9887-4992-842f-d5d3500c98cd,88.0,
,21312,62950051,1,2025-05-03 13:00:29.621,,,62950051,2025-05-03 13:00:31.898,2025-05-03 13:00:31.898,,,,,UTC+0200,NA9l677+ml,,com.sec.android.app.shealth,2025-05-03 13:00:29.621,4ae74e36-1557-4a0a-8aaa-17637ed76673,89.0,
,21312,62950051,1,2025-05-03 13:10:29.302,,,62950051,2025-05-03 13:11:42.137,2025-05-03 13:11:42.137,,,,,UTC+0200,NA9l677+ml,,com.sec.android.app.shealth,2025-05-03 13:10:29.302,78bcfb53-c61e-4c70-a63a-92a27b4b54c1,80.0,
,21312,62950051,1,2025-05-03 13:50:49.746,,,62950051,2025-05-03 13:52:08.556,2025-05-03 13:52:08.556,,,,,UTC+0200,NA9l677+ml,,com.sec.android.app.shealth,2025-05-03 13:50:49.746,18ab8280-17db-4b3b-9c86-b5f92bf293fd,90.0,
,21312,62950051,1,2025-05-05 06:50:29.351,,,62950051,2025-05-05 06:53:02.394,2025-05-05 06:53:02.394,,,,,UTC+0200,NA9l677+ml,,com.sec.android.app.shealth,2025-05-05 06:50:29.351,4b787fcd-51c2-44c8-af01-08dd0340a625,75.0,
,21312,62950051,1,2025-05-05 07:10:29.972,,,62950051,2025-05-05 07:15:00.037,2025-05-05 07:15:00.037,,,,,UTC+0200,NA9l677+ml,,com.sec.android.app.shealth,2025-05-05 07:10:29.972,db8f7baf-68d7-4e8d-aa17-b511796808af,70.0,
,21312,62950051,1,2025-05-05 07:20:29.341,,,62950051,2025-05-05 07:35:00.374,2025-05-05 07:35:00.374,,,,,UTC+0200,NA9l677+ml,,com.sec.android.app.shealth,2025-05-05 07:20:29.341,24c6effa-266e-4c79-b510-e75d80726466,74.0,
,21312,62950051,1,2025-05-05 07:30:29.341,,,62950051,2025-05-05 07:35:00.381,2025-05-05 07:35:00.381,,,,,UTC+0200,NA9l677+ml,,com.sec.android.app.shealth,2025-05-05 07:30:29.341,6c7b8538-d70e-462c-b5e6-0b513e7b2f73,71.0,
,21312,62950051,1,2025-05-05 07:40:29.297,,,62950051,2025-05-05 07:53:17.345,2025-05-05 07:53:17.345,,,,,UTC+0200,NA9l677+ml,,com.sec.android.app.shealth,2025-05-05 07:40:29.297,abc7efae-5025-42b4-8611-99b6c01f2771,71.0,
,21312,62950051,1,2025-05-05 07:50:29.297,,,62950051,2025-05-05 07:53:17.355,2025-05-05 07:53:17.355,,,,,UTC+0200,NA9l677+ml,,com.sec.android.app.shealth,2025-05-05 07:50:29.297,da6c2133-361e-49ec-bebc-32cd2b1a6ce1,71.0,
,21312,62950051,1,2025-05-05 08:00:59.591,,,62950051,2025-05-05 08:01:38.485,2025-05-05 08:01:38.485,,,,,UTC+0200,NA9l677+ml,,com.sec.android.app.shealth,2025-05-05 08:00:59.591,d85137b9-4ed3-4973-96b4-dd85466f0e83,78.0,
,21312,62950051,1,2025-05-05 08:10:29.290,,,62950051,2025-05-05 08:13:10.883,2025-05-05 08:13:10.883,,,,,UTC+0200,NA9l677+ml,,com.sec.android.app.shealth,2025-05-05 08:10:29.290,c0c4e6c4-ec25-4192-b859-e474903af871,68.0,
,21312,62950051,1,2025-05-05 08:20:29.291,,,62950051,2025-05-05 08:25:24.636,2025-05-05 08:25:24.636,,,,,UTC+0200,NA9l677+ml,,com.sec.android.app.shealth,2025-05-05 08:20:29.291,45ae6141-a932-4ff9-9871-bd965c3fbdc9,67.0,
,21312,62950051,1,2025-05-05 08:30:29.334,,,62950051,2025-05-05 08:31:51.564,2025-05-05 08:31:51.564,,,,,UTC+0200,NA9l677+ml,,com.sec.android.app.shealth,2025-05-05 08:30:29.334,b1529d25-a0d3-4092-b347-ca2f5cba6ee1,64.0,
,21312,62950051,1,2025-05-05 08:40:29.368,,,62950051,2025-05-05 08:50:00.581,2025-05-05 08:50:00.581,,,,,UTC+0200,NA9l677+ml,,com.sec.android.app.shealth,2025-05-05 08:40:29.368,da286341-9bd8-4190-8443-8f5a3cca69d3,59.0,
,21312,62950051,1,2025-05-05 08:50:29.328,,,62950051,2025-05-05 08:55:00.503,2025-05-05 08:55:00.503,,,,,UTC+0200,NA9l677+ml,,com.sec.android.app.shealth,2025-05-05 08:50:29.328,2e45735f-aead-4f97-9911-7ee076becfa8,76.0,
,21312,62950051,1,2025-05-05 09:00:29.366,,,62950051,2025-05-05 09:03:29.690,2025-05-05 09:03:29.690,,,,,UTC+0200,NA9l677+ml,,com.sec.android.app.shealth,2025-05-05 09:00:29.366,31d29335-453f-4bd0-bf84-a04a969ada32,69.0,
,21312,62950051,1,2025-05-05 09:10:29.352,,,62950051,2025-05-05 09:11:18.470,2025-05-05 09:11:18.470,,,,,UTC+0200,NA9l677+ml,,com.sec.android.app.shealth,2025-05-05 09:10:29.352,20bad668-f5cb-4b6d-aef2-ad76a319c78b,67.0,
,21312,62950051,1,2025-05-05 09:20:29.334,,,62950051,2025-05-05 09:22:07.032,2025-05-05 09:22:07.032,,,,,UTC+0200,NA9l677+ml,,com.sec.android.app.shealth,2025-05-05 09:20:29.334,61678f1b-8ec0-4338-9079-f715b4385e13,61.0,
,21312,62950051,1,2025-05-05 09:30:29.303,,,62950051,2025-05-05 09:31:32.021,2025-05-05 09:31:32.021,,,,,UTC+0200,NA9l677+ml,,com.sec.android.app.shealth,2025-05-05 09:30:29.303,a00b268c-f771-4c33-a20b-7972561b577b,66.0,
,21312,62950051,1,2025-05-05 09:50:29.339,,,62950051,2025-05-05 10:01:34.179,2025-05-05 10:01:34.179,,,,,UTC+0200,NA9l677+ml,,com.sec.android.app.shealth,2025-05-05 09:50:29.339,196ca99f-de48-463f-9e19-4d48ff9d8af9,63.0,
,21312,62950051,1,2025-05-05 10:00:29.339,,,62950051,2025-05-05 10:01:34.185,2025-05-05 10:01:34.185,,,,,UTC+0200,NA9l677+ml,,com.sec.android.app.shealth,2025-05-05 10:00:29.339,74e04d90-6417-4d57-b8bb-c0424bc7da81,73.0,
,21312,62950051,1,2025-05-05 10:10:29.350,,,62950051,2025-05-05 10:13:36.004,2025-05-05 10:13:36.004,,,,,UTC+0200,NA9l677+ml,,com.sec.android.app.shealth,2025-05-05 10:10:29.350,0d6beacc-f45f-4db6-a091-db1a855011ef,65.0,
,21312,62950051,1,2025-05-05 10:20:29.314,,,62950051,2025-05-05 10:32:50.099,2025-05-05 10:32:50.099,,,,,UTC+0200,NA9l677+ml,,com.sec.android.app.shealth,2025-05-05 10:20:29.314,5af8a417-9800-4896-ab6e-c739ff6084e1,67.0,
,21312,62950051,1,2025-05-05 10:30:29.314,,,62950051,2025-05-05 10:32:50.186,2025-05-05 10:32:50.186,,,,,UTC+0200,NA9l677+ml,,com.sec.android.app.shealth,2025-05-05 10:30:29.314,0c163e6e-82d4-4213-9f59-c2515f9d71e2,59.0,
,21312,62950051,1,2025-05-05 10:40:29.372,,,62950051,2025-05-05 10:45:29.918,2025-05-05 10:45:29.918,,,,,UTC+0200,NA9l677+ml,,com.sec.android.app.shealth,2025-05-05 10:40:29.372,87be9d11-b41a-4d35-80cb-c16c6a8a8a93,77.0,
,21312,62950051,1,2025-05-05 10:50:29.326,,,62950051,2025-05-05 11:01:47.698,2025-05-05 11:01:47.698,,,,,UTC+0200,NA9l677+ml,,com.sec.android.app.shealth,2025-05-05 10:50:29.326,803b22f5-aa50-4346-a28c-b7c4115907f4,66.0,
,21312,62950051,1,2025-05-05 11:00:29.326,,,62950051,2025-05-05 11:01:47.703,2025-05-05 11:01:47.703,,,,,UTC+0200,NA9l677+ml,,com.sec.android.app.shealth,2025-05-05 11:00:29.326,b2774b8f-26b1-4b4f-9d64-a04b7a69f292,57.0,
,21312,62950051,1,2025-05-05 11:10:29.345,,,62950051,2025-05-05 11:14:59.608,2025-05-05 11:14:59.608,,,,,UTC+0200,NA9l677+ml,,com.sec.android.app.shealth,2025-05-05 11:10:29.345,305f1170-476b-4710-8e61-151c0dc32935,60.0,
,21312,62950051,1,2025-05-05 11:20:29.287,,,62950051,2025-05-05 11:23:04.815,2025-05-05 11:23:04.815,,,,,UTC+0200,NA9l677+ml,,com.sec.android.app.shealth,2025-05-05 11:20:29.287,cdde553e-bcca-4e1c-beaa-5ec6ae9f8cf9,71.0,
,21312,62950051,1,2025-05-05 11:40:29.326,,,62950051,2025-05-05 11:42:49.194,2025-05-05 11:42:49.194,,,,,UTC+0200,NA9l677+ml,,com.sec.android.app.shealth,2025-05-05 11:40:29.326,e382ae57-8878-4e4a-9439-f0c5f951dfa6,71.0,
,21312,62950051,1,2025-05-05 11:50:29.337,,,62950051,2025-05-05 11:52:47.498,2025-05-05 11:52:47.498,,,,,UTC+0200,NA9l677+ml,,com.sec.android.app.shealth,2025-05-05 11:50:29.337,b709757d-5ddd-42be-9902-070edad52502,60.0,
,21312,62950051,1,2025-05-05 12:00:29.330,,,62950051,2025-05-05 12:00:43.326,2025-05-05 12:00:43.326,,,,,UTC+0200,NA9l677+ml,,com.sec.android.app.shealth,2025-05-05 12:00:29.330,ba651f8e-2059-454e-893f-95b2a688ec5f,65.0,
,21312,62950051,1,2025-05-05 12:10:29.309,,,62950051,2025-05-05 12:13:14.196,2025-05-05 12:13:14.196,,,,,UTC+0200,NA9l677+ml,,com.sec.android.app.shealth,2025-05-05 12:10:29.309,6a86832e-16ad-4c53-97e2-bc6593038dc5,69.0,
,21312,62950051,1,2025-05-05 12:20:29.295,,,62950051,2025-05-05 12:27:22.154,2025-05-05 12:27:22.154,,,,,UTC+0200,NA9l677+ml,,com.sec.android.app.shealth,2025-05-05 12:20:29.295,97888212-2e4f-4ece-b0ba-93805d2a04b0,64.0,
,21312,62950051,1,2025-05-05 13:20:29.371,,,62950051,2025-05-05 13:20:53.717,2025-05-05 13:20:53.717,,,,,UTC+0200,NA9l677+ml,,com.sec.android.app.shealth,2025-05-05 13:20:29.371,afae4c9f-fc11-4b66-9a15-24b02e94532c,95.0,
,21312,62950051,1,2025-05-05 13:31:01.276,,,62950051,2025-05-05 13:31:49.769,2025-05-05 13:31:49.769,,,,,UTC+0200,NA9l677+ml,,com.sec.android.app.shealth,2025-05-05 13:31:01.276,9f4569cb-ed99-4106-9979-30f96d29978e,92.0,
,21312,62950051,1,2025-05-05 13:50:31.151,,,62950051,2025-05-05 13:50:59.644,2025-05-05 13:50:59.644,,,,,UTC+0200,NA9l677+ml,,com.sec.android.app.shealth,2025-05-05 13:50:31.151,c777e895-8aef-48d9-aa91-e6b169305d56,97.0,
,21312,62950051,1,2025-05-05 14:20:29.371,,,62950051,2025-05-05 14:20:54.016,2025-05-05 14:20:54.016,,,,,UTC+0200,NA9l677+ml,,com.sec.android.app.shealth,2025-05-05 14:20:29.371,ee7deb1f-85d5-4b87-ab08-8d7868109621,85.0,
,21312,62950051,1,2025-05-05 14:30:59.662,,,62950051,2025-05-05 14:34:08.172,2025-05-05 14:34:08.172,,,,,UTC+0200,NA9l677+ml,,com.sec.android.app.shealth,2025-05-05 14:30:59.662,43c3d4e8-42bb-4a20-88c6-67f2f1d89309,77.0,
,21312,62950051,1,2025-05-05 14:40:29.359,,,62950051,2025-05-05 14:42:16.452,2025-05-05 14:42:16.452,,,,,UTC+0200,NA9l677+ml,,com.sec.android.app.shealth,2025-05-05 14:40:29.359,0661807c-60a9-46ec-94ba-648fe1386179,75.0,
,21312,62950051,1,2025-05-05 14:50:29.549,,,62950051,2025-05-05 14:52:11.867,2025-05-05 14:52:11.867,,,,,UTC+0200,NA9l677+ml,,com.sec.android.app.shealth,2025-05-05 14:50:29.549,7e5c5d41-1655-4d50-b4de-d7b10f895b49,77.0,
,21312,62950051,1,2025-05-05 15:00:29.368,,,62950051,2025-05-05 15:08:02.198,2025-05-05 15:08:02.198,,,,,UTC+0200,NA9l677+ml,,com.sec.android.app.shealth,2025-05-05 15:00:29.368,02c3b461-2bfa-4c92-bdde-a35f9518021c,72.0,
,21312,62950051,1,2025-05-05 15:10:29.374,,,62950051,2025-05-05 15:19:57.191,2025-05-05 15:19:57.191,,,,,UTC+0200,NA9l677+ml,,com.sec.android.app.shealth,2025-05-05 15:10:29.374,897469f4-3a69-4e72-bcd9-7e29bff00c66,69.0,
,21312,62950051,1,2025-05-05 15:20:58.622,,,62950051,2025-05-05 15:34:59.733,2025-05-05 15:34:59.733,,,,,UTC+0200,NA9l677+ml,,com.sec.android.app.shealth,2025-05-05 15:20:58.622,6993a7b7-9350-4761-9fcf-9f5b51625b83,70.0,
,21312,62950051,1,2025-05-05 15:30:58.622,,,62950051,2025-05-05 15:34:59.740,2025-05-05 15:34:59.740,,,,,UTC+0200,NA9l677+ml,,com.sec.android.app.shealth,2025-05-05 15:30:58.622,6e00b5e6-7529-4ecf-a724-74cc85499c76,67.0,
,21312,62950051,1,2025-05-05 15:40:29.362,,,62950051,2025-05-05 15:43:51.266,2025-05-05 15:43:51.266,,,,,UTC+0200,NA9l677+ml,,com.sec.android.app.shealth,2025-05-05 15:40:29.362,40249df2-2208-4627-ab66-9ebf9c230b2c,69.0,
,21312,62950051,1,2025-05-05 16:00:29.293,,,62950051,2025-05-05 16:03:03.439,2025-05-05 16:03:03.439,,,,,UTC+0200,NA9l677+ml,,com.sec.android.app.shealth,2025-05-05 16:00:29.293,fd4f7faf-908f-4a75-ba79-eefa991291ce,67.0,
,21312,62950051,1,2025-05-05 16:11:45.156,,,62950051,2025-05-05 16:13:07.887,2025-05-05 16:13:07.887,,,,,UTC+0200,NA9l677+ml,,com.sec.android.app.shealth,2025-05-05 16:11:45.156,50f277bc-35c0-44a6-a6e0-ec9fd3bc805f,77.0,
,21312,62950051,1,2025-05-05 16:20:29.380,,,62950051,2025-05-05 16:20:44.698,2025-05-05 16:20:44.698,,,,,UTC+0200,NA9l677+ml,,com.sec.android.app.shealth,2025-05-05 16:20:29.380,438227c4-b7ce-4911-b46f-9360b0466102,77.0,
,21312,62950051,1,2025-05-05 16:30:29.300,,,62950051,2025-05-05 16:31:39.176,2025-05-05 16:31:39.176,,,,,UTC+0200,NA9l677+ml,,com.sec.android.app.shealth,2025-05-05 16:30:29.300,1c9eda46-b1a7-40fa-a45c-a103e4e78980,70.0,
,21312,62950051,1,2025-05-05 17:10:29.281,,,62950051,2025-05-05 17:24:05.240,2025-05-05 17:24:05.240,,,,,UTC+0200,NA9l677+ml,,com.sec.android.app.shealth,2025-05-05 17:10:29.281,90678e4f-94a9-495b-8610-664f91d60105,74.0,
,21312,62950051,1,2025-05-05 17:20:29.281,,,62950051,2025-05-05 17:24:05.261,2025-05-05 17:24:05.261,,,,,UTC+0200,NA9l677+ml,,com.sec.android.app.shealth,2025-05-05 17:20:29.281,08f6f30a-e29b-4dbd-a681-68c1f847d77b,64.0,
,21312,62950051,1,2025-05-05 17:30:29.286,,,62950051,2025-05-05 17:31:40.326,2025-05-05 17:31:40.326,,,,,UTC+0200,NA9l677+ml,,com.sec.android.app.shealth,2025-05-05 17:30:29.286,89c32be3-7c65-41be-b2b5-950788de3772,71.0,
,21312,62950051,1,2025-05-05 17:40:29.301,,,62950051,2025-05-05 17:51:01.598,2025-05-05 17:51:01.598,,,,,UTC+0200,NA9l677+ml,,com.sec.android.app.shealth,2025-05-05 17:40:29.301,6af5e13c-ba2c-4d45-910c-2c932c3b23cc,68.0,
,21312,62950051,1,2025-05-05 17:50:29.301,,,62950051,2025-05-05 17:51:01.609,2025-05-05 17:51:01.609,,,,,UTC+0200,NA9l677+ml,,com.sec.android.app.shealth,2025-05-05 17:50:29.301,1e0db6cd-5071-421f-a60d-c99a7c2764ee,70.0,
,21312,62950051,1,2025-05-05 18:00:29.313,,,62950051,2025-05-05 18:02:51.438,2025-05-05 18:02:51.438,,,,,UTC+0200,NA9l677+ml,,com.sec.android.app.shealth,2025-05-05 18:00:29.313,0ce4738c-03a6-4612-ae7f-7f3bd457cec2,77.0,
,21312,62950051,1,2025-05-05 18:10:29.361,,,62950051,2025-05-05 18:17:27.898,2025-05-05 18:17:27.898,,,,,UTC+0200,NA9l677+ml,,com.sec.android.app.shealth,2025-05-05 18:10:29.361,c0ce6a62-e700-4454-a680-93aad183811c,77.0,
,21312,62950051,1,2025-05-05 18:40:29.317,,,62950051,2025-05-05 18:55:01.577,2025-05-05 18:55:01.577,,,,,UTC+0200,NA9l677+ml,,com.sec.android.app.shealth,2025-05-05 18:40:29.317,85f46c0a-c6ba-4b7c-8f15-0d6a277d54a7,78.0,
,21312,62950051,1,2025-05-05 18:50:29.317,,,62950051,2025-05-05 18:55:01.580,2025-05-05 18:55:01.580,,,,,UTC+0200,NA9l677+ml,,com.sec.android.app.shealth,2025-05-05 18:50:29.317,9540a27b-5565-4e04-957d-03417fdac01e,82.0,
,21312,62950051,1,2025-05-05 19:00:29.371,,,62950051,2025-05-05 19:08:11.630,2025-05-05 19:08:11.630,,,,,UTC+0200,NA9l677+ml,,com.sec.android.app.shealth,2025-05-05 19:00:29.371,8d29e0d6-0735-40f9-a310-5f36ad58d746,84.0,
,21312,62950051,1,2025-05-05 19:10:29.323,,,62950051,2025-05-05 19:14:59.777,2025-05-05 19:14:59.777,,,,,UTC+0200,NA9l677+ml,,com.sec.android.app.shealth,2025-05-05 19:10:29.323,3cb1e644-ce66-410f-aabb-fd7f1ec9204a,79.0,
,21312,62950051,1,2025-05-05 19:20:29.326,,,62950051,2025-05-05 19:23:22.192,2025-05-05 19:23:22.192,,,,,UTC+0200,NA9l677+ml,,com.sec.android.app.shealth,2025-05-05 19:20:29.326,c27f1cd9-5894-4e5a-9f25-8e027bad46fd,81.0,
,21312,62950051,1,2025-05-05 19:30:29.308,,,62950051,2025-05-05 19:35:00.174,2025-05-05 19:35:00.174,,,,,UTC+0200,NA9l677+ml,,com.sec.android.app.shealth,2025-05-05 19:30:29.308,52ce2024-4341-4f8b-a390-669d042118f9,73.0,
,21312,62950051,1,2025-05-05 19:50:49.770,,,62950051,2025-05-05 19:54:59.849,2025-05-05 19:54:59.849,,,,,UTC+0200,NA9l677+ml,,com.sec.android.app.shealth,2025-05-05 19:50:49.770,d899b1ec-d422-49fc-abd9-8193c0fb17d7,81.0,
,21312,62950051,1,2025-05-05 20:10:59.661,,,62950051,2025-05-05 20:15:00.729,2025-05-05 20:15:00.729,,,,,UTC+0200,NA9l677+ml,,com.sec.android.app.shealth,2025-05-05 20:10:59.661,d83f2c4f-2f67-432d-b7e7-6aafdb25ae41,82.0,
,21312,62950051,1,2025-05-05 20:30:29.308,,,62950051,2025-05-05 20:33:15.740,2025-05-05 20:33:15.740,,,,,UTC+0200,NA9l677+ml,,com.sec.android.app.shealth,2025-05-05 20:30:29.308,7b023c22-95bb-437c-9693-74bf6eb3e806,80.0,
,21312,62950051,1,2025-05-05 20:50:29.374,,,62950051,2025-05-05 20:52:00.168,2025-05-05 20:52:00.168,,,,,UTC+0200,NA9l677+ml,,com.sec.android.app.shealth,2025-05-05 20:50:29.374,27e9694b-05bb-4ae3-a0a1-1634bfc67959,82.0,
,21312,62950051,1,2025-05-05 21:20:42.694,,,62950051,2025-05-05 21:22:22.183,2025-05-05 21:22:22.183,,,,,UTC+0200,NA9l677+ml,,com.sec.android.app.shealth,2025-05-05 21:20:42.694,dbefdb91-90e6-4231-b3fd-8959ada0f002,86.0,
