com.samsung.health.sleep_stage,6295017,7
create_sh_ver,start_time,sleep_id,custom,modify_sh_ver,update_time,create_time,stage,time_offset,deviceuuid,pkg_name,end_time,datauuid
62670070,2024-07-04 00:08:00.000,3b2758bd-0893-4ad2-9c53-ba840563af6c,,62670070,2024-07-04 08:15:19.220,2024-07-04 08:15:19.220,40002,UTC+0200,64Z1605Zgy,com.sec.android.app.shealth,2024-07-04 00:11:00.000,cf3e78de-8f21-47d3-bc60-7b4ccbbddb00,
62670070,2024-07-04 00:11:00.000,3b2758bd-0893-4ad2-9c53-ba840563af6c,,62670070,2024-07-04 08:15:19.220,2024-07-04 08:15:19.220,40001,UTC+0200,64Z1605Zgy,com.sec.android.app.shealth,2024-07-04 00:15:00.000,7c3312af-6706-4b24-8e94-af798cbd59b0,
62670070,2024-07-04 00:15:00.000,3b2758bd-0893-4ad2-9c53-ba840563af6c,,62670070,2024-07-04 08:15:19.221,2024-07-04 08:15:19.221,40002,UTC+0200,64Z1605Zgy,com.sec.android.app.shealth,2024-07-04 00:38:00.000,fe06aeaf-e544-46c9-bfa8-4000a4a7dd5b,
62670070,2024-07-04 00:38:00.000,3b2758bd-0893-4ad2-9c53-ba840563af6c,,62670070,2024-07-04 08:15:19.221,2024-07-04 08:15:19.221,40003,UTC+0200,64Z1605Zgy,com.sec.android.app.shealth,2024-07-04 00:47:00.000,990e3c09-aece-40c2-b000-d5636a9baa09,
62670070,2024-07-04 00:47:00.000,3b2758bd-0893-4ad2-9c53-ba840563af6c,,62670070,2024-07-04 08:15:19.221,2024-07-04 08:15:19.221,40001,UTC+0200,64Z1605Zgy,com.sec.android.app.shealth,2024-07-04 00:53:00.000,872e1afe-c95e-40ce-a340-acd87a381257,
62670070,2024-07-04 00:53:00.000,3b2758bd-0893-4ad2-9c53-ba840563af6c,,62670070,2024-07-04 08:15:19.221,2024-07-04 08:15:19.221,40002,UTC+0200,64Z1605Zgy,com.sec.android.app.shealth,2024-07-04 01:00:00.000,ba0ef74c-9740-4794-8853-0c66a02f2b51,
62670070,2024-07-04 01:00:00.000,3b2758bd-0893-4ad2-9c53-ba840563af6c,,62670070,2024-07-04 08:15:19.222,2024-07-04 08:15:19.222,40001,UTC+0200,64Z1605Zgy,com.sec.android.app.shealth,2024-07-04 01:01:00.000,2d94afe1-3b59-4c79-b21b-418e8c6923cc,
62670070,2024-07-04 01:01:00.000,3b2758bd-0893-4ad2-9c53-ba840563af6c,,62670070,2024-07-04 08:15:19.222,2024-07-04 08:15:19.222,40002,UTC+0200,64Z1605Zgy,com.sec.android.app.shealth,2024-07-04 01:18:00.000,2906a4d1-39a2-4178-b258-7a8994889246,
62670070,2024-07-04 01:18:00.000,3b2758bd-0893-4ad2-9c53-ba840563af6c,,62670070,2024-07-04 08:15:19.223,2024-07-04 08:15:19.223,40003,UTC+0200,64Z1605Zgy,com.sec.android.app.shealth,2024-07-04 01:23:00.000,23cdd242-eda9-4ff0-b533-af0702730197,
62670070,2024-07-04 01:23:00.000,3b2758bd-0893-4ad2-9c53-ba840563af6c,,62670070,2024-07-04 08:15:19.223,2024-07-04 08:15:19.223,40002,UTC+0200,64Z1605Zgy,com.sec.android.app.shealth,2024-07-04 01:24:00.000,78d6bebb-b926-4b95-9a3a-5efcc75b40fb,
62670070,2024-07-04 01:24:00.000,3b2758bd-0893-4ad2-9c53-ba840563af6c,,62670070,2024-07-04 08:15:19.223,2024-07-04 08:15:19.223,40003,UTC+0200,64Z1605Zgy,com.sec.android.app.shealth,2024-07-04 01:25:00.000,78597af5-8dc4-41b0-b250-1aabdf63f7e6,
62670070,2024-07-04 01:25:00.000,3b2758bd-0893-4ad2-9c53-ba840563af6c,,62670070,2024-07-04 08:15:19.224,2024-07-04 08:15:19.224,40002,UTC+0200,64Z1605Zgy,com.sec.android.app.shealth,2024-07-04 01:38:00.000,8673c4df-528a-422e-8f91-046e19afb886,
62670070,2024-07-04 01:38:00.000,3b2758bd-0893-4ad2-9c53-ba840563af6c,,62670070,2024-07-04 08:15:19.224,2024-07-04 08:15:19.224,40004,UTC+0200,64Z1605Zgy,com.sec.android.app.shealth,2024-07-04 01:39:00.000,18140295-0585-4406-be1a-ad191acfca65,
62670070,2024-07-04 01:39:00.000,3b2758bd-0893-4ad2-9c53-ba840563af6c,,62670070,2024-07-04 08:15:19.225,2024-07-04 08:15:19.225,40002,UTC+0200,64Z1605Zgy,com.sec.android.app.shealth,2024-07-04 01:40:00.000,65914b2c-df24-4fa9-b318-97716df87501,
62670070,2024-07-04 01:40:00.000,3b2758bd-0893-4ad2-9c53-ba840563af6c,,62670070,2024-07-04 08:15:19.225,2024-07-04 08:15:19.225,40004,UTC+0200,64Z1605Zgy,com.sec.android.app.shealth,2024-07-04 01:44:00.000,8febf80c-8cb1-45a0-9d17-1e4c94445633,
62670070,2024-07-04 01:44:00.000,3b2758bd-0893-4ad2-9c53-ba840563af6c,,62670070,2024-07-04 08:15:19.225,2024-07-04 08:15:19.225,40002,UTC+0200,64Z1605Zgy,com.sec.android.app.shealth,2024-07-04 01:52:00.000,f4dcf3dc-ddfc-4db8-8abb-cbc80ca8790c,
62670070,2024-07-04 01:52:00.000,3b2758bd-0893-4ad2-9c53-ba840563af6c,,62670070,2024-07-04 08:15:19.226,2024-07-04 08:15:19.226,40004,UTC+0200,64Z1605Zgy,com.sec.android.app.shealth,2024-07-04 02:23:00.000,1468a36e-7e59-4d0d-9711-a4098e1a314f,
62670070,2024-07-04 02:23:00.000,3b2758bd-0893-4ad2-9c53-ba840563af6c,,62670070,2024-07-04 08:15:19.226,2024-07-04 08:15:19.226,40002,UTC+0200,64Z1605Zgy,com.sec.android.app.shealth,2024-07-04 02:38:00.000,d688c84c-0c83-4aef-96e0-06ec491e499e,
62670070,2024-07-04 02:38:00.000,3b2758bd-0893-4ad2-9c53-ba840563af6c,,62670070,2024-07-04 08:15:19.227,2024-07-04 08:15:19.227,40003,UTC+0200,64Z1605Zgy,com.sec.android.app.shealth,2024-07-04 02:49:00.000,17419af8-9d6b-4472-b5fc-f6134d6e07af,
62670070,2024-07-04 02:49:00.000,3b2758bd-0893-4ad2-9c53-ba840563af6c,,62670070,2024-07-04 08:15:19.227,2024-07-04 08:15:19.227,40001,UTC+0200,64Z1605Zgy,com.sec.android.app.shealth,2024-07-04 02:53:00.000,cce2ec2e-f98b-4dcd-97ba-e492bfc429a3,
62670070,2024-07-04 02:53:00.000,3b2758bd-0893-4ad2-9c53-ba840563af6c,,62670070,2024-07-04 08:15:19.227,2024-07-04 08:15:19.227,40002,UTC+0200,64Z1605Zgy,com.sec.android.app.shealth,2024-07-04 03:13:00.000,1a151b77-a5b1-4361-be53-a95aa46379d6,
62670070,2024-07-04 03:13:00.000,3b2758bd-0893-4ad2-9c53-ba840563af6c,,62670070,2024-07-04 08:15:19.228,2024-07-04 08:15:19.228,40001,UTC+0200,64Z1605Zgy,com.sec.android.app.shealth,2024-07-04 03:14:00.000,772bc294-79ad-47eb-abea-5719e23e6c70,
62670070,2024-07-04 03:14:00.000,3b2758bd-0893-4ad2-9c53-ba840563af6c,,62670070,2024-07-04 08:15:19.228,2024-07-04 08:15:19.228,40002,UTC+0200,64Z1605Zgy,com.sec.android.app.shealth,2024-07-04 03:35:00.000,7a3c62fb-f57f-418b-b091-195d69c6b0cc,
62670070,2024-07-04 03:35:00.000,3b2758bd-0893-4ad2-9c53-ba840563af6c,,62670070,2024-07-04 08:15:19.228,2024-07-04 08:15:19.228,40003,UTC+0200,64Z1605Zgy,com.sec.android.app.shealth,2024-07-04 03:46:00.000,088567a1-e528-4f01-994e-03f82689b518,
62670070,2024-07-04 03:46:00.000,3b2758bd-0893-4ad2-9c53-ba840563af6c,,62670070,2024-07-04 08:15:19.229,2024-07-04 08:15:19.229,40002,UTC+0200,64Z1605Zgy,com.sec.android.app.shealth,2024-07-04 04:01:00.000,701c6252-d0b0-4aeb-a8fb-e4eab5c15db5,
62670070,2024-07-04 04:01:00.000,3b2758bd-0893-4ad2-9c53-ba840563af6c,,62670070,2024-07-04 08:15:19.229,2024-07-04 08:15:19.229,40004,UTC+0200,64Z1605Zgy,com.sec.android.app.shealth,2024-07-04 04:02:00.000,318869a9-a347-45d2-a51e-2f02b629934d,
62670070,2024-07-04 04:02:00.000,3b2758bd-0893-4ad2-9c53-ba840563af6c,,62670070,2024-07-04 08:15:19.230,2024-07-04 08:15:19.230,40001,UTC+0200,64Z1605Zgy,com.sec.android.app.shealth,2024-07-04 04:03:00.000,8dad6db5-6cad-4f26-ae7f-6b3fc801877b,
62670070,2024-07-04 04:03:00.000,3b2758bd-0893-4ad2-9c53-ba840563af6c,,62670070,2024-07-04 08:15:19.230,2024-07-04 08:15:19.230,40002,UTC+0200,64Z1605Zgy,com.sec.android.app.shealth,2024-07-04 04:09:00.000,8d757ab1-3c64-4e1a-a707-c21abff5ef95,
62670070,2024-07-04 04:09:00.000,3b2758bd-0893-4ad2-9c53-ba840563af6c,,62670070,2024-07-04 08:15:19.230,2024-07-04 08:15:19.230,40004,UTC+0200,64Z1605Zgy,com.sec.android.app.shealth,2024-07-04 04:21:00.000,153b73b0-5bd2-4a18-97d7-dca4f0120ca8,
62670070,2024-07-04 04:21:00.000,3b2758bd-0893-4ad2-9c53-ba840563af6c,,62670070,2024-07-04 08:15:19.231,2024-07-04 08:15:19.231,40001,UTC+0200,64Z1605Zgy,com.sec.android.app.shealth,2024-07-04 04:22:00.000,dbf3db9c-3df9-4b70-948e-b229659db2fd,
62670070,2024-07-04 04:22:00.000,3b2758bd-0893-4ad2-9c53-ba840563af6c,,62670070,2024-07-04 08:15:19.231,2024-07-04 08:15:19.231,40002,UTC+0200,64Z1605Zgy,com.sec.android.app.shealth,2024-07-04 04:25:00.000,b76d2816-1cc3-43cb-9e53-43ed274cde89,
62670070,2024-07-04 04:25:00.000,3b2758bd-0893-4ad2-9c53-ba840563af6c,,62670070,2024-07-04 08:15:19.231,2024-07-04 08:15:19.231,40004,UTC+0200,64Z1605Zgy,com.sec.android.app.shealth,2024-07-04 04:32:00.000,07f2b4e6-ab06-438b-b9ef-2bb61a3d33ee,
62670070,2024-07-04 04:32:00.000,3b2758bd-0893-4ad2-9c53-ba840563af6c,,62670070,2024-07-04 08:15:19.231,2024-07-04 08:15:19.231,40001,UTC+0200,64Z1605Zgy,com.sec.android.app.shealth,2024-07-04 04:33:00.000,cb05a64f-d031-4fec-8570-e705183eb63b,
62670070,2024-07-04 04:33:00.000,3b2758bd-0893-4ad2-9c53-ba840563af6c,,62670070,2024-07-04 08:15:19.232,2024-07-04 08:15:19.232,40002,UTC+0200,64Z1605Zgy,com.sec.android.app.shealth,2024-07-04 04:50:00.000,d8633400-4870-48df-8372-9609bf760c34,
62670070,2024-07-04 04:50:00.000,3b2758bd-0893-4ad2-9c53-ba840563af6c,,62670070,2024-07-04 08:15:19.232,2024-07-04 08:15:19.232,40001,UTC+0200,64Z1605Zgy,com.sec.android.app.shealth,2024-07-04 04:51:00.000,bf96ca3f-2046-4d09-ada4-14f20d96141f,
62670070,2024-07-04 04:51:00.000,3b2758bd-0893-4ad2-9c53-ba840563af6c,,62670070,2024-07-04 08:15:19.233,2024-07-04 08:15:19.233,40002,UTC+0200,64Z1605Zgy,com.sec.android.app.shealth,2024-07-04 05:11:00.000,3d34e582-28a5-4c73-91b0-9e0733261a39,
62670070,2024-07-04 05:11:00.000,3b2758bd-0893-4ad2-9c53-ba840563af6c,,62670070,2024-07-04 08:15:19.233,2024-07-04 08:15:19.233,40001,UTC+0200,64Z1605Zgy,com.sec.android.app.shealth,2024-07-04 05:12:00.000,af32fb0c-1ef4-46e5-95b6-e643996e9b51,
62670070,2024-07-04 05:12:00.000,3b2758bd-0893-4ad2-9c53-ba840563af6c,,62670070,2024-07-04 08:15:19.233,2024-07-04 08:15:19.233,40002,UTC+0200,64Z1605Zgy,com.sec.android.app.shealth,2024-07-04 05:13:00.000,472f6504-d917-47a0-899f-ff0588bd75df,
62670070,2024-07-04 05:13:00.000,3b2758bd-0893-4ad2-9c53-ba840563af6c,,62670070,2024-07-04 08:15:19.234,2024-07-04 08:15:19.234,40001,UTC+0200,64Z1605Zgy,com.sec.android.app.shealth,2024-07-04 05:15:00.000,b3c59dd0-04a3-4725-8595-61ba124e6c7a,
62670070,2024-07-04 21:35:00.000,89952396-7318-44e8-8654-7f5e4767e1aa,,62670070,2024-07-05 06:23:03.324,2024-07-05 06:23:03.324,40002,UTC+0200,64Z1605Zgy,com.sec.android.app.shealth,2024-07-04 21:36:00.000,abd78839-17cf-423d-afe1-30261f803f5b,
62670070,2024-07-04 21:36:00.000,89952396-7318-44e8-8654-7f5e4767e1aa,,62670070,2024-07-05 06:23:03.325,2024-07-05 06:23:03.325,40001,UTC+0200,64Z1605Zgy,com.sec.android.app.shealth,2024-07-04 21:37:00.000,341fd0ec-7b0e-4791-85bb-f13d39e5019e,
62670070,2024-07-04 21:37:00.000,89952396-7318-44e8-8654-7f5e4767e1aa,,62670070,2024-07-05 06:23:03.326,2024-07-05 06:23:03.326,40002,UTC+0200,64Z1605Zgy,com.sec.android.app.shealth,2024-07-04 22:02:00.000,32d3e1d3-c22e-4c9c-abb9-48c4bfbeff0d,
62670070,2024-07-04 22:02:00.000,89952396-7318-44e8-8654-7f5e4767e1aa,,62670070,2024-07-05 06:23:03.327,2024-07-05 06:23:03.327,40003,UTC+0200,64Z1605Zgy,com.sec.android.app.shealth,2024-07-04 22:28:00.000,d02be608-04fa-438e-8281-7a84a78167bf,
62670070,2024-07-04 22:28:00.000,89952396-7318-44e8-8654-7f5e4767e1aa,,62670070,2024-07-05 06:23:03.328,2024-07-05 06:23:03.328,40001,UTC+0200,64Z1605Zgy,com.sec.android.app.shealth,2024-07-04 22:29:00.000,e412b8f9-99e3-44c8-955e-2e664a17118a,
62670070,2024-07-04 22:29:00.000,89952396-7318-44e8-8654-7f5e4767e1aa,,62670070,2024-07-05 06:23:03.330,2024-07-05 06:23:03.330,40002,UTC+0200,64Z1605Zgy,com.sec.android.app.shealth,2024-07-04 22:42:00.000,fbf08357-b777-45a9-a9e9-b0fd13a6c6ae,
62670070,2024-07-04 22:42:00.000,89952396-7318-44e8-8654-7f5e4767e1aa,,62670070,2024-07-05 06:23:03.330,2024-07-05 06:23:03.330,40003,UTC+0200,64Z1605Zgy,com.sec.android.app.shealth,2024-07-04 22:52:00.000,c1114b0a-e92f-4370-8637-24c04d8b9824,
62670070,2024-07-04 22:52:00.000,89952396-7318-44e8-8654-7f5e4767e1aa,,62670070,2024-07-05 06:23:03.331,2024-07-05 06:23:03.331,40001,UTC+0200,64Z1605Zgy,com.sec.android.app.shealth,2024-07-04 22:53:00.000,cc041c32-6d50-4b72-a064-3d89e81510d8,
62670070,2024-07-04 22:53:00.000,89952396-7318-44e8-8654-7f5e4767e1aa,,62670070,2024-07-05 06:23:03.332,2024-07-05 06:23:03.332,40002,UTC+0200,64Z1605Zgy,com.sec.android.app.shealth,2024-07-04 23:02:00.000,63b86f70-7cbd-4ced-80e1-3494db489232,
62670070,2024-07-04 23:02:00.000,89952396-7318-44e8-8654-7f5e4767e1aa,,62670070,2024-07-05 06:23:03.332,2024-07-05 06:23:03.332,40003,UTC+0200,64Z1605Zgy,com.sec.android.app.shealth,2024-07-04 23:28:00.000,bb1306a3-5ee2-4be0-88b5-71a999043e7b,
62670070,2024-07-04 23:28:00.000,89952396-7318-44e8-8654-7f5e4767e1aa,,62670070,2024-07-05 06:23:03.333,2024-07-05 06:23:03.333,40002,UTC+0200,64Z1605Zgy,com.sec.android.app.shealth,2024-07-04 23:45:00.000,eaac68df-1bde-47b4-a0a8-732cd273045f,
62670070,2024-07-04 23:45:00.000,89952396-7318-44e8-8654-7f5e4767e1aa,,62670070,2024-07-05 06:23:03.334,2024-07-05 06:23:03.334,40001,UTC+0200,64Z1605Zgy,com.sec.android.app.shealth,2024-07-04 23:46:00.000,e951185d-14a4-4bd7-acc8-88be5a69541c,
62670070,2024-07-04 23:46:00.000,89952396-7318-44e8-8654-7f5e4767e1aa,,62670070,2024-07-05 06:23:03.334,2024-07-05 06:23:03.334,40002,UTC+0200,64Z1605Zgy,com.sec.android.app.shealth,2024-07-04 23:53:00.000,df5872ab-efdf-4012-b6d1-7f98d6c2cbf1,
62670070,2024-07-04 23:53:00.000,89952396-7318-44e8-8654-7f5e4767e1aa,,62670070,2024-07-05 06:23:03.335,2024-07-05 06:23:03.335,40004,UTC+0200,64Z1605Zgy,com.sec.android.app.shealth,2024-07-05 00:20:00.000,bbde4f60-74cb-4f06-acfa-7e7157d3b6e1,
62670070,2024-07-05 00:20:00.000,89952396-7318-44e8-8654-7f5e4767e1aa,,62670070,2024-07-05 06:23:03.335,2024-07-05 06:23:03.335,40002,UTC+0200,64Z1605Zgy,com.sec.android.app.shealth,2024-07-05 01:06:00.000,28679935-0aab-4297-80a8-fd65ef77f86a,
62670070,2024-07-05 01:06:00.000,89952396-7318-44e8-8654-7f5e4767e1aa,,62670070,2024-07-05 06:23:03.336,2024-07-05 06:23:03.336,40003,UTC+0200,64Z1605Zgy,com.sec.android.app.shealth,2024-07-05 01:12:00.000,d7e0ae1f-ff58-45df-bb25-64de50bf145c,
62670070,2024-07-05 01:12:00.000,89952396-7318-44e8-8654-7f5e4767e1aa,,62670070,2024-07-05 06:23:03.336,2024-07-05 06:23:03.336,40002,UTC+0200,64Z1605Zgy,com.sec.android.app.shealth,2024-07-05 01:23:00.000,fe7093ec-448a-4571-8b6d-33fc3a523bfc,
62670070,2024-07-05 01:23:00.000,89952396-7318-44e8-8654-7f5e4767e1aa,,62670070,2024-07-05 06:23:03.337,2024-07-05 06:23:03.337,40004,UTC+0200,64Z1605Zgy,com.sec.android.app.shealth,2024-07-05 01:43:00.000,8b1c8896-253a-4687-a41a-3c9818cd2f68,
62670070,2024-07-05 01:43:00.000,89952396-7318-44e8-8654-7f5e4767e1aa,,62670070,2024-07-05 06:23:03.337,2024-07-05 06:23:03.337,40002,UTC+0200,64Z1605Zgy,com.sec.android.app.shealth,2024-07-05 01:44:00.000,3cf1cd43-6a38-429d-aa5e-e6ba895f78b7,
62670070,2024-07-05 01:44:00.000,89952396-7318-44e8-8654-7f5e4767e1aa,,62670070,2024-07-05 06:23:03.338,2024-07-05 06:23:03.338,40004,UTC+0200,64Z1605Zgy,com.sec.android.app.shealth,2024-07-05 01:45:00.000,257253f2-ee58-40b3-bbc1-7ef18e6b350b,
62670070,2024-07-05 01:45:00.000,89952396-7318-44e8-8654-7f5e4767e1aa,,62670070,2024-07-05 06:23:03.338,2024-07-05 06:23:03.338,40002,UTC+0200,64Z1605Zgy,com.sec.android.app.shealth,2024-07-05 02:38:00.000,38d9311b-20c4-46f1-83a4-ac0146451c6c,
62670070,2024-07-05 02:38:00.000,89952396-7318-44e8-8654-7f5e4767e1aa,,62670070,2024-07-05 06:23:03.339,2024-07-05 06:23:03.339,40004,UTC+0200,64Z1605Zgy,com.sec.android.app.shealth,2024-07-05 02:40:00.000,ba438e19-920e-460a-9b99-0284ab1015f1,
62670070,2024-07-05 02:40:00.000,89952396-7318-44e8-8654-7f5e4767e1aa,,62670070,2024-07-05 06:23:03.339,2024-07-05 06:23:03.339,40002,UTC+0200,64Z1605Zgy,com.sec.android.app.shealth,2024-07-05 02:41:00.000,6f4d1641-e097-4fdc-aaaf-59d2b7d16113,
62670070,2024-07-05 02:41:00.000,89952396-7318-44e8-8654-7f5e4767e1aa,,62670070,2024-07-05 06:23:03.340,2024-07-05 06:23:03.340,40004,UTC+0200,64Z1605Zgy,com.sec.android.app.shealth,2024-07-05 03:07:00.000,111dd1d3-77b5-49be-b836-69443c66fd3c,
62670070,2024-07-05 03:07:00.000,89952396-7318-44e8-8654-7f5e4767e1aa,,62670070,2024-07-05 06:23:03.340,2024-07-05 06:23:03.340,40002,UTC+0200,64Z1605Zgy,com.sec.android.app.shealth,2024-07-05 03:11:00.000,d67695d6-0b6d-49a5-9bee-cf559c748e7a,
62670070,2024-07-05 03:11:00.000,89952396-7318-44e8-8654-7f5e4767e1aa,,62670070,2024-07-05 06:23:03.341,2024-07-05 06:23:03.341,40004,UTC+0200,64Z1605Zgy,com.sec.android.app.shealth,2024-07-05 03:12:00.000,e506f06f-2914-4b32-9390-1b825aaf3b9b,
62670070,2024-07-05 03:12:00.000,89952396-7318-44e8-8654-7f5e4767e1aa,,62670070,2024-07-05 06:23:03.341,2024-07-05 06:23:03.341,40002,UTC+0200,64Z1605Zgy,com.sec.android.app.shealth,2024-07-05 03:20:00.000,c05fe747-7674-44bf-861d-f19903f1365e,
62670070,2024-07-05 03:20:00.000,89952396-7318-44e8-8654-7f5e4767e1aa,,62670070,2024-07-05 06:23:03.342,2024-07-05 06:23:03.342,40001,UTC+0200,64Z1605Zgy,com.sec.android.app.shealth,2024-07-05 03:21:00.000,ec1ab37e-badd-455c-b38d-ce3b3722da5c,
62670070,2024-07-05 03:21:00.000,89952396-7318-44e8-8654-7f5e4767e1aa,,62670070,2024-07-05 06:23:03.342,2024-07-05 06:23:03.342,40002,UTC+0200,64Z1605Zgy,com.sec.android.app.shealth,2024-07-05 03:36:00.000,eecd261c-f330-4a8a-a89d-34afe2555b3a,
62670070,2024-07-05 03:36:00.000,89952396-7318-44e8-8654-7f5e4767e1aa,,62670070,2024-07-05 06:23:03.343,2024-07-05 06:23:03.343,40001,UTC+0200,64Z1605Zgy,com.sec.android.app.shealth,2024-07-05 03:37:00.000,92b2a5a4-3494-466e-a87a-fcd7a25bd0d3,
62670070,2024-07-05 03:37:00.000,89952396-7318-44e8-8654-7f5e4767e1aa,,62670070,2024-07-05 06:23:03.344,2024-07-05 06:23:03.344,40002,UTC+0200,64Z1605Zgy,com.sec.android.app.shealth,2024-07-05 04:01:00.000,117fc2ef-928e-4dce-86bd-96a9faafc3ab,
62670070,2024-07-05 04:01:00.000,89952396-7318-44e8-8654-7f5e4767e1aa,,62670070,2024-07-05 06:23:03.344,2024-07-05 06:23:03.344,40001,UTC+0200,64Z1605Zgy,com.sec.android.app.shealth,2024-07-05 04:02:00.000,da6051e7-4c97-4163-a07e-02b003170016,
62670070,2024-07-05 04:02:00.000,89952396-7318-44e8-8654-7f5e4767e1aa,,62670070,2024-07-05 06:23:03.345,2024-07-05 06:23:03.345,40002,UTC+0200,64Z1605Zgy,com.sec.android.app.shealth,2024-07-05 04:07:00.000,00063997-cf09-4ab9-bc44-eb36f94843b8,
62670070,2024-07-05 04:07:00.000,89952396-7318-44e8-8654-7f5e4767e1aa,,62670070,2024-07-05 06:23:03.345,2024-07-05 06:23:03.345,40004,UTC+0200,64Z1605Zgy,com.sec.android.app.shealth,2024-07-05 04:21:00.000,37022793-0508-4862-9390-dd342d75ba33,
62670070,2024-07-05 04:21:00.000,89952396-7318-44e8-8654-7f5e4767e1aa,,62670070,2024-07-05 06:23:03.346,2024-07-05 06:23:03.346,40002,UTC+0200,64Z1605Zgy,com.sec.android.app.shealth,2024-07-05 04:37:00.000,24faff15-42af-43b3-81ee-0ba2f870226d,
62670070,2024-07-05 04:37:00.000,89952396-7318-44e8-8654-7f5e4767e1aa,,62670070,2024-07-05 06:23:03.346,2024-07-05 06:23:03.346,40001,UTC+0200,64Z1605Zgy,com.sec.android.app.shealth,2024-07-05 04:38:00.000,46094eee-624a-4aa0-992a-7833f1ef583b,
62670070,2024-07-05 04:38:00.000,89952396-7318-44e8-8654-7f5e4767e1aa,,62670070,2024-07-05 06:23:03.347,2024-07-05 06:23:03.347,40002,UTC+0200,64Z1605Zgy,com.sec.android.app.shealth,2024-07-05 04:50:00.000,e725f948-552e-4f73-ab3f-b574883d5680,
62670070,2024-07-05 04:50:00.000,89952396-7318-44e8-8654-7f5e4767e1aa,,62670070,2024-07-05 06:23:03.348,2024-07-05 06:23:03.348,40001,UTC+0200,64Z1605Zgy,com.sec.android.app.shealth,2024-07-05 05:16:00.000,13c31d16-dc92-4a2f-b6f0-58e698040cdf,
62670070,2024-07-05 05:16:00.000,89952396-7318-44e8-8654-7f5e4767e1aa,,62670070,2024-07-05 06:23:03.348,2024-07-05 06:23:03.348,40002,UTC+0200,64Z1605Zgy,com.sec.android.app.shealth,2024-07-05 05:21:00.000,84f373fc-8726-46a4-9051-a94540b67cae,
62670070,2024-07-05 05:21:00.000,89952396-7318-44e8-8654-7f5e4767e1aa,,62670070,2024-07-05 06:23:03.349,2024-07-05 06:23:03.349,40001,UTC+0200,64Z1605Zgy,com.sec.android.app.shealth,2024-07-05 05:23:00.000,3a5442ca-03a0-4b9b-b28b-b336d94ed090,
62670070,2024-07-05 21:06:00.000,b5cf6835-5f3a-4b0d-a063-5041a6afd205,,62670070,2024-07-05 22:17:40.903,2024-07-05 22:17:40.903,40002,UTC+0200,64Z1605Zgy,com.sec.android.app.shealth,2024-07-05 21:31:00.000,d82e82b7-cb8b-4aaa-8186-7aac852cca9c,
62670070,2024-07-05 21:31:00.000,b5cf6835-5f3a-4b0d-a063-5041a6afd205,,62670070,2024-07-05 22:17:40.904,2024-07-05 22:17:40.904,40003,UTC+0200,64Z1605Zgy,com.sec.android.app.shealth,2024-07-05 21:40:00.000,557089c9-2fab-40d4-a580-86013d188de5,
62670070,2024-07-05 22:29:00.000,66c85d85-f061-4b26-a26e-d6982031a3b9,,62670070,2024-07-06 14:27:56.466,2024-07-06 14:27:56.466,40002,UTC+0200,64Z1605Zgy,com.sec.android.app.shealth,2024-07-05 23:06:00.000,ec6329a3-0411-42eb-b00e-21c736dc26d6,
62670070,2024-07-05 23:06:00.000,66c85d85-f061-4b26-a26e-d6982031a3b9,,62670070,2024-07-06 14:27:56.470,2024-07-06 14:27:56.470,40003,UTC+0200,64Z1605Zgy,com.sec.android.app.shealth,2024-07-05 23:21:00.000,bbb2cb44-6849-4421-97b9-cbda57ec22c1,
62670070,2024-07-05 23:21:00.000,66c85d85-f061-4b26-a26e-d6982031a3b9,,62670070,2024-07-06 14:27:56.471,2024-07-06 14:27:56.471,40001,UTC+0200,64Z1605Zgy,com.sec.android.app.shealth,2024-07-05 23:22:00.000,9dde8208-5f6f-4f59-9594-1e69063213ec,
62670070,2024-07-05 23:22:00.000,66c85d85-f061-4b26-a26e-d6982031a3b9,,62670070,2024-07-06 14:27:56.472,2024-07-06 14:27:56.472,40002,UTC+0200,64Z1605Zgy,com.sec.android.app.shealth,2024-07-05 23:45:00.000,db98163d-d10e-4522-889d-fba8daf14a65,
62670070,2024-07-05 23:45:00.000,66c85d85-f061-4b26-a26e-d6982031a3b9,,62670070,2024-07-06 14:27:56.472,2024-07-06 14:27:56.472,40001,UTC+0200,64Z1605Zgy,com.sec.android.app.shealth,2024-07-05 23:46:00.000,af8f3ba4-cde6-4ffe-b85d-b5ddb79b379b,
62670070,2024-07-05 23:46:00.000,66c85d85-f061-4b26-a26e-d6982031a3b9,,62670070,2024-07-06 14:27:56.473,2024-07-06 14:27:56.473,40002,UTC+0200,64Z1605Zgy,com.sec.android.app.shealth,2024-07-05 23:52:00.000,f34c420c-30d6-4084-be59-1cde8cfb4e0b,
62670070,2024-07-05 23:52:00.000,66c85d85-f061-4b26-a26e-d6982031a3b9,,62670070,2024-07-06 14:27:56.474,2024-07-06 14:27:56.474,40004,UTC+0200,64Z1605Zgy,com.sec.android.app.shealth,2024-07-05 23:54:00.000,47b9da53-cbf3-44d0-b742-035bcb0cb10f,
62670070,2024-07-05 23:54:00.000,66c85d85-f061-4b26-a26e-d6982031a3b9,,62670070,2024-07-06 14:27:56.474,2024-07-06 14:27:56.474,40001,UTC+0200,64Z1605Zgy,com.sec.android.app.shealth,2024-07-05 23:55:00.000,ad08b9dd-2e05-4a49-977a-035b4d0a2526,
62670070,2024-07-05 23:55:00.000,66c85d85-f061-4b26-a26e-d6982031a3b9,,62670070,2024-07-06 14:27:56.475,2024-07-06 14:27:56.475,40002,UTC+0200,64Z1605Zgy,com.sec.android.app.shealth,2024-07-06 00:21:00.000,bab79baa-7456-49f0-841a-8750c1244b7f,
62670070,2024-07-06 00:21:00.000,66c85d85-f061-4b26-a26e-d6982031a3b9,,62670070,2024-07-06 14:27:56.476,2024-07-06 14:27:56.476,40003,UTC+0200,64Z1605Zgy,com.sec.android.app.shealth,2024-07-06 00:32:00.000,6ec3cf26-9a36-44e9-a8ed-d0d5126b4379,
62670070,2024-07-06 00:32:00.000,66c85d85-f061-4b26-a26e-d6982031a3b9,,62670070,2024-07-06 14:27:56.476,2024-07-06 14:27:56.476,40002,UTC+0200,64Z1605Zgy,com.sec.android.app.shealth,2024-07-06 00:59:00.000,3621f861-5daa-4856-b6f5-31155ed8e76d,
62670070,2024-07-06 00:59:00.000,66c85d85-f061-4b26-a26e-d6982031a3b9,,62670070,2024-07-06 14:27:56.477,2024-07-06 14:27:56.477,40004,UTC+0200,64Z1605Zgy,com.sec.android.app.shealth,2024-07-06 01:00:00.000,d415e6b5-f213-4d0a-af2b-e00f11497e67,
62670070,2024-07-06 01:00:00.000,66c85d85-f061-4b26-a26e-d6982031a3b9,,62670070,2024-07-06 14:27:56.478,2024-07-06 14:27:56.478,40002,UTC+0200,64Z1605Zgy,com.sec.android.app.shealth,2024-07-06 01:01:00.000,552132e5-edb1-4449-a0eb-c0433baffdce,
62670070,2024-07-06 01:01:00.000,66c85d85-f061-4b26-a26e-d6982031a3b9,,62670070,2024-07-06 14:27:56.479,2024-07-06 14:27:56.479,40004,UTC+0200,64Z1605Zgy,com.sec.android.app.shealth,2024-07-06 01:16:00.000,8bb0038f-2af0-4574-b54d-b2580742c007,
62670070,2024-07-06 01:16:00.000,66c85d85-f061-4b26-a26e-d6982031a3b9,,62670070,2024-07-06 14:27:56.480,2024-07-06 14:27:56.480,40001,UTC+0200,64Z1605Zgy,com.sec.android.app.shealth,2024-07-06 01:17:00.000,ac7af228-5e25-454f-a587-a847707644cb,
62670070,2024-07-06 01:17:00.000,66c85d85-f061-4b26-a26e-d6982031a3b9,,62670070,2024-07-06 14:27:56.481,2024-07-06 14:27:56.481,40002,UTC+0200,64Z1605Zgy,com.sec.android.app.shealth,2024-07-06 01:24:00.000,200c9081-e6e6-4f10-809f-ca90be7ac97a,
62670070,2024-07-06 01:24:00.000,66c85d85-f061-4b26-a26e-d6982031a3b9,,62670070,2024-07-06 14:27:56.482,2024-07-06 14:27:56.482,40004,UTC+0200,64Z1605Zgy,com.sec.android.app.shealth,2024-07-06 01:26:00.000,ed4524cf-8552-4b26-9751-47b9fb4f9064,
62670070,2024-07-06 01:26:00.000,66c85d85-f061-4b26-a26e-d6982031a3b9,,62670070,2024-07-06 14:27:56.483,2024-07-06 14:27:56.483,40002,UTC+0200,64Z1605Zgy,com.sec.android.app.shealth,2024-07-06 01:54:00.000,4886f27e-d5db-423f-9941-e897a9f9d313,
62670070,2024-07-06 01:54:00.000,66c85d85-f061-4b26-a26e-d6982031a3b9,,62670070,2024-07-06 14:27:56.484,2024-07-06 14:27:56.484,40001,UTC+0200,64Z1605Zgy,com.sec.android.app.shealth,2024-07-06 01:55:00.000,2e9c31b3-24fa-4809-be6e-d4aeeae9ae23,
62670070,2024-07-06 01:55:00.000,66c85d85-f061-4b26-a26e-d6982031a3b9,,62670070,2024-07-06 14:27:56.485,2024-07-06 14:27:56.485,40002,UTC+0200,64Z1605Zgy,com.sec.android.app.shealth,2024-07-06 02:04:00.000,076196cd-5353-41cf-9082-b9b52b65bcbe,
62670070,2024-07-06 02:04:00.000,66c85d85-f061-4b26-a26e-d6982031a3b9,,62670070,2024-07-06 14:27:56.486,2024-07-06 14:27:56.486,40001,UTC+0200,64Z1605Zgy,com.sec.android.app.shealth,2024-07-06 02:05:00.000,849dcbb2-d83b-4192-9428-f60b2983b0b9,
62670070,2024-07-06 02:05:00.000,66c85d85-f061-4b26-a26e-d6982031a3b9,,62670070,2024-07-06 14:27:56.487,2024-07-06 14:27:56.487,40002,UTC+0200,64Z1605Zgy,com.sec.android.app.shealth,2024-07-06 02:26:00.000,eda32033-a8ea-4da2-8844-0e3375b29d3f,
62670070,2024-07-06 02:26:00.000,66c85d85-f061-4b26-a26e-d6982031a3b9,,62670070,2024-07-06 14:27:56.491,2024-07-06 14:27:56.491,40003,UTC+0200,64Z1605Zgy,com.sec.android.app.shealth,2024-07-06 02:36:00.000,a35eaec3-ca3e-4c7c-ac37-a7c30d197939,
62670070,2024-07-06 02:36:00.000,66c85d85-f061-4b26-a26e-d6982031a3b9,,62670070,2024-07-06 14:27:56.491,2024-07-06 14:27:56.491,40002,UTC+0200,64Z1605Zgy,com.sec.android.app.shealth,2024-07-06 02:37:00.000,256d9600-f0de-4767-9046-d1f0d8ac13a4,
62670070,2024-07-06 02:37:00.000,66c85d85-f061-4b26-a26e-d6982031a3b9,,62670070,2024-07-06 14:27:56.492,2024-07-06 14:27:56.492,40003,UTC+0200,64Z1605Zgy,com.sec.android.app.shealth,2024-07-06 02:39:00.000,2513ab4f-3f5d-4374-a8d4-2950eb50d36a,
62670070,2024-07-06 02:39:00.000,66c85d85-f061-4b26-a26e-d6982031a3b9,,62670070,2024-07-06 14:27:56.493,2024-07-06 14:27:56.493,40001,UTC+0200,64Z1605Zgy,com.sec.android.app.shealth,2024-07-06 02:40:00.000,fdf8c800-8fb5-4af2-8413-42dc5c47697b,
62670070,2024-07-06 02:40:00.000,66c85d85-f061-4b26-a26e-d6982031a3b9,,62670070,2024-07-06 14:27:56.493,2024-07-06 14:27:56.493,40002,UTC+0200,64Z1605Zgy,com.sec.android.app.shealth,2024-07-06 03:15:00.000,b27f75c6-541a-4f35-a137-28e624553c04,
62670070,2024-07-06 03:15:00.000,66c85d85-f061-4b26-a26e-d6982031a3b9,,62670070,2024-07-06 14:27:56.495,2024-07-06 14:27:56.495,40004,UTC+0200,64Z1605Zgy,com.sec.android.app.shealth,2024-07-06 04:02:00.000,a411dd4c-4558-40e8-8fd7-ffcf86e7f531,
62670070,2024-07-06 04:02:00.000,66c85d85-f061-4b26-a26e-d6982031a3b9,,62670070,2024-07-06 14:27:56.496,2024-07-06 14:27:56.496,40001,UTC+0200,64Z1605Zgy,com.sec.android.app.shealth,2024-07-06 04:26:00.000,8eb24a75-23d4-46c5-9b3a-281ef0aab234,
62670070,2024-07-06 04:26:00.000,66c85d85-f061-4b26-a26e-d6982031a3b9,,62670070,2024-07-06 14:27:56.496,2024-07-06 14:27:56.496,40002,UTC+0200,64Z1605Zgy,com.sec.android.app.shealth,2024-07-06 04:35:00.000,234292a7-016f-4f16-a5ef-4ae93335e48c,
62670070,2024-07-06 04:35:00.000,66c85d85-f061-4b26-a26e-d6982031a3b9,,62670070,2024-07-06 14:27:56.497,2024-07-06 14:27:56.497,40001,UTC+0200,64Z1605Zgy,com.sec.android.app.shealth,2024-07-06 04:45:00.000,d91ebfe8-13bf-431d-bb64-f62c2482329c,
62670070,2024-07-06 04:45:00.000,66c85d85-f061-4b26-a26e-d6982031a3b9,,62670070,2024-07-06 14:27:56.498,2024-07-06 14:27:56.498,40002,UTC+0200,64Z1605Zgy,com.sec.android.app.shealth,2024-07-06 04:53:00.000,3af7a8d2-f7ee-4aba-b10e-ab700bd836ba,
62670070,2024-07-06 04:53:00.000,66c85d85-f061-4b26-a26e-d6982031a3b9,,62670070,2024-07-06 14:27:56.499,2024-07-06 14:27:56.499,40001,UTC+0200,64Z1605Zgy,com.sec.android.app.shealth,2024-07-06 05:07:00.000,10a21afe-b859-47f1-8ab8-88c40c47ce08,
62670070,2024-07-06 05:07:00.000,66c85d85-f061-4b26-a26e-d6982031a3b9,,62670070,2024-07-06 14:27:56.499,2024-07-06 14:27:56.499,40002,UTC+0200,64Z1605Zgy,com.sec.android.app.shealth,2024-07-06 05:15:00.000,002c0e7e-99a9-4c5e-9d27-d04502118813,
62670070,2024-07-06 23:41:00.000,ce2e4b59-c220-4671-b94e-487a07de878a,,62670070,2024-07-07 12:32:02.672,2024-07-07 12:32:02.672,40002,UTC+0200,64Z1605Zgy,com.sec.android.app.shealth,2024-07-06 23:50:00.000,1e5ec8dc-ab16-427e-97ef-586727e99f47,
62670070,2024-07-06 23:50:00.000,ce2e4b59-c220-4671-b94e-487a07de878a,,62670070,2024-07-07 12:32:02.673,2024-07-07 12:32:02.673,40003,UTC+0200,64Z1605Zgy,com.sec.android.app.shealth,2024-07-07 00:22:00.000,c2ad4fd2-ffe5-4a78-8bdb-4f032eaeb456,
62670070,2024-07-07 00:22:00.000,ce2e4b59-c220-4671-b94e-487a07de878a,,62670070,2024-07-07 12:32:02.674,2024-07-07 12:32:02.674,40001,UTC+0200,64Z1605Zgy,com.sec.android.app.shealth,2024-07-07 00:23:00.000,ce3b3af3-c493-42a7-9e5c-06860a543973,
62670070,2024-07-07 00:23:00.000,ce2e4b59-c220-4671-b94e-487a07de878a,,62670070,2024-07-07 12:32:02.674,2024-07-07 12:32:02.674,40002,UTC+0200,64Z1605Zgy,com.sec.android.app.shealth,2024-07-07 00:35:00.000,96101efc-9851-4196-a560-e43785507369,
62670070,2024-07-07 00:35:00.000,ce2e4b59-c220-4671-b94e-487a07de878a,,62670070,2024-07-07 12:32:02.675,2024-07-07 12:32:02.675,40004,UTC+0200,64Z1605Zgy,com.sec.android.app.shealth,2024-07-07 00:40:00.000,a80f45d8-07af-48e7-ba37-902c9b6b0693,
62670070,2024-07-07 00:40:00.000,ce2e4b59-c220-4671-b94e-487a07de878a,,62670070,2024-07-07 12:32:02.675,2024-07-07 12:32:02.675,40002,UTC+0200,64Z1605Zgy,com.sec.android.app.shealth,2024-07-07 01:04:00.000,4cc361f8-f690-4960-aaf7-419a6fe84036,
62670070,2024-07-07 01:04:00.000,ce2e4b59-c220-4671-b94e-487a07de878a,,62670070,2024-07-07 12:32:02.676,2024-07-07 12:32:02.676,40003,UTC+0200,64Z1605Zgy,com.sec.android.app.shealth,2024-07-07 01:22:00.000,b7aaaaf6-b672-4ff6-9bb1-8a8db43348ab,
62670070,2024-07-07 01:22:00.000,ce2e4b59-c220-4671-b94e-487a07de878a,,62670070,2024-07-07 12:32:02.676,2024-07-07 12:32:02.676,40001,UTC+0200,64Z1605Zgy,com.sec.android.app.shealth,2024-07-07 01:23:00.000,d4abc74c-5e84-4378-a890-719f4428e165,
62670070,2024-07-07 01:23:00.000,ce2e4b59-c220-4671-b94e-487a07de878a,,62670070,2024-07-07 12:32:02.677,2024-07-07 12:32:02.677,40002,UTC+0200,64Z1605Zgy,com.sec.android.app.shealth,2024-07-07 02:05:00.000,ddfd9ef4-402b-43de-b4f2-4e8e0014f0a3,
62670070,2024-07-07 02:05:00.000,ce2e4b59-c220-4671-b94e-487a07de878a,,62670070,2024-07-07 12:32:02.677,2024-07-07 12:32:02.677,40004,UTC+0200,64Z1605Zgy,com.sec.android.app.shealth,2024-07-07 02:42:00.000,dcd9144c-f0be-4124-8a78-bb900ca56624,
62670070,2024-07-07 02:42:00.000,ce2e4b59-c220-4671-b94e-487a07de878a,,62670070,2024-07-07 12:32:02.678,2024-07-07 12:32:02.678,40002,UTC+0200,64Z1605Zgy,com.sec.android.app.shealth,2024-07-07 03:02:00.000,4b0e8218-5273-4075-9033-a09e7322a349,
62670070,2024-07-07 03:02:00.000,ce2e4b59-c220-4671-b94e-487a07de878a,,62670070,2024-07-07 12:32:02.678,2024-07-07 12:32:02.678,40003,UTC+0200,64Z1605Zgy,com.sec.android.app.shealth,2024-07-07 03:19:00.000,f98970f8-332e-42f0-a7d5-3256611884d2,
62670070,2024-07-07 03:19:00.000,ce2e4b59-c220-4671-b94e-487a07de878a,,62670070,2024-07-07 12:32:02.679,2024-07-07 12:32:02.679,40002,UTC+0200,64Z1605Zgy,com.sec.android.app.shealth,2024-07-07 03:47:00.000,20b26ccd-9dcb-4a93-91e0-35b6653ea954,
62670070,2024-07-07 03:47:00.000,ce2e4b59-c220-4671-b94e-487a07de878a,,62670070,2024-07-07 12:32:02.679,2024-07-07 12:32:02.679,40004,UTC+0200,64Z1605Zgy,com.sec.android.app.shealth,2024-07-07 04:15:00.000,37dcce77-d614-4675-a825-ffc88d71e3a7,
62670070,2024-07-07 04:15:00.000,ce2e4b59-c220-4671-b94e-487a07de878a,,62670070,2024-07-07 12:32:02.679,2024-07-07 12:32:02.679,40002,UTC+0200,64Z1605Zgy,com.sec.android.app.shealth,2024-07-07 04:49:00.000,05eeec92-6fbb-41a6-a1d4-119099f33763,
62670070,2024-07-07 04:49:00.000,ce2e4b59-c220-4671-b94e-487a07de878a,,62670070,2024-07-07 12:32:02.680,2024-07-07 12:32:02.680,40001,UTC+0200,64Z1605Zgy,com.sec.android.app.shealth,2024-07-07 04:50:00.000,fc3ef915-2c8a-47aa-8514-cc1f9e06e73a,
62670070,2024-07-07 04:50:00.000,ce2e4b59-c220-4671-b94e-487a07de878a,,62670070,2024-07-07 12:32:02.680,2024-07-07 12:32:02.680,40002,UTC+0200,64Z1605Zgy,com.sec.android.app.shealth,2024-07-07 05:02:00.000,a6f494b5-22bf-4537-ba76-9258f29a9b65,
62670070,2024-07-07 05:02:00.000,ce2e4b59-c220-4671-b94e-487a07de878a,,62670070,2024-07-07 12:32:02.681,2024-07-07 12:32:02.681,40004,UTC+0200,64Z1605Zgy,com.sec.android.app.shealth,2024-07-07 05:05:00.000,a9cc4175-61ee-4de4-96e4-cdea9b6638c1,
62670070,2024-07-07 05:05:00.000,ce2e4b59-c220-4671-b94e-487a07de878a,,62670070,2024-07-07 12:32:02.681,2024-07-07 12:32:02.681,40001,UTC+0200,64Z1605Zgy,com.sec.android.app.shealth,2024-07-07 05:06:00.000,84253769-f21f-4fc8-a5ed-92ea009bdf03,
62670070,2024-07-07 05:06:00.000,ce2e4b59-c220-4671-b94e-487a07de878a,,62670070,2024-07-07 12:32:02.682,2024-07-07 12:32:02.682,40004,UTC+0200,64Z1605Zgy,com.sec.android.app.shealth,2024-07-07 05:08:00.000,0e989cf5-ff60-42d6-a162-0c0f2d4c2ce1,
62670070,2024-07-07 05:08:00.000,ce2e4b59-c220-4671-b94e-487a07de878a,,62670070,2024-07-07 12:32:02.682,2024-07-07 12:32:02.682,40002,UTC+0200,64Z1605Zgy,com.sec.android.app.shealth,2024-07-07 05:11:00.000,ec446090-a52e-450c-ad34-5f69b6133184,
62670070,2024-07-07 05:11:00.000,ce2e4b59-c220-4671-b94e-487a07de878a,,62670070,2024-07-07 12:32:02.685,2024-07-07 12:32:02.685,40004,UTC+0200,64Z1605Zgy,com.sec.android.app.shealth,2024-07-07 05:12:00.000,5a9c8965-5b2c-424f-946a-b78610fb3006,
62670070,2024-07-07 05:12:00.000,ce2e4b59-c220-4671-b94e-487a07de878a,,62670070,2024-07-07 12:32:02.686,2024-07-07 12:32:02.686,40001,UTC+0200,64Z1605Zgy,com.sec.android.app.shealth,2024-07-07 05:14:00.000,3316cfe4-05b4-4227-b997-8b2f9f1dde55,
62670070,2024-07-07 20:36:00.000,53cc64bc-79c6-4a5e-b55f-9a1facce1f63,,62670070,2024-07-08 08:15:53.711,2024-07-08 08:15:53.711,40002,UTC+0200,64Z1605Zgy,com.sec.android.app.shealth,2024-07-07 21:12:00.000,0bcccbd3-107e-4836-b378-6048e9188de2,
62670070,2024-07-07 21:12:00.000,53cc64bc-79c6-4a5e-b55f-9a1facce1f63,,62670070,2024-07-08 08:15:53.711,2024-07-08 08:15:53.711,40003,UTC+0200,64Z1605Zgy,com.sec.android.app.shealth,2024-07-07 21:13:00.000,866df390-b1b4-443e-9f35-ddcc9bb771bd,
62670070,2024-07-07 21:13:00.000,53cc64bc-79c6-4a5e-b55f-9a1facce1f63,,62670070,2024-07-08 08:15:53.712,2024-07-08 08:15:53.712,40001,UTC+0200,64Z1605Zgy,com.sec.android.app.shealth,2024-07-07 21:16:00.000,db4f53f5-e12d-4242-9500-c84e33eeea67,
62670070,2024-07-07 21:16:00.000,53cc64bc-79c6-4a5e-b55f-9a1facce1f63,,62670070,2024-07-08 08:15:53.713,2024-07-08 08:15:53.713,40002,UTC+0200,64Z1605Zgy,com.sec.android.app.shealth,2024-07-07 21:22:00.000,5aaf1ea3-b285-4f9a-a746-9753d3efb5c1,
62670070,2024-07-07 21:22:00.000,53cc64bc-79c6-4a5e-b55f-9a1facce1f63,,62670070,2024-07-08 08:15:53.714,2024-07-08 08:15:53.714,40001,UTC+0200,64Z1605Zgy,com.sec.android.app.shealth,2024-07-07 21:23:00.000,a40f241c-5709-4494-8d1c-51e50bd55234,
62670070,2024-07-07 21:23:00.000,53cc64bc-79c6-4a5e-b55f-9a1facce1f63,,62670070,2024-07-08 08:15:53.714,2024-07-08 08:15:53.714,40002,UTC+0200,64Z1605Zgy,com.sec.android.app.shealth,2024-07-07 21:48:00.000,aafffec6-66a4-4be7-ab1b-98c9f318ed86,
62670070,2024-07-07 21:48:00.000,53cc64bc-79c6-4a5e-b55f-9a1facce1f63,,62670070,2024-07-08 08:15:53.715,2024-07-08 08:15:53.715,40001,UTC+0200,64Z1605Zgy,com.sec.android.app.shealth,2024-07-07 21:49:00.000,f41ed452-c01f-463c-ba7a-dacfdab7e229,
62670070,2024-07-07 21:49:00.000,53cc64bc-79c6-4a5e-b55f-9a1facce1f63,,62670070,2024-07-08 08:15:53.716,2024-07-08 08:15:53.716,40002,UTC+0200,64Z1605Zgy,com.sec.android.app.shealth,2024-07-07 22:20:00.000,717902b1-0d79-4f47-b602-f88ab48bb3e4,
62670070,2024-07-07 22:20:00.000,53cc64bc-79c6-4a5e-b55f-9a1facce1f63,,62670070,2024-07-08 08:15:53.717,2024-07-08 08:15:53.717,40001,UTC+0200,64Z1605Zgy,com.sec.android.app.shealth,2024-07-07 22:21:00.000,e3f9ba5c-c386-484e-8c6f-7b4d681d2d36,
62670070,2024-07-07 22:21:00.000,53cc64bc-79c6-4a5e-b55f-9a1facce1f63,,62670070,2024-07-08 08:15:53.718,2024-07-08 08:15:53.718,40002,UTC+0200,64Z1605Zgy,com.sec.android.app.shealth,2024-07-07 22:34:00.000,f486aeba-61b0-4bcd-8fc6-218b813dcad6,
62670070,2024-07-07 22:34:00.000,53cc64bc-79c6-4a5e-b55f-9a1facce1f63,,62670070,2024-07-08 08:15:53.718,2024-07-08 08:15:53.718,40001,UTC+0200,64Z1605Zgy,com.sec.android.app.shealth,2024-07-07 22:35:00.000,e8f66ce9-6e39-4a2a-96ae-a1ecef658af7,
62670070,2024-07-07 22:35:00.000,53cc64bc-79c6-4a5e-b55f-9a1facce1f63,,62670070,2024-07-08 08:15:53.719,2024-07-08 08:15:53.719,40002,UTC+0200,64Z1605Zgy,com.sec.android.app.shealth,2024-07-07 22:45:00.000,397b7cf4-7823-4292-a53c-c5b79d62efd4,
62670070,2024-07-07 22:45:00.000,53cc64bc-79c6-4a5e-b55f-9a1facce1f63,,62670070,2024-07-08 08:15:53.719,2024-07-08 08:15:53.719,40001,UTC+0200,64Z1605Zgy,com.sec.android.app.shealth,2024-07-07 22:47:00.000,26e36e2f-719d-47e7-aa43-9f3ca844b55e,
62670070,2024-07-07 22:47:00.000,53cc64bc-79c6-4a5e-b55f-9a1facce1f63,,62670070,2024-07-08 08:15:53.720,2024-07-08 08:15:53.720,40002,UTC+0200,64Z1605Zgy,com.sec.android.app.shealth,2024-07-07 23:38:00.000,f5858086-8651-4e1a-8ba7-24329592bc26,
62670070,2024-07-07 23:38:00.000,53cc64bc-79c6-4a5e-b55f-9a1facce1f63,,62670070,2024-07-08 08:15:53.724,2024-07-08 08:15:53.724,40001,UTC+0200,64Z1605Zgy,com.sec.android.app.shealth,2024-07-07 23:39:00.000,3674091a-a241-4f65-a4fc-26eb53d5b047,
62670070,2024-07-07 23:39:00.000,53cc64bc-79c6-4a5e-b55f-9a1facce1f63,,62670070,2024-07-08 08:15:53.725,2024-07-08 08:15:53.725,40002,UTC+0200,64Z1605Zgy,com.sec.android.app.shealth,2024-07-07 23:51:00.000,4ea9f473-4d03-44a3-9f35-f4c977c5bd5f,
62670070,2024-07-07 23:51:00.000,53cc64bc-79c6-4a5e-b55f-9a1facce1f63,,62670070,2024-07-08 08:15:53.725,2024-07-08 08:15:53.725,40004,UTC+0200,64Z1605Zgy,com.sec.android.app.shealth,2024-07-08 00:05:00.000,544a32ef-828d-40e9-af5a-562f5ff9204f,
62670070,2024-07-08 00:05:00.000,53cc64bc-79c6-4a5e-b55f-9a1facce1f63,,62670070,2024-07-08 08:15:53.725,2024-07-08 08:15:53.725,40002,UTC+0200,64Z1605Zgy,com.sec.android.app.shealth,2024-07-08 00:06:00.000,2fff3eb3-c03a-4c5d-bd3d-1b871fbc241b,
62670070,2024-07-08 00:06:00.000,53cc64bc-79c6-4a5e-b55f-9a1facce1f63,,62670070,2024-07-08 08:15:53.726,2024-07-08 08:15:53.726,40004,UTC+0200,64Z1605Zgy,com.sec.android.app.shealth,2024-07-08 00:26:00.000,0f566be5-aa43-4a39-be9e-1dcb07d6e635,
62670070,2024-07-08 00:26:00.000,53cc64bc-79c6-4a5e-b55f-9a1facce1f63,,62670070,2024-07-08 08:15:53.726,2024-07-08 08:15:53.726,40001,UTC+0200,64Z1605Zgy,com.sec.android.app.shealth,2024-07-08 00:27:00.000,01c1b828-44c2-46b7-a972-d79d5c1e9628,
62670070,2024-07-08 00:27:00.000,53cc64bc-79c6-4a5e-b55f-9a1facce1f63,,62670070,2024-07-08 08:15:53.726,2024-07-08 08:15:53.726,40002,UTC+0200,64Z1605Zgy,com.sec.android.app.shealth,2024-07-08 00:34:00.000,c2bbcd64-cc88-43b2-a124-7ae76ebffb70,
62670070,2024-07-08 00:34:00.000,53cc64bc-79c6-4a5e-b55f-9a1facce1f63,,62670070,2024-07-08 08:15:53.727,2024-07-08 08:15:53.727,40001,UTC+0200,64Z1605Zgy,com.sec.android.app.shealth,2024-07-08 00:35:00.000,fa0a3db0-ea4c-4b97-99ca-ec446687fb22,
62670070,2024-07-08 00:35:00.000,53cc64bc-79c6-4a5e-b55f-9a1facce1f63,,62670070,2024-07-08 08:15:53.727,2024-07-08 08:15:53.727,40002,UTC+0200,64Z1605Zgy,com.sec.android.app.shealth,2024-07-08 01:14:00.000,d72ba427-e346-4380-8047-7b5e17f69c76,
62670070,2024-07-08 01:14:00.000,53cc64bc-79c6-4a5e-b55f-9a1facce1f63,,62670070,2024-07-08 08:15:53.727,2024-07-08 08:15:53.727,40001,UTC+0200,64Z1605Zgy,com.sec.android.app.shealth,2024-07-08 01:15:00.000,22868478-6fd3-4fae-b21b-56aad6c8546a,
62670070,2024-07-08 01:15:00.000,53cc64bc-79c6-4a5e-b55f-9a1facce1f63,,62670070,2024-07-08 08:15:53.727,2024-07-08 08:15:53.727,40002,UTC+0200,64Z1605Zgy,com.sec.android.app.shealth,2024-07-08 01:33:00.000,c0c0f68a-9a14-4c8b-9836-2303e87c7022,
62670070,2024-07-08 01:33:00.000,53cc64bc-79c6-4a5e-b55f-9a1facce1f63,,62670070,2024-07-08 08:15:53.727,2024-07-08 08:15:53.727,40004,UTC+0200,64Z1605Zgy,com.sec.android.app.shealth,2024-07-08 01:53:00.000,5323e950-65a3-4af2-9a88-2e9422772ffc,
62670070,2024-07-08 01:53:00.000,53cc64bc-79c6-4a5e-b55f-9a1facce1f63,,62670070,2024-07-08 08:15:53.728,2024-07-08 08:15:53.728,40001,UTC+0200,64Z1605Zgy,com.sec.android.app.shealth,2024-07-08 01:58:00.000,eb43f183-6448-499b-ac07-14441a558341,
62670070,2024-07-08 01:58:00.000,53cc64bc-79c6-4a5e-b55f-9a1facce1f63,,62670070,2024-07-08 08:15:53.728,2024-07-08 08:15:53.728,40002,UTC+0200,64Z1605Zgy,com.sec.android.app.shealth,2024-07-08 02:31:00.000,77718df5-1e1a-41f9-814e-fc74ee83599e,
62670070,2024-07-08 02:31:00.000,53cc64bc-79c6-4a5e-b55f-9a1facce1f63,,62670070,2024-07-08 08:15:53.728,2024-07-08 08:15:53.728,40004,UTC+0200,64Z1605Zgy,com.sec.android.app.shealth,2024-07-08 02:33:00.000,27c9d514-7128-4e66-9bbc-8285c6bec884,
62670070,2024-07-08 02:33:00.000,53cc64bc-79c6-4a5e-b55f-9a1facce1f63,,62670070,2024-07-08 08:15:53.728,2024-07-08 08:15:53.728,40002,UTC+0200,64Z1605Zgy,com.sec.android.app.shealth,2024-07-08 02:34:00.000,b576a6dd-b7fe-475e-80dd-b31c0e2a1485,
62670070,2024-07-08 02:34:00.000,53cc64bc-79c6-4a5e-b55f-9a1facce1f63,,62670070,2024-07-08 08:15:53.729,2024-07-08 08:15:53.729,40004,UTC+0200,64Z1605Zgy,com.sec.android.app.shealth,2024-07-08 03:08:00.000,6dbb47b5-d09a-4553-b9c2-f250f23eb01f,
62670070,2024-07-08 03:08:00.000,53cc64bc-79c6-4a5e-b55f-9a1facce1f63,,62670070,2024-07-08 08:15:53.729,2024-07-08 08:15:53.729,40002,UTC+0200,64Z1605Zgy,com.sec.android.app.shealth,2024-07-08 03:18:00.000,ff3b519c-23ba-4880-9ff0-439c1ea2f62a,
62670070,2024-07-08 03:18:00.000,53cc64bc-79c6-4a5e-b55f-9a1facce1f63,,62670070,2024-07-08 08:15:53.729,2024-07-08 08:15:53.729,40001,UTC+0200,64Z1605Zgy,com.sec.android.app.shealth,2024-07-08 03:20:00.000,7248a044-febd-40bf-be74-3cd9ec24bb58,
62670070,2024-07-08 03:20:00.000,53cc64bc-79c6-4a5e-b55f-9a1facce1f63,,62670070,2024-07-08 08:15:53.729,2024-07-08 08:15:53.729,40002,UTC+0200,64Z1605Zgy,com.sec.android.app.shealth,2024-07-08 03:28:00.000,71dd1ded-223b-4abf-a48f-131f742fd7ab,
62670070,2024-07-08 21:38:00.000,6a980d00-050d-4952-a557-302aca489c71,,62670070,2024-07-09 06:18:56.895,2024-07-09 06:18:56.895,40002,UTC+0200,64Z1605Zgy,com.sec.android.app.shealth,2024-07-08 21:54:00.000,4a69c42d-e69e-475d-8e91-b099b09700fa,
62670070,2024-07-08 21:54:00.000,6a980d00-050d-4952-a557-302aca489c71,,62670070,2024-07-09 06:18:56.896,2024-07-09 06:18:56.896,40003,UTC+0200,64Z1605Zgy,com.sec.android.app.shealth,2024-07-08 22:01:00.000,b5e68f4f-a083-401e-8652-2698d1aeb8ca,
62670070,2024-07-08 22:01:00.000,6a980d00-050d-4952-a557-302aca489c71,,62670070,2024-07-09 06:18:56.897,2024-07-09 06:18:56.897,40001,UTC+0200,64Z1605Zgy,com.sec.android.app.shealth,2024-07-08 22:02:00.000,e00fa547-b4bc-4c96-92e7-751c0c92621c,
62670070,2024-07-08 22:02:00.000,6a980d00-050d-4952-a557-302aca489c71,,62670070,2024-07-09 06:18:56.898,2024-07-09 06:18:56.898,40002,UTC+0200,64Z1605Zgy,com.sec.android.app.shealth,2024-07-08 22:38:00.000,3267a769-c9e6-4e6e-ad9f-098454cf81fd,
62670070,2024-07-08 22:38:00.000,6a980d00-050d-4952-a557-302aca489c71,,62670070,2024-07-09 06:18:56.898,2024-07-09 06:18:56.898,40004,UTC+0200,64Z1605Zgy,com.sec.android.app.shealth,2024-07-08 23:03:00.000,9716032c-e876-4278-9a45-573be894c548,
62670070,2024-07-08 23:03:00.000,6a980d00-050d-4952-a557-302aca489c71,,62670070,2024-07-09 06:18:56.899,2024-07-09 06:18:56.899,40002,UTC+0200,64Z1605Zgy,com.sec.android.app.shealth,2024-07-08 23:04:00.000,aa150ce0-896f-45aa-a8c3-f92e3f52ab57,
62670070,2024-07-08 23:04:00.000,6a980d00-050d-4952-a557-302aca489c71,,62670070,2024-07-09 06:18:56.900,2024-07-09 06:18:56.900,40004,UTC+0200,64Z1605Zgy,com.sec.android.app.shealth,2024-07-08 23:05:00.000,b38a542e-a32f-4e09-9da4-b49516bd7432,
62670070,2024-07-08 23:05:00.000,6a980d00-050d-4952-a557-302aca489c71,,62670070,2024-07-09 06:18:56.900,2024-07-09 06:18:56.900,40002,UTC+0200,64Z1605Zgy,com.sec.android.app.shealth,2024-07-08 23:20:00.000,9211d47a-13fd-4ce7-a283-418d9919ff67,
62670070,2024-07-08 23:20:00.000,6a980d00-050d-4952-a557-302aca489c71,,62670070,2024-07-09 06:18:56.902,2024-07-09 06:18:56.902,40003,UTC+0200,64Z1605Zgy,com.sec.android.app.shealth,2024-07-08 23:21:00.000,4addd38c-3acf-4679-a52a-5ab44ee546e2,
62670070,2024-07-08 23:21:00.000,6a980d00-050d-4952-a557-302aca489c71,,62670070,2024-07-09 06:18:56.903,2024-07-09 06:18:56.903,40002,UTC+0200,64Z1605Zgy,com.sec.android.app.shealth,2024-07-08 23:47:00.000,b59881de-998e-4e40-bc4f-70b65e4feb5d,
62670070,2024-07-08 23:47:00.000,6a980d00-050d-4952-a557-302aca489c71,,62670070,2024-07-09 06:18:56.910,2024-07-09 06:18:56.910,40003,UTC+0200,64Z1605Zgy,com.sec.android.app.shealth,2024-07-08 23:52:00.000,392ca235-a0b0-4230-8671-904ccdbeaf15,
62670070,2024-07-08 23:52:00.000,6a980d00-050d-4952-a557-302aca489c71,,62670070,2024-07-09 06:18:56.910,2024-07-09 06:18:56.910,40001,UTC+0200,64Z1605Zgy,com.sec.android.app.shealth,2024-07-08 23:53:00.000,7e84d87b-f79e-4e28-b2a4-94e8b629cf30,
62670070,2024-07-08 23:53:00.000,6a980d00-050d-4952-a557-302aca489c71,,62670070,2024-07-09 06:18:56.912,2024-07-09 06:18:56.912,40002,UTC+0200,64Z1605Zgy,com.sec.android.app.shealth,2024-07-09 00:01:00.000,1aa41b5d-faf5-406a-b9ee-d7e8fb09a6cf,
62670070,2024-07-09 00:01:00.000,6a980d00-050d-4952-a557-302aca489c71,,62670070,2024-07-09 06:18:56.912,2024-07-09 06:18:56.912,40003,UTC+0200,64Z1605Zgy,com.sec.android.app.shealth,2024-07-09 00:11:00.000,4b3ba13c-d712-490f-a85d-f6448937a815,
62670070,2024-07-09 00:11:00.000,6a980d00-050d-4952-a557-302aca489c71,,62670070,2024-07-09 06:18:56.913,2024-07-09 06:18:56.913,40001,UTC+0200,64Z1605Zgy,com.sec.android.app.shealth,2024-07-09 00:13:00.000,4fb064ea-3e1b-4e3c-a0ab-59db9892e047,
62670070,2024-07-09 00:13:00.000,6a980d00-050d-4952-a557-302aca489c71,,62670070,2024-07-09 06:18:56.914,2024-07-09 06:18:56.914,40002,UTC+0200,64Z1605Zgy,com.sec.android.app.shealth,2024-07-09 00:19:00.000,fe2bab32-ca4c-46ad-bc22-6e7caae19b9c,
62670070,2024-07-09 00:19:00.000,6a980d00-050d-4952-a557-302aca489c71,,62670070,2024-07-09 06:18:56.915,2024-07-09 06:18:56.915,40001,UTC+0200,64Z1605Zgy,com.sec.android.app.shealth,2024-07-09 00:20:00.000,863e93e0-c582-49de-8944-56dd7fa7c7f0,
62670070,2024-07-09 00:20:00.000,6a980d00-050d-4952-a557-302aca489c71,,62670070,2024-07-09 06:18:56.916,2024-07-09 06:18:56.916,40002,UTC+0200,64Z1605Zgy,com.sec.android.app.shealth,2024-07-09 00:31:00.000,9d785395-0604-4e07-99ae-4e4c6bac9290,
62670070,2024-07-09 00:31:00.000,6a980d00-050d-4952-a557-302aca489c71,,62670070,2024-07-09 06:18:56.917,2024-07-09 06:18:56.917,40004,UTC+0200,64Z1605Zgy,com.sec.android.app.shealth,2024-07-09 00:48:00.000,5654103f-054a-406e-877a-db9174f23cf0,
62670070,2024-07-09 00:48:00.000,6a980d00-050d-4952-a557-302aca489c71,,62670070,2024-07-09 06:18:56.917,2024-07-09 06:18:56.917,40002,UTC+0200,64Z1605Zgy,com.sec.android.app.shealth,2024-07-09 00:53:00.000,7ce7a608-ae3b-400f-8263-132439d1d713,
62670070,2024-07-09 00:53:00.000,6a980d00-050d-4952-a557-302aca489c71,,62670070,2024-07-09 06:18:56.918,2024-07-09 06:18:56.918,40004,UTC+0200,64Z1605Zgy,com.sec.android.app.shealth,2024-07-09 00:57:00.000,cfe5e09e-af63-44ed-afdf-1a236b640c38,
62670070,2024-07-09 00:57:00.000,6a980d00-050d-4952-a557-302aca489c71,,62670070,2024-07-09 06:18:56.921,2024-07-09 06:18:56.921,40002,UTC+0200,64Z1605Zgy,com.sec.android.app.shealth,2024-07-09 01:23:00.000,6771f49f-6465-4d15-a993-0e7e724ed7d9,
62670070,2024-07-09 01:23:00.000,6a980d00-050d-4952-a557-302aca489c71,,62670070,2024-07-09 06:18:56.922,2024-07-09 06:18:56.922,40003,UTC+0200,64Z1605Zgy,com.sec.android.app.shealth,2024-07-09 01:33:00.000,3b96adc8-081f-4d80-848e-0fcd68165373,
62670070,2024-07-09 01:33:00.000,6a980d00-050d-4952-a557-302aca489c71,,62670070,2024-07-09 06:18:56.922,2024-07-09 06:18:56.922,40002,UTC+0200,64Z1605Zgy,com.sec.android.app.shealth,2024-07-09 01:47:00.000,354a9413-7be2-4a64-90c6-3b15be5cd952,
62670070,2024-07-09 01:47:00.000,6a980d00-050d-4952-a557-302aca489c71,,62670070,2024-07-09 06:18:56.923,2024-07-09 06:18:56.923,40001,UTC+0200,64Z1605Zgy,com.sec.android.app.shealth,2024-07-09 01:48:00.000,67a38ecd-8953-46d1-a59c-e2c11fcfb8cf,
62670070,2024-07-09 01:48:00.000,6a980d00-050d-4952-a557-302aca489c71,,62670070,2024-07-09 06:18:56.924,2024-07-09 06:18:56.924,40002,UTC+0200,64Z1605Zgy,com.sec.android.app.shealth,2024-07-09 02:02:00.000,35322a41-2518-47bd-bb99-07e6bb4bb653,
62670070,2024-07-09 02:02:00.000,6a980d00-050d-4952-a557-302aca489c71,,62670070,2024-07-09 06:18:56.924,2024-07-09 06:18:56.924,40001,UTC+0200,64Z1605Zgy,com.sec.android.app.shealth,2024-07-09 02:03:00.000,d3bf24e3-8b5e-4f2a-91b3-fe81b707d070,
62670070,2024-07-09 02:03:00.000,6a980d00-050d-4952-a557-302aca489c71,,62670070,2024-07-09 06:18:56.925,2024-07-09 06:18:56.925,40002,UTC+0200,64Z1605Zgy,com.sec.android.app.shealth,2024-07-09 02:09:00.000,f9efb4e6-7c01-4dd8-b052-683334fae1a8,
62670070,2024-07-09 02:09:00.000,6a980d00-050d-4952-a557-302aca489c71,,62670070,2024-07-09 06:18:56.926,2024-07-09 06:18:56.926,40001,UTC+0200,64Z1605Zgy,com.sec.android.app.shealth,2024-07-09 02:11:00.000,ef006cce-2290-43ee-89fb-ce5f29931bd7,
62670070,2024-07-09 02:11:00.000,6a980d00-050d-4952-a557-302aca489c71,,62670070,2024-07-09 06:18:56.926,2024-07-09 06:18:56.926,40002,UTC+0200,64Z1605Zgy,com.sec.android.app.shealth,2024-07-09 02:25:00.000,a7deb6c6-f58e-46c3-b843-e08a229d4d7a,
62670070,2024-07-09 02:25:00.000,6a980d00-050d-4952-a557-302aca489c71,,62670070,2024-07-09 06:18:56.927,2024-07-09 06:18:56.927,40004,UTC+0200,64Z1605Zgy,com.sec.android.app.shealth,2024-07-09 02:35:00.000,865c9272-1c0c-4dc3-bd2a-9d7fa885557c,
62670070,2024-07-09 02:35:00.000,6a980d00-050d-4952-a557-302aca489c71,,62670070,2024-07-09 06:18:56.928,2024-07-09 06:18:56.928,40001,UTC+0200,64Z1605Zgy,com.sec.android.app.shealth,2024-07-09 02:57:00.000,9dff1e4b-fc81-4b74-864f-12938bf4b459,
62670070,2024-07-09 02:57:00.000,6a980d00-050d-4952-a557-302aca489c71,,62670070,2024-07-09 06:18:56.929,2024-07-09 06:18:56.929,40002,UTC+0200,64Z1605Zgy,com.sec.android.app.shealth,2024-07-09 03:07:00.000,915734af-5765-4623-8466-8006ca1a0dfc,
62670070,2024-07-09 03:07:00.000,6a980d00-050d-4952-a557-302aca489c71,,62670070,2024-07-09 06:18:56.929,2024-07-09 06:18:56.929,40001,UTC+0200,64Z1605Zgy,com.sec.android.app.shealth,2024-07-09 03:09:00.000,63982c6f-61a2-4ce6-9e4c-7bc3173a8504,
62670070,2024-07-09 03:09:00.000,6a980d00-050d-4952-a557-302aca489c71,,62670070,2024-07-09 06:18:56.930,2024-07-09 06:18:56.930,40002,UTC+0200,64Z1605Zgy,com.sec.android.app.shealth,2024-07-09 03:22:00.000,c63424f7-59b8-4085-bdea-720a9a9f61e2,
62670070,2024-07-09 03:22:00.000,6a980d00-050d-4952-a557-302aca489c71,,62670070,2024-07-09 06:18:56.931,2024-07-09 06:18:56.931,40001,UTC+0200,64Z1605Zgy,com.sec.android.app.shealth,2024-07-09 03:23:00.000,8b5fccca-7b08-4553-a29f-251d789642fe,
62670070,2024-07-09 03:23:00.000,6a980d00-050d-4952-a557-302aca489c71,,62670070,2024-07-09 06:18:56.932,2024-07-09 06:18:56.932,40002,UTC+0200,64Z1605Zgy,com.sec.android.app.shealth,2024-07-09 03:38:00.000,093fb2d6-a3a5-496b-a16e-82693abe4e03,
62670070,2024-07-09 03:38:00.000,6a980d00-050d-4952-a557-302aca489c71,,62670070,2024-07-09 06:18:56.932,2024-07-09 06:18:56.932,40001,UTC+0200,64Z1605Zgy,com.sec.android.app.shealth,2024-07-09 03:39:00.000,4d64f71e-f750-4df4-8d69-36c9fbbab22f,
62670070,2024-07-09 03:39:00.000,6a980d00-050d-4952-a557-302aca489c71,,62670070,2024-07-09 06:18:56.933,2024-07-09 06:18:56.933,40002,UTC+0200,64Z1605Zgy,com.sec.android.app.shealth,2024-07-09 03:56:00.000,3f7a8452-bc8c-4292-b01b-2f8c934b50b8,
62670070,2024-07-09 03:56:00.000,6a980d00-050d-4952-a557-302aca489c71,,62670070,2024-07-09 06:18:56.934,2024-07-09 06:18:56.934,40004,UTC+0200,64Z1605Zgy,com.sec.android.app.shealth,2024-07-09 03:57:00.000,4d52953d-1320-41ef-95ff-a55ed66d6ccf,
62670070,2024-07-09 03:57:00.000,6a980d00-050d-4952-a557-302aca489c71,,62670070,2024-07-09 06:18:56.935,2024-07-09 06:18:56.935,40001,UTC+0200,64Z1605Zgy,com.sec.android.app.shealth,2024-07-09 04:00:00.000,1b13be03-c891-48d7-bc91-7e8b93158623,
62670070,2024-07-09 04:00:00.000,6a980d00-050d-4952-a557-302aca489c71,,62670070,2024-07-09 06:18:56.938,2024-07-09 06:18:56.938,40002,UTC+0200,64Z1605Zgy,com.sec.android.app.shealth,2024-07-09 04:01:00.000,efb3a476-3520-49f0-8486-a2bfce3bb93c,
62670070,2024-07-09 04:01:00.000,6a980d00-050d-4952-a557-302aca489c71,,62670070,2024-07-09 06:18:56.939,2024-07-09 06:18:56.939,40004,UTC+0200,64Z1605Zgy,com.sec.android.app.shealth,2024-07-09 04:37:00.000,f6ad52dc-87ba-4d6e-ba01-176fb3931973,
62670070,2024-07-09 04:37:00.000,6a980d00-050d-4952-a557-302aca489c71,,62670070,2024-07-09 06:18:56.946,2024-07-09 06:18:56.946,40001,UTC+0200,64Z1605Zgy,com.sec.android.app.shealth,2024-07-09 04:43:00.000,3aeb7902-4a46-4275-9356-c9e44bb8820d,
62670070,2024-07-09 04:43:00.000,6a980d00-050d-4952-a557-302aca489c71,,62670070,2024-07-09 06:18:56.946,2024-07-09 06:18:56.946,40002,UTC+0200,64Z1605Zgy,com.sec.android.app.shealth,2024-07-09 04:57:00.000,bcca88f4-4639-4e60-b820-3e8e484eb0ab,
62670070,2024-07-09 04:57:00.000,6a980d00-050d-4952-a557-302aca489c71,,62670070,2024-07-09 06:18:56.947,2024-07-09 06:18:56.947,40001,UTC+0200,64Z1605Zgy,com.sec.android.app.shealth,2024-07-09 04:59:00.000,12f6660d-8dd5-4fe6-98bb-caa102d40baf,
62670070,2024-07-10 23:32:00.000,496405cf-5f70-4445-b72f-f72afa8ad9da,,62670070,2024-07-11 03:17:35.991,2024-07-11 03:17:35.991,40001,UTC+0200,64Z1605Zgy,com.sec.android.app.shealth,2024-07-11 00:17:00.000,2a5e46ca-fb47-4a61-9b25-99811fb5e5d9,
62670070,2024-07-11 00:17:00.000,496405cf-5f70-4445-b72f-f72afa8ad9da,,62670070,2024-07-11 03:17:35.992,2024-07-11 03:17:35.992,40002,UTC+0200,64Z1605Zgy,com.sec.android.app.shealth,2024-07-11 00:36:00.000,d5187c85-1f47-4134-923e-1784062cdfcd,
62670070,2024-07-11 00:36:00.000,496405cf-5f70-4445-b72f-f72afa8ad9da,,62670070,2024-07-11 03:17:35.993,2024-07-11 03:17:35.993,40001,UTC+0200,64Z1605Zgy,com.sec.android.app.shealth,2024-07-11 00:37:00.000,dc76e80b-2f94-479f-b441-8053617537e6,
62670070,2024-07-11 00:37:00.000,496405cf-5f70-4445-b72f-f72afa8ad9da,,62670070,2024-07-11 03:17:35.995,2024-07-11 03:17:35.995,40002,UTC+0200,64Z1605Zgy,com.sec.android.app.shealth,2024-07-11 00:49:00.000,4c1efb2d-174a-42c6-8d95-26f69f1d5b44,
62670070,2024-07-11 00:49:00.000,496405cf-5f70-4445-b72f-f72afa8ad9da,,62670070,2024-07-11 03:17:36.002,2024-07-11 03:17:36.002,40003,UTC+0200,64Z1605Zgy,com.sec.android.app.shealth,2024-07-11 01:14:00.000,aa8df146-b732-447f-ab22-ff4cb086798a,
62670070,2024-07-11 01:14:00.000,496405cf-5f70-4445-b72f-f72afa8ad9da,,62670070,2024-07-11 03:17:36.002,2024-07-11 03:17:36.002,40002,UTC+0200,64Z1605Zgy,com.sec.android.app.shealth,2024-07-11 01:17:00.000,856fe317-c22c-4841-bfe5-15ff20651582,
62670070,2024-07-11 01:17:00.000,496405cf-5f70-4445-b72f-f72afa8ad9da,,62670070,2024-07-11 03:17:36.003,2024-07-11 03:17:36.003,40004,UTC+0200,64Z1605Zgy,com.sec.android.app.shealth,2024-07-11 01:18:00.000,56a416d6-6095-4430-9593-17d351b8e221,
62670070,2024-07-11 01:18:00.000,496405cf-5f70-4445-b72f-f72afa8ad9da,,62670070,2024-07-11 03:17:36.004,2024-07-11 03:17:36.004,40002,UTC+0200,64Z1605Zgy,com.sec.android.app.shealth,2024-07-11 01:24:00.000,5392ac9e-1d6f-4aa1-ab61-2c2e096fa00d,
62670070,2024-07-11 01:24:00.000,496405cf-5f70-4445-b72f-f72afa8ad9da,,62670070,2024-07-11 03:17:36.004,2024-07-11 03:17:36.004,40004,UTC+0200,64Z1605Zgy,com.sec.android.app.shealth,2024-07-11 01:25:00.000,d3adc37c-3e11-4804-8036-cbb1f4290dd9,
62670070,2024-07-11 01:25:00.000,496405cf-5f70-4445-b72f-f72afa8ad9da,,62670070,2024-07-11 03:17:36.005,2024-07-11 03:17:36.005,40002,UTC+0200,64Z1605Zgy,com.sec.android.app.shealth,2024-07-11 01:28:00.000,2be7ca12-960c-47de-b782-50c0a6510990,
62670070,2024-07-11 01:28:00.000,496405cf-5f70-4445-b72f-f72afa8ad9da,,62670070,2024-07-11 03:17:36.006,2024-07-11 03:17:36.006,40004,UTC+0200,64Z1605Zgy,com.sec.android.app.shealth,2024-07-11 01:56:00.000,1bd1c40d-c393-46f2-b97f-f8552fd7d583,
62670070,2024-07-11 01:56:00.000,496405cf-5f70-4445-b72f-f72afa8ad9da,,62670070,2024-07-11 03:17:36.006,2024-07-11 03:17:36.006,40001,UTC+0200,64Z1605Zgy,com.sec.android.app.shealth,2024-07-11 01:57:00.000,38f020c3-f882-4017-93e2-113d92fc866d,
62670070,2024-07-11 01:57:00.000,496405cf-5f70-4445-b72f-f72afa8ad9da,,62670070,2024-07-11 03:17:36.012,2024-07-11 03:17:36.012,40002,UTC+0200,64Z1605Zgy,com.sec.android.app.shealth,2024-07-11 02:02:00.000,8c6a1d1e-a653-47fc-a5c2-4c1d8f0a37bc,
62670070,2024-07-11 02:02:00.000,496405cf-5f70-4445-b72f-f72afa8ad9da,,62670070,2024-07-11 03:17:36.013,2024-07-11 03:17:36.013,40004,UTC+0200,64Z1605Zgy,com.sec.android.app.shealth,2024-07-11 02:04:00.000,6f73c499-5f28-4453-b8b2-d23041af202c,
62670070,2024-07-11 02:04:00.000,496405cf-5f70-4445-b72f-f72afa8ad9da,,62670070,2024-07-11 03:17:36.020,2024-07-11 03:17:36.020,40002,UTC+0200,64Z1605Zgy,com.sec.android.app.shealth,2024-07-11 02:28:00.000,0df96186-98cd-412e-91bb-bcc4564f1247,
62670070,2024-07-11 02:28:00.000,496405cf-5f70-4445-b72f-f72afa8ad9da,,62670070,2024-07-11 03:17:36.020,2024-07-11 03:17:36.020,40001,UTC+0200,64Z1605Zgy,com.sec.android.app.shealth,2024-07-11 02:34:00.000,d44ae9a1-60e6-4987-835c-167510977679,
62670070,2024-07-11 02:34:00.000,496405cf-5f70-4445-b72f-f72afa8ad9da,,62670070,2024-07-11 03:17:36.021,2024-07-11 03:17:36.021,40002,UTC+0200,64Z1605Zgy,com.sec.android.app.shealth,2024-07-11 02:49:00.000,2e19d8da-01f6-4139-a644-5bac80dc1154,
62670070,2024-07-11 03:16:00.000,ee67bc5f-6b9e-49c0-b3a3-0c872c277eea,,62670070,2024-07-11 04:22:52.303,2024-07-11 04:22:52.303,40002,UTC+0200,64Z1605Zgy,com.sec.android.app.shealth,2024-07-11 03:47:00.000,0bdf6aee-8226-4fae-a13b-30b88f1afe37,
62670070,2024-07-11 03:47:00.000,ee67bc5f-6b9e-49c0-b3a3-0c872c277eea,,62670070,2024-07-11 04:22:52.305,2024-07-11 04:22:52.305,40001,UTC+0200,64Z1605Zgy,com.sec.android.app.shealth,2024-07-11 03:49:00.000,8ee00e1a-eff3-4120-b02f-1da9b3ee0fe9,
62670070,2024-07-11 03:49:00.000,ee67bc5f-6b9e-49c0-b3a3-0c872c277eea,,62670070,2024-07-11 04:22:52.307,2024-07-11 04:22:52.307,40002,UTC+0200,64Z1605Zgy,com.sec.android.app.shealth,2024-07-11 03:55:00.000,7206a70c-25a5-4417-8db2-02f12b1e8b43,
62670070,2024-07-11 03:55:00.000,ee67bc5f-6b9e-49c0-b3a3-0c872c277eea,,62670070,2024-07-11 04:22:52.308,2024-07-11 04:22:52.308,40004,UTC+0200,64Z1605Zgy,com.sec.android.app.shealth,2024-07-11 03:56:00.000,7bb86b04-095e-4412-95d2-d10bc44cc4a1,
62670070,2024-07-11 03:56:00.000,ee67bc5f-6b9e-49c0-b3a3-0c872c277eea,,62670070,2024-07-11 04:22:52.309,2024-07-11 04:22:52.309,40002,UTC+0200,64Z1605Zgy,com.sec.android.app.shealth,2024-07-11 03:57:00.000,0b3c87ed-8038-43b0-a9b8-ea305f9f590f,
62670070,2024-07-11 03:57:00.000,ee67bc5f-6b9e-49c0-b3a3-0c872c277eea,,62670070,2024-07-11 04:22:52.309,2024-07-11 04:22:52.309,40004,UTC+0200,64Z1605Zgy,com.sec.android.app.shealth,2024-07-11 03:59:00.000,59afae51-e3b8-4b0c-a93e-c896d9bdbb55,
62670070,2024-07-11 03:59:00.000,ee67bc5f-6b9e-49c0-b3a3-0c872c277eea,,62670070,2024-07-11 04:22:52.310,2024-07-11 04:22:52.310,40002,UTC+0200,64Z1605Zgy,com.sec.android.app.shealth,2024-07-11 04:00:00.000,793648c6-0ebe-4c69-b138-21b36300dd0e,
62670070,2024-07-11 04:00:00.000,ee67bc5f-6b9e-49c0-b3a3-0c872c277eea,,62670070,2024-07-11 04:22:52.310,2024-07-11 04:22:52.310,40004,UTC+0200,64Z1605Zgy,com.sec.android.app.shealth,2024-07-11 04:01:00.000,2ec964fb-3ef7-4fec-b2f1-85d64348ec31,
62670070,2024-07-11 04:01:00.000,ee67bc5f-6b9e-49c0-b3a3-0c872c277eea,,62670070,2024-07-11 04:22:52.311,2024-07-11 04:22:52.311,40002,UTC+0200,64Z1605Zgy,com.sec.android.app.shealth,2024-07-11 04:03:00.000,42a6d7bf-6519-4d8a-9c0a-a913006ba7f6,
62670070,2024-07-11 04:03:00.000,ee67bc5f-6b9e-49c0-b3a3-0c872c277eea,,62670070,2024-07-11 04:22:52.312,2024-07-11 04:22:52.312,40004,UTC+0200,64Z1605Zgy,com.sec.android.app.shealth,2024-07-11 04:04:00.000,a6394abd-a3e5-4a15-9903-aa5900120f0f,
62670070,2024-07-11 04:04:00.000,ee67bc5f-6b9e-49c0-b3a3-0c872c277eea,,62670070,2024-07-11 04:22:52.312,2024-07-11 04:22:52.312,40002,UTC+0200,64Z1605Zgy,com.sec.android.app.shealth,2024-07-11 04:05:00.000,8c47dc74-14cb-4e33-9e4a-383408454d45,
62670070,2024-07-11 04:05:00.000,ee67bc5f-6b9e-49c0-b3a3-0c872c277eea,,62670070,2024-07-11 04:22:52.314,2024-07-11 04:22:52.314,40004,UTC+0200,64Z1605Zgy,com.sec.android.app.shealth,2024-07-11 04:22:00.000,87506482-75a6-4dde-b9eb-ac5a68f03f5a,
62670070,2024-07-11 21:50:00.000,9db7506a-bb12-4d68-9caa-4502fddece93,,62670070,2024-07-12 06:13:59.333,2024-07-12 06:13:59.333,40001,UTC+0200,64Z1605Zgy,com.sec.android.app.shealth,2024-07-11 22:07:00.000,08c87b42-6fc9-4acf-b78c-9b2fefd1caa1,
62670070,2024-07-11 22:07:00.000,9db7506a-bb12-4d68-9caa-4502fddece93,,62670070,2024-07-12 06:13:59.347,2024-07-12 06:13:59.347,40002,UTC+0200,64Z1605Zgy,com.sec.android.app.shealth,2024-07-11 22:13:00.000,38222536-e512-427b-8289-d62ef086c613,
62670070,2024-07-11 22:13:00.000,9db7506a-bb12-4d68-9caa-4502fddece93,,62670070,2024-07-12 06:13:59.349,2024-07-12 06:13:59.349,40001,UTC+0200,64Z1605Zgy,com.sec.android.app.shealth,2024-07-11 22:14:00.000,d64bf86b-0896-40f4-8eb8-e9bcc8132695,
62670070,2024-07-11 22:14:00.000,9db7506a-bb12-4d68-9caa-4502fddece93,,62670070,2024-07-12 06:13:59.350,2024-07-12 06:13:59.350,40002,UTC+0200,64Z1605Zgy,com.sec.android.app.shealth,2024-07-11 22:25:00.000,0006d85f-b9ad-401b-ac84-c317b78817b0,
62670070,2024-07-11 22:25:00.000,9db7506a-bb12-4d68-9caa-4502fddece93,,62670070,2024-07-12 06:13:59.358,2024-07-12 06:13:59.358,40003,UTC+0200,64Z1605Zgy,com.sec.android.app.shealth,2024-07-11 22:46:00.000,287186cd-7180-4fd4-b86c-5f1256a60362,
62670070,2024-07-11 22:46:00.000,9db7506a-bb12-4d68-9caa-4502fddece93,,62670070,2024-07-12 06:13:59.359,2024-07-12 06:13:59.359,40001,UTC+0200,64Z1605Zgy,com.sec.android.app.shealth,2024-07-11 22:50:00.000,26e0ff8d-0413-4f92-9a1f-a8f1b2c2b532,
62670070,2024-07-11 22:50:00.000,9db7506a-bb12-4d68-9caa-4502fddece93,,62670070,2024-07-12 06:13:59.360,2024-07-12 06:13:59.360,40002,UTC+0200,64Z1605Zgy,com.sec.android.app.shealth,2024-07-11 23:04:00.000,69cf4990-d313-4851-bf07-a4cb51a1852f,
62670070,2024-07-11 23:04:00.000,9db7506a-bb12-4d68-9caa-4502fddece93,,62670070,2024-07-12 06:13:59.362,2024-07-12 06:13:59.362,40003,UTC+0200,64Z1605Zgy,com.sec.android.app.shealth,2024-07-11 23:07:00.000,026ed51d-5f8c-46d7-a231-19dc35ddb9af,
62670070,2024-07-11 23:07:00.000,9db7506a-bb12-4d68-9caa-4502fddece93,,62670070,2024-07-12 06:13:59.372,2024-07-12 06:13:59.372,40002,UTC+0200,64Z1605Zgy,com.sec.android.app.shealth,2024-07-11 23:20:00.000,a937a0e3-c0d1-410b-8245-9a8bf839848b,
62670070,2024-07-11 23:20:00.000,9db7506a-bb12-4d68-9caa-4502fddece93,,62670070,2024-07-12 06:13:59.375,2024-07-12 06:13:59.375,40001,UTC+0200,64Z1605Zgy,com.sec.android.app.shealth,2024-07-11 23:21:00.000,80ccae2a-9c92-4559-a906-de9ba6ace5be,
62670070,2024-07-11 23:21:00.000,9db7506a-bb12-4d68-9caa-4502fddece93,,62670070,2024-07-12 06:13:59.376,2024-07-12 06:13:59.376,40002,UTC+0200,64Z1605Zgy,com.sec.android.app.shealth,2024-07-11 23:28:00.000,25c2cd69-9965-43a6-9846-7cd57c2b120d,
62670070,2024-07-11 23:28:00.000,9db7506a-bb12-4d68-9caa-4502fddece93,,62670070,2024-07-12 06:13:59.377,2024-07-12 06:13:59.377,40004,UTC+0200,64Z1605Zgy,com.sec.android.app.shealth,2024-07-11 23:38:00.000,15c44bd6-604a-42c0-ad1e-3ee0a6e5231c,
62670070,2024-07-11 23:38:00.000,9db7506a-bb12-4d68-9caa-4502fddece93,,62670070,2024-07-12 06:13:59.378,2024-07-12 06:13:59.378,40001,UTC+0200,64Z1605Zgy,com.sec.android.app.shealth,2024-07-11 23:39:00.000,ee905f8d-9e20-4dc0-856b-132908a0442a,
62670070,2024-07-11 23:39:00.000,9db7506a-bb12-4d68-9caa-4502fddece93,,62670070,2024-07-12 06:13:59.401,2024-07-12 06:13:59.401,40002,UTC+0200,64Z1605Zgy,com.sec.android.app.shealth,2024-07-11 23:43:00.000,aa15eed4-4ed6-4e21-83f0-e0ab33456676,
62670070,2024-07-11 23:43:00.000,9db7506a-bb12-4d68-9caa-4502fddece93,,62670070,2024-07-12 06:13:59.413,2024-07-12 06:13:59.413,40004,UTC+0200,64Z1605Zgy,com.sec.android.app.shealth,2024-07-11 23:45:00.000,e3678e84-b5c8-4567-8728-a89bc2b06c0e,
62670070,2024-07-11 23:45:00.000,9db7506a-bb12-4d68-9caa-4502fddece93,,62670070,2024-07-12 06:13:59.414,2024-07-12 06:13:59.414,40002,UTC+0200,64Z1605Zgy,com.sec.android.app.shealth,2024-07-12 00:03:00.000,c9d48c8a-50e1-48a4-bd9a-b9a903126a58,
62670070,2024-07-12 00:03:00.000,9db7506a-bb12-4d68-9caa-4502fddece93,,62670070,2024-07-12 06:13:59.416,2024-07-12 06:13:59.416,40003,UTC+0200,64Z1605Zgy,com.sec.android.app.shealth,2024-07-12 00:11:00.000,aa427711-8383-4fb3-a81d-5a179443cd97,
62670070,2024-07-12 00:11:00.000,9db7506a-bb12-4d68-9caa-4502fddece93,,62670070,2024-07-12 06:13:59.417,2024-07-12 06:13:59.417,40002,UTC+0200,64Z1605Zgy,com.sec.android.app.shealth,2024-07-12 01:08:00.000,d271b12f-60fc-4591-b2f5-28eaa938faa3,
62670070,2024-07-12 01:08:00.000,9db7506a-bb12-4d68-9caa-4502fddece93,,62670070,2024-07-12 06:13:59.418,2024-07-12 06:13:59.418,40004,UTC+0200,64Z1605Zgy,com.sec.android.app.shealth,2024-07-12 01:13:00.000,712d11a8-aed3-45fd-8878-d958a883ebbd,
62670070,2024-07-12 01:13:00.000,9db7506a-bb12-4d68-9caa-4502fddece93,,62670070,2024-07-12 06:13:59.419,2024-07-12 06:13:59.419,40002,UTC+0200,64Z1605Zgy,com.sec.android.app.shealth,2024-07-12 01:14:00.000,f917f0ff-6154-4efb-99b0-83c11a84734f,
62670070,2024-07-12 01:14:00.000,9db7506a-bb12-4d68-9caa-4502fddece93,,62670070,2024-07-12 06:13:59.420,2024-07-12 06:13:59.420,40004,UTC+0200,64Z1605Zgy,com.sec.android.app.shealth,2024-07-12 01:16:00.000,b1409ed1-ec76-4dd5-a0e4-e410d57215e4,
62670070,2024-07-12 01:16:00.000,9db7506a-bb12-4d68-9caa-4502fddece93,,62670070,2024-07-12 06:13:59.421,2024-07-12 06:13:59.421,40002,UTC+0200,64Z1605Zgy,com.sec.android.app.shealth,2024-07-12 01:17:00.000,0500beb4-8f82-4cf7-af01-78afd0edfb7b,
62670070,2024-07-12 01:17:00.000,9db7506a-bb12-4d68-9caa-4502fddece93,,62670070,2024-07-12 06:13:59.422,2024-07-12 06:13:59.422,40004,UTC+0200,64Z1605Zgy,com.sec.android.app.shealth,2024-07-12 01:42:00.000,057e16dd-5ce1-41f5-a133-b895614fcc5d,
62670070,2024-07-12 01:42:00.000,9db7506a-bb12-4d68-9caa-4502fddece93,,62670070,2024-07-12 06:13:59.423,2024-07-12 06:13:59.423,40001,UTC+0200,64Z1605Zgy,com.sec.android.app.shealth,2024-07-12 01:43:00.000,af844bac-85d9-41f0-8dcf-c1697321db05,
62670070,2024-07-12 01:43:00.000,9db7506a-bb12-4d68-9caa-4502fddece93,,62670070,2024-07-12 06:13:59.424,2024-07-12 06:13:59.424,40004,UTC+0200,64Z1605Zgy,com.sec.android.app.shealth,2024-07-12 01:45:00.000,1985c9aa-7179-4c49-b698-fb3d424c0dd8,
62670070,2024-07-12 01:45:00.000,9db7506a-bb12-4d68-9caa-4502fddece93,,62670070,2024-07-12 06:13:59.425,2024-07-12 06:13:59.425,40002,UTC+0200,64Z1605Zgy,com.sec.android.app.shealth,2024-07-12 02:09:00.000,e07951c7-de9b-4fbf-9457-2185792cd7bf,
62670070,2024-07-12 02:09:00.000,9db7506a-bb12-4d68-9caa-4502fddece93,,62670070,2024-07-12 06:13:59.428,2024-07-12 06:13:59.428,40001,UTC+0200,64Z1605Zgy,com.sec.android.app.shealth,2024-07-12 02:10:00.000,dbc49371-cdab-4429-9746-e9bfa2e4ab64,
62670070,2024-07-12 02:10:00.000,9db7506a-bb12-4d68-9caa-4502fddece93,,62670070,2024-07-12 06:13:59.430,2024-07-12 06:13:59.430,40002,UTC+0200,64Z1605Zgy,com.sec.android.app.shealth,2024-07-12 02:56:00.000,3e1f3e71-af42-40b1-91bb-a24f7cf4c92f,
62670070,2024-07-12 02:56:00.000,9db7506a-bb12-4d68-9caa-4502fddece93,,62670070,2024-07-12 06:13:59.432,2024-07-12 06:13:59.432,40001,UTC+0200,64Z1605Zgy,com.sec.android.app.shealth,2024-07-12 02:57:00.000,e21ce9d1-3844-465b-a589-1c774c2f08ed,
62670070,2024-07-12 02:57:00.000,9db7506a-bb12-4d68-9caa-4502fddece93,,62670070,2024-07-12 06:13:59.433,2024-07-12 06:13:59.433,40002,UTC+0200,64Z1605Zgy,com.sec.android.app.shealth,2024-07-12 03:13:00.000,29d2e30e-5ddb-4986-a467-fdb3cf9168f2,
62670070,2024-07-12 03:13:00.000,9db7506a-bb12-4d68-9caa-4502fddece93,,62670070,2024-07-12 06:13:59.444,2024-07-12 06:13:59.444,40001,UTC+0200,64Z1605Zgy,com.sec.android.app.shealth,2024-07-12 03:14:00.000,4f4a9abe-a699-47ec-965d-ac468f1539d7,
62670070,2024-07-12 03:14:00.000,9db7506a-bb12-4d68-9caa-4502fddece93,,62670070,2024-07-12 06:13:59.445,2024-07-12 06:13:59.445,40002,UTC+0200,64Z1605Zgy,com.sec.android.app.shealth,2024-07-12 03:20:00.000,31a95ff2-e773-481f-ac39-1571aa45e0f3,
62670070,2024-07-12 03:20:00.000,9db7506a-bb12-4d68-9caa-4502fddece93,,62670070,2024-07-12 06:13:59.446,2024-07-12 06:13:59.446,40004,UTC+0200,64Z1605Zgy,com.sec.android.app.shealth,2024-07-12 03:21:00.000,e031fb74-f748-4360-9260-86fc1de5d90b,
62670070,2024-07-12 03:21:00.000,9db7506a-bb12-4d68-9caa-4502fddece93,,62670070,2024-07-12 06:13:59.447,2024-07-12 06:13:59.447,40001,UTC+0200,64Z1605Zgy,com.sec.android.app.shealth,2024-07-12 03:22:00.000,bdb40e00-5a5f-4fc8-ab3e-a061f5677a38,
62670070,2024-07-12 03:22:00.000,9db7506a-bb12-4d68-9caa-4502fddece93,,62670070,2024-07-12 06:13:59.448,2024-07-12 06:13:59.448,40002,UTC+0200,64Z1605Zgy,com.sec.android.app.shealth,2024-07-12 03:23:00.000,0b96e5da-1fc2-4e09-8c5f-3aa27db1c661,
62670070,2024-07-12 03:23:00.000,9db7506a-bb12-4d68-9caa-4502fddece93,,62670070,2024-07-12 06:13:59.449,2024-07-12 06:13:59.449,40004,UTC+0200,64Z1605Zgy,com.sec.android.app.shealth,2024-07-12 03:59:00.000,c5fcde14-483c-43c5-bb0f-ae88fe5159f5,
62670070,2024-07-12 03:59:00.000,9db7506a-bb12-4d68-9caa-4502fddece93,,62670070,2024-07-12 06:13:59.450,2024-07-12 06:13:59.450,40001,UTC+0200,64Z1605Zgy,com.sec.android.app.shealth,2024-07-12 04:01:00.000,b1554b6f-6ac7-45d1-9a8a-4d4c23952210,
62670070,2024-07-12 04:01:00.000,9db7506a-bb12-4d68-9caa-4502fddece93,,62670070,2024-07-12 06:13:59.451,2024-07-12 06:13:59.451,40002,UTC+0200,64Z1605Zgy,com.sec.android.app.shealth,2024-07-12 04:34:00.000,74b88f70-3079-40d9-abc8-21a2ec974d66,
62670070,2024-07-12 04:34:00.000,9db7506a-bb12-4d68-9caa-4502fddece93,,62670070,2024-07-12 06:13:59.452,2024-07-12 06:13:59.452,40001,UTC+0200,64Z1605Zgy,com.sec.android.app.shealth,2024-07-12 04:36:00.000,e6ce6752-25da-4dc9-bdc0-5984cae99e0d,
62670070,2024-07-12 22:03:00.000,4fed45b4-f5fc-4790-a8a1-376da5efccd6,,62670070,2024-07-13 10:06:26.156,2024-07-13 10:06:26.156,40002,UTC+0200,64Z1605Zgy,com.sec.android.app.shealth,2024-07-12 22:23:00.000,65ebe9d9-c0a3-41ad-a2d0-c5affaf0cd4d,
62670070,2024-07-12 22:23:00.000,4fed45b4-f5fc-4790-a8a1-376da5efccd6,,62670070,2024-07-13 10:06:26.156,2024-07-13 10:06:26.156,40001,UTC+0200,64Z1605Zgy,com.sec.android.app.shealth,2024-07-12 22:30:00.000,3a31fa55-c2a1-43db-ab92-41bff310a9c4,
62670070,2024-07-12 22:30:00.000,4fed45b4-f5fc-4790-a8a1-376da5efccd6,,62670070,2024-07-13 10:06:26.157,2024-07-13 10:06:26.157,40002,UTC+0200,64Z1605Zgy,com.sec.android.app.shealth,2024-07-12 22:44:00.000,2f317d3a-bc21-461d-af1f-0cbecf0c80a7,
62670070,2024-07-12 22:44:00.000,4fed45b4-f5fc-4790-a8a1-376da5efccd6,,62670070,2024-07-13 10:06:26.157,2024-07-13 10:06:26.157,40001,UTC+0200,64Z1605Zgy,com.sec.android.app.shealth,2024-07-12 22:45:00.000,73ea6249-ecc5-4a37-a915-aea1ead6eeba,
62670070,2024-07-12 22:45:00.000,4fed45b4-f5fc-4790-a8a1-376da5efccd6,,62670070,2024-07-13 10:06:26.157,2024-07-13 10:06:26.157,40002,UTC+0200,64Z1605Zgy,com.sec.android.app.shealth,2024-07-12 22:49:00.000,09828cb7-8b3a-4c5e-9dce-2009d761b9f4,
62670070,2024-07-12 22:49:00.000,4fed45b4-f5fc-4790-a8a1-376da5efccd6,,62670070,2024-07-13 10:06:26.158,2024-07-13 10:06:26.158,40001,UTC+0200,64Z1605Zgy,com.sec.android.app.shealth,2024-07-12 22:51:00.000,c5653182-bcf9-4090-b9e5-0efd98358fe0,
62670070,2024-07-12 22:51:00.000,4fed45b4-f5fc-4790-a8a1-376da5efccd6,,62670070,2024-07-13 10:06:26.158,2024-07-13 10:06:26.158,40002,UTC+0200,64Z1605Zgy,com.sec.android.app.shealth,2024-07-12 22:56:00.000,3bfdf809-c335-449a-92bf-e71ed925f163,
62670070,2024-07-12 22:56:00.000,4fed45b4-f5fc-4790-a8a1-376da5efccd6,,62670070,2024-07-13 10:06:26.158,2024-07-13 10:06:26.158,40001,UTC+0200,64Z1605Zgy,com.sec.android.app.shealth,2024-07-12 22:57:00.000,b63ec7f4-9aa3-4fa5-b94d-5d371146058e,
62670070,2024-07-12 22:57:00.000,4fed45b4-f5fc-4790-a8a1-376da5efccd6,,62670070,2024-07-13 10:06:26.159,2024-07-13 10:06:26.159,40002,UTC+0200,64Z1605Zgy,com.sec.android.app.shealth,2024-07-12 23:09:00.000,e8dd54ba-ba68-402e-b606-4610356b5ae6,
62670070,2024-07-12 23:09:00.000,4fed45b4-f5fc-4790-a8a1-376da5efccd6,,62670070,2024-07-13 10:06:26.159,2024-07-13 10:06:26.159,40003,UTC+0200,64Z1605Zgy,com.sec.android.app.shealth,2024-07-12 23:33:00.000,39088e4b-5572-4c8c-9cc8-20fc2c851025,
62670070,2024-07-12 23:33:00.000,4fed45b4-f5fc-4790-a8a1-376da5efccd6,,62670070,2024-07-13 10:06:26.160,2024-07-13 10:06:26.160,40001,UTC+0200,64Z1605Zgy,com.sec.android.app.shealth,2024-07-12 23:38:00.000,bbc2c384-9541-4686-a0af-c2bff526a874,
62670070,2024-07-12 23:38:00.000,4fed45b4-f5fc-4790-a8a1-376da5efccd6,,62670070,2024-07-13 10:06:26.164,2024-07-13 10:06:26.164,40002,UTC+0200,64Z1605Zgy,com.sec.android.app.shealth,2024-07-13 00:11:00.000,4ce75eee-7923-4c43-a3cf-905cf7a7b7c7,
62670070,2024-07-13 00:11:00.000,4fed45b4-f5fc-4790-a8a1-376da5efccd6,,62670070,2024-07-13 10:06:26.165,2024-07-13 10:06:26.165,40003,UTC+0200,64Z1605Zgy,com.sec.android.app.shealth,2024-07-13 00:34:00.000,ba867dd0-1de4-4595-99bb-9c98a3f048c4,
62670070,2024-07-13 00:34:00.000,4fed45b4-f5fc-4790-a8a1-376da5efccd6,,62670070,2024-07-13 10:06:26.165,2024-07-13 10:06:26.165,40002,UTC+0200,64Z1605Zgy,com.sec.android.app.shealth,2024-07-13 01:26:00.000,3ed4e02d-1379-43fa-a339-06fa065ac852,
62670070,2024-07-13 01:26:00.000,4fed45b4-f5fc-4790-a8a1-376da5efccd6,,62670070,2024-07-13 10:06:26.166,2024-07-13 10:06:26.166,40001,UTC+0200,64Z1605Zgy,com.sec.android.app.shealth,2024-07-13 01:27:00.000,ef17d5b1-e3a4-42be-aef7-c7e2c3f1ec15,
62670070,2024-07-13 01:27:00.000,4fed45b4-f5fc-4790-a8a1-376da5efccd6,,62670070,2024-07-13 10:06:26.166,2024-07-13 10:06:26.166,40002,UTC+0200,64Z1605Zgy,com.sec.android.app.shealth,2024-07-13 02:00:00.000,e24d479b-8c66-4b6f-a830-9c99e23a95be,
62670070,2024-07-13 02:00:00.000,4fed45b4-f5fc-4790-a8a1-376da5efccd6,,62670070,2024-07-13 10:06:26.167,2024-07-13 10:06:26.167,40004,UTC+0200,64Z1605Zgy,com.sec.android.app.shealth,2024-07-13 02:06:00.000,1cb583ad-52fa-41ad-a2f4-2e8f68750f45,
62670070,2024-07-13 02:06:00.000,4fed45b4-f5fc-4790-a8a1-376da5efccd6,,62670070,2024-07-13 10:06:26.167,2024-07-13 10:06:26.167,40001,UTC+0200,64Z1605Zgy,com.sec.android.app.shealth,2024-07-13 02:07:00.000,10e7def3-2562-4b64-91bc-994de3b59f46,
62670070,2024-07-13 02:07:00.000,4fed45b4-f5fc-4790-a8a1-376da5efccd6,,62670070,2024-07-13 10:06:26.168,2024-07-13 10:06:26.168,40002,UTC+0200,64Z1605Zgy,com.sec.android.app.shealth,2024-07-13 02:35:00.000,c27681ea-5313-43e8-a8d5-9c20f41b924c,
62670070,2024-07-13 02:35:00.000,4fed45b4-f5fc-4790-a8a1-376da5efccd6,,62670070,2024-07-13 10:06:26.168,2024-07-13 10:06:26.168,40003,UTC+0200,64Z1605Zgy,com.sec.android.app.shealth,2024-07-13 02:36:00.000,97303c3d-dfc1-4e1f-9e2d-e982aaadf618,
62670070,2024-07-13 02:36:00.000,4fed45b4-f5fc-4790-a8a1-376da5efccd6,,62670070,2024-07-13 10:06:26.169,2024-07-13 10:06:26.169,40001,UTC+0200,64Z1605Zgy,com.sec.android.app.shealth,2024-07-13 02:37:00.000,70ccd476-3abe-468a-ac52-51e052508fe5,
62670070,2024-07-13 02:37:00.000,4fed45b4-f5fc-4790-a8a1-376da5efccd6,,62670070,2024-07-13 10:06:26.169,2024-07-13 10:06:26.169,40002,UTC+0200,64Z1605Zgy,com.sec.android.app.shealth,2024-07-13 02:54:00.000,e04003d3-ecfb-47ee-b608-edaaf191c207,
62670070,2024-07-13 02:54:00.000,4fed45b4-f5fc-4790-a8a1-376da5efccd6,,62670070,2024-07-13 10:06:26.170,2024-07-13 10:06:26.170,40001,UTC+0200,64Z1605Zgy,com.sec.android.app.shealth,2024-07-13 02:56:00.000,1b6dbb5e-a5c8-4db0-a2ba-1d60e784996c,
62670070,2024-07-13 02:56:00.000,4fed45b4-f5fc-4790-a8a1-376da5efccd6,,62670070,2024-07-13 10:06:26.170,2024-07-13 10:06:26.170,40002,UTC+0200,64Z1605Zgy,com.sec.android.app.shealth,2024-07-13 03:13:00.000,0de698f6-ad83-4f1c-9c42-b2d015968c3d,
62670070,2024-07-13 03:13:00.000,4fed45b4-f5fc-4790-a8a1-376da5efccd6,,62670070,2024-07-13 10:06:26.171,2024-07-13 10:06:26.171,40004,UTC+0200,64Z1605Zgy,com.sec.android.app.shealth,2024-07-13 03:18:00.000,5cb023b8-39c4-4009-a2be-9f492a708182,
62670070,2024-07-13 03:18:00.000,4fed45b4-f5fc-4790-a8a1-376da5efccd6,,62670070,2024-07-13 10:06:26.171,2024-07-13 10:06:26.171,40001,UTC+0200,64Z1605Zgy,com.sec.android.app.shealth,2024-07-13 03:19:00.000,dfbdb974-3792-4eba-8954-412876e0fef3,
62670070,2024-07-13 03:19:00.000,4fed45b4-f5fc-4790-a8a1-376da5efccd6,,62670070,2024-07-13 10:06:26.172,2024-07-13 10:06:26.172,40004,UTC+0200,64Z1605Zgy,com.sec.android.app.shealth,2024-07-13 03:30:00.000,d31f02f2-b72d-4b8e-9090-e3841f5c38c7,
62670070,2024-07-13 03:30:00.000,4fed45b4-f5fc-4790-a8a1-376da5efccd6,,62670070,2024-07-13 10:06:26.173,2024-07-13 10:06:26.173,40001,UTC+0200,64Z1605Zgy,com.sec.android.app.shealth,2024-07-13 03:32:00.000,9a224f2b-fa16-46d8-acd3-42c43e0e1b82,
62670070,2024-07-13 03:32:00.000,4fed45b4-f5fc-4790-a8a1-376da5efccd6,,62670070,2024-07-13 10:06:26.174,2024-07-13 10:06:26.174,40002,UTC+0200,64Z1605Zgy,com.sec.android.app.shealth,2024-07-13 03:50:00.000,c1f19153-95f4-4b44-80ff-0a000f7f8064,
62670070,2024-07-13 03:50:00.000,4fed45b4-f5fc-4790-a8a1-376da5efccd6,,62670070,2024-07-13 10:06:26.174,2024-07-13 10:06:26.174,40004,UTC+0200,64Z1605Zgy,com.sec.android.app.shealth,2024-07-13 03:51:00.000,12c270ba-41aa-4aa2-8ea6-32afe1831b1b,
62670070,2024-07-13 03:51:00.000,4fed45b4-f5fc-4790-a8a1-376da5efccd6,,62670070,2024-07-13 10:06:26.175,2024-07-13 10:06:26.175,40001,UTC+0200,64Z1605Zgy,com.sec.android.app.shealth,2024-07-13 03:52:00.000,49eecd0d-6e8b-4d3c-b7be-05ce2af88946,
62670070,2024-07-13 03:52:00.000,4fed45b4-f5fc-4790-a8a1-376da5efccd6,,62670070,2024-07-13 10:06:26.175,2024-07-13 10:06:26.175,40002,UTC+0200,64Z1605Zgy,com.sec.android.app.shealth,2024-07-13 04:04:00.000,3432425e-6440-4c0e-952b-d259805fd9d4,
62670070,2024-07-13 04:04:00.000,4fed45b4-f5fc-4790-a8a1-376da5efccd6,,62670070,2024-07-13 10:06:26.176,2024-07-13 10:06:26.176,40001,UTC+0200,64Z1605Zgy,com.sec.android.app.shealth,2024-07-13 04:05:00.000,b5ba12c4-e8d9-4997-a783-1913f684d5a6,
62670070,2024-07-13 04:05:00.000,4fed45b4-f5fc-4790-a8a1-376da5efccd6,,62670070,2024-07-13 10:06:26.176,2024-07-13 10:06:26.176,40002,UTC+0200,64Z1605Zgy,com.sec.android.app.shealth,2024-07-13 04:10:00.000,6a9a9ea7-8eea-4481-b917-a625fd929f5b,
62670070,2024-07-13 04:10:00.000,4fed45b4-f5fc-4790-a8a1-376da5efccd6,,62670070,2024-07-13 10:06:26.176,2024-07-13 10:06:26.176,40004,UTC+0200,64Z1605Zgy,com.sec.android.app.shealth,2024-07-13 04:18:00.000,ace01e77-0a29-4155-8287-d261d4c95df2,
62670070,2024-07-13 04:18:00.000,4fed45b4-f5fc-4790-a8a1-376da5efccd6,,62670070,2024-07-13 10:06:26.177,2024-07-13 10:06:26.177,40002,UTC+0200,64Z1605Zgy,com.sec.android.app.shealth,2024-07-13 04:22:00.000,ee9ad7db-e15b-4aa6-9839-c87e3dc34a94,
62670070,2024-07-13 04:22:00.000,4fed45b4-f5fc-4790-a8a1-376da5efccd6,,62670070,2024-07-13 10:06:26.177,2024-07-13 10:06:26.177,40004,UTC+0200,64Z1605Zgy,com.sec.android.app.shealth,2024-07-13 04:23:00.000,b48fb027-af1a-4381-8021-5ad2b01fba54,
62670070,2024-07-13 04:23:00.000,4fed45b4-f5fc-4790-a8a1-376da5efccd6,,62670070,2024-07-13 10:06:26.178,2024-07-13 10:06:26.178,40002,UTC+0200,64Z1605Zgy,com.sec.android.app.shealth,2024-07-13 04:26:00.000,0bfe4bf2-a234-4c6a-a8eb-cd007911bff3,
62670070,2024-07-13 04:26:00.000,4fed45b4-f5fc-4790-a8a1-376da5efccd6,,62670070,2024-07-13 10:06:26.181,2024-07-13 10:06:26.181,40001,UTC+0200,64Z1605Zgy,com.sec.android.app.shealth,2024-07-13 04:34:00.000,a7da8e24-71b4-4537-9b99-a9a6ca2d65aa,
62670070,2024-07-13 04:34:00.000,4fed45b4-f5fc-4790-a8a1-376da5efccd6,,62670070,2024-07-13 10:06:26.182,2024-07-13 10:06:26.182,40002,UTC+0200,64Z1605Zgy,com.sec.android.app.shealth,2024-07-13 04:54:00.000,fe28bf28-6f13-47b0-9358-103193b35623,
62670070,2024-07-13 04:54:00.000,4fed45b4-f5fc-4790-a8a1-376da5efccd6,,62670070,2024-07-13 10:06:26.183,2024-07-13 10:06:26.183,40004,UTC+0200,64Z1605Zgy,com.sec.android.app.shealth,2024-07-13 04:55:00.000,261bb768-da9c-4981-9cb4-9c15c67ecb2d,
62670070,2024-07-13 04:55:00.000,4fed45b4-f5fc-4790-a8a1-376da5efccd6,,62670070,2024-07-13 10:06:26.184,2024-07-13 10:06:26.184,40001,UTC+0200,64Z1605Zgy,com.sec.android.app.shealth,2024-07-13 04:56:00.000,7d0d0b44-2aee-4e95-9d15-dde083beef03,
62670070,2024-07-13 04:56:00.000,4fed45b4-f5fc-4790-a8a1-376da5efccd6,,62670070,2024-07-13 10:06:26.184,2024-07-13 10:06:26.184,40002,UTC+0200,64Z1605Zgy,com.sec.android.app.shealth,2024-07-13 05:13:00.000,ad2cbe34-786d-4772-8a00-703d0b8d2bce,
62670070,2024-07-13 05:13:00.000,4fed45b4-f5fc-4790-a8a1-376da5efccd6,,62670070,2024-07-13 10:06:26.185,2024-07-13 10:06:26.185,40001,UTC+0200,64Z1605Zgy,com.sec.android.app.shealth,2024-07-13 05:15:00.000,5f9b58b6-1c66-4dd7-8db6-5f830abbf7f6,
62670070,2024-07-13 05:15:00.000,4fed45b4-f5fc-4790-a8a1-376da5efccd6,,62670070,2024-07-13 10:06:26.185,2024-07-13 10:06:26.185,40002,UTC+0200,64Z1605Zgy,com.sec.android.app.shealth,2024-07-13 05:25:00.000,ce7812b4-1afb-441f-bf66-93dcd9418db1,
62670070,2024-07-13 05:25:00.000,4fed45b4-f5fc-4790-a8a1-376da5efccd6,,62670070,2024-07-13 10:06:26.186,2024-07-13 10:06:26.186,40004,UTC+0200,64Z1605Zgy,com.sec.android.app.shealth,2024-07-13 05:27:00.000,8c3e59e6-9dd3-4e61-8378-38b795164054,
62670070,2024-07-13 05:27:00.000,4fed45b4-f5fc-4790-a8a1-376da5efccd6,,62670070,2024-07-13 10:06:26.187,2024-07-13 10:06:26.187,40002,UTC+0200,64Z1605Zgy,com.sec.android.app.shealth,2024-07-13 05:29:00.000,3646b8f4-62f3-4dd3-acb5-eeb8d4ef0a9e,
62670070,2024-07-13 05:29:00.000,4fed45b4-f5fc-4790-a8a1-376da5efccd6,,62670070,2024-07-13 10:06:26.187,2024-07-13 10:06:26.187,40004,UTC+0200,64Z1605Zgy,com.sec.android.app.shealth,2024-07-13 05:31:00.000,a0fb5839-8898-4552-b143-b07a66c6fb97,
62670070,2024-07-13 05:31:00.000,4fed45b4-f5fc-4790-a8a1-376da5efccd6,,62670070,2024-07-13 10:06:26.188,2024-07-13 10:06:26.188,40002,UTC+0200,64Z1605Zgy,com.sec.android.app.shealth,2024-07-13 05:42:00.000,1db51444-f834-4c2a-95ab-68b035a424a9,
62670070,2024-07-13 05:42:00.000,4fed45b4-f5fc-4790-a8a1-376da5efccd6,,62670070,2024-07-13 10:06:26.188,2024-07-13 10:06:26.188,40001,UTC+0200,64Z1605Zgy,com.sec.android.app.shealth,2024-07-13 05:44:00.000,23e3996e-02f6-4da2-a72c-d8570f66fa44,
62670070,2024-07-13 05:44:00.000,4fed45b4-f5fc-4790-a8a1-376da5efccd6,,62670070,2024-07-13 10:06:26.189,2024-07-13 10:06:26.189,40002,UTC+0200,64Z1605Zgy,com.sec.android.app.shealth,2024-07-13 06:18:00.000,04178667-0737-482b-a501-1988f4ac878e,
62670070,2024-07-13 06:18:00.000,4fed45b4-f5fc-4790-a8a1-376da5efccd6,,62670070,2024-07-13 10:06:26.189,2024-07-13 10:06:26.189,40004,UTC+0200,64Z1605Zgy,com.sec.android.app.shealth,2024-07-13 06:22:00.000,42f38d00-25c4-457b-9fcf-fe5eda097a8f,
62670070,2024-07-13 06:22:00.000,4fed45b4-f5fc-4790-a8a1-376da5efccd6,,62670070,2024-07-13 10:06:26.192,2024-07-13 10:06:26.192,40001,UTC+0200,64Z1605Zgy,com.sec.android.app.shealth,2024-07-13 06:23:00.000,d43c4a11-1bcf-45fd-ba95-5fe30011ebdc,
62670070,2024-07-13 06:23:00.000,4fed45b4-f5fc-4790-a8a1-376da5efccd6,,62670070,2024-07-13 10:06:26.192,2024-07-13 10:06:26.192,40004,UTC+0200,64Z1605Zgy,com.sec.android.app.shealth,2024-07-13 06:39:00.000,2c4b9381-ab97-4490-b956-349ed54eaa14,
62670070,2024-07-13 06:39:00.000,4fed45b4-f5fc-4790-a8a1-376da5efccd6,,62670070,2024-07-13 10:06:26.193,2024-07-13 10:06:26.193,40001,UTC+0200,64Z1605Zgy,com.sec.android.app.shealth,2024-07-13 06:44:00.000,74d8ba97-412d-4a3f-9772-eb3f2abfa911,
62670070,2024-07-13 22:23:00.000,9b0c9ab9-2c28-4be8-aa7d-dbbbb97d7254,,62670070,2024-07-14 18:02:12.291,2024-07-14 18:02:12.291,40002,UTC+0200,64Z1605Zgy,com.sec.android.app.shealth,2024-07-13 22:32:00.000,4201fc0f-fbfa-4b7d-9fde-b936deb54979,
62670070,2024-07-13 22:32:00.000,9b0c9ab9-2c28-4be8-aa7d-dbbbb97d7254,,62670070,2024-07-14 18:02:12.291,2024-07-14 18:02:12.291,40001,UTC+0200,64Z1605Zgy,com.sec.android.app.shealth,2024-07-13 22:35:00.000,45475d9d-5924-4966-be79-05b03341da26,
62670070,2024-07-13 22:35:00.000,9b0c9ab9-2c28-4be8-aa7d-dbbbb97d7254,,62670070,2024-07-14 18:02:12.291,2024-07-14 18:02:12.291,40002,UTC+0200,64Z1605Zgy,com.sec.android.app.shealth,2024-07-13 22:40:00.000,b16e4381-e65f-466b-b560-de85faa7fd26,
62670070,2024-07-13 22:40:00.000,9b0c9ab9-2c28-4be8-aa7d-dbbbb97d7254,,62670070,2024-07-14 18:02:12.292,2024-07-14 18:02:12.292,40001,UTC+0200,64Z1605Zgy,com.sec.android.app.shealth,2024-07-13 22:41:00.000,cbab7585-b365-4f80-b6ae-47b8b048be85,
62670070,2024-07-13 22:41:00.000,9b0c9ab9-2c28-4be8-aa7d-dbbbb97d7254,,62670070,2024-07-14 18:02:12.292,2024-07-14 18:02:12.292,40002,UTC+0200,64Z1605Zgy,com.sec.android.app.shealth,2024-07-13 22:49:00.000,dc1bf547-7abc-420f-ba03-9745672644a6,
62670070,2024-07-13 22:49:00.000,9b0c9ab9-2c28-4be8-aa7d-dbbbb97d7254,,62670070,2024-07-14 18:02:12.292,2024-07-14 18:02:12.292,40003,UTC+0200,64Z1605Zgy,com.sec.android.app.shealth,2024-07-13 22:53:00.000,f729ba2c-afba-4539-a213-95dd1e211b3d,
62670070,2024-07-13 22:53:00.000,9b0c9ab9-2c28-4be8-aa7d-dbbbb97d7254,,62670070,2024-07-14 18:02:12.292,2024-07-14 18:02:12.292,40002,UTC+0200,64Z1605Zgy,com.sec.android.app.shealth,2024-07-13 23:03:00.000,a21a7259-e3b7-4e4a-8edc-f2737a65c704,
62670070,2024-07-13 23:03:00.000,9b0c9ab9-2c28-4be8-aa7d-dbbbb97d7254,,62670070,2024-07-14 18:02:12.293,2024-07-14 18:02:12.293,40001,UTC+0200,64Z1605Zgy,com.sec.android.app.shealth,2024-07-13 23:05:00.000,58fa35cc-0639-40dc-a788-f89fb20d560c,
62670070,2024-07-13 23:05:00.000,9b0c9ab9-2c28-4be8-aa7d-dbbbb97d7254,,62670070,2024-07-14 18:02:12.293,2024-07-14 18:02:12.293,40002,UTC+0200,64Z1605Zgy,com.sec.android.app.shealth,2024-07-13 23:37:00.000,e0c0c965-e9c8-48d3-b785-4f835f1725f7,
62670070,2024-07-13 23:37:00.000,9b0c9ab9-2c28-4be8-aa7d-dbbbb97d7254,,62670070,2024-07-14 18:02:12.293,2024-07-14 18:02:12.293,40001,UTC+0200,64Z1605Zgy,com.sec.android.app.shealth,2024-07-13 23:38:00.000,b6e4cf41-b9f5-4d5e-a335-366d55e84571,
62670070,2024-07-13 23:38:00.000,9b0c9ab9-2c28-4be8-aa7d-dbbbb97d7254,,62670070,2024-07-14 18:02:12.293,2024-07-14 18:02:12.293,40002,UTC+0200,64Z1605Zgy,com.sec.android.app.shealth,2024-07-13 23:56:00.000,3c45d02f-38c2-4aab-825c-ae1d93a20708,
62670070,2024-07-13 23:56:00.000,9b0c9ab9-2c28-4be8-aa7d-dbbbb97d7254,,62670070,2024-07-14 18:02:12.294,2024-07-14 18:02:12.294,40003,UTC+0200,64Z1605Zgy,com.sec.android.app.shealth,2024-07-14 00:10:00.000,452b77d5-fea2-4f50-a90f-167870081776,
62670070,2024-07-14 00:10:00.000,9b0c9ab9-2c28-4be8-aa7d-dbbbb97d7254,,62670070,2024-07-14 18:02:12.294,2024-07-14 18:02:12.294,40001,UTC+0200,64Z1605Zgy,com.sec.android.app.shealth,2024-07-14 00:24:00.000,1d16d5a3-3afa-4c50-9cbe-e9cbce583d12,
62670070,2024-07-14 00:24:00.000,9b0c9ab9-2c28-4be8-aa7d-dbbbb97d7254,,62670070,2024-07-14 18:02:12.294,2024-07-14 18:02:12.294,40002,UTC+0200,64Z1605Zgy,com.sec.android.app.shealth,2024-07-14 00:44:00.000,aecafee1-a3bf-42e1-80cc-aab8267c6c88,
62670070,2024-07-14 00:44:00.000,9b0c9ab9-2c28-4be8-aa7d-dbbbb97d7254,,62670070,2024-07-14 18:02:12.294,2024-07-14 18:02:12.294,40003,UTC+0200,64Z1605Zgy,com.sec.android.app.shealth,2024-07-14 01:04:00.000,ab0cdf0a-37a0-4ed5-b005-04a7c037a202,
62670070,2024-07-14 01:04:00.000,9b0c9ab9-2c28-4be8-aa7d-dbbbb97d7254,,62670070,2024-07-14 18:02:12.295,2024-07-14 18:02:12.295,40002,UTC+0200,64Z1605Zgy,com.sec.android.app.shealth,2024-07-14 01:05:00.000,64812094-a366-44e9-9d60-2b94fe597564,
62670070,2024-07-14 01:05:00.000,9b0c9ab9-2c28-4be8-aa7d-dbbbb97d7254,,62670070,2024-07-14 18:02:12.295,2024-07-14 18:02:12.295,40001,UTC+0200,64Z1605Zgy,com.sec.android.app.shealth,2024-07-14 01:09:00.000,43a8b818-8f10-4dd5-8a10-894e2cdd0940,
62670070,2024-07-14 01:09:00.000,9b0c9ab9-2c28-4be8-aa7d-dbbbb97d7254,,62670070,2024-07-14 18:02:12.295,2024-07-14 18:02:12.295,40002,UTC+0200,64Z1605Zgy,com.sec.android.app.shealth,2024-07-14 01:28:00.000,76e09225-03e8-4846-b22e-83cfd191871e,
62670070,2024-07-14 01:28:00.000,9b0c9ab9-2c28-4be8-aa7d-dbbbb97d7254,,62670070,2024-07-14 18:02:12.295,2024-07-14 18:02:12.295,40004,UTC+0200,64Z1605Zgy,com.sec.android.app.shealth,2024-07-14 01:29:00.000,5b35ab10-d2f0-42a5-8dcd-8053d2128cd2,
62670070,2024-07-14 01:29:00.000,9b0c9ab9-2c28-4be8-aa7d-dbbbb97d7254,,62670070,2024-07-14 18:02:12.296,2024-07-14 18:02:12.296,40002,UTC+0200,64Z1605Zgy,com.sec.android.app.shealth,2024-07-14 01:30:00.000,0560b525-f914-4745-9135-42ef1dca3017,
62670070,2024-07-14 01:30:00.000,9b0c9ab9-2c28-4be8-aa7d-dbbbb97d7254,,62670070,2024-07-14 18:02:12.296,2024-07-14 18:02:12.296,40004,UTC+0200,64Z1605Zgy,com.sec.android.app.shealth,2024-07-14 01:31:00.000,de7b0fc4-7e83-4f07-9f97-0e32fb46d778,
62670070,2024-07-14 01:31:00.000,9b0c9ab9-2c28-4be8-aa7d-dbbbb97d7254,,62670070,2024-07-14 18:02:12.296,2024-07-14 18:02:12.296,40002,UTC+0200,64Z1605Zgy,com.sec.android.app.shealth,2024-07-14 01:43:00.000,e88dd901-af2d-4dc1-bec9-e513fbd0f0b6,
62670070,2024-07-14 01:43:00.000,9b0c9ab9-2c28-4be8-aa7d-dbbbb97d7254,,62670070,2024-07-14 18:02:12.297,2024-07-14 18:02:12.297,40001,UTC+0200,64Z1605Zgy,com.sec.android.app.shealth,2024-07-14 01:44:00.000,1ad42160-22f0-4d0f-beb0-19358630bedb,
62670070,2024-07-14 01:44:00.000,9b0c9ab9-2c28-4be8-aa7d-dbbbb97d7254,,62670070,2024-07-14 18:02:12.297,2024-07-14 18:02:12.297,40002,UTC+0200,64Z1605Zgy,com.sec.android.app.shealth,2024-07-14 01:57:00.000,83209ae3-fd4a-43b7-8f5d-207bd865869a,
62670070,2024-07-14 01:57:00.000,9b0c9ab9-2c28-4be8-aa7d-dbbbb97d7254,,62670070,2024-07-14 18:02:12.297,2024-07-14 18:02:12.297,40001,UTC+0200,64Z1605Zgy,com.sec.android.app.shealth,2024-07-14 01:59:00.000,f5dd6906-db63-44b0-b636-09eaadbbd5c2,
62670070,2024-07-14 01:59:00.000,9b0c9ab9-2c28-4be8-aa7d-dbbbb97d7254,,62670070,2024-07-14 18:02:12.297,2024-07-14 18:02:12.297,40002,UTC+0200,64Z1605Zgy,com.sec.android.app.shealth,2024-07-14 02:28:00.000,0faa7d21-cf5c-40ca-9d62-d654e6d402a1,
62670070,2024-07-14 02:28:00.000,9b0c9ab9-2c28-4be8-aa7d-dbbbb97d7254,,62670070,2024-07-14 18:02:12.297,2024-07-14 18:02:12.297,40001,UTC+0200,64Z1605Zgy,com.sec.android.app.shealth,2024-07-14 02:29:00.000,7437df6f-64ad-41d8-a565-aab52c7327be,
62670070,2024-07-14 02:29:00.000,9b0c9ab9-2c28-4be8-aa7d-dbbbb97d7254,,62670070,2024-07-14 18:02:12.298,2024-07-14 18:02:12.298,40002,UTC+0200,64Z1605Zgy,com.sec.android.app.shealth,2024-07-14 02:34:00.000,6cd2a6b9-1df1-441b-aa90-1380f92b8214,
62670070,2024-07-14 02:34:00.000,9b0c9ab9-2c28-4be8-aa7d-dbbbb97d7254,,62670070,2024-07-14 18:02:12.298,2024-07-14 18:02:12.298,40001,UTC+0200,64Z1605Zgy,com.sec.android.app.shealth,2024-07-14 02:35:00.000,00bcde74-f7e6-45cc-82dd-e32ab265a05a,
62670070,2024-07-14 02:35:00.000,9b0c9ab9-2c28-4be8-aa7d-dbbbb97d7254,,62670070,2024-07-14 18:02:12.298,2024-07-14 18:02:12.298,40002,UTC+0200,64Z1605Zgy,com.sec.android.app.shealth,2024-07-14 02:46:00.000,9095ab92-a60d-4d88-b62b-6617319f5994,
62670070,2024-07-14 02:46:00.000,9b0c9ab9-2c28-4be8-aa7d-dbbbb97d7254,,62670070,2024-07-14 18:02:12.298,2024-07-14 18:02:12.298,40001,UTC+0200,64Z1605Zgy,com.sec.android.app.shealth,2024-07-14 02:47:00.000,3517b4ad-3c0c-476c-a001-f1836c1280bf,
62670070,2024-07-14 02:47:00.000,9b0c9ab9-2c28-4be8-aa7d-dbbbb97d7254,,62670070,2024-07-14 18:02:12.298,2024-07-14 18:02:12.298,40002,UTC+0200,64Z1605Zgy,com.sec.android.app.shealth,2024-07-14 02:58:00.000,c0272737-d6ec-44e2-a198-4a83f55908c5,
62670070,2024-07-14 02:58:00.000,9b0c9ab9-2c28-4be8-aa7d-dbbbb97d7254,,62670070,2024-07-14 18:02:12.298,2024-07-14 18:02:12.298,40001,UTC+0200,64Z1605Zgy,com.sec.android.app.shealth,2024-07-14 02:59:00.000,7d2a7f55-52d5-4859-a4dc-5859b47c9e10,
62670070,2024-07-14 02:59:00.000,9b0c9ab9-2c28-4be8-aa7d-dbbbb97d7254,,62670070,2024-07-14 18:02:12.299,2024-07-14 18:02:12.299,40002,UTC+0200,64Z1605Zgy,com.sec.android.app.shealth,2024-07-14 03:21:00.000,7345ac03-a6f2-4da2-aacf-f8201d1c750a,
62670070,2024-07-14 03:21:00.000,9b0c9ab9-2c28-4be8-aa7d-dbbbb97d7254,,62670070,2024-07-14 18:02:12.299,2024-07-14 18:02:12.299,40004,UTC+0200,64Z1605Zgy,com.sec.android.app.shealth,2024-07-14 03:42:00.000,5bcccd96-3fc6-47b9-abe6-2aa39e0b1dc1,
62670070,2024-07-14 03:42:00.000,9b0c9ab9-2c28-4be8-aa7d-dbbbb97d7254,,62670070,2024-07-14 18:02:12.299,2024-07-14 18:02:12.299,40002,UTC+0200,64Z1605Zgy,com.sec.android.app.shealth,2024-07-14 03:43:00.000,f8429d9b-9525-4be7-b0a4-69457688b15c,
62670070,2024-07-14 03:43:00.000,9b0c9ab9-2c28-4be8-aa7d-dbbbb97d7254,,62670070,2024-07-14 18:02:12.299,2024-07-14 18:02:12.299,40004,UTC+0200,64Z1605Zgy,com.sec.android.app.shealth,2024-07-14 03:45:00.000,1c15381c-6c98-4822-bf85-eddb388819de,
62670070,2024-07-14 03:45:00.000,9b0c9ab9-2c28-4be8-aa7d-dbbbb97d7254,,62670070,2024-07-14 18:02:12.300,2024-07-14 18:02:12.300,40002,UTC+0200,64Z1605Zgy,com.sec.android.app.shealth,2024-07-14 04:22:00.000,79830dd1-6509-4920-b996-2b7f78727af6,
62670070,2024-07-14 04:22:00.000,9b0c9ab9-2c28-4be8-aa7d-dbbbb97d7254,,62670070,2024-07-14 18:02:12.300,2024-07-14 18:02:12.300,40003,UTC+0200,64Z1605Zgy,com.sec.android.app.shealth,2024-07-14 04:25:00.000,fabdb242-2327-4b2c-9a40-234fc6f200d1,
62670070,2024-07-14 04:25:00.000,9b0c9ab9-2c28-4be8-aa7d-dbbbb97d7254,,62670070,2024-07-14 18:02:12.300,2024-07-14 18:02:12.300,40002,UTC+0200,64Z1605Zgy,com.sec.android.app.shealth,2024-07-14 04:26:00.000,8eff5462-867f-483b-9922-705457a0e4a3,
62670070,2024-07-14 04:26:00.000,9b0c9ab9-2c28-4be8-aa7d-dbbbb97d7254,,62670070,2024-07-14 18:02:12.300,2024-07-14 18:02:12.300,40003,UTC+0200,64Z1605Zgy,com.sec.android.app.shealth,2024-07-14 04:27:00.000,096494fd-d86e-48a4-8231-8ec4fc00cd2f,
62670070,2024-07-14 04:27:00.000,9b0c9ab9-2c28-4be8-aa7d-dbbbb97d7254,,62670070,2024-07-14 18:02:12.300,2024-07-14 18:02:12.300,40002,UTC+0200,64Z1605Zgy,com.sec.android.app.shealth,2024-07-14 04:31:00.000,4bf730d6-6d8f-4e53-96e9-31b6a9195ed5,
62670070,2024-07-14 04:31:00.000,9b0c9ab9-2c28-4be8-aa7d-dbbbb97d7254,,62670070,2024-07-14 18:02:12.301,2024-07-14 18:02:12.301,40003,UTC+0200,64Z1605Zgy,com.sec.android.app.shealth,2024-07-14 04:38:00.000,b8c19fb8-9205-4dab-bbe9-74a7c437ecda,
62670070,2024-07-14 04:38:00.000,9b0c9ab9-2c28-4be8-aa7d-dbbbb97d7254,,62670070,2024-07-14 18:02:12.301,2024-07-14 18:02:12.301,40004,UTC+0200,64Z1605Zgy,com.sec.android.app.shealth,2024-07-14 05:08:00.000,e672b294-ce75-4854-97a0-133b652172b8,
62670070,2024-07-14 05:08:00.000,9b0c9ab9-2c28-4be8-aa7d-dbbbb97d7254,,62670070,2024-07-14 18:02:12.301,2024-07-14 18:02:12.301,40002,UTC+0200,64Z1605Zgy,com.sec.android.app.shealth,2024-07-14 05:09:00.000,6d3592f1-ba39-4fac-b013-d935aecf5eee,
62670070,2024-07-14 05:09:00.000,9b0c9ab9-2c28-4be8-aa7d-dbbbb97d7254,,62670070,2024-07-14 18:02:12.301,2024-07-14 18:02:12.301,40004,UTC+0200,64Z1605Zgy,com.sec.android.app.shealth,2024-07-14 05:10:00.000,29640cb6-34c0-4e9d-bb6a-e2b7a20b5a91,
62670070,2024-07-14 05:10:00.000,9b0c9ab9-2c28-4be8-aa7d-dbbbb97d7254,,62670070,2024-07-14 18:02:12.302,2024-07-14 18:02:12.302,40002,UTC+0200,64Z1605Zgy,com.sec.android.app.shealth,2024-07-14 05:11:00.000,cb394dd8-8fd2-4bef-9d5f-17ed2bc34483,
62670070,2024-07-14 05:11:00.000,9b0c9ab9-2c28-4be8-aa7d-dbbbb97d7254,,62670070,2024-07-14 18:02:12.302,2024-07-14 18:02:12.302,40004,UTC+0200,64Z1605Zgy,com.sec.android.app.shealth,2024-07-14 05:12:00.000,467d6823-ddf0-4c5c-9820-b750a08119a1,
62670070,2024-07-14 05:12:00.000,9b0c9ab9-2c28-4be8-aa7d-dbbbb97d7254,,62670070,2024-07-14 18:02:12.302,2024-07-14 18:02:12.302,40001,UTC+0200,64Z1605Zgy,com.sec.android.app.shealth,2024-07-14 05:13:00.000,1e87985e-a8a3-4777-bad7-05885cd7a807,
62670070,2024-07-14 05:13:00.000,9b0c9ab9-2c28-4be8-aa7d-dbbbb97d7254,,62670070,2024-07-14 18:02:12.302,2024-07-14 18:02:12.302,40002,UTC+0200,64Z1605Zgy,com.sec.android.app.shealth,2024-07-14 05:37:00.000,7fdb7e41-a676-4fee-8b30-11ad88dbf42f,
62670070,2024-07-14 05:37:00.000,9b0c9ab9-2c28-4be8-aa7d-dbbbb97d7254,,62670070,2024-07-14 18:02:12.303,2024-07-14 18:02:12.303,40003,UTC+0200,64Z1605Zgy,com.sec.android.app.shealth,2024-07-14 05:39:00.000,8be3f76a-ea2f-45b8-ae19-44349bc0ace4,
62670070,2024-07-14 05:39:00.000,9b0c9ab9-2c28-4be8-aa7d-dbbbb97d7254,,62670070,2024-07-14 18:02:12.303,2024-07-14 18:02:12.303,40001,UTC+0200,64Z1605Zgy,com.sec.android.app.shealth,2024-07-14 05:40:00.000,5dda746b-6aba-44ba-baf2-58ed0aaaf14d,
62670070,2024-07-14 05:40:00.000,9b0c9ab9-2c28-4be8-aa7d-dbbbb97d7254,,62670070,2024-07-14 18:02:12.303,2024-07-14 18:02:12.303,40002,UTC+0200,64Z1605Zgy,com.sec.android.app.shealth,2024-07-14 05:44:00.000,45bf1205-c27c-4169-ab6d-1fae7932d0a7,
62670070,2024-07-14 05:44:00.000,9b0c9ab9-2c28-4be8-aa7d-dbbbb97d7254,,62670070,2024-07-14 18:02:12.303,2024-07-14 18:02:12.303,40001,UTC+0200,64Z1605Zgy,com.sec.android.app.shealth,2024-07-14 05:46:00.000,3b29d1cf-4c3f-4485-9ad6-455596994437,
62701610,2024-07-15 23:21:00.000,53c1a705-dd82-44f4-94b0-52aa44813630,,62701610,2024-07-16 08:28:12.348,2024-07-16 08:28:12.348,40002,UTC+0200,64Z1605Zgy,com.sec.android.app.shealth,2024-07-15 23:27:00.000,cbb0ce12-0055-41d3-81f5-42cdb7613ff4,
62701610,2024-07-15 23:27:00.000,53c1a705-dd82-44f4-94b0-52aa44813630,,62701610,2024-07-16 08:28:12.349,2024-07-16 08:28:12.349,40003,UTC+0200,64Z1605Zgy,com.sec.android.app.shealth,2024-07-15 23:45:00.000,94c9680e-63a2-4b34-a31a-7cc48ea85109,
62701610,2024-07-15 23:45:00.000,53c1a705-dd82-44f4-94b0-52aa44813630,,62701610,2024-07-16 08:28:12.350,2024-07-16 08:28:12.350,40001,UTC+0200,64Z1605Zgy,com.sec.android.app.shealth,2024-07-15 23:46:00.000,9a63f48c-1be3-45d6-8c4e-696afdcdd441,
62701610,2024-07-15 23:46:00.000,53c1a705-dd82-44f4-94b0-52aa44813630,,62701610,2024-07-16 08:28:12.351,2024-07-16 08:28:12.351,40002,UTC+0200,64Z1605Zgy,com.sec.android.app.shealth,2024-07-16 00:15:00.000,bd625ef0-ee41-4f0f-8c1c-344af2f9b81a,
62701610,2024-07-16 00:15:00.000,53c1a705-dd82-44f4-94b0-52aa44813630,,62701610,2024-07-16 08:28:12.355,2024-07-16 08:28:12.355,40001,UTC+0200,64Z1605Zgy,com.sec.android.app.shealth,2024-07-16 00:16:00.000,d5184ebd-3200-4950-8d5c-5bac46ee6c80,
62701610,2024-07-16 00:16:00.000,53c1a705-dd82-44f4-94b0-52aa44813630,,62701610,2024-07-16 08:28:12.356,2024-07-16 08:28:12.356,40002,UTC+0200,64Z1605Zgy,com.sec.android.app.shealth,2024-07-16 00:27:00.000,33d1f18b-26bf-4fa9-a81d-ec2070847b3c,
62701610,2024-07-16 00:27:00.000,53c1a705-dd82-44f4-94b0-52aa44813630,,62701610,2024-07-16 08:28:12.357,2024-07-16 08:28:12.357,40001,UTC+0200,64Z1605Zgy,com.sec.android.app.shealth,2024-07-16 00:28:00.000,866c86f0-74c0-4941-9c38-738076808313,
62701610,2024-07-16 00:28:00.000,53c1a705-dd82-44f4-94b0-52aa44813630,,62701610,2024-07-16 08:28:12.358,2024-07-16 08:28:12.358,40002,UTC+0200,64Z1605Zgy,com.sec.android.app.shealth,2024-07-16 00:45:00.000,7a4c4e16-ab09-4c8e-b797-ac74536eaf02,
62701610,2024-07-16 00:45:00.000,53c1a705-dd82-44f4-94b0-52aa44813630,,62701610,2024-07-16 08:28:12.358,2024-07-16 08:28:12.358,40001,UTC+0200,64Z1605Zgy,com.sec.android.app.shealth,2024-07-16 00:46:00.000,55540538-0522-424f-bdeb-73b9c245c273,
62701610,2024-07-16 00:46:00.000,53c1a705-dd82-44f4-94b0-52aa44813630,,62701610,2024-07-16 08:28:12.359,2024-07-16 08:28:12.359,40002,UTC+0200,64Z1605Zgy,com.sec.android.app.shealth,2024-07-16 01:02:00.000,5021d746-eada-42b3-a8ba-1c2c29e2525a,
62701610,2024-07-16 01:02:00.000,53c1a705-dd82-44f4-94b0-52aa44813630,,62701610,2024-07-16 08:28:12.361,2024-07-16 08:28:12.361,40003,UTC+0200,64Z1605Zgy,com.sec.android.app.shealth,2024-07-16 01:12:00.000,6daedeb5-2566-4c9b-86df-016c0893b5a4,
62701610,2024-07-16 01:12:00.000,53c1a705-dd82-44f4-94b0-52aa44813630,,62701610,2024-07-16 08:28:12.362,2024-07-16 08:28:12.362,40002,UTC+0200,64Z1605Zgy,com.sec.android.app.shealth,2024-07-16 01:16:00.000,b2d358a9-bf85-4884-a425-89d14f93af5b,
62701610,2024-07-16 01:16:00.000,53c1a705-dd82-44f4-94b0-52aa44813630,,62701610,2024-07-16 08:28:12.363,2024-07-16 08:28:12.363,40003,UTC+0200,64Z1605Zgy,com.sec.android.app.shealth,2024-07-16 01:26:00.000,4cab46bf-a113-4610-9649-cccba6e16f22,
62701610,2024-07-16 01:26:00.000,53c1a705-dd82-44f4-94b0-52aa44813630,,62701610,2024-07-16 08:28:12.364,2024-07-16 08:28:12.364,40002,UTC+0200,64Z1605Zgy,com.sec.android.app.shealth,2024-07-16 01:56:00.000,04acdf03-c1f3-4401-aca7-3970c2dbdd46,
62701610,2024-07-16 01:56:00.000,53c1a705-dd82-44f4-94b0-52aa44813630,,62701610,2024-07-16 08:28:12.365,2024-07-16 08:28:12.365,40001,UTC+0200,64Z1605Zgy,com.sec.android.app.shealth,2024-07-16 01:57:00.000,6c2621b9-6b77-4d19-ad55-65b4b748cd29,
62701610,2024-07-16 01:57:00.000,53c1a705-dd82-44f4-94b0-52aa44813630,,62701610,2024-07-16 08:28:12.368,2024-07-16 08:28:12.368,40002,UTC+0200,64Z1605Zgy,com.sec.android.app.shealth,2024-07-16 02:01:00.000,a28274da-fd53-4c96-8869-b2af1a079a0c,
62701610,2024-07-16 02:01:00.000,53c1a705-dd82-44f4-94b0-52aa44813630,,62701610,2024-07-16 08:28:12.372,2024-07-16 08:28:12.372,40001,UTC+0200,64Z1605Zgy,com.sec.android.app.shealth,2024-07-16 02:02:00.000,7deb7ad7-c213-43e4-8e82-1fc7649eac52,
62701610,2024-07-16 02:02:00.000,53c1a705-dd82-44f4-94b0-52aa44813630,,62701610,2024-07-16 08:28:12.380,2024-07-16 08:28:12.380,40002,UTC+0200,64Z1605Zgy,com.sec.android.app.shealth,2024-07-16 02:11:00.000,a87def1c-620d-4397-9f39-57d72b362ce8,
62701610,2024-07-16 02:11:00.000,53c1a705-dd82-44f4-94b0-52aa44813630,,62701610,2024-07-16 08:28:12.385,2024-07-16 08:28:12.385,40001,UTC+0200,64Z1605Zgy,com.sec.android.app.shealth,2024-07-16 02:14:00.000,4afe7fde-52ca-4ea7-8df9-44e534621ad5,
62701610,2024-07-16 02:14:00.000,53c1a705-dd82-44f4-94b0-52aa44813630,,62701610,2024-07-16 08:28:12.387,2024-07-16 08:28:12.387,40002,UTC+0200,64Z1605Zgy,com.sec.android.app.shealth,2024-07-16 02:18:00.000,e255b514-3e53-4c72-b024-42cd6f93221f,
62701610,2024-07-16 02:18:00.000,53c1a705-dd82-44f4-94b0-52aa44813630,,62701610,2024-07-16 08:28:12.389,2024-07-16 08:28:12.389,40001,UTC+0200,64Z1605Zgy,com.sec.android.app.shealth,2024-07-16 02:19:00.000,fd574904-7a63-4c86-abc1-25c4e5c29283,
62701610,2024-07-16 02:19:00.000,53c1a705-dd82-44f4-94b0-52aa44813630,,62701610,2024-07-16 08:28:12.392,2024-07-16 08:28:12.392,40002,UTC+0200,64Z1605Zgy,com.sec.android.app.shealth,2024-07-16 03:16:00.000,560f5453-6f97-45bd-beb6-5a742aa88395,
62701610,2024-07-16 03:16:00.000,53c1a705-dd82-44f4-94b0-52aa44813630,,62701610,2024-07-16 08:28:12.395,2024-07-16 08:28:12.395,40003,UTC+0200,64Z1605Zgy,com.sec.android.app.shealth,2024-07-16 03:35:00.000,1b5125ee-a164-4fdf-b451-b08019065789,
62701610,2024-07-16 03:35:00.000,53c1a705-dd82-44f4-94b0-52aa44813630,,62701610,2024-07-16 08:28:12.398,2024-07-16 08:28:12.398,40002,UTC+0200,64Z1605Zgy,com.sec.android.app.shealth,2024-07-16 03:59:00.000,0c876da5-5484-4645-b8a2-3ca998b0ce00,
62701610,2024-07-16 03:59:00.000,53c1a705-dd82-44f4-94b0-52aa44813630,,62701610,2024-07-16 08:28:12.401,2024-07-16 08:28:12.401,40004,UTC+0200,64Z1605Zgy,com.sec.android.app.shealth,2024-07-16 04:00:00.000,71bd7743-30e5-4a48-a650-5eef0158835b,
62701610,2024-07-16 04:00:00.000,53c1a705-dd82-44f4-94b0-52aa44813630,,62701610,2024-07-16 08:28:12.404,2024-07-16 08:28:12.404,40002,UTC+0200,64Z1605Zgy,com.sec.android.app.shealth,2024-07-16 04:02:00.000,505eb0bf-8001-46cf-a228-dedba6febde7,
62701610,2024-07-16 04:02:00.000,53c1a705-dd82-44f4-94b0-52aa44813630,,62701610,2024-07-16 08:28:12.405,2024-07-16 08:28:12.405,40004,UTC+0200,64Z1605Zgy,com.sec.android.app.shealth,2024-07-16 04:32:00.000,122e8348-2a6e-4281-a41d-3c7e09e6eb19,
62701610,2024-07-16 04:32:00.000,53c1a705-dd82-44f4-94b0-52aa44813630,,62701610,2024-07-16 08:28:12.408,2024-07-16 08:28:12.408,40001,UTC+0200,64Z1605Zgy,com.sec.android.app.shealth,2024-07-16 04:33:00.000,1560f6e0-b54a-4096-8d16-34a1288c3d6c,
62701610,2024-07-16 04:33:00.000,53c1a705-dd82-44f4-94b0-52aa44813630,,62701610,2024-07-16 08:28:12.410,2024-07-16 08:28:12.410,40002,UTC+0200,64Z1605Zgy,com.sec.android.app.shealth,2024-07-16 04:38:00.000,a365e16d-095d-41cd-aee4-7fe5ce0d4350,
62701610,2024-07-16 04:38:00.000,53c1a705-dd82-44f4-94b0-52aa44813630,,62701610,2024-07-16 08:28:12.419,2024-07-16 08:28:12.419,40004,UTC+0200,64Z1605Zgy,com.sec.android.app.shealth,2024-07-16 04:39:00.000,7b32b19c-05e4-478d-8529-f71dc5041b11,
62701610,2024-07-16 04:39:00.000,53c1a705-dd82-44f4-94b0-52aa44813630,,62701610,2024-07-16 08:28:12.421,2024-07-16 08:28:12.421,40001,UTC+0200,64Z1605Zgy,com.sec.android.app.shealth,2024-07-16 04:40:00.000,af4c99f3-a99b-400d-8aaf-83f0cda559db,
62701610,2024-07-16 04:40:00.000,53c1a705-dd82-44f4-94b0-52aa44813630,,62701610,2024-07-16 08:28:12.422,2024-07-16 08:28:12.422,40002,UTC+0200,64Z1605Zgy,com.sec.android.app.shealth,2024-07-16 05:01:00.000,97b15e5c-412d-4cde-b2ae-27801fc0a3b3,
62701610,2024-07-16 05:01:00.000,53c1a705-dd82-44f4-94b0-52aa44813630,,62701610,2024-07-16 08:28:12.430,2024-07-16 08:28:12.430,40001,UTC+0200,64Z1605Zgy,com.sec.android.app.shealth,2024-07-16 05:04:00.000,6cc213cd-5e1d-4ad3-8bc9-3b776877cf9b,
62701610,2024-07-16 05:04:00.000,53c1a705-dd82-44f4-94b0-52aa44813630,,62701610,2024-07-16 08:28:12.432,2024-07-16 08:28:12.432,40002,UTC+0200,64Z1605Zgy,com.sec.android.app.shealth,2024-07-16 05:31:00.000,94e70e7a-9a8f-44ea-b75a-4bdfcc4beab0,
62701610,2024-07-16 05:31:00.000,53c1a705-dd82-44f4-94b0-52aa44813630,,62701610,2024-07-16 08:28:12.433,2024-07-16 08:28:12.433,40004,UTC+0200,64Z1605Zgy,com.sec.android.app.shealth,2024-07-16 05:33:00.000,2ab96a91-0bbb-4e45-8dad-3f5a8bf52dc7,
62701610,2024-07-16 05:33:00.000,53c1a705-dd82-44f4-94b0-52aa44813630,,62701610,2024-07-16 08:28:12.434,2024-07-16 08:28:12.434,40002,UTC+0200,64Z1605Zgy,com.sec.android.app.shealth,2024-07-16 05:35:00.000,5366454f-baa2-433e-a6a1-48821df5acde,
62701610,2024-07-16 05:35:00.000,53c1a705-dd82-44f4-94b0-52aa44813630,,62701610,2024-07-16 08:28:12.435,2024-07-16 08:28:12.435,40001,UTC+0200,64Z1605Zgy,com.sec.android.app.shealth,2024-07-16 05:37:00.000,e838d464-8074-47c1-86db-5a7c9728148f,
62701610,2024-07-16 05:37:00.000,53c1a705-dd82-44f4-94b0-52aa44813630,,62701610,2024-07-16 08:28:12.436,2024-07-16 08:28:12.436,40002,UTC+0200,64Z1605Zgy,com.sec.android.app.shealth,2024-07-16 05:39:00.000,b1e30cb7-812a-4058-87e3-eec9ede5221f,
62701610,2024-07-16 05:39:00.000,53c1a705-dd82-44f4-94b0-52aa44813630,,62701610,2024-07-16 08:28:12.437,2024-07-16 08:28:12.437,40001,UTC+0200,64Z1605Zgy,com.sec.android.app.shealth,2024-07-16 05:41:00.000,3935884c-9396-4bd7-bfd7-3fa69ac0d300,
62701610,2024-07-17 21:17:00.000,3c5c4590-2925-42c6-90b5-cef7f260e894,,62701610,2024-07-18 05:11:16.538,2024-07-18 05:11:16.538,40002,UTC+0200,64Z1605Zgy,com.sec.android.app.shealth,2024-07-17 21:46:00.000,ae9b5439-61bb-4a68-80a4-4939560eea1d,
62701610,2024-07-17 21:46:00.000,3c5c4590-2925-42c6-90b5-cef7f260e894,,62701610,2024-07-18 05:11:16.539,2024-07-18 05:11:16.539,40001,UTC+0200,64Z1605Zgy,com.sec.android.app.shealth,2024-07-17 21:50:00.000,c9f5a532-0f2e-4031-9516-0d70fd96584c,
62701610,2024-07-17 21:50:00.000,3c5c4590-2925-42c6-90b5-cef7f260e894,,62701610,2024-07-18 05:11:16.539,2024-07-18 05:11:16.539,40002,UTC+0200,64Z1605Zgy,com.sec.android.app.shealth,2024-07-17 21:57:00.000,af379061-3a05-46ed-837b-b6741a71136a,
62701610,2024-07-17 21:57:00.000,3c5c4590-2925-42c6-90b5-cef7f260e894,,62701610,2024-07-18 05:11:16.539,2024-07-18 05:11:16.539,40001,UTC+0200,64Z1605Zgy,com.sec.android.app.shealth,2024-07-17 21:58:00.000,19473e8f-bc92-43a5-8137-89445fdadc02,
62701610,2024-07-17 21:58:00.000,3c5c4590-2925-42c6-90b5-cef7f260e894,,62701610,2024-07-18 05:11:16.540,2024-07-18 05:11:16.540,40002,UTC+0200,64Z1605Zgy,com.sec.android.app.shealth,2024-07-17 22:00:00.000,75e4dfc7-038d-4b55-8888-8613668a063c,
62701610,2024-07-17 22:00:00.000,3c5c4590-2925-42c6-90b5-cef7f260e894,,62701610,2024-07-18 05:11:16.540,2024-07-18 05:11:16.540,40001,UTC+0200,64Z1605Zgy,com.sec.android.app.shealth,2024-07-17 22:05:00.000,fd6e9797-8301-475c-aa4c-ba8ffe0163df,
62701610,2024-07-17 22:05:00.000,3c5c4590-2925-42c6-90b5-cef7f260e894,,62701610,2024-07-18 05:11:16.540,2024-07-18 05:11:16.540,40002,UTC+0200,64Z1605Zgy,com.sec.android.app.shealth,2024-07-17 22:18:00.000,65fdecc2-befe-40be-826b-ee5b5b7ee0e6,
62701610,2024-07-17 22:18:00.000,3c5c4590-2925-42c6-90b5-cef7f260e894,,62701610,2024-07-18 05:11:16.541,2024-07-18 05:11:16.541,40001,UTC+0200,64Z1605Zgy,com.sec.android.app.shealth,2024-07-17 22:20:00.000,89ea436e-4424-46c6-90b3-eeced67919b9,
62701610,2024-07-17 22:20:00.000,3c5c4590-2925-42c6-90b5-cef7f260e894,,62701610,2024-07-18 05:11:16.541,2024-07-18 05:11:16.541,40002,UTC+0200,64Z1605Zgy,com.sec.android.app.shealth,2024-07-17 22:34:00.000,5dae50d7-75e7-4485-aa56-79570c433c9f,
62701610,2024-07-17 22:34:00.000,3c5c4590-2925-42c6-90b5-cef7f260e894,,62701610,2024-07-18 05:11:16.541,2024-07-18 05:11:16.541,40003,UTC+0200,64Z1605Zgy,com.sec.android.app.shealth,2024-07-17 22:52:00.000,b9522695-0cb9-46dd-988d-758b15160055,
62701610,2024-07-17 22:52:00.000,3c5c4590-2925-42c6-90b5-cef7f260e894,,62701610,2024-07-18 05:11:16.541,2024-07-18 05:11:16.541,40002,UTC+0200,64Z1605Zgy,com.sec.android.app.shealth,2024-07-17 23:04:00.000,093ebe49-970c-4be0-a572-54caa831b148,
62701610,2024-07-17 23:04:00.000,3c5c4590-2925-42c6-90b5-cef7f260e894,,62701610,2024-07-18 05:11:16.542,2024-07-18 05:11:16.542,40001,UTC+0200,64Z1605Zgy,com.sec.android.app.shealth,2024-07-17 23:05:00.000,663632c3-d082-4fba-8fb6-50f770f77225,
62701610,2024-07-17 23:05:00.000,3c5c4590-2925-42c6-90b5-cef7f260e894,,62701610,2024-07-18 05:11:16.542,2024-07-18 05:11:16.542,40002,UTC+0200,64Z1605Zgy,com.sec.android.app.shealth,2024-07-17 23:11:00.000,adb104eb-4095-4d15-ba52-17915848ce42,
62701610,2024-07-17 23:11:00.000,3c5c4590-2925-42c6-90b5-cef7f260e894,,62701610,2024-07-18 05:11:16.542,2024-07-18 05:11:16.542,40001,UTC+0200,64Z1605Zgy,com.sec.android.app.shealth,2024-07-17 23:12:00.000,8ac728b3-c185-4542-9af6-9befdea899e7,
62701610,2024-07-17 23:12:00.000,3c5c4590-2925-42c6-90b5-cef7f260e894,,62701610,2024-07-18 05:11:16.543,2024-07-18 05:11:16.543,40002,UTC+0200,64Z1605Zgy,com.sec.android.app.shealth,2024-07-17 23:23:00.000,c97e9c7e-3035-4e2f-b600-161e07e6a60f,
62701610,2024-07-17 23:23:00.000,3c5c4590-2925-42c6-90b5-cef7f260e894,,62701610,2024-07-18 05:11:16.543,2024-07-18 05:11:16.543,40003,UTC+0200,64Z1605Zgy,com.sec.android.app.shealth,2024-07-17 23:27:00.000,bb8e86c7-57ab-4143-8c5f-4d4b8df98477,
62701610,2024-07-17 23:27:00.000,3c5c4590-2925-42c6-90b5-cef7f260e894,,62701610,2024-07-18 05:11:16.543,2024-07-18 05:11:16.543,40004,UTC+0200,64Z1605Zgy,com.sec.android.app.shealth,2024-07-17 23:34:00.000,c346f8e8-d2ca-4aa0-a5a1-f9424ce51a6b,
62701610,2024-07-17 23:34:00.000,3c5c4590-2925-42c6-90b5-cef7f260e894,,62701610,2024-07-18 05:11:16.544,2024-07-18 05:11:16.544,40001,UTC+0200,64Z1605Zgy,com.sec.android.app.shealth,2024-07-17 23:35:00.000,973d44ac-8261-4f03-bbcd-552bebf92a26,
62701610,2024-07-17 23:35:00.000,3c5c4590-2925-42c6-90b5-cef7f260e894,,62701610,2024-07-18 05:11:16.544,2024-07-18 05:11:16.544,40002,UTC+0200,64Z1605Zgy,com.sec.android.app.shealth,2024-07-18 00:08:00.000,11dd1643-dc93-44b5-b162-14d01ca8e290,
62701610,2024-07-18 00:08:00.000,3c5c4590-2925-42c6-90b5-cef7f260e894,,62701610,2024-07-18 05:11:16.544,2024-07-18 05:11:16.544,40003,UTC+0200,64Z1605Zgy,com.sec.android.app.shealth,2024-07-18 00:28:00.000,be035819-66d3-414e-916b-2a100375c9d2,
62701610,2024-07-18 00:28:00.000,3c5c4590-2925-42c6-90b5-cef7f260e894,,62701610,2024-07-18 05:11:16.544,2024-07-18 05:11:16.544,40001,UTC+0200,64Z1605Zgy,com.sec.android.app.shealth,2024-07-18 00:30:00.000,cbb99cda-b64a-4c36-964e-22a115cd3ca6,
62701610,2024-07-18 00:30:00.000,3c5c4590-2925-42c6-90b5-cef7f260e894,,62701610,2024-07-18 05:11:16.545,2024-07-18 05:11:16.545,40002,UTC+0200,64Z1605Zgy,com.sec.android.app.shealth,2024-07-18 00:49:00.000,fa785de3-a0f8-4497-a0c5-09e4044e1280,
62701610,2024-07-18 00:49:00.000,3c5c4590-2925-42c6-90b5-cef7f260e894,,62701610,2024-07-18 05:11:16.545,2024-07-18 05:11:16.545,40001,UTC+0200,64Z1605Zgy,com.sec.android.app.shealth,2024-07-18 00:51:00.000,760b9934-bb80-455c-b3a1-c79c94142cf3,
62701610,2024-07-18 00:51:00.000,3c5c4590-2925-42c6-90b5-cef7f260e894,,62701610,2024-07-18 05:11:16.546,2024-07-18 05:11:16.546,40002,UTC+0200,64Z1605Zgy,com.sec.android.app.shealth,2024-07-18 01:01:00.000,bbdb54a6-0f57-4d4b-b319-9520078ce57d,
62701610,2024-07-18 01:01:00.000,3c5c4590-2925-42c6-90b5-cef7f260e894,,62701610,2024-07-18 05:11:16.546,2024-07-18 05:11:16.546,40004,UTC+0200,64Z1605Zgy,com.sec.android.app.shealth,2024-07-18 01:02:00.000,ca3d6d65-5bcd-4a8e-93a3-09bcef6adb3c,
62701610,2024-07-18 01:02:00.000,3c5c4590-2925-42c6-90b5-cef7f260e894,,62701610,2024-07-18 05:11:16.546,2024-07-18 05:11:16.546,40001,UTC+0200,64Z1605Zgy,com.sec.android.app.shealth,2024-07-18 01:03:00.000,5f12329f-9ef2-4f8d-b311-985389640be1,
62701610,2024-07-18 01:03:00.000,3c5c4590-2925-42c6-90b5-cef7f260e894,,62701610,2024-07-18 05:11:16.546,2024-07-18 05:11:16.546,40002,UTC+0200,64Z1605Zgy,com.sec.android.app.shealth,2024-07-18 01:18:00.000,8b3a9983-e927-4b43-8c8c-7f14368f6a52,
62701610,2024-07-18 01:18:00.000,3c5c4590-2925-42c6-90b5-cef7f260e894,,62701610,2024-07-18 05:11:16.547,2024-07-18 05:11:16.547,40001,UTC+0200,64Z1605Zgy,com.sec.android.app.shealth,2024-07-18 01:19:00.000,672c1c38-db08-4fc8-afc7-cee48f137733,
62701610,2024-07-18 01:19:00.000,3c5c4590-2925-42c6-90b5-cef7f260e894,,62701610,2024-07-18 05:11:16.547,2024-07-18 05:11:16.547,40002,UTC+0200,64Z1605Zgy,com.sec.android.app.shealth,2024-07-18 01:37:00.000,362d90b6-9d0e-41c8-92d4-28e8ed9a27fc,
62701610,2024-07-18 01:37:00.000,3c5c4590-2925-42c6-90b5-cef7f260e894,,62701610,2024-07-18 05:11:16.547,2024-07-18 05:11:16.547,40003,UTC+0200,64Z1605Zgy,com.sec.android.app.shealth,2024-07-18 01:51:00.000,34cc4874-b919-4196-a4d7-6262f1c704f5,
62701610,2024-07-18 01:51:00.000,3c5c4590-2925-42c6-90b5-cef7f260e894,,62701610,2024-07-18 05:11:16.548,2024-07-18 05:11:16.548,40004,UTC+0200,64Z1605Zgy,com.sec.android.app.shealth,2024-07-18 01:52:00.000,fa87a90c-64aa-4356-899f-4692f7ac018e,
62701610,2024-07-18 01:52:00.000,3c5c4590-2925-42c6-90b5-cef7f260e894,,62701610,2024-07-18 05:11:16.548,2024-07-18 05:11:16.548,40002,UTC+0200,64Z1605Zgy,com.sec.android.app.shealth,2024-07-18 01:54:00.000,46cea378-c88a-4c6d-b005-db790640b03b,
62701610,2024-07-18 01:54:00.000,3c5c4590-2925-42c6-90b5-cef7f260e894,,62701610,2024-07-18 05:11:16.548,2024-07-18 05:11:16.548,40004,UTC+0200,64Z1605Zgy,com.sec.android.app.shealth,2024-07-18 01:55:00.000,09ef2d92-5495-4167-8f0e-53f5a9d89374,
62701610,2024-07-18 01:55:00.000,3c5c4590-2925-42c6-90b5-cef7f260e894,,62701610,2024-07-18 05:11:16.549,2024-07-18 05:11:16.549,40002,UTC+0200,64Z1605Zgy,com.sec.android.app.shealth,2024-07-18 01:57:00.000,97b42aa9-ba39-4d75-83c3-e4f5d0e9a265,
62701610,2024-07-18 01:57:00.000,3c5c4590-2925-42c6-90b5-cef7f260e894,,62701610,2024-07-18 05:11:16.549,2024-07-18 05:11:16.549,40004,UTC+0200,64Z1605Zgy,com.sec.android.app.shealth,2024-07-18 02:10:00.000,6af9025c-ccbc-4cd8-a73d-b9439f7d8284,
62701610,2024-07-18 02:10:00.000,3c5c4590-2925-42c6-90b5-cef7f260e894,,62701610,2024-07-18 05:11:16.549,2024-07-18 05:11:16.549,40001,UTC+0200,64Z1605Zgy,com.sec.android.app.shealth,2024-07-18 02:12:00.000,b31c63c3-a23d-4da8-8b40-2e723b2b1b2c,
62701610,2024-07-18 02:12:00.000,3c5c4590-2925-42c6-90b5-cef7f260e894,,62701610,2024-07-18 05:11:16.550,2024-07-18 05:11:16.550,40002,UTC+0200,64Z1605Zgy,com.sec.android.app.shealth,2024-07-18 02:13:00.000,cb67489a-63eb-45f9-9dc2-de4fad1b384d,
62701610,2024-07-18 02:13:00.000,3c5c4590-2925-42c6-90b5-cef7f260e894,,62701610,2024-07-18 05:11:16.550,2024-07-18 05:11:16.550,40004,UTC+0200,64Z1605Zgy,com.sec.android.app.shealth,2024-07-18 02:40:00.000,7164a178-c5ba-40cb-a6d7-110bb9f18cb5,
62701610,2024-07-18 02:40:00.000,3c5c4590-2925-42c6-90b5-cef7f260e894,,62701610,2024-07-18 05:11:16.550,2024-07-18 05:11:16.550,40002,UTC+0200,64Z1605Zgy,com.sec.android.app.shealth,2024-07-18 03:14:00.000,fcb62ef1-7e41-495e-a35e-8ccf67986971,
62701610,2024-07-18 03:14:00.000,3c5c4590-2925-42c6-90b5-cef7f260e894,,62701610,2024-07-18 05:11:16.551,2024-07-18 05:11:16.551,40003,UTC+0200,64Z1605Zgy,com.sec.android.app.shealth,2024-07-18 03:23:00.000,c6ffce8f-9acb-4d0d-81fc-51b3c030bef5,
62701610,2024-07-18 03:23:00.000,3c5c4590-2925-42c6-90b5-cef7f260e894,,62701610,2024-07-18 05:11:16.551,2024-07-18 05:11:16.551,40002,UTC+0200,64Z1605Zgy,com.sec.android.app.shealth,2024-07-18 03:40:00.000,8bd06565-7217-4114-9c4a-794d6618b134,
62701610,2024-07-18 03:40:00.000,3c5c4590-2925-42c6-90b5-cef7f260e894,,62701610,2024-07-18 05:11:16.552,2024-07-18 05:11:16.552,40001,UTC+0200,64Z1605Zgy,com.sec.android.app.shealth,2024-07-18 03:42:00.000,a9ddae14-1935-438d-ab1d-8553e611909f,
62701610,2024-07-18 03:42:00.000,3c5c4590-2925-42c6-90b5-cef7f260e894,,62701610,2024-07-18 05:11:16.553,2024-07-18 05:11:16.553,40002,UTC+0200,64Z1605Zgy,com.sec.android.app.shealth,2024-07-18 03:43:00.000,7fbc364e-282c-4273-8bab-a3a7e755308d,
62701610,2024-07-18 03:43:00.000,3c5c4590-2925-42c6-90b5-cef7f260e894,,62701610,2024-07-18 05:11:16.554,2024-07-18 05:11:16.554,40004,UTC+0200,64Z1605Zgy,com.sec.android.app.shealth,2024-07-18 04:11:00.000,444ff164-23f8-4f8d-8e81-26fc1d4376ca,
62701610,2024-07-18 04:11:00.000,3c5c4590-2925-42c6-90b5-cef7f260e894,,62701610,2024-07-18 05:11:16.554,2024-07-18 05:11:16.554,40001,UTC+0200,64Z1605Zgy,com.sec.android.app.shealth,2024-07-18 04:20:00.000,70527c74-554e-4f26-93fe-0aee724b83b9,
62701610,2024-07-18 04:20:00.000,3c5c4590-2925-42c6-90b5-cef7f260e894,,62701610,2024-07-18 05:11:16.554,2024-07-18 05:11:16.554,40002,UTC+0200,64Z1605Zgy,com.sec.android.app.shealth,2024-07-18 04:23:00.000,0cbeb18e-0216-4cee-94da-63230a1296bc,
62701610,2024-07-18 05:19:00.000,4add2537-4ea0-4dcf-ba09-54d1e4d2de59,,62701610,2024-07-18 08:45:36.403,2024-07-18 08:45:36.403,40002,UTC+0200,64Z1605Zgy,com.sec.android.app.shealth,2024-07-18 05:59:00.000,21a38c61-d148-47ca-bc7f-7bb91b63c5a1,
62701610,2024-07-18 05:59:00.000,4add2537-4ea0-4dcf-ba09-54d1e4d2de59,,62701610,2024-07-18 08:45:36.403,2024-07-18 08:45:36.403,40003,UTC+0200,64Z1605Zgy,com.sec.android.app.shealth,2024-07-18 06:20:00.000,87605980-cbd7-4191-a531-5c83d09dc7f5,
62701610,2024-07-24 23:44:00.000,500b7a75-d167-4f1d-9782-16836982a9d5,,62701610,2024-07-25 15:06:48.976,2024-07-25 15:06:48.976,40002,UTC+0200,64Z1605Zgy,com.sec.android.app.shealth,2024-07-25 00:06:00.000,65eb0887-c881-447f-ad2a-f31a538c25b1,
62701610,2024-07-25 00:06:00.000,500b7a75-d167-4f1d-9782-16836982a9d5,,62701610,2024-07-25 15:06:48.978,2024-07-25 15:06:48.978,40001,UTC+0200,64Z1605Zgy,com.sec.android.app.shealth,2024-07-25 00:07:00.000,a119ca2f-abbe-4115-813d-70f26a4f3aa1,
62701610,2024-07-25 00:07:00.000,500b7a75-d167-4f1d-9782-16836982a9d5,,62701610,2024-07-25 15:06:48.980,2024-07-25 15:06:48.980,40002,UTC+0200,64Z1605Zgy,com.sec.android.app.shealth,2024-07-25 00:38:00.000,dd75a6fa-40a9-4e81-827c-da95bdfcedee,
62701610,2024-07-25 00:38:00.000,500b7a75-d167-4f1d-9782-16836982a9d5,,62701610,2024-07-25 15:06:48.982,2024-07-25 15:06:48.982,40001,UTC+0200,64Z1605Zgy,com.sec.android.app.shealth,2024-07-25 00:39:00.000,d3c52647-5838-4a6c-8594-b53889c6eda5,
62701610,2024-07-25 00:39:00.000,500b7a75-d167-4f1d-9782-16836982a9d5,,62701610,2024-07-25 15:06:48.989,2024-07-25 15:06:48.989,40002,UTC+0200,64Z1605Zgy,com.sec.android.app.shealth,2024-07-25 00:54:00.000,398966d6-97fc-4885-87bd-8a650cfc1e24,
62701610,2024-07-25 00:54:00.000,500b7a75-d167-4f1d-9782-16836982a9d5,,62701610,2024-07-25 15:06:48.999,2024-07-25 15:06:48.999,40001,UTC+0200,64Z1605Zgy,com.sec.android.app.shealth,2024-07-25 00:55:00.000,dca29ac9-05db-4d1c-a983-2ba6e53b1eb1,
62701610,2024-07-25 00:55:00.000,500b7a75-d167-4f1d-9782-16836982a9d5,,62701610,2024-07-25 15:06:49.009,2024-07-25 15:06:49.009,40002,UTC+0200,64Z1605Zgy,com.sec.android.app.shealth,2024-07-25 01:07:00.000,3bf452ff-d408-43f0-b51e-1c8bb4bcfb74,
62701610,2024-07-25 01:07:00.000,500b7a75-d167-4f1d-9782-16836982a9d5,,62701610,2024-07-25 15:06:49.011,2024-07-25 15:06:49.011,40003,UTC+0200,64Z1605Zgy,com.sec.android.app.shealth,2024-07-25 01:32:00.000,06c79516-9dd7-4247-849b-fee7ba83382d,
62701610,2024-07-25 01:32:00.000,500b7a75-d167-4f1d-9782-16836982a9d5,,62701610,2024-07-25 15:06:49.012,2024-07-25 15:06:49.012,40002,UTC+0200,64Z1605Zgy,com.sec.android.app.shealth,2024-07-25 01:39:00.000,eda6ceae-5289-4e0d-b369-6b18ae7cf956,
62701610,2024-07-25 01:39:00.000,500b7a75-d167-4f1d-9782-16836982a9d5,,62701610,2024-07-25 15:06:49.014,2024-07-25 15:06:49.014,40003,UTC+0200,64Z1605Zgy,com.sec.android.app.shealth,2024-07-25 01:48:00.000,6b215401-29e1-45c8-a180-fce812e4bf1d,
62701610,2024-07-25 01:48:00.000,500b7a75-d167-4f1d-9782-16836982a9d5,,62701610,2024-07-25 15:06:49.015,2024-07-25 15:06:49.015,40002,UTC+0200,64Z1605Zgy,com.sec.android.app.shealth,2024-07-25 01:53:00.000,37f3de2d-0ba6-4dc8-8740-2d9c28c050da,
62701610,2024-07-25 01:53:00.000,500b7a75-d167-4f1d-9782-16836982a9d5,,62701610,2024-07-25 15:06:49.016,2024-07-25 15:06:49.016,40001,UTC+0200,64Z1605Zgy,com.sec.android.app.shealth,2024-07-25 01:54:00.000,f5bc1379-7971-4c96-9fb4-9144b11d0a5a,
62701610,2024-07-25 01:54:00.000,500b7a75-d167-4f1d-9782-16836982a9d5,,62701610,2024-07-25 15:06:49.049,2024-07-25 15:06:49.049,40002,UTC+0200,64Z1605Zgy,com.sec.android.app.shealth,2024-07-25 02:13:00.000,0a2ef07a-498f-47f8-89ea-03aeb93046a2,
62701610,2024-07-25 02:13:00.000,500b7a75-d167-4f1d-9782-16836982a9d5,,62701610,2024-07-25 15:06:49.054,2024-07-25 15:06:49.054,40001,UTC+0200,64Z1605Zgy,com.sec.android.app.shealth,2024-07-25 02:15:00.000,f1e2d3f1-5780-44eb-8638-e87ebd55dad4,
62701610,2024-07-25 02:15:00.000,500b7a75-d167-4f1d-9782-16836982a9d5,,62701610,2024-07-25 15:06:49.056,2024-07-25 15:06:49.056,40002,UTC+0200,64Z1605Zgy,com.sec.android.app.shealth,2024-07-25 02:24:00.000,6186e895-dfe6-4f07-b919-05e6414b7148,
62701610,2024-07-25 02:24:00.000,500b7a75-d167-4f1d-9782-16836982a9d5,,62701610,2024-07-25 15:06:49.057,2024-07-25 15:06:49.057,40004,UTC+0200,64Z1605Zgy,com.sec.android.app.shealth,2024-07-25 03:00:00.000,5a8db94c-ded6-4dff-82a9-1d5db5f39ec5,
62701610,2024-07-25 03:00:00.000,500b7a75-d167-4f1d-9782-16836982a9d5,,62701610,2024-07-25 15:06:49.059,2024-07-25 15:06:49.059,40002,UTC+0200,64Z1605Zgy,com.sec.android.app.shealth,2024-07-25 03:03:00.000,7e969324-c0d5-49aa-a8c9-651d7d47b364,
62701610,2024-07-25 03:03:00.000,500b7a75-d167-4f1d-9782-16836982a9d5,,62701610,2024-07-25 15:06:49.076,2024-07-25 15:06:49.076,40004,UTC+0200,64Z1605Zgy,com.sec.android.app.shealth,2024-07-25 03:04:00.000,fc5b834d-217e-499d-a650-3483ec5959ac,
62701610,2024-07-25 03:04:00.000,500b7a75-d167-4f1d-9782-16836982a9d5,,62701610,2024-07-25 15:06:49.077,2024-07-25 15:06:49.077,40002,UTC+0200,64Z1605Zgy,com.sec.android.app.shealth,2024-07-25 03:25:00.000,1d329a31-6dcd-4ee1-8f0d-d331c0533937,
62701610,2024-07-25 03:25:00.000,500b7a75-d167-4f1d-9782-16836982a9d5,,62701610,2024-07-25 15:06:49.082,2024-07-25 15:06:49.082,40003,UTC+0200,64Z1605Zgy,com.sec.android.app.shealth,2024-07-25 03:40:00.000,bb0975ac-02ae-47db-9a36-ce94f446a546,
62701610,2024-07-25 03:40:00.000,500b7a75-d167-4f1d-9782-16836982a9d5,,62701610,2024-07-25 15:06:49.083,2024-07-25 15:06:49.083,40001,UTC+0200,64Z1605Zgy,com.sec.android.app.shealth,2024-07-25 03:41:00.000,41b1e8db-69fd-4b1f-a00f-cbac416dce9f,
62701610,2024-07-25 03:41:00.000,500b7a75-d167-4f1d-9782-16836982a9d5,,62701610,2024-07-25 15:06:49.090,2024-07-25 15:06:49.090,40002,UTC+0200,64Z1605Zgy,com.sec.android.app.shealth,2024-07-25 03:59:00.000,6337429b-189b-4174-b0db-7adf0abe74c7,
62701610,2024-07-25 03:59:00.000,500b7a75-d167-4f1d-9782-16836982a9d5,,62701610,2024-07-25 15:06:49.100,2024-07-25 15:06:49.100,40004,UTC+0200,64Z1605Zgy,com.sec.android.app.shealth,2024-07-25 04:28:00.000,c9801adc-6423-4544-9b13-d6f6c9da536b,
62701610,2024-07-25 04:28:00.000,500b7a75-d167-4f1d-9782-16836982a9d5,,62701610,2024-07-25 15:06:49.101,2024-07-25 15:06:49.101,40002,UTC+0200,64Z1605Zgy,com.sec.android.app.shealth,2024-07-25 04:31:00.000,c7770324-0844-4ffa-ba8e-fc86ce1080bb,
62701610,2024-07-25 04:31:00.000,500b7a75-d167-4f1d-9782-16836982a9d5,,62701610,2024-07-25 15:06:49.120,2024-07-25 15:06:49.120,40004,UTC+0200,64Z1605Zgy,com.sec.android.app.shealth,2024-07-25 04:32:00.000,f53231b4-1473-4baf-8628-968ccdf4ff4e,
62701610,2024-07-25 04:32:00.000,500b7a75-d167-4f1d-9782-16836982a9d5,,62701610,2024-07-25 15:06:49.127,2024-07-25 15:06:49.127,40002,UTC+0200,64Z1605Zgy,com.sec.android.app.shealth,2024-07-25 04:57:00.000,7d9ba1f5-e0fb-44a4-a4b1-90e95a29ff86,
62701610,2024-07-25 04:57:00.000,500b7a75-d167-4f1d-9782-16836982a9d5,,62701610,2024-07-25 15:06:49.128,2024-07-25 15:06:49.128,40003,UTC+0200,64Z1605Zgy,com.sec.android.app.shealth,2024-07-25 04:59:00.000,c3728a85-53f7-4710-9297-b7bd3db6026d,
62701610,2024-07-25 04:59:00.000,500b7a75-d167-4f1d-9782-16836982a9d5,,62701610,2024-07-25 15:06:49.129,2024-07-25 15:06:49.129,40001,UTC+0200,64Z1605Zgy,com.sec.android.app.shealth,2024-07-25 05:03:00.000,da464169-a236-44dc-a948-976b5af51f3e,
62701610,2024-07-25 05:03:00.000,500b7a75-d167-4f1d-9782-16836982a9d5,,62701610,2024-07-25 15:06:49.131,2024-07-25 15:06:49.131,40002,UTC+0200,64Z1605Zgy,com.sec.android.app.shealth,2024-07-25 05:08:00.000,2f1156fd-e637-4fcd-bb6b-0967c311d5ad,
62701610,2024-07-25 05:08:00.000,500b7a75-d167-4f1d-9782-16836982a9d5,,62701610,2024-07-25 15:06:49.135,2024-07-25 15:06:49.135,40004,UTC+0200,64Z1605Zgy,com.sec.android.app.shealth,2024-07-25 05:10:00.000,e4b05a0a-4a7f-477b-9c11-fccdff30ee3a,
62701610,2024-07-25 05:10:00.000,500b7a75-d167-4f1d-9782-16836982a9d5,,62701610,2024-07-25 15:06:49.136,2024-07-25 15:06:49.136,40001,UTC+0200,64Z1605Zgy,com.sec.android.app.shealth,2024-07-25 05:12:00.000,394c3176-a406-4817-a63f-24e666646633,
62720090,2024-09-30 21:48:00.000,69b99915-a41f-40be-a34b-8e38c7b4a490,,62720090,2024-10-01 06:33:20.841,2024-10-01 06:33:20.841,40002,UTC+0200,64Z1605Zgy,com.sec.android.app.shealth,2024-09-30 22:13:00.000,9c264851-6090-440f-9150-ed31038355f1,
62720090,2024-09-30 22:13:00.000,69b99915-a41f-40be-a34b-8e38c7b4a490,,62720090,2024-10-01 06:33:20.842,2024-10-01 06:33:20.842,40003,UTC+0200,64Z1605Zgy,com.sec.android.app.shealth,2024-09-30 22:23:00.000,43e7ec3f-4da8-40d5-890c-3a81e716d8da,
62720090,2024-09-30 22:23:00.000,69b99915-a41f-40be-a34b-8e38c7b4a490,,62720090,2024-10-01 06:33:20.843,2024-10-01 06:33:20.843,40001,UTC+0200,64Z1605Zgy,com.sec.android.app.shealth,2024-09-30 22:24:00.000,6910b86b-2191-47a3-b24c-4c991f486c54,
62720090,2024-09-30 22:24:00.000,69b99915-a41f-40be-a34b-8e38c7b4a490,,62720090,2024-10-01 06:33:20.843,2024-10-01 06:33:20.843,40002,UTC+0200,64Z1605Zgy,com.sec.android.app.shealth,2024-09-30 22:41:00.000,a30d3378-3cee-462c-a344-7236e0f982da,
62720090,2024-09-30 22:41:00.000,69b99915-a41f-40be-a34b-8e38c7b4a490,,62720090,2024-10-01 06:33:20.844,2024-10-01 06:33:20.844,40003,UTC+0200,64Z1605Zgy,com.sec.android.app.shealth,2024-09-30 22:58:00.000,8c0e8c10-b0c9-46ef-9330-3b7afaaa6794,
62720090,2024-09-30 22:58:00.000,69b99915-a41f-40be-a34b-8e38c7b4a490,,62720090,2024-10-01 06:33:20.844,2024-10-01 06:33:20.844,40002,UTC+0200,64Z1605Zgy,com.sec.android.app.shealth,2024-09-30 23:01:00.000,10366af1-0d8e-4290-9fe3-cd8b145e738a,
62720090,2024-09-30 23:01:00.000,69b99915-a41f-40be-a34b-8e38c7b4a490,,62720090,2024-10-01 06:33:20.844,2024-10-01 06:33:20.844,40001,UTC+0200,64Z1605Zgy,com.sec.android.app.shealth,2024-09-30 23:03:00.000,ee6ea899-3555-47f6-b261-84aa4c3b6f65,
62720090,2024-09-30 23:03:00.000,69b99915-a41f-40be-a34b-8e38c7b4a490,,62720090,2024-10-01 06:33:20.845,2024-10-01 06:33:20.845,40002,UTC+0200,64Z1605Zgy,com.sec.android.app.shealth,2024-09-30 23:17:00.000,744750fe-faaf-48f3-a376-939cbd43727f,
62720090,2024-09-30 23:17:00.000,69b99915-a41f-40be-a34b-8e38c7b4a490,,62720090,2024-10-01 06:33:20.845,2024-10-01 06:33:20.845,40004,UTC+0200,64Z1605Zgy,com.sec.android.app.shealth,2024-09-30 23:19:00.000,9aee2f64-bb58-4657-a3d5-7ef00a891dac,
62720090,2024-09-30 23:19:00.000,69b99915-a41f-40be-a34b-8e38c7b4a490,,62720090,2024-10-01 06:33:20.847,2024-10-01 06:33:20.847,40001,UTC+0200,64Z1605Zgy,com.sec.android.app.shealth,2024-09-30 23:20:00.000,ec472424-fbb9-4224-ad8d-c4c952f28771,
62720090,2024-09-30 23:20:00.000,69b99915-a41f-40be-a34b-8e38c7b4a490,,62720090,2024-10-01 06:33:20.847,2024-10-01 06:33:20.847,40002,UTC+0200,64Z1605Zgy,com.sec.android.app.shealth,2024-09-30 23:22:00.000,ea833497-7a9f-4e70-b950-35095c0db758,
62720090,2024-09-30 23:22:00.000,69b99915-a41f-40be-a34b-8e38c7b4a490,,62720090,2024-10-01 06:33:20.848,2024-10-01 06:33:20.848,40004,UTC+0200,64Z1605Zgy,com.sec.android.app.shealth,2024-09-30 23:23:00.000,547ecc77-401d-44e4-999f-f0d0ca76e185,
62720090,2024-09-30 23:23:00.000,69b99915-a41f-40be-a34b-8e38c7b4a490,,62720090,2024-10-01 06:33:20.849,2024-10-01 06:33:20.849,40002,UTC+0200,64Z1605Zgy,com.sec.android.app.shealth,2024-09-30 23:24:00.000,082f3ea8-c94f-4a5f-b125-bc1dd6c5492e,
62720090,2024-09-30 23:24:00.000,69b99915-a41f-40be-a34b-8e38c7b4a490,,62720090,2024-10-01 06:33:20.850,2024-10-01 06:33:20.850,40004,UTC+0200,64Z1605Zgy,com.sec.android.app.shealth,2024-09-30 23:27:00.000,676b546b-fafe-4c3b-a231-2a3dbdf328dc,
62720090,2024-09-30 23:27:00.000,69b99915-a41f-40be-a34b-8e38c7b4a490,,62720090,2024-10-01 06:33:20.851,2024-10-01 06:33:20.851,40002,UTC+0200,64Z1605Zgy,com.sec.android.app.shealth,2024-09-30 23:37:00.000,2b082e53-c226-412f-8107-f2a130feb291,
62720090,2024-09-30 23:37:00.000,69b99915-a41f-40be-a34b-8e38c7b4a490,,62720090,2024-10-01 06:33:20.852,2024-10-01 06:33:20.852,40001,UTC+0200,64Z1605Zgy,com.sec.android.app.shealth,2024-09-30 23:38:00.000,d5d97a73-5490-4f95-a357-005560377868,
62720090,2024-09-30 23:38:00.000,69b99915-a41f-40be-a34b-8e38c7b4a490,,62720090,2024-10-01 06:33:20.853,2024-10-01 06:33:20.853,40002,UTC+0200,64Z1605Zgy,com.sec.android.app.shealth,2024-09-30 23:49:00.000,655ea639-310d-4194-9914-4763fceed4a2,
62720090,2024-09-30 23:49:00.000,69b99915-a41f-40be-a34b-8e38c7b4a490,,62720090,2024-10-01 06:33:20.854,2024-10-01 06:33:20.854,40003,UTC+0200,64Z1605Zgy,com.sec.android.app.shealth,2024-10-01 00:06:00.000,60867f60-5476-4dd3-b7be-c62bbe7b1202,
62720090,2024-10-01 00:06:00.000,69b99915-a41f-40be-a34b-8e38c7b4a490,,62720090,2024-10-01 06:33:20.854,2024-10-01 06:33:20.854,40001,UTC+0200,64Z1605Zgy,com.sec.android.app.shealth,2024-10-01 00:13:00.000,e548d02f-0b1e-4bc6-8820-099273fa7e6f,
62720090,2024-10-01 00:13:00.000,69b99915-a41f-40be-a34b-8e38c7b4a490,,62720090,2024-10-01 06:33:20.855,2024-10-01 06:33:20.855,40002,UTC+0200,64Z1605Zgy,com.sec.android.app.shealth,2024-10-01 01:02:00.000,f5eb4da0-00ba-4611-9fbf-e391b96f3163,
62720090,2024-10-01 01:02:00.000,69b99915-a41f-40be-a34b-8e38c7b4a490,,62720090,2024-10-01 06:33:20.856,2024-10-01 06:33:20.856,40003,UTC+0200,64Z1605Zgy,com.sec.android.app.shealth,2024-10-01 01:07:00.000,787b976e-c2bb-4cc5-b65d-3b0294efdff4,
62720090,2024-10-01 01:07:00.000,69b99915-a41f-40be-a34b-8e38c7b4a490,,62720090,2024-10-01 06:33:20.856,2024-10-01 06:33:20.856,40001,UTC+0200,64Z1605Zgy,com.sec.android.app.shealth,2024-10-01 01:08:00.000,7aa2510a-53d4-474c-b2ad-27d9a5f52c93,
62720090,2024-10-01 01:08:00.000,69b99915-a41f-40be-a34b-8e38c7b4a490,,62720090,2024-10-01 06:33:20.858,2024-10-01 06:33:20.858,40002,UTC+0200,64Z1605Zgy,com.sec.android.app.shealth,2024-10-01 01:24:00.000,7d9622e5-eccd-4d5e-a1c2-af82ffa52f79,
62720090,2024-10-01 01:24:00.000,69b99915-a41f-40be-a34b-8e38c7b4a490,,62720090,2024-10-01 06:33:20.859,2024-10-01 06:33:20.859,40004,UTC+0200,64Z1605Zgy,com.sec.android.app.shealth,2024-10-01 01:55:00.000,b497e7ef-0d38-4b18-8b75-6f0e6d97a847,
62720090,2024-10-01 01:55:00.000,69b99915-a41f-40be-a34b-8e38c7b4a490,,62720090,2024-10-01 06:33:20.859,2024-10-01 06:33:20.859,40002,UTC+0200,64Z1605Zgy,com.sec.android.app.shealth,2024-10-01 02:08:00.000,561c57ec-b8fb-4f8b-86e0-f24267f3cb5c,
62720090,2024-10-01 02:08:00.000,69b99915-a41f-40be-a34b-8e38c7b4a490,,62720090,2024-10-01 06:33:20.860,2024-10-01 06:33:20.860,40001,UTC+0200,64Z1605Zgy,com.sec.android.app.shealth,2024-10-01 02:10:00.000,ba0d0b4d-fbd0-45dc-935c-cda53ee30735,
62720090,2024-10-01 02:10:00.000,69b99915-a41f-40be-a34b-8e38c7b4a490,,62720090,2024-10-01 06:33:20.860,2024-10-01 06:33:20.860,40002,UTC+0200,64Z1605Zgy,com.sec.android.app.shealth,2024-10-01 02:22:00.000,7ba1784c-103d-453f-bcc8-24e5ebe1f7ae,
62720090,2024-10-01 02:22:00.000,69b99915-a41f-40be-a34b-8e38c7b4a490,,62720090,2024-10-01 06:33:20.861,2024-10-01 06:33:20.861,40001,UTC+0200,64Z1605Zgy,com.sec.android.app.shealth,2024-10-01 02:23:00.000,3adb23e7-7169-4992-a7bc-d4b3b89d9d20,
62720090,2024-10-01 02:23:00.000,69b99915-a41f-40be-a34b-8e38c7b4a490,,62720090,2024-10-01 06:33:20.862,2024-10-01 06:33:20.862,40002,UTC+0200,64Z1605Zgy,com.sec.android.app.shealth,2024-10-01 02:42:00.000,3d36733c-7487-4cb4-98cc-8a53f5bc3e2e,
62720090,2024-10-01 02:42:00.000,69b99915-a41f-40be-a34b-8e38c7b4a490,,62720090,2024-10-01 06:33:20.863,2024-10-01 06:33:20.863,40001,UTC+0200,64Z1605Zgy,com.sec.android.app.shealth,2024-10-01 02:43:00.000,04e23c2c-1933-4767-8313-f91ab0dcb48e,
62720090,2024-10-01 02:43:00.000,69b99915-a41f-40be-a34b-8e38c7b4a490,,62720090,2024-10-01 06:33:20.863,2024-10-01 06:33:20.863,40002,UTC+0200,64Z1605Zgy,com.sec.android.app.shealth,2024-10-01 03:07:00.000,fbae422f-5a62-4770-a7da-db8404be78db,
62720090,2024-10-01 03:07:00.000,69b99915-a41f-40be-a34b-8e38c7b4a490,,62720090,2024-10-01 06:33:20.867,2024-10-01 06:33:20.867,40001,UTC+0200,64Z1605Zgy,com.sec.android.app.shealth,2024-10-01 03:08:00.000,17ef9d14-a991-493a-8dd2-3988b1da5a1d,
62720090,2024-10-01 03:08:00.000,69b99915-a41f-40be-a34b-8e38c7b4a490,,62720090,2024-10-01 06:33:20.868,2024-10-01 06:33:20.868,40002,UTC+0200,64Z1605Zgy,com.sec.android.app.shealth,2024-10-01 03:29:00.000,09ac1385-b2a6-4e83-9793-7e57a5e2be69,
62720090,2024-10-01 03:29:00.000,69b99915-a41f-40be-a34b-8e38c7b4a490,,62720090,2024-10-01 06:33:20.868,2024-10-01 06:33:20.868,40004,UTC+0200,64Z1605Zgy,com.sec.android.app.shealth,2024-10-01 03:30:00.000,18246273-f7c2-4e9f-9652-7ac089e3ad90,
62720090,2024-10-01 03:30:00.000,69b99915-a41f-40be-a34b-8e38c7b4a490,,62720090,2024-10-01 06:33:20.869,2024-10-01 06:33:20.869,40002,UTC+0200,64Z1605Zgy,com.sec.android.app.shealth,2024-10-01 03:31:00.000,1af1bd63-833e-4583-ae9d-52c92eb31b05,
62720090,2024-10-01 03:31:00.000,69b99915-a41f-40be-a34b-8e38c7b4a490,,62720090,2024-10-01 06:33:20.870,2024-10-01 06:33:20.870,40004,UTC+0200,64Z1605Zgy,com.sec.android.app.shealth,2024-10-01 03:37:00.000,10d82223-0aae-4157-878e-f54b0efe98c7,
62720090,2024-10-01 03:37:00.000,69b99915-a41f-40be-a34b-8e38c7b4a490,,62720090,2024-10-01 06:33:20.871,2024-10-01 06:33:20.871,40001,UTC+0200,64Z1605Zgy,com.sec.android.app.shealth,2024-10-01 04:02:00.000,62d6db9e-b55d-4222-8ad9-d3445bae7cae,
62720090,2024-10-01 04:02:00.000,69b99915-a41f-40be-a34b-8e38c7b4a490,,62720090,2024-10-01 06:33:20.871,2024-10-01 06:33:20.871,40004,UTC+0200,64Z1605Zgy,com.sec.android.app.shealth,2024-10-01 04:05:00.000,9d2d5ab6-e99e-4880-9e2a-3d2f986b9251,
62720090,2024-10-01 04:05:00.000,69b99915-a41f-40be-a34b-8e38c7b4a490,,62720090,2024-10-01 06:33:20.872,2024-10-01 06:33:20.872,40001,UTC+0200,64Z1605Zgy,com.sec.android.app.shealth,2024-10-01 04:09:00.000,eb2d671e-b599-45d8-a691-67e13c3d6eed,
62720090,2024-10-01 04:09:00.000,69b99915-a41f-40be-a34b-8e38c7b4a490,,62720090,2024-10-01 06:33:20.873,2024-10-01 06:33:20.873,40002,UTC+0200,64Z1605Zgy,com.sec.android.app.shealth,2024-10-01 04:21:00.000,74de3e4a-f350-4a58-a32b-f593b21e8201,
62720090,2024-10-01 04:21:00.000,69b99915-a41f-40be-a34b-8e38c7b4a490,,62720090,2024-10-01 06:33:20.873,2024-10-01 06:33:20.873,40001,UTC+0200,64Z1605Zgy,com.sec.android.app.shealth,2024-10-01 04:22:00.000,9a03d5db-c4f7-4ccd-93d0-9d994d2aefaa,
62720090,2024-10-01 04:22:00.000,69b99915-a41f-40be-a34b-8e38c7b4a490,,62720090,2024-10-01 06:33:20.874,2024-10-01 06:33:20.874,40002,UTC+0200,64Z1605Zgy,com.sec.android.app.shealth,2024-10-01 04:50:00.000,068785ab-f3d8-4a8e-8341-0147a7391fe5,
62720090,2024-10-01 04:50:00.000,69b99915-a41f-40be-a34b-8e38c7b4a490,,62720090,2024-10-01 06:33:20.875,2024-10-01 06:33:20.875,40001,UTC+0200,64Z1605Zgy,com.sec.android.app.shealth,2024-10-01 04:58:00.000,65d7b887-a631-4502-90f6-5fa7874a24c0,
62720090,2024-10-01 04:58:00.000,69b99915-a41f-40be-a34b-8e38c7b4a490,,62720090,2024-10-01 06:33:20.875,2024-10-01 06:33:20.875,40004,UTC+0200,64Z1605Zgy,com.sec.android.app.shealth,2024-10-01 05:32:00.000,b02be3fd-d097-45d0-aa3d-5d15dd4594d1,
62720090,2024-10-01 05:32:00.000,69b99915-a41f-40be-a34b-8e38c7b4a490,,62720090,2024-10-01 06:33:20.876,2024-10-01 06:33:20.876,40001,UTC+0200,64Z1605Zgy,com.sec.android.app.shealth,2024-10-01 05:34:00.000,7223ebcd-70b8-4fcc-8f5a-8a2f651c9d92,
62810050,2024-11-05 21:07:00.000,a300ff38-b645-4dc5-b3aa-b72285d5baec,,62810050,2024-11-06 08:54:22.352,2024-11-06 08:54:22.352,40002,UTC+0100,64Z1605Zgy,com.sec.android.app.shealth,2024-11-05 21:33:00.000,d6f38bc6-9302-407f-87f1-7fa0a4f32fe5,
62810050,2024-11-05 21:33:00.000,a300ff38-b645-4dc5-b3aa-b72285d5baec,,62810050,2024-11-06 08:54:22.353,2024-11-06 08:54:22.353,40003,UTC+0100,64Z1605Zgy,com.sec.android.app.shealth,2024-11-05 21:42:00.000,a4b1c669-d5a1-4988-8a26-a1b5e359193e,
62810050,2024-11-05 21:42:00.000,a300ff38-b645-4dc5-b3aa-b72285d5baec,,62810050,2024-11-06 08:54:22.355,2024-11-06 08:54:22.355,40001,UTC+0100,64Z1605Zgy,com.sec.android.app.shealth,2024-11-05 21:43:00.000,b1614ebb-e72e-4751-97bc-1cb26a8293ce,
62810050,2024-11-05 21:43:00.000,a300ff38-b645-4dc5-b3aa-b72285d5baec,,62810050,2024-11-06 08:54:22.356,2024-11-06 08:54:22.356,40002,UTC+0100,64Z1605Zgy,com.sec.android.app.shealth,2024-11-05 22:08:00.000,970e56aa-3141-448d-8375-c2ef24109aaf,
62810050,2024-11-05 22:08:00.000,a300ff38-b645-4dc5-b3aa-b72285d5baec,,62810050,2024-11-06 08:54:22.356,2024-11-06 08:54:22.356,40001,UTC+0100,64Z1605Zgy,com.sec.android.app.shealth,2024-11-05 22:09:00.000,a128c5a5-ee9a-4821-8be0-9f37a3aff5cd,
62810050,2024-11-05 22:09:00.000,a300ff38-b645-4dc5-b3aa-b72285d5baec,,62810050,2024-11-06 08:54:22.357,2024-11-06 08:54:22.357,40002,UTC+0100,64Z1605Zgy,com.sec.android.app.shealth,2024-11-05 22:10:00.000,66775207-591e-4444-bc95-ec5ed1293498,
62810050,2024-11-05 22:10:00.000,a300ff38-b645-4dc5-b3aa-b72285d5baec,,62810050,2024-11-06 08:54:22.357,2024-11-06 08:54:22.357,40001,UTC+0100,64Z1605Zgy,com.sec.android.app.shealth,2024-11-05 22:11:00.000,d843cb66-a7f6-4f36-91cb-ff89374f50f3,
62810050,2024-11-05 22:11:00.000,a300ff38-b645-4dc5-b3aa-b72285d5baec,,62810050,2024-11-06 08:54:22.358,2024-11-06 08:54:22.358,40002,UTC+0100,64Z1605Zgy,com.sec.android.app.shealth,2024-11-05 22:24:00.000,205cf7fb-c040-4348-bfc8-9af3e72d0bca,
62810050,2024-11-05 22:24:00.000,a300ff38-b645-4dc5-b3aa-b72285d5baec,,62810050,2024-11-06 08:54:22.358,2024-11-06 08:54:22.358,40001,UTC+0100,64Z1605Zgy,com.sec.android.app.shealth,2024-11-05 22:26:00.000,696ebf9c-ffb1-4014-b814-6bcac1301871,
62810050,2024-11-05 22:26:00.000,a300ff38-b645-4dc5-b3aa-b72285d5baec,,62810050,2024-11-06 08:54:22.360,2024-11-06 08:54:22.360,40002,UTC+0100,64Z1605Zgy,com.sec.android.app.shealth,2024-11-05 22:35:00.000,3fd1a4c9-8702-4032-9365-e2fc46c80da0,
62810050,2024-11-05 22:35:00.000,a300ff38-b645-4dc5-b3aa-b72285d5baec,,62810050,2024-11-06 08:54:22.366,2024-11-06 08:54:22.366,40001,UTC+0100,64Z1605Zgy,com.sec.android.app.shealth,2024-11-05 22:36:00.000,b1cf8b9a-dcab-4e1d-ae4a-d793aceb838d,
62810050,2024-11-05 22:36:00.000,a300ff38-b645-4dc5-b3aa-b72285d5baec,,62810050,2024-11-06 08:54:22.367,2024-11-06 08:54:22.367,40002,UTC+0100,64Z1605Zgy,com.sec.android.app.shealth,2024-11-05 22:45:00.000,dd8e680a-4c6e-4d49-b168-b94ea58dff82,
62810050,2024-11-05 22:45:00.000,a300ff38-b645-4dc5-b3aa-b72285d5baec,,62810050,2024-11-06 08:54:22.367,2024-11-06 08:54:22.367,40004,UTC+0100,64Z1605Zgy,com.sec.android.app.shealth,2024-11-05 22:55:00.000,1afe2d8f-2a87-4acd-9ddc-20dee6f95df8,
62810050,2024-11-05 22:55:00.000,a300ff38-b645-4dc5-b3aa-b72285d5baec,,62810050,2024-11-06 08:54:22.368,2024-11-06 08:54:22.368,40002,UTC+0100,64Z1605Zgy,com.sec.android.app.shealth,2024-11-05 23:13:00.000,84bd3a4d-34b5-4811-bfe1-a50b8e379570,
62810050,2024-11-05 23:13:00.000,a300ff38-b645-4dc5-b3aa-b72285d5baec,,62810050,2024-11-06 08:54:22.369,2024-11-06 08:54:22.369,40003,UTC+0100,64Z1605Zgy,com.sec.android.app.shealth,2024-11-05 23:23:00.000,d09e572f-6e22-4043-b6e9-c03a2914858d,
62810050,2024-11-05 23:23:00.000,a300ff38-b645-4dc5-b3aa-b72285d5baec,,62810050,2024-11-06 08:54:22.370,2024-11-06 08:54:22.370,40002,UTC+0100,64Z1605Zgy,com.sec.android.app.shealth,2024-11-05 23:24:00.000,1a76d649-dca8-4846-9d40-466082594d19,
62810050,2024-11-05 23:24:00.000,a300ff38-b645-4dc5-b3aa-b72285d5baec,,62810050,2024-11-06 08:54:22.370,2024-11-06 08:54:22.370,40003,UTC+0100,64Z1605Zgy,com.sec.android.app.shealth,2024-11-05 23:39:00.000,38ad4df4-d7d2-499a-989e-8dda1c828a06,
62810050,2024-11-05 23:39:00.000,a300ff38-b645-4dc5-b3aa-b72285d5baec,,62810050,2024-11-06 08:54:22.370,2024-11-06 08:54:22.370,40002,UTC+0100,64Z1605Zgy,com.sec.android.app.shealth,2024-11-06 00:10:00.000,311c3804-ed80-4a5a-9eab-a0d55a45df62,
62810050,2024-11-06 00:10:00.000,a300ff38-b645-4dc5-b3aa-b72285d5baec,,62810050,2024-11-06 08:54:22.371,2024-11-06 08:54:22.371,40004,UTC+0100,64Z1605Zgy,com.sec.android.app.shealth,2024-11-06 00:56:00.000,3718aa7a-7e53-4836-aaad-e34fe81f59ab,
62810050,2024-11-06 00:56:00.000,a300ff38-b645-4dc5-b3aa-b72285d5baec,,62810050,2024-11-06 08:54:22.371,2024-11-06 08:54:22.371,40002,UTC+0100,64Z1605Zgy,com.sec.android.app.shealth,2024-11-06 01:26:00.000,97e1861c-f318-4bce-8723-732d7a37e2dd,
62810050,2024-11-06 01:26:00.000,a300ff38-b645-4dc5-b3aa-b72285d5baec,,62810050,2024-11-06 08:54:22.372,2024-11-06 08:54:22.372,40003,UTC+0100,64Z1605Zgy,com.sec.android.app.shealth,2024-11-06 01:48:00.000,d99a9695-60f6-4e9e-808d-f246344af5f8,
62810050,2024-11-06 01:48:00.000,a300ff38-b645-4dc5-b3aa-b72285d5baec,,62810050,2024-11-06 08:54:22.373,2024-11-06 08:54:22.373,40002,UTC+0100,64Z1605Zgy,com.sec.android.app.shealth,2024-11-06 02:15:00.000,97be3e48-c3cc-44d9-925c-53875de0742c,
62810050,2024-11-06 02:15:00.000,a300ff38-b645-4dc5-b3aa-b72285d5baec,,62810050,2024-11-06 08:54:22.379,2024-11-06 08:54:22.379,40004,UTC+0100,64Z1605Zgy,com.sec.android.app.shealth,2024-11-06 02:37:00.000,91945f68-6a42-498b-ac66-5c361c2f6dbd,
62810050,2024-11-06 02:37:00.000,a300ff38-b645-4dc5-b3aa-b72285d5baec,,62810050,2024-11-06 08:54:22.380,2024-11-06 08:54:22.380,40002,UTC+0100,64Z1605Zgy,com.sec.android.app.shealth,2024-11-06 02:59:00.000,3c3c4df1-0233-46df-9392-c23cd02afb07,
62810050,2024-11-06 02:59:00.000,a300ff38-b645-4dc5-b3aa-b72285d5baec,,62810050,2024-11-06 08:54:22.381,2024-11-06 08:54:22.381,40004,UTC+0100,64Z1605Zgy,com.sec.android.app.shealth,2024-11-06 03:00:00.000,aa36c058-bfe8-4951-8ec7-8bf7a162e2ff,
62810050,2024-11-06 03:00:00.000,a300ff38-b645-4dc5-b3aa-b72285d5baec,,62810050,2024-11-06 08:54:22.382,2024-11-06 08:54:22.382,40001,UTC+0100,64Z1605Zgy,com.sec.android.app.shealth,2024-11-06 03:19:00.000,16f0725a-2bf1-4779-bf0b-33834ec19af4,
62810050,2024-11-06 03:19:00.000,a300ff38-b645-4dc5-b3aa-b72285d5baec,,62810050,2024-11-06 08:54:22.382,2024-11-06 08:54:22.382,40002,UTC+0100,64Z1605Zgy,com.sec.android.app.shealth,2024-11-06 03:25:00.000,14b2eb3f-0bb1-4e61-b124-1721aa9c034b,
62810050,2024-11-06 03:25:00.000,a300ff38-b645-4dc5-b3aa-b72285d5baec,,62810050,2024-11-06 08:54:22.382,2024-11-06 08:54:22.382,40001,UTC+0100,64Z1605Zgy,com.sec.android.app.shealth,2024-11-06 03:27:00.000,95c294d4-0162-460a-a80c-6b051f6c8742,
62930070,2025-03-04 23:05:00.000,1654f102-9da7-42ae-82bd-b64ed33dabe0,,62930070,2025-03-06 15:50:17.752,2025-03-06 15:50:17.752,40002,UTC+0100,64Z1605Zgy,com.sec.android.app.shealth,2025-03-04 23:24:30.000,4035ef08-caf7-4e22-a94c-28a4f9d09ebc,
62930070,2025-03-04 23:24:30.000,1654f102-9da7-42ae-82bd-b64ed33dabe0,,62930070,2025-03-06 15:50:17.752,2025-03-06 15:50:17.752,40001,UTC+0100,64Z1605Zgy,com.sec.android.app.shealth,2025-03-04 23:27:00.000,b4ab2f2a-6ec5-4b9c-9420-ccfca8d2f241,
62930070,2025-03-04 23:27:00.000,1654f102-9da7-42ae-82bd-b64ed33dabe0,,62930070,2025-03-06 15:50:17.753,2025-03-06 15:50:17.753,40002,UTC+0100,64Z1605Zgy,com.sec.android.app.shealth,2025-03-04 23:31:30.000,d2892575-2c7f-4bd6-8657-67782c77dcb2,
62930070,2025-03-04 23:31:30.000,1654f102-9da7-42ae-82bd-b64ed33dabe0,,62930070,2025-03-06 15:50:17.753,2025-03-06 15:50:17.753,40001,UTC+0100,64Z1605Zgy,com.sec.android.app.shealth,2025-03-04 23:33:00.000,17f0cc5f-c8b7-4300-99c9-7bda072d9549,
62930070,2025-03-04 23:33:00.000,1654f102-9da7-42ae-82bd-b64ed33dabe0,,62930070,2025-03-06 15:50:17.754,2025-03-06 15:50:17.754,40002,UTC+0100,64Z1605Zgy,com.sec.android.app.shealth,2025-03-04 23:38:00.000,929507e3-a507-43c7-855b-9f028168cc54,
62930070,2025-03-04 23:38:00.000,1654f102-9da7-42ae-82bd-b64ed33dabe0,,62930070,2025-03-06 15:50:17.755,2025-03-06 15:50:17.755,40001,UTC+0100,64Z1605Zgy,com.sec.android.app.shealth,2025-03-04 23:39:30.000,0dd277f2-66f1-4a81-9f89-da9e4758bd49,
62930070,2025-03-04 23:39:30.000,1654f102-9da7-42ae-82bd-b64ed33dabe0,,62930070,2025-03-06 15:50:17.755,2025-03-06 15:50:17.755,40002,UTC+0100,64Z1605Zgy,com.sec.android.app.shealth,2025-03-05 00:05:00.000,f972fbb9-78f9-488f-b301-da697197177f,
62930070,2025-03-05 00:05:00.000,1654f102-9da7-42ae-82bd-b64ed33dabe0,,62930070,2025-03-06 15:50:17.756,2025-03-06 15:50:17.756,40003,UTC+0100,64Z1605Zgy,com.sec.android.app.shealth,2025-03-05 00:30:00.000,457f765a-182e-4369-87f0-c6eae7c4019a,
62930070,2025-03-05 00:30:00.000,1654f102-9da7-42ae-82bd-b64ed33dabe0,,62930070,2025-03-06 15:50:17.761,2025-03-06 15:50:17.761,40001,UTC+0100,64Z1605Zgy,com.sec.android.app.shealth,2025-03-05 00:30:30.000,a0419084-1717-4828-93e7-25a4da35219d,
62930070,2025-03-05 00:30:30.000,1654f102-9da7-42ae-82bd-b64ed33dabe0,,62930070,2025-03-06 15:50:17.761,2025-03-06 15:50:17.761,40002,UTC+0100,64Z1605Zgy,com.sec.android.app.shealth,2025-03-05 00:41:30.000,c53b143c-f9bb-4a0c-864b-f0cbec45b510,
62930070,2025-03-05 00:41:30.000,1654f102-9da7-42ae-82bd-b64ed33dabe0,,62930070,2025-03-06 15:50:17.762,2025-03-06 15:50:17.762,40001,UTC+0100,64Z1605Zgy,com.sec.android.app.shealth,2025-03-05 00:42:00.000,8b0d6650-e9ae-45f5-b490-683f799a9cca,
62930070,2025-03-05 00:42:00.000,1654f102-9da7-42ae-82bd-b64ed33dabe0,,62930070,2025-03-06 15:50:17.763,2025-03-06 15:50:17.763,40002,UTC+0100,64Z1605Zgy,com.sec.android.app.shealth,2025-03-05 00:52:30.000,b3c4490b-aea6-4998-b6ab-517df3162d74,
62930070,2025-03-05 00:52:30.000,1654f102-9da7-42ae-82bd-b64ed33dabe0,,62930070,2025-03-06 15:50:17.764,2025-03-06 15:50:17.764,40004,UTC+0100,64Z1605Zgy,com.sec.android.app.shealth,2025-03-05 01:27:30.000,1a328ed9-a90d-45d2-bca4-2221e26f39ef,
62930070,2025-03-05 01:27:30.000,1654f102-9da7-42ae-82bd-b64ed33dabe0,,62930070,2025-03-06 15:50:17.764,2025-03-06 15:50:17.764,40002,UTC+0100,64Z1605Zgy,com.sec.android.app.shealth,2025-03-05 01:46:30.000,6248c252-a0d4-463a-9456-dbe639568fca,
62930070,2025-03-05 01:46:30.000,1654f102-9da7-42ae-82bd-b64ed33dabe0,,62930070,2025-03-06 15:50:17.765,2025-03-06 15:50:17.765,40003,UTC+0100,64Z1605Zgy,com.sec.android.app.shealth,2025-03-05 01:56:30.000,5021dae0-716b-4c19-a4e4-16e7dcfa4de1,
62930070,2025-03-05 01:56:30.000,1654f102-9da7-42ae-82bd-b64ed33dabe0,,62930070,2025-03-06 15:50:17.766,2025-03-06 15:50:17.766,40002,UTC+0100,64Z1605Zgy,com.sec.android.app.shealth,2025-03-05 02:08:00.000,e0d929cc-be2d-4416-a1a2-7258fd7977a5,
62930070,2025-03-05 02:08:00.000,1654f102-9da7-42ae-82bd-b64ed33dabe0,,62930070,2025-03-06 15:50:17.766,2025-03-06 15:50:17.766,40003,UTC+0100,64Z1605Zgy,com.sec.android.app.shealth,2025-03-05 02:35:00.000,ef9b493e-3e0f-4579-a09e-fca993faf576,
62930070,2025-03-05 02:35:00.000,1654f102-9da7-42ae-82bd-b64ed33dabe0,,62930070,2025-03-06 15:50:17.767,2025-03-06 15:50:17.767,40002,UTC+0100,64Z1605Zgy,com.sec.android.app.shealth,2025-03-05 02:38:00.000,24c0cfa6-b37e-4c03-9fb0-ce3ce50de597,
62930070,2025-03-05 02:38:00.000,1654f102-9da7-42ae-82bd-b64ed33dabe0,,62930070,2025-03-06 15:50:17.767,2025-03-06 15:50:17.767,40004,UTC+0100,64Z1605Zgy,com.sec.android.app.shealth,2025-03-05 02:52:00.000,54644ef6-e061-4d9b-964e-2a22bcf8b552,
62930070,2025-03-05 02:52:00.000,1654f102-9da7-42ae-82bd-b64ed33dabe0,,62930070,2025-03-06 15:50:17.770,2025-03-06 15:50:17.770,40001,UTC+0100,64Z1605Zgy,com.sec.android.app.shealth,2025-03-05 02:52:30.000,c30436a2-4719-4167-bb65-f28af7915b92,
62930070,2025-03-05 02:52:30.000,1654f102-9da7-42ae-82bd-b64ed33dabe0,,62930070,2025-03-06 15:50:17.771,2025-03-06 15:50:17.771,40004,UTC+0100,64Z1605Zgy,com.sec.android.app.shealth,2025-03-05 02:55:00.000,92ea4fcd-52e6-446b-8a24-db80bf4dda16,
62930070,2025-03-05 02:55:00.000,1654f102-9da7-42ae-82bd-b64ed33dabe0,,62930070,2025-03-06 15:50:17.771,2025-03-06 15:50:17.771,40002,UTC+0100,64Z1605Zgy,com.sec.android.app.shealth,2025-03-05 02:57:30.000,38ec75cd-fa00-4a2e-9ebc-fb0ccef4c958,
62930070,2025-03-05 02:57:30.000,1654f102-9da7-42ae-82bd-b64ed33dabe0,,62930070,2025-03-06 15:50:17.776,2025-03-06 15:50:17.776,40004,UTC+0100,64Z1605Zgy,com.sec.android.app.shealth,2025-03-05 03:18:30.000,6e1a34f7-cc13-499d-8dee-d8a1f58a047e,
62930070,2025-03-05 03:18:30.000,1654f102-9da7-42ae-82bd-b64ed33dabe0,,62930070,2025-03-06 15:50:17.777,2025-03-06 15:50:17.777,40001,UTC+0100,64Z1605Zgy,com.sec.android.app.shealth,2025-03-05 03:19:00.000,25e746f8-fdda-49ca-ad26-5b17f21f2949,
62930070,2025-03-05 03:19:00.000,1654f102-9da7-42ae-82bd-b64ed33dabe0,,62930070,2025-03-06 15:50:17.778,2025-03-06 15:50:17.778,40004,UTC+0100,64Z1605Zgy,com.sec.android.app.shealth,2025-03-05 03:32:30.000,bc1bda44-105b-4c42-9d13-2b2d39825277,
62930070,2025-03-05 03:32:30.000,1654f102-9da7-42ae-82bd-b64ed33dabe0,,62930070,2025-03-06 15:50:17.778,2025-03-06 15:50:17.778,40001,UTC+0100,64Z1605Zgy,com.sec.android.app.shealth,2025-03-05 03:33:30.000,1b886cea-e812-4681-b2a0-51dd042c4fd1,
62930070,2025-03-05 03:33:30.000,1654f102-9da7-42ae-82bd-b64ed33dabe0,,62930070,2025-03-06 15:50:17.779,2025-03-06 15:50:17.779,40002,UTC+0100,64Z1605Zgy,com.sec.android.app.shealth,2025-03-05 04:30:30.000,a452b4e3-38cd-4119-bada-da227f1dcde3,
62930070,2025-03-05 04:30:30.000,1654f102-9da7-42ae-82bd-b64ed33dabe0,,62930070,2025-03-06 15:50:17.780,2025-03-06 15:50:17.780,40001,UTC+0100,64Z1605Zgy,com.sec.android.app.shealth,2025-03-05 04:53:30.000,fa2a7ce4-b08e-4ac4-9c33-8686516e17c7,
62930070,2025-03-05 04:53:30.000,1654f102-9da7-42ae-82bd-b64ed33dabe0,,62930070,2025-03-06 15:50:17.780,2025-03-06 15:50:17.780,40002,UTC+0100,64Z1605Zgy,com.sec.android.app.shealth,2025-03-05 05:22:00.000,ddac7591-befa-4d3f-b1f2-84cecb131db4,
62930070,2025-03-05 05:22:00.000,1654f102-9da7-42ae-82bd-b64ed33dabe0,,62930070,2025-03-06 15:50:17.781,2025-03-06 15:50:17.781,40001,UTC+0100,64Z1605Zgy,com.sec.android.app.shealth,2025-03-05 05:22:30.000,0f5c0b2b-ce39-4af7-be0f-772ccc4b0cbb,
62930070,2025-03-05 05:22:30.000,1654f102-9da7-42ae-82bd-b64ed33dabe0,,62930070,2025-03-06 15:50:17.781,2025-03-06 15:50:17.781,40002,UTC+0100,64Z1605Zgy,com.sec.android.app.shealth,2025-03-05 05:24:30.000,b2799cc0-6562-4128-8dcb-5ae40eb3b40c,
62930070,2025-03-05 05:24:30.000,1654f102-9da7-42ae-82bd-b64ed33dabe0,,62930070,2025-03-06 15:50:17.782,2025-03-06 15:50:17.782,40004,UTC+0100,64Z1605Zgy,com.sec.android.app.shealth,2025-03-05 05:45:00.000,f2001e18-d2c9-4c78-9e22-d4d926a40e12,
62930070,2025-03-05 05:45:00.000,1654f102-9da7-42ae-82bd-b64ed33dabe0,,62930070,2025-03-06 15:50:17.783,2025-03-06 15:50:17.783,40001,UTC+0100,64Z1605Zgy,com.sec.android.app.shealth,2025-03-05 05:45:30.000,fa0dbef5-2592-4548-8387-735cb12f080b,
62930070,2025-03-05 05:45:30.000,1654f102-9da7-42ae-82bd-b64ed33dabe0,,62930070,2025-03-06 15:50:17.783,2025-03-06 15:50:17.783,40004,UTC+0100,64Z1605Zgy,com.sec.android.app.shealth,2025-03-05 05:51:30.000,0ae95e20-75c9-41d6-9cf5-5275264344a7,
62930070,2025-03-05 05:51:30.000,1654f102-9da7-42ae-82bd-b64ed33dabe0,,62930070,2025-03-06 15:50:17.784,2025-03-06 15:50:17.784,40001,UTC+0100,64Z1605Zgy,com.sec.android.app.shealth,2025-03-05 05:52:00.000,75a3067a-9369-48f3-940a-bfec9fc4e843,
62930070,2025-03-05 05:52:00.000,1654f102-9da7-42ae-82bd-b64ed33dabe0,,62930070,2025-03-06 15:50:17.791,2025-03-06 15:50:17.791,40004,UTC+0100,64Z1605Zgy,com.sec.android.app.shealth,2025-03-05 05:57:00.000,4decca5e-b5da-4206-80c9-d4e56a4098d3,
62930070,2025-03-05 05:57:00.000,1654f102-9da7-42ae-82bd-b64ed33dabe0,,62930070,2025-03-06 15:50:17.791,2025-03-06 15:50:17.791,40002,UTC+0100,64Z1605Zgy,com.sec.android.app.shealth,2025-03-05 06:28:00.000,fc6ddc8b-8716-47f1-b60f-2fd770ff2c28,
62930070,2025-03-05 06:28:00.000,1654f102-9da7-42ae-82bd-b64ed33dabe0,,62930070,2025-03-06 15:50:17.792,2025-03-06 15:50:17.792,40001,UTC+0100,64Z1605Zgy,com.sec.android.app.shealth,2025-03-05 06:28:30.000,4c6b9d82-fc52-4c4a-8f87-af23d7d060f8,
62930070,2025-03-05 06:28:30.000,1654f102-9da7-42ae-82bd-b64ed33dabe0,,62930070,2025-03-06 15:50:17.793,2025-03-06 15:50:17.793,40002,UTC+0100,64Z1605Zgy,com.sec.android.app.shealth,2025-03-05 06:37:30.000,c47871b9-d129-48cd-8027-58e1342845a4,
62930070,2025-03-05 06:37:30.000,1654f102-9da7-42ae-82bd-b64ed33dabe0,,62930070,2025-03-06 15:50:17.794,2025-03-06 15:50:17.794,40004,UTC+0100,64Z1605Zgy,com.sec.android.app.shealth,2025-03-05 06:44:30.000,a7a63a34-e757-4cd3-95f5-49df834f51a9,
62930070,2025-03-05 06:44:30.000,1654f102-9da7-42ae-82bd-b64ed33dabe0,,62930070,2025-03-06 15:50:17.795,2025-03-06 15:50:17.795,40001,UTC+0100,64Z1605Zgy,com.sec.android.app.shealth,2025-03-05 06:45:00.000,469affa1-d5c7-49bd-b0e5-029e0a7e43e0,
62930070,2025-03-05 06:45:00.000,1654f102-9da7-42ae-82bd-b64ed33dabe0,,62930070,2025-03-06 15:50:17.796,2025-03-06 15:50:17.796,40004,UTC+0100,64Z1605Zgy,com.sec.android.app.shealth,2025-03-05 06:46:30.000,7153f540-f2b1-417f-ba7c-c90c60ac7954,
62930070,2025-03-05 06:46:30.000,1654f102-9da7-42ae-82bd-b64ed33dabe0,,62930070,2025-03-06 15:50:17.798,2025-03-06 15:50:17.798,40001,UTC+0100,64Z1605Zgy,com.sec.android.app.shealth,2025-03-05 06:56:00.000,2d7f68d8-5b39-4701-b080-0ea36bb8a73e,
62930070,2025-03-05 06:56:00.000,1654f102-9da7-42ae-82bd-b64ed33dabe0,,62930070,2025-03-06 15:50:17.799,2025-03-06 15:50:17.799,40004,UTC+0100,64Z1605Zgy,com.sec.android.app.shealth,2025-03-05 06:58:30.000,7f6d742b-f3c6-4e88-baba-91345d8c1b9e,
62930070,2025-03-05 06:58:30.000,1654f102-9da7-42ae-82bd-b64ed33dabe0,,62930070,2025-03-06 15:50:17.799,2025-03-06 15:50:17.799,40001,UTC+0100,64Z1605Zgy,com.sec.android.app.shealth,2025-03-05 06:59:00.000,7f8fd724-7c8b-4e80-87d7-67c672c6b2c5,
62930070,2025-03-05 06:59:00.000,1654f102-9da7-42ae-82bd-b64ed33dabe0,,62930070,2025-03-06 15:50:17.807,2025-03-06 15:50:17.807,40004,UTC+0100,64Z1605Zgy,com.sec.android.app.shealth,2025-03-05 07:02:00.000,0ee7ee7d-3883-42a8-91e9-4f368e36df18,
62930070,2025-03-14 00:02:00.000,e3ea9e5b-6a83-41af-b804-d538f0e48503,,62930070,2025-03-14 18:45:28.506,2025-03-14 18:45:28.506,40002,UTC+0100,64Z1605Zgy,com.sec.android.app.shealth,2025-03-14 00:22:00.000,a2ae5dac-dfde-48a4-a8f1-ca561112dfde,
62930070,2025-03-14 00:22:00.000,e3ea9e5b-6a83-41af-b804-d538f0e48503,,62930070,2025-03-14 18:45:28.507,2025-03-14 18:45:28.507,40001,UTC+0100,64Z1605Zgy,com.sec.android.app.shealth,2025-03-14 00:27:30.000,d74be860-bc81-47b7-8287-b0f4e68dcc1c,
62930070,2025-03-14 00:27:30.000,e3ea9e5b-6a83-41af-b804-d538f0e48503,,62930070,2025-03-14 18:45:28.508,2025-03-14 18:45:28.508,40002,UTC+0100,64Z1605Zgy,com.sec.android.app.shealth,2025-03-14 00:34:00.000,29da52fe-fbdb-475e-95e7-571395f09e0c,
62930070,2025-03-14 00:34:00.000,e3ea9e5b-6a83-41af-b804-d538f0e48503,,62930070,2025-03-14 18:45:28.510,2025-03-14 18:45:28.510,40001,UTC+0100,64Z1605Zgy,com.sec.android.app.shealth,2025-03-14 00:34:30.000,0197d522-465c-44ca-81d3-79803fc51bc2,
62930070,2025-03-14 00:34:30.000,e3ea9e5b-6a83-41af-b804-d538f0e48503,,62930070,2025-03-14 18:45:28.511,2025-03-14 18:45:28.511,40002,UTC+0100,64Z1605Zgy,com.sec.android.app.shealth,2025-03-14 00:36:30.000,4ee4bf2a-1ff2-429b-bea8-f14322262a81,
62930070,2025-03-14 00:36:30.000,e3ea9e5b-6a83-41af-b804-d538f0e48503,,62930070,2025-03-14 18:45:28.512,2025-03-14 18:45:28.512,40001,UTC+0100,64Z1605Zgy,com.sec.android.app.shealth,2025-03-14 00:38:30.000,4bb5b1f1-c38f-474a-85d3-8196ef0aec12,
62930070,2025-03-14 00:38:30.000,e3ea9e5b-6a83-41af-b804-d538f0e48503,,62930070,2025-03-14 18:45:28.513,2025-03-14 18:45:28.513,40002,UTC+0100,64Z1605Zgy,com.sec.android.app.shealth,2025-03-14 00:47:30.000,7f0db37d-cfaa-41d6-9f34-4885490d2ff6,
62930070,2025-03-14 00:47:30.000,e3ea9e5b-6a83-41af-b804-d538f0e48503,,62930070,2025-03-14 18:45:28.514,2025-03-14 18:45:28.514,40001,UTC+0100,64Z1605Zgy,com.sec.android.app.shealth,2025-03-14 00:48:00.000,b99665d0-6d4f-4a49-a43f-49ccb9be94c7,
62930070,2025-03-14 00:48:00.000,e3ea9e5b-6a83-41af-b804-d538f0e48503,,62930070,2025-03-14 18:45:28.515,2025-03-14 18:45:28.515,40002,UTC+0100,64Z1605Zgy,com.sec.android.app.shealth,2025-03-14 00:48:30.000,a8c9c9c5-5d12-4ef8-b479-7ab89969a036,
62930070,2025-03-14 00:48:30.000,e3ea9e5b-6a83-41af-b804-d538f0e48503,,62930070,2025-03-14 18:45:28.516,2025-03-14 18:45:28.516,40001,UTC+0100,64Z1605Zgy,com.sec.android.app.shealth,2025-03-14 00:49:30.000,24a914d9-8b42-4ec4-ab1e-684798c0f95b,
62930070,2025-03-14 00:49:30.000,e3ea9e5b-6a83-41af-b804-d538f0e48503,,62930070,2025-03-14 18:45:28.517,2025-03-14 18:45:28.517,40002,UTC+0100,64Z1605Zgy,com.sec.android.app.shealth,2025-03-14 01:02:00.000,fd325a14-ac18-4a67-bddb-af5f77118daf,
62930070,2025-03-14 01:02:00.000,e3ea9e5b-6a83-41af-b804-d538f0e48503,,62930070,2025-03-14 18:45:28.518,2025-03-14 18:45:28.518,40001,UTC+0100,64Z1605Zgy,com.sec.android.app.shealth,2025-03-14 01:18:00.000,555b3967-4217-4778-b6e8-b009b7c94804,
62930070,2025-03-14 01:18:00.000,e3ea9e5b-6a83-41af-b804-d538f0e48503,,62930070,2025-03-14 18:45:28.519,2025-03-14 18:45:28.519,40002,UTC+0100,64Z1605Zgy,com.sec.android.app.shealth,2025-03-14 01:41:00.000,431d1f73-60de-4277-8ddc-afe3d0aa969f,
62930070,2025-03-14 01:41:00.000,e3ea9e5b-6a83-41af-b804-d538f0e48503,,62930070,2025-03-14 18:45:28.520,2025-03-14 18:45:28.520,40003,UTC+0100,64Z1605Zgy,com.sec.android.app.shealth,2025-03-14 02:14:00.000,1dd69181-b736-41d5-85b6-3b4918b845ae,
62930070,2025-03-14 02:14:00.000,e3ea9e5b-6a83-41af-b804-d538f0e48503,,62930070,2025-03-14 18:45:28.522,2025-03-14 18:45:28.522,40001,UTC+0100,64Z1605Zgy,com.sec.android.app.shealth,2025-03-14 02:14:30.000,29bb2a32-a329-47e0-90f7-e3e098875487,
62930070,2025-03-14 02:14:30.000,e3ea9e5b-6a83-41af-b804-d538f0e48503,,62930070,2025-03-14 18:45:28.523,2025-03-14 18:45:28.523,40002,UTC+0100,64Z1605Zgy,com.sec.android.app.shealth,2025-03-14 02:24:00.000,a7e079c7-2e88-41e6-ac9d-cfd0cbf4ebc1,
62930070,2025-03-14 02:24:00.000,e3ea9e5b-6a83-41af-b804-d538f0e48503,,62930070,2025-03-14 18:45:28.524,2025-03-14 18:45:28.524,40001,UTC+0100,64Z1605Zgy,com.sec.android.app.shealth,2025-03-14 02:24:30.000,275703f8-3d5d-4c17-9f80-d375c9b6c850,
62930070,2025-03-14 02:24:30.000,e3ea9e5b-6a83-41af-b804-d538f0e48503,,62930070,2025-03-14 18:45:28.525,2025-03-14 18:45:28.525,40002,UTC+0100,64Z1605Zgy,com.sec.android.app.shealth,2025-03-14 02:25:00.000,349d1d8f-9352-4fe8-b97f-8f42e0a46a8e,
62930070,2025-03-14 02:25:00.000,e3ea9e5b-6a83-41af-b804-d538f0e48503,,62930070,2025-03-14 18:45:28.526,2025-03-14 18:45:28.526,40001,UTC+0100,64Z1605Zgy,com.sec.android.app.shealth,2025-03-14 02:25:30.000,6ef9a151-ea07-4a78-ae96-5bc826cc1af3,
62930070,2025-03-14 02:25:30.000,e3ea9e5b-6a83-41af-b804-d538f0e48503,,62930070,2025-03-14 18:45:28.527,2025-03-14 18:45:28.527,40002,UTC+0100,64Z1605Zgy,com.sec.android.app.shealth,2025-03-14 02:26:00.000,f9f20a45-6181-45d5-8816-20c50a908704,
62930070,2025-03-14 02:26:00.000,e3ea9e5b-6a83-41af-b804-d538f0e48503,,62930070,2025-03-14 18:45:28.529,2025-03-14 18:45:28.529,40001,UTC+0100,64Z1605Zgy,com.sec.android.app.shealth,2025-03-14 02:26:30.000,132fce0f-4be3-4766-b5dc-d0ef080c857e,
62930070,2025-03-14 02:26:30.000,e3ea9e5b-6a83-41af-b804-d538f0e48503,,62930070,2025-03-14 18:45:28.530,2025-03-14 18:45:28.530,40002,UTC+0100,64Z1605Zgy,com.sec.android.app.shealth,2025-03-14 02:30:00.000,f2820ee2-c8f5-4620-aecc-de37121cd9d7,
62930070,2025-03-14 02:30:00.000,e3ea9e5b-6a83-41af-b804-d538f0e48503,,62930070,2025-03-14 18:45:28.531,2025-03-14 18:45:28.531,40004,UTC+0100,64Z1605Zgy,com.sec.android.app.shealth,2025-03-14 02:55:00.000,d12349d4-17b3-4c51-9b23-fee84c59bf82,
62930070,2025-03-14 02:55:00.000,e3ea9e5b-6a83-41af-b804-d538f0e48503,,62930070,2025-03-14 18:45:28.531,2025-03-14 18:45:28.531,40001,UTC+0100,64Z1605Zgy,com.sec.android.app.shealth,2025-03-14 02:55:30.000,fbc76c00-6a75-47a3-9a2f-58cfe0af98bc,
62930070,2025-03-14 02:55:30.000,e3ea9e5b-6a83-41af-b804-d538f0e48503,,62930070,2025-03-14 18:45:28.532,2025-03-14 18:45:28.532,40004,UTC+0100,64Z1605Zgy,com.sec.android.app.shealth,2025-03-14 02:59:00.000,1619fbff-5297-49e7-bfc4-cd088047ba5c,
62930070,2025-03-14 02:59:00.000,e3ea9e5b-6a83-41af-b804-d538f0e48503,,62930070,2025-03-14 18:45:28.532,2025-03-14 18:45:28.532,40001,UTC+0100,64Z1605Zgy,com.sec.android.app.shealth,2025-03-14 02:59:30.000,64471353-e450-405a-b3f5-5ab116c41c5a,
62930070,2025-03-14 02:59:30.000,e3ea9e5b-6a83-41af-b804-d538f0e48503,,62930070,2025-03-14 18:45:28.533,2025-03-14 18:45:28.533,40004,UTC+0100,64Z1605Zgy,com.sec.android.app.shealth,2025-03-14 03:17:00.000,2b1f8716-18b1-4fee-a5c6-4148857fc0a3,
62930070,2025-03-14 03:17:00.000,e3ea9e5b-6a83-41af-b804-d538f0e48503,,62930070,2025-03-14 18:45:28.533,2025-03-14 18:45:28.533,40001,UTC+0100,64Z1605Zgy,com.sec.android.app.shealth,2025-03-14 03:19:00.000,20f6a3a0-6eac-4799-b1bd-d6617a63805b,
62930070,2025-03-14 03:19:00.000,e3ea9e5b-6a83-41af-b804-d538f0e48503,,62930070,2025-03-14 18:45:28.533,2025-03-14 18:45:28.533,40002,UTC+0100,64Z1605Zgy,com.sec.android.app.shealth,2025-03-14 03:19:30.000,0d302303-956f-40ff-b31a-b21698edbff1,
62930070,2025-03-14 03:19:30.000,e3ea9e5b-6a83-41af-b804-d538f0e48503,,62930070,2025-03-14 18:45:28.534,2025-03-14 18:45:28.534,40001,UTC+0100,64Z1605Zgy,com.sec.android.app.shealth,2025-03-14 03:20:00.000,bf09fe82-4516-4261-b9e4-f84c49751d6d,
62930070,2025-03-14 03:20:00.000,e3ea9e5b-6a83-41af-b804-d538f0e48503,,62930070,2025-03-14 18:45:28.534,2025-03-14 18:45:28.534,40002,UTC+0100,64Z1605Zgy,com.sec.android.app.shealth,2025-03-14 03:22:00.000,0b3fe6b8-486e-43aa-bc9d-9155b987c864,
62930070,2025-03-14 03:22:00.000,e3ea9e5b-6a83-41af-b804-d538f0e48503,,62930070,2025-03-14 18:45:28.535,2025-03-14 18:45:28.535,40001,UTC+0100,64Z1605Zgy,com.sec.android.app.shealth,2025-03-14 03:23:30.000,915b98ee-7c87-4cbf-942d-bb9a37d0926e,
62930070,2025-03-14 03:23:30.000,e3ea9e5b-6a83-41af-b804-d538f0e48503,,62930070,2025-03-14 18:45:28.536,2025-03-14 18:45:28.536,40002,UTC+0100,64Z1605Zgy,com.sec.android.app.shealth,2025-03-14 03:51:00.000,4675d42e-8b78-4588-a5fa-18cd9e3b51b1,
62930070,2025-03-14 03:51:00.000,e3ea9e5b-6a83-41af-b804-d538f0e48503,,62930070,2025-03-14 18:45:28.537,2025-03-14 18:45:28.537,40003,UTC+0100,64Z1605Zgy,com.sec.android.app.shealth,2025-03-14 04:07:30.000,a61a9c6f-74b8-4251-b709-a67012431caf,
62930070,2025-03-14 04:07:30.000,e3ea9e5b-6a83-41af-b804-d538f0e48503,,62930070,2025-03-14 18:45:28.537,2025-03-14 18:45:28.537,40002,UTC+0100,64Z1605Zgy,com.sec.android.app.shealth,2025-03-14 04:21:00.000,45c57d01-15e8-4a4e-8d36-b023c5d95c09,
62930070,2025-03-14 04:21:00.000,e3ea9e5b-6a83-41af-b804-d538f0e48503,,62930070,2025-03-14 18:45:28.538,2025-03-14 18:45:28.538,40003,UTC+0100,64Z1605Zgy,com.sec.android.app.shealth,2025-03-14 04:39:00.000,8d86866a-4bcf-42c8-904c-83e0bb35fdc0,
62930070,2025-03-14 04:39:00.000,e3ea9e5b-6a83-41af-b804-d538f0e48503,,62930070,2025-03-14 18:45:28.538,2025-03-14 18:45:28.538,40004,UTC+0100,64Z1605Zgy,com.sec.android.app.shealth,2025-03-14 04:40:30.000,57566ec3-7044-42cd-b813-42045afeff3a,
62930070,2025-03-14 04:40:30.000,e3ea9e5b-6a83-41af-b804-d538f0e48503,,62930070,2025-03-14 18:45:28.539,2025-03-14 18:45:28.539,40001,UTC+0100,64Z1605Zgy,com.sec.android.app.shealth,2025-03-14 04:41:00.000,9ccbc0e3-f2c4-4e3f-9152-8884e6b84d6e,
62930070,2025-03-14 04:41:00.000,e3ea9e5b-6a83-41af-b804-d538f0e48503,,62930070,2025-03-14 18:45:28.539,2025-03-14 18:45:28.539,40002,UTC+0100,64Z1605Zgy,com.sec.android.app.shealth,2025-03-14 04:41:30.000,4a6acc11-3ecf-4eab-aeb3-3ebdcfaa2a22,
62930070,2025-03-14 04:41:30.000,e3ea9e5b-6a83-41af-b804-d538f0e48503,,62930070,2025-03-14 18:45:28.540,2025-03-14 18:45:28.540,40004,UTC+0100,64Z1605Zgy,com.sec.android.app.shealth,2025-03-14 05:10:30.000,0c9064a3-934e-4087-b963-86a6ed5c71bc,
62930070,2025-03-14 05:10:30.000,e3ea9e5b-6a83-41af-b804-d538f0e48503,,62930070,2025-03-14 18:45:28.540,2025-03-14 18:45:28.540,40002,UTC+0100,64Z1605Zgy,com.sec.android.app.shealth,2025-03-14 05:57:30.000,bbd6a447-eb3e-4c2e-8426-06b9bc429433,
62930070,2025-03-14 05:57:30.000,e3ea9e5b-6a83-41af-b804-d538f0e48503,,62930070,2025-03-14 18:45:28.541,2025-03-14 18:45:28.541,40001,UTC+0100,64Z1605Zgy,com.sec.android.app.shealth,2025-03-14 05:58:00.000,055c675e-ec17-4cfd-8595-97a9f818fcfa,
62930070,2025-03-14 05:58:00.000,e3ea9e5b-6a83-41af-b804-d538f0e48503,,62930070,2025-03-14 18:45:28.542,2025-03-14 18:45:28.542,40002,UTC+0100,64Z1605Zgy,com.sec.android.app.shealth,2025-03-14 06:17:00.000,8c051456-5a5f-436e-ba69-b7c80bfed97e,
62930070,2025-03-14 06:17:00.000,e3ea9e5b-6a83-41af-b804-d538f0e48503,,62930070,2025-03-14 18:45:28.542,2025-03-14 18:45:28.542,40004,UTC+0100,64Z1605Zgy,com.sec.android.app.shealth,2025-03-14 06:23:30.000,b9fbdb6f-cf45-4f7f-840d-5e9bc9c43e55,
62930070,2025-03-14 06:23:30.000,e3ea9e5b-6a83-41af-b804-d538f0e48503,,62930070,2025-03-14 18:45:28.543,2025-03-14 18:45:28.543,40001,UTC+0100,64Z1605Zgy,com.sec.android.app.shealth,2025-03-14 06:24:00.000,017c3cb0-c28a-41bd-a582-1b7cec51e2f5,
62930070,2025-03-14 06:24:00.000,e3ea9e5b-6a83-41af-b804-d538f0e48503,,62930070,2025-03-14 18:45:28.543,2025-03-14 18:45:28.543,40004,UTC+0100,64Z1605Zgy,com.sec.android.app.shealth,2025-03-14 06:25:30.000,af305e7b-7bae-4cea-affe-022fac6f0332,
62930070,2025-03-14 06:25:30.000,e3ea9e5b-6a83-41af-b804-d538f0e48503,,62930070,2025-03-14 18:45:28.544,2025-03-14 18:45:28.544,40001,UTC+0100,64Z1605Zgy,com.sec.android.app.shealth,2025-03-14 06:31:30.000,8cdebc0e-dc06-47b6-bdc4-3e6232d418f1,
62930070,2025-03-14 06:31:30.000,e3ea9e5b-6a83-41af-b804-d538f0e48503,,62930070,2025-03-14 18:45:28.544,2025-03-14 18:45:28.544,40004,UTC+0100,64Z1605Zgy,com.sec.android.app.shealth,2025-03-14 06:36:30.000,23a5a0e0-5e8c-4560-b36b-28541b644e13,
62930070,2025-03-14 06:36:30.000,e3ea9e5b-6a83-41af-b804-d538f0e48503,,62930070,2025-03-14 18:45:28.545,2025-03-14 18:45:28.545,40001,UTC+0100,64Z1605Zgy,com.sec.android.app.shealth,2025-03-14 07:14:00.000,ad8cc437-11f1-4e37-8c6d-ae5f6775cd58,
62930070,2025-03-14 07:14:00.000,e3ea9e5b-6a83-41af-b804-d538f0e48503,,62930070,2025-03-14 18:45:28.545,2025-03-14 18:45:28.545,40002,UTC+0100,64Z1605Zgy,com.sec.android.app.shealth,2025-03-14 07:21:30.000,85be3d10-a68f-48af-878f-fd19058b309d,
62930070,2025-03-14 07:21:30.000,e3ea9e5b-6a83-41af-b804-d538f0e48503,,62930070,2025-03-14 18:45:28.546,2025-03-14 18:45:28.546,40001,UTC+0100,64Z1605Zgy,com.sec.android.app.shealth,2025-03-14 07:22:30.000,ed6134b4-26bb-45b9-a124-bb454c2fa90f,
62930070,2025-03-14 07:22:30.000,e3ea9e5b-6a83-41af-b804-d538f0e48503,,62930070,2025-03-14 18:45:28.546,2025-03-14 18:45:28.546,40002,UTC+0100,64Z1605Zgy,com.sec.android.app.shealth,2025-03-14 07:29:30.000,c2eff286-8cc4-4962-8fe9-25bbd12698fd,
62930070,2025-03-14 07:29:30.000,e3ea9e5b-6a83-41af-b804-d538f0e48503,,62930070,2025-03-14 18:45:28.547,2025-03-14 18:45:28.547,40001,UTC+0100,64Z1605Zgy,com.sec.android.app.shealth,2025-03-14 07:30:00.000,4903dcf7-1a99-48cb-8c16-a8f82d24d5fc,
62930070,2025-03-14 07:30:00.000,e3ea9e5b-6a83-41af-b804-d538f0e48503,,62930070,2025-03-14 18:45:28.548,2025-03-14 18:45:28.548,40002,UTC+0100,64Z1605Zgy,com.sec.android.app.shealth,2025-03-14 07:32:00.000,c312ff99-8fee-46bc-a9a4-34ea74ab2252,
62930070,2025-03-14 07:32:00.000,e3ea9e5b-6a83-41af-b804-d538f0e48503,,62930070,2025-03-14 18:45:28.548,2025-03-14 18:45:28.548,40001,UTC+0100,64Z1605Zgy,com.sec.android.app.shealth,2025-03-14 07:37:00.000,1107959b-f792-43af-91cd-d82f689009ed,
62930070,2025-03-21 19:19:00.000,2c9f2f06-cf20-42a3-84cf-575311857b2d,,62930070,2025-03-21 20:38:13.411,2025-03-21 20:38:13.411,40002,UTC+0100,64Z1605Zgy,com.sec.android.app.shealth,2025-03-21 19:35:00.000,b91505f5-3563-4043-a09e-1115ec481798,
62930070,2025-03-21 19:35:00.000,2c9f2f06-cf20-42a3-84cf-575311857b2d,,62930070,2025-03-21 20:38:13.411,2025-03-21 20:38:13.411,40001,UTC+0100,64Z1605Zgy,com.sec.android.app.shealth,2025-03-21 19:36:00.000,cdf40c82-48d2-4d72-9635-27fd4fba77fe,
62930070,2025-03-22 22:42:00.000,897afa87-22a1-44fa-a313-966ba18b0747,,62930070,2025-03-23 07:45:39.600,2025-03-23 07:45:39.600,40002,UTC+0100,64Z1605Zgy,com.sec.android.app.shealth,2025-03-22 22:57:00.000,8485cd6c-4fbe-45ed-a914-2cfde8295559,
62930070,2025-03-22 22:57:00.000,897afa87-22a1-44fa-a313-966ba18b0747,,62930070,2025-03-23 07:45:39.601,2025-03-23 07:45:39.601,40001,UTC+0100,64Z1605Zgy,com.sec.android.app.shealth,2025-03-22 22:58:00.000,2dcfcb39-68d5-4328-876f-b71cd8cc8d7a,
62930070,2025-03-22 22:58:00.000,897afa87-22a1-44fa-a313-966ba18b0747,,62930070,2025-03-23 07:45:39.601,2025-03-23 07:45:39.601,40002,UTC+0100,64Z1605Zgy,com.sec.android.app.shealth,2025-03-22 23:11:00.000,12791ca6-7103-48d9-afdd-317cfbc07aab,
62930070,2025-03-22 23:11:00.000,897afa87-22a1-44fa-a313-966ba18b0747,,62930070,2025-03-23 07:45:39.602,2025-03-23 07:45:39.602,40003,UTC+0100,64Z1605Zgy,com.sec.android.app.shealth,2025-03-22 23:40:30.000,609f552b-4ec5-4049-83c4-daecca2387c2,
62930070,2025-03-22 23:40:30.000,897afa87-22a1-44fa-a313-966ba18b0747,,62930070,2025-03-23 07:45:39.602,2025-03-23 07:45:39.602,40001,UTC+0100,64Z1605Zgy,com.sec.android.app.shealth,2025-03-22 23:41:00.000,ae014b5d-6af5-4eb4-9dea-d4506996571a,
62930070,2025-03-22 23:41:00.000,897afa87-22a1-44fa-a313-966ba18b0747,,62930070,2025-03-23 07:45:39.603,2025-03-23 07:45:39.603,40002,UTC+0100,64Z1605Zgy,com.sec.android.app.shealth,2025-03-22 23:41:30.000,df609286-fd8e-4926-a512-a47b715470b1,
62930070,2025-03-22 23:41:30.000,897afa87-22a1-44fa-a313-966ba18b0747,,62930070,2025-03-23 07:45:39.603,2025-03-23 07:45:39.603,40001,UTC+0100,64Z1605Zgy,com.sec.android.app.shealth,2025-03-22 23:42:00.000,88e7c731-387d-457e-a54c-cdcb5921cd90,
62930070,2025-03-22 23:42:00.000,897afa87-22a1-44fa-a313-966ba18b0747,,62930070,2025-03-23 07:45:39.604,2025-03-23 07:45:39.604,40002,UTC+0100,64Z1605Zgy,com.sec.android.app.shealth,2025-03-22 23:53:30.000,b30ee38d-3358-4489-ab10-89352d89e344,
62930070,2025-03-22 23:53:30.000,897afa87-22a1-44fa-a313-966ba18b0747,,62930070,2025-03-23 07:45:39.604,2025-03-23 07:45:39.604,40003,UTC+0100,64Z1605Zgy,com.sec.android.app.shealth,2025-03-23 00:02:00.000,d9465ff9-363f-407b-bdc5-19cc7e5fc497,
62930070,2025-03-23 00:02:00.000,897afa87-22a1-44fa-a313-966ba18b0747,,62930070,2025-03-23 07:45:39.604,2025-03-23 07:45:39.604,40004,UTC+0100,64Z1605Zgy,com.sec.android.app.shealth,2025-03-23 00:02:30.000,f8efdb17-8122-4893-8493-20ff9afa0344,
62930070,2025-03-23 00:02:30.000,897afa87-22a1-44fa-a313-966ba18b0747,,62930070,2025-03-23 07:45:39.605,2025-03-23 07:45:39.605,40002,UTC+0100,64Z1605Zgy,com.sec.android.app.shealth,2025-03-23 00:03:30.000,c0b96aad-9483-48ad-bba3-5b9dad680ead,
62930070,2025-03-23 00:03:30.000,897afa87-22a1-44fa-a313-966ba18b0747,,62930070,2025-03-23 07:45:39.605,2025-03-23 07:45:39.605,40004,UTC+0100,64Z1605Zgy,com.sec.android.app.shealth,2025-03-23 00:22:30.000,3531f418-af23-4c1e-9ad2-b88a0ad1c93d,
62930070,2025-03-23 00:22:30.000,897afa87-22a1-44fa-a313-966ba18b0747,,62930070,2025-03-23 07:45:39.605,2025-03-23 07:45:39.605,40002,UTC+0100,64Z1605Zgy,com.sec.android.app.shealth,2025-03-23 00:40:00.000,a029e819-e7f1-4539-ad8c-c37d21c588b8,
62930070,2025-03-23 00:40:00.000,897afa87-22a1-44fa-a313-966ba18b0747,,62930070,2025-03-23 07:45:39.606,2025-03-23 07:45:39.606,40003,UTC+0100,64Z1605Zgy,com.sec.android.app.shealth,2025-03-23 01:09:30.000,94818f96-4a8a-4b7f-88e9-434e70e8c418,
62930070,2025-03-23 01:09:30.000,897afa87-22a1-44fa-a313-966ba18b0747,,62930070,2025-03-23 07:45:39.606,2025-03-23 07:45:39.606,40002,UTC+0100,64Z1605Zgy,com.sec.android.app.shealth,2025-03-23 01:35:00.000,a382a87b-d603-4f77-8e15-ea163aaa8dd1,
62930070,2025-03-23 01:35:00.000,897afa87-22a1-44fa-a313-966ba18b0747,,62930070,2025-03-23 07:45:39.607,2025-03-23 07:45:39.607,40001,UTC+0100,64Z1605Zgy,com.sec.android.app.shealth,2025-03-23 01:35:30.000,a0f68782-80fa-4103-9568-43772645841d,
62930070,2025-03-23 01:35:30.000,897afa87-22a1-44fa-a313-966ba18b0747,,62930070,2025-03-23 07:45:39.607,2025-03-23 07:45:39.607,40002,UTC+0100,64Z1605Zgy,com.sec.android.app.shealth,2025-03-23 01:40:30.000,3dd1ee5c-80d3-4a40-9b21-2dbfeb55f308,
62930070,2025-03-23 01:40:30.000,897afa87-22a1-44fa-a313-966ba18b0747,,62930070,2025-03-23 07:45:39.607,2025-03-23 07:45:39.607,40001,UTC+0100,64Z1605Zgy,com.sec.android.app.shealth,2025-03-23 01:41:00.000,75ff00f5-600d-4051-8706-31fe1cb2501a,
62930070,2025-03-23 01:41:00.000,897afa87-22a1-44fa-a313-966ba18b0747,,62930070,2025-03-23 07:45:39.608,2025-03-23 07:45:39.608,40002,UTC+0100,64Z1605Zgy,com.sec.android.app.shealth,2025-03-23 02:26:00.000,850e5e26-d3d0-4feb-a215-a18189e7d252,
62930070,2025-03-23 02:26:00.000,897afa87-22a1-44fa-a313-966ba18b0747,,62930070,2025-03-23 07:45:39.608,2025-03-23 07:45:39.608,40003,UTC+0100,64Z1605Zgy,com.sec.android.app.shealth,2025-03-23 02:46:00.000,fd2d1d8a-600e-420c-8964-be9e7e593f46,
62930070,2025-03-23 02:46:00.000,897afa87-22a1-44fa-a313-966ba18b0747,,62930070,2025-03-23 07:45:39.609,2025-03-23 07:45:39.609,40002,UTC+0100,64Z1605Zgy,com.sec.android.app.shealth,2025-03-23 02:58:30.000,c57e6335-457f-49e9-a015-f07a3a87f822,
62930070,2025-03-23 02:58:30.000,897afa87-22a1-44fa-a313-966ba18b0747,,62930070,2025-03-23 07:45:39.609,2025-03-23 07:45:39.609,40004,UTC+0100,64Z1605Zgy,com.sec.android.app.shealth,2025-03-23 03:11:30.000,5a0c0598-952a-4d8f-98e8-cf9801587351,
62930070,2025-03-23 03:11:30.000,897afa87-22a1-44fa-a313-966ba18b0747,,62930070,2025-03-23 07:45:39.610,2025-03-23 07:45:39.610,40001,UTC+0100,64Z1605Zgy,com.sec.android.app.shealth,2025-03-23 03:12:00.000,84c92c95-14fb-4838-ad7b-6a58c2be56df,
62930070,2025-03-23 03:12:00.000,897afa87-22a1-44fa-a313-966ba18b0747,,62930070,2025-03-23 07:45:39.611,2025-03-23 07:45:39.611,40004,UTC+0100,64Z1605Zgy,com.sec.android.app.shealth,2025-03-23 03:19:00.000,1c5677cd-eb90-4f8e-bf39-902fcbb80b25,
62930070,2025-03-23 03:19:00.000,897afa87-22a1-44fa-a313-966ba18b0747,,62930070,2025-03-23 07:45:39.611,2025-03-23 07:45:39.611,40002,UTC+0100,64Z1605Zgy,com.sec.android.app.shealth,2025-03-23 04:15:00.000,20477f22-f40e-4a01-a883-cecddd3ece5e,
62930070,2025-03-23 04:15:00.000,897afa87-22a1-44fa-a313-966ba18b0747,,62930070,2025-03-23 07:45:39.612,2025-03-23 07:45:39.612,40001,UTC+0100,64Z1605Zgy,com.sec.android.app.shealth,2025-03-23 04:15:30.000,78c4cc93-7ba3-45ec-97d9-b8a7fed5b18a,
62930070,2025-03-23 04:15:30.000,897afa87-22a1-44fa-a313-966ba18b0747,,62930070,2025-03-23 07:45:39.612,2025-03-23 07:45:39.612,40002,UTC+0100,64Z1605Zgy,com.sec.android.app.shealth,2025-03-23 04:16:30.000,df5e9916-ac9c-40bf-9573-787c489872e7,
62930070,2025-03-23 04:16:30.000,897afa87-22a1-44fa-a313-966ba18b0747,,62930070,2025-03-23 07:45:39.613,2025-03-23 07:45:39.613,40001,UTC+0100,64Z1605Zgy,com.sec.android.app.shealth,2025-03-23 04:17:00.000,aff0891e-6d76-4e8e-bc29-83add6f5ab26,
62930070,2025-03-23 04:17:00.000,897afa87-22a1-44fa-a313-966ba18b0747,,62930070,2025-03-23 07:45:39.613,2025-03-23 07:45:39.613,40002,UTC+0100,64Z1605Zgy,com.sec.android.app.shealth,2025-03-23 04:26:00.000,db5f46f7-e93e-4777-aba7-9631d8ea2ef6,
62930070,2025-03-23 04:26:00.000,897afa87-22a1-44fa-a313-966ba18b0747,,62930070,2025-03-23 07:45:39.614,2025-03-23 07:45:39.614,40004,UTC+0100,64Z1605Zgy,com.sec.android.app.shealth,2025-03-23 04:53:30.000,4cb35a39-aff2-40a3-8691-8d8c922b907b,
62930070,2025-03-23 04:53:30.000,897afa87-22a1-44fa-a313-966ba18b0747,,62930070,2025-03-23 07:45:39.614,2025-03-23 07:45:39.614,40002,UTC+0100,64Z1605Zgy,com.sec.android.app.shealth,2025-03-23 05:24:00.000,ef204cb0-268a-4a46-bcd3-68e2b74e6661,
62930070,2025-03-23 05:24:00.000,897afa87-22a1-44fa-a313-966ba18b0747,,62930070,2025-03-23 07:45:39.615,2025-03-23 07:45:39.615,40001,UTC+0100,64Z1605Zgy,com.sec.android.app.shealth,2025-03-23 05:24:30.000,6adc43e0-3848-4240-9c87-6056a252dd94,
62930070,2025-03-23 05:24:30.000,897afa87-22a1-44fa-a313-966ba18b0747,,62930070,2025-03-23 07:45:39.615,2025-03-23 07:45:39.615,40002,UTC+0100,64Z1605Zgy,com.sec.android.app.shealth,2025-03-23 05:27:30.000,f56e3c16-d0f2-4d2e-91ee-4102337b3cc2,
62930070,2025-03-23 05:27:30.000,897afa87-22a1-44fa-a313-966ba18b0747,,62930070,2025-03-23 07:45:39.615,2025-03-23 07:45:39.615,40001,UTC+0100,64Z1605Zgy,com.sec.android.app.shealth,2025-03-23 05:28:00.000,b6833c98-d2a0-4b8f-971c-4728b9dbeaaa,
62930070,2025-03-23 05:28:00.000,897afa87-22a1-44fa-a313-966ba18b0747,,62930070,2025-03-23 07:45:39.616,2025-03-23 07:45:39.616,40002,UTC+0100,64Z1605Zgy,com.sec.android.app.shealth,2025-03-23 05:51:00.000,34aa8520-3251-4b05-a16f-99cfa8030058,
62930070,2025-03-23 05:51:00.000,897afa87-22a1-44fa-a313-966ba18b0747,,62930070,2025-03-23 07:45:39.616,2025-03-23 07:45:39.616,40004,UTC+0100,64Z1605Zgy,com.sec.android.app.shealth,2025-03-23 06:04:30.000,c03a51a1-08be-46dc-9f27-811f8930f5cb,
62930070,2025-03-23 06:04:30.000,897afa87-22a1-44fa-a313-966ba18b0747,,62930070,2025-03-23 07:45:39.616,2025-03-23 07:45:39.616,40001,UTC+0100,64Z1605Zgy,com.sec.android.app.shealth,2025-03-23 06:12:00.000,82515c08-3de1-48f1-b3e4-6d697a04f9a2,
62930070,2025-03-23 06:12:00.000,897afa87-22a1-44fa-a313-966ba18b0747,,62930070,2025-03-23 07:45:39.617,2025-03-23 07:45:39.617,40002,UTC+0100,64Z1605Zgy,com.sec.android.app.shealth,2025-03-23 06:15:30.000,e97a3ad6-621e-4ec4-b163-a308633726db,
62930070,2025-03-23 06:15:30.000,897afa87-22a1-44fa-a313-966ba18b0747,,62930070,2025-03-23 07:45:39.617,2025-03-23 07:45:39.617,40001,UTC+0100,64Z1605Zgy,com.sec.android.app.shealth,2025-03-23 06:17:00.000,3d832be2-3255-4079-96b8-85eb763e5305,
62930070,2025-03-23 06:17:00.000,897afa87-22a1-44fa-a313-966ba18b0747,,62930070,2025-03-23 07:45:39.617,2025-03-23 07:45:39.617,40002,UTC+0100,64Z1605Zgy,com.sec.android.app.shealth,2025-03-23 06:22:30.000,68210dab-91ab-46d1-8c74-8ecd628d05a7,
62930070,2025-03-23 06:22:30.000,897afa87-22a1-44fa-a313-966ba18b0747,,62930070,2025-03-23 07:45:39.617,2025-03-23 07:45:39.617,40001,UTC+0100,64Z1605Zgy,com.sec.android.app.shealth,2025-03-23 06:23:30.000,24672d35-80d8-4f34-ad60-9175aa350bf4,
62950170,2025-04-24 08:50:00.000,7840dba2-51fb-454c-bb31-b7ffa74f0b28,,62950170,2025-04-24 17:10:17.656,2025-04-24 17:10:17.656,40002,UTC+0200,64Z1605Zgy,com.sec.android.app.shealth,2025-04-24 09:03:00.000,606780d6-9170-4f03-a51c-247d112bc698,
62950170,2025-04-24 09:03:00.000,7840dba2-51fb-454c-bb31-b7ffa74f0b28,,62950170,2025-04-24 17:10:17.657,2025-04-24 17:10:17.657,40001,UTC+0200,64Z1605Zgy,com.sec.android.app.shealth,2025-04-24 09:04:00.000,f3c07392-f23e-430b-a18c-6551d5117818,
62950170,2025-04-24 12:38:00.000,b17abbfe-979b-4230-b332-8dd69d634053,,62950170,2025-04-24 17:10:19.194,2025-04-24 17:10:19.194,40002,UTC+0200,64Z1605Zgy,com.sec.android.app.shealth,2025-04-24 12:58:00.000,b9071ed0-600b-47db-b26b-a54a9ac86c6f,
62950170,2025-04-24 12:58:00.000,b17abbfe-979b-4230-b332-8dd69d634053,,62950170,2025-04-24 17:10:19.196,2025-04-24 17:10:19.196,40001,UTC+0200,64Z1605Zgy,com.sec.android.app.shealth,2025-04-24 14:07:00.000,50e46745-a8e7-407c-8fc0-8249e334775d,
62950170,2025-04-24 14:07:00.000,b17abbfe-979b-4230-b332-8dd69d634053,,62950170,2025-04-24 17:10:19.197,2025-04-24 17:10:19.197,40002,UTC+0200,64Z1605Zgy,com.sec.android.app.shealth,2025-04-24 14:10:00.000,0b105f70-1aa1-4044-8b6c-0e1b6522b175,
62950170,2025-04-24 14:10:00.000,b17abbfe-979b-4230-b332-8dd69d634053,,62950170,2025-04-24 17:10:19.197,2025-04-24 17:10:19.197,40001,UTC+0200,64Z1605Zgy,com.sec.android.app.shealth,2025-04-24 14:10:30.000,c515588c-d3c9-4314-8ab0-cfca300614bd,
62950170,2025-04-24 14:10:30.000,b17abbfe-979b-4230-b332-8dd69d634053,,62950170,2025-04-24 17:10:19.198,2025-04-24 17:10:19.198,40002,UTC+0200,64Z1605Zgy,com.sec.android.app.shealth,2025-04-24 14:18:00.000,aee95703-6fab-48e2-a7c2-3a3cb90f0f61,
62950170,2025-04-24 14:18:00.000,b17abbfe-979b-4230-b332-8dd69d634053,,62950170,2025-04-24 17:10:19.198,2025-04-24 17:10:19.198,40001,UTC+0200,64Z1605Zgy,com.sec.android.app.shealth,2025-04-24 14:23:30.000,90f2e107-3ac7-4316-92f7-d7034a856fc8,
62950170,2025-04-24 14:23:30.000,b17abbfe-979b-4230-b332-8dd69d634053,,62950170,2025-04-24 17:10:19.199,2025-04-24 17:10:19.199,40002,UTC+0200,64Z1605Zgy,com.sec.android.app.shealth,2025-04-24 14:37:00.000,902f0055-2438-45c0-93ed-6a1fbba94b7d,
62950170,2025-04-24 14:37:00.000,b17abbfe-979b-4230-b332-8dd69d634053,,62950170,2025-04-24 17:10:19.199,2025-04-24 17:10:19.199,40004,UTC+0200,64Z1605Zgy,com.sec.android.app.shealth,2025-04-24 14:55:00.000,3364153c-b8c6-4cce-a312-b9f4f5e9e7af,
62950170,2025-04-24 14:55:00.000,b17abbfe-979b-4230-b332-8dd69d634053,,62950170,2025-04-24 17:10:19.200,2025-04-24 17:10:19.200,40002,UTC+0200,64Z1605Zgy,com.sec.android.app.shealth,2025-04-24 14:57:30.000,69a11ae3-7b9c-4f27-a4bc-87e27add41f9,
62950170,2025-04-24 14:57:30.000,b17abbfe-979b-4230-b332-8dd69d634053,,62950170,2025-04-24 17:10:19.200,2025-04-24 17:10:19.200,40001,UTC+0200,64Z1605Zgy,com.sec.android.app.shealth,2025-04-24 14:58:30.000,fe820283-3423-4cc3-970e-8d694f49d2c8,
62950170,2025-04-24 05:00:00.000,1b5b3fae-7ab1-4658-b0c1-abcc02c79725,,62950170,2025-04-24 17:10:21.090,2025-04-24 17:10:21.090,40002,UTC+0200,64Z1605Zgy,com.sec.android.app.shealth,2025-04-24 05:12:00.000,0c0ca071-4357-41be-ac4d-44055938713b,
62950170,2025-04-24 05:12:00.000,1b5b3fae-7ab1-4658-b0c1-abcc02c79725,,62950170,2025-04-24 17:10:21.091,2025-04-24 17:10:21.091,40001,UTC+0200,64Z1605Zgy,com.sec.android.app.shealth,2025-04-24 05:13:00.000,205d78c5-8ce5-411a-8bf0-930682fde9bc,
62950170,2025-05-02 22:04:00.000,a1206f77-c4b2-40a1-a4dc-ca22366c6cd0,,62950170,2025-05-04 06:55:14.488,2025-05-04 06:55:14.488,40002,UTC+0200,64Z1605Zgy,com.sec.android.app.shealth,2025-05-02 22:17:00.000,2a42673b-9379-45b3-9010-36ca552265fc,
62950170,2025-05-02 22:17:00.000,a1206f77-c4b2-40a1-a4dc-ca22366c6cd0,,62950170,2025-05-04 06:55:14.489,2025-05-04 06:55:14.489,40001,UTC+0200,64Z1605Zgy,com.sec.android.app.shealth,2025-05-02 22:55:30.000,ec67da92-3bca-4ea0-a51b-44103a0ce6cd,
62950170,2025-05-02 22:55:30.000,a1206f77-c4b2-40a1-a4dc-ca22366c6cd0,,62950170,2025-05-04 06:55:14.489,2025-05-04 06:55:14.489,40002,UTC+0200,64Z1605Zgy,com.sec.android.app.shealth,2025-05-02 23:10:00.000,6f7e85b9-94a6-40a4-bb0d-e898ce5c9923,
62950170,2025-05-02 23:10:00.000,a1206f77-c4b2-40a1-a4dc-ca22366c6cd0,,62950170,2025-05-04 06:55:14.489,2025-05-04 06:55:14.489,40003,UTC+0200,64Z1605Zgy,com.sec.android.app.shealth,2025-05-02 23:12:00.000,0c880bb2-aead-4fce-b2e8-fec2b9058a5b,
62950170,2025-05-02 23:12:00.000,a1206f77-c4b2-40a1-a4dc-ca22366c6cd0,,62950170,2025-05-04 06:55:14.489,2025-05-04 06:55:14.489,40002,UTC+0200,64Z1605Zgy,com.sec.android.app.shealth,2025-05-02 23:14:00.000,d4227904-b748-4ce1-8cab-9646b8acec6c,
62950170,2025-05-02 23:14:00.000,a1206f77-c4b2-40a1-a4dc-ca22366c6cd0,,62950170,2025-05-04 06:55:14.490,2025-05-04 06:55:14.490,40003,UTC+0200,64Z1605Zgy,com.sec.android.app.shealth,2025-05-02 23:15:00.000,0f1f2b43-e0ec-43ef-9398-45af3245c9b5,
62950170,2025-05-02 23:15:00.000,a1206f77-c4b2-40a1-a4dc-ca22366c6cd0,,62950170,2025-05-04 06:55:14.490,2025-05-04 06:55:14.490,40002,UTC+0200,64Z1605Zgy,com.sec.android.app.shealth,2025-05-02 23:34:30.000,cfafe575-1f1c-4e6c-a197-052243495d9c,
62950170,2025-05-02 23:34:30.000,a1206f77-c4b2-40a1-a4dc-ca22366c6cd0,,62950170,2025-05-04 06:55:14.490,2025-05-04 06:55:14.490,40001,UTC+0200,64Z1605Zgy,com.sec.android.app.shealth,2025-05-02 23:36:00.000,7bbec72c-0f12-4fe8-b083-9a4175010e74,
62950170,2025-05-02 23:36:00.000,a1206f77-c4b2-40a1-a4dc-ca22366c6cd0,,62950170,2025-05-04 06:55:14.493,2025-05-04 06:55:14.493,40002,UTC+0200,64Z1605Zgy,com.sec.android.app.shealth,2025-05-02 23:51:00.000,055345f2-a8fd-44e3-9968-aebde76a7c79,
62950170,2025-05-02 23:51:00.000,a1206f77-c4b2-40a1-a4dc-ca22366c6cd0,,62950170,2025-05-04 06:55:14.494,2025-05-04 06:55:14.494,40001,UTC+0200,64Z1605Zgy,com.sec.android.app.shealth,2025-05-02 23:51:30.000,87c5eaeb-1dea-4742-bd28-38616202ec97,
62950170,2025-05-02 23:51:30.000,a1206f77-c4b2-40a1-a4dc-ca22366c6cd0,,62950170,2025-05-04 06:55:14.494,2025-05-04 06:55:14.494,40002,UTC+0200,64Z1605Zgy,com.sec.android.app.shealth,2025-05-02 23:57:00.000,24822e2b-4b70-436d-9aae-9cf19eb37080,
62950170,2025-05-02 23:57:00.000,a1206f77-c4b2-40a1-a4dc-ca22366c6cd0,,62950170,2025-05-04 06:55:14.495,2025-05-04 06:55:14.495,40004,UTC+0200,64Z1605Zgy,com.sec.android.app.shealth,2025-05-03 00:27:30.000,56327136-a066-45d1-a70a-b99a0fa5acc2,
62950170,2025-05-03 00:27:30.000,a1206f77-c4b2-40a1-a4dc-ca22366c6cd0,,62950170,2025-05-04 06:55:14.495,2025-05-04 06:55:14.495,40001,UTC+0200,64Z1605Zgy,com.sec.android.app.shealth,2025-05-03 00:29:30.000,ed42f99f-c802-4432-90f8-346243e5c953,
62950170,2025-05-03 00:29:30.000,a1206f77-c4b2-40a1-a4dc-ca22366c6cd0,,62950170,2025-05-04 06:55:14.495,2025-05-04 06:55:14.495,40002,UTC+0200,64Z1605Zgy,com.sec.android.app.shealth,2025-05-03 01:01:30.000,d9463480-396d-4e88-8471-eaf34fbf24ce,
62950170,2025-05-03 01:01:30.000,a1206f77-c4b2-40a1-a4dc-ca22366c6cd0,,62950170,2025-05-04 06:55:14.495,2025-05-04 06:55:14.495,40004,UTC+0200,64Z1605Zgy,com.sec.android.app.shealth,2025-05-03 01:11:30.000,695d2367-6cb7-4c51-b6db-62de68e353da,
62950170,2025-05-03 01:11:30.000,a1206f77-c4b2-40a1-a4dc-ca22366c6cd0,,62950170,2025-05-04 06:55:14.496,2025-05-04 06:55:14.496,40002,UTC+0200,64Z1605Zgy,com.sec.android.app.shealth,2025-05-03 01:51:30.000,03c0452d-31fe-4b33-a4a9-43dd166415c7,
62950170,2025-05-03 01:51:30.000,a1206f77-c4b2-40a1-a4dc-ca22366c6cd0,,62950170,2025-05-04 06:55:14.496,2025-05-04 06:55:14.496,40001,UTC+0200,64Z1605Zgy,com.sec.android.app.shealth,2025-05-03 01:52:00.000,891dc334-8b5b-4848-9b58-227da6dc0eef,
62950170,2025-05-03 01:52:00.000,a1206f77-c4b2-40a1-a4dc-ca22366c6cd0,,62950170,2025-05-04 06:55:14.496,2025-05-04 06:55:14.496,40002,UTC+0200,64Z1605Zgy,com.sec.android.app.shealth,2025-05-03 02:37:00.000,052a767c-d39c-414b-81d6-21efc6dbac72,
62950170,2025-05-03 02:37:00.000,a1206f77-c4b2-40a1-a4dc-ca22366c6cd0,,62950170,2025-05-04 06:55:14.496,2025-05-04 06:55:14.496,40001,UTC+0200,64Z1605Zgy,com.sec.android.app.shealth,2025-05-03 02:37:30.000,8a120b51-933c-4423-9ef1-4fbe19377386,
62950170,2025-05-03 02:37:30.000,a1206f77-c4b2-40a1-a4dc-ca22366c6cd0,,62950170,2025-05-04 06:55:14.497,2025-05-04 06:55:14.497,40002,UTC+0200,64Z1605Zgy,com.sec.android.app.shealth,2025-05-03 02:48:00.000,15d72894-7199-4ecd-8540-21df3e24bc64,
62950170,2025-05-03 02:48:00.000,a1206f77-c4b2-40a1-a4dc-ca22366c6cd0,,62950170,2025-05-04 06:55:14.497,2025-05-04 06:55:14.497,40004,UTC+0200,64Z1605Zgy,com.sec.android.app.shealth,2025-05-03 02:56:30.000,2b4e2572-74ef-482f-9cb1-3cb007195ff2,
62950170,2025-05-03 02:56:30.000,a1206f77-c4b2-40a1-a4dc-ca22366c6cd0,,62950170,2025-05-04 06:55:14.497,2025-05-04 06:55:14.497,40001,UTC+0200,64Z1605Zgy,com.sec.android.app.shealth,2025-05-03 02:57:00.000,22388037-d348-4519-b227-0c4ec317f30d,
62950170,2025-05-03 02:57:00.000,a1206f77-c4b2-40a1-a4dc-ca22366c6cd0,,62950170,2025-05-04 06:55:14.497,2025-05-04 06:55:14.497,40004,UTC+0200,64Z1605Zgy,com.sec.android.app.shealth,2025-05-03 02:57:30.000,870a18b2-92ff-4711-993d-356ec6aaf372,
62950170,2025-05-03 02:57:30.000,a1206f77-c4b2-40a1-a4dc-ca22366c6cd0,,62950170,2025-05-04 06:55:14.508,2025-05-04 06:55:14.508,40001,UTC+0200,64Z1605Zgy,com.sec.android.app.shealth,2025-05-03 02:58:30.000,2f36f42b-4334-4673-bec1-c40e67676f2c,
62950170,2025-05-03 02:58:30.000,a1206f77-c4b2-40a1-a4dc-ca22366c6cd0,,62950170,2025-05-04 06:55:14.508,2025-05-04 06:55:14.508,40002,UTC+0200,64Z1605Zgy,com.sec.android.app.shealth,2025-05-03 03:03:30.000,e1973fde-dd34-48fb-9344-68face0d494d,
62950170,2025-05-03 03:03:30.000,a1206f77-c4b2-40a1-a4dc-ca22366c6cd0,,62950170,2025-05-04 06:55:14.509,2025-05-04 06:55:14.509,40001,UTC+0200,64Z1605Zgy,com.sec.android.app.shealth,2025-05-03 03:06:00.000,df9e942b-86dd-415b-9f11-dd96cb330ede,
62950170,2025-05-03 03:06:00.000,a1206f77-c4b2-40a1-a4dc-ca22366c6cd0,,62950170,2025-05-04 06:55:14.509,2025-05-04 06:55:14.509,40002,UTC+0200,64Z1605Zgy,com.sec.android.app.shealth,2025-05-03 03:07:30.000,d935be08-79a6-43cb-8a32-2436a37a891e,
62950170,2025-05-03 03:07:30.000,a1206f77-c4b2-40a1-a4dc-ca22366c6cd0,,62950170,2025-05-04 06:55:14.509,2025-05-04 06:55:14.509,40001,UTC+0200,64Z1605Zgy,com.sec.android.app.shealth,2025-05-03 03:14:00.000,9cc428d5-bcb3-413c-8d37-f62281b0c422,
62950170,2025-05-03 03:14:00.000,a1206f77-c4b2-40a1-a4dc-ca22366c6cd0,,62950170,2025-05-04 06:55:14.510,2025-05-04 06:55:14.510,40002,UTC+0200,64Z1605Zgy,com.sec.android.app.shealth,2025-05-03 03:15:30.000,f58f2795-df45-414a-9777-32fb805bc826,
62950170,2025-05-03 03:15:30.000,a1206f77-c4b2-40a1-a4dc-ca22366c6cd0,,62950170,2025-05-04 06:55:14.511,2025-05-04 06:55:14.511,40001,UTC+0200,64Z1605Zgy,com.sec.android.app.shealth,2025-05-03 03:16:00.000,42b74bab-20de-47a5-8467-668832677936,
62950170,2025-05-03 03:16:00.000,a1206f77-c4b2-40a1-a4dc-ca22366c6cd0,,62950170,2025-05-04 06:55:14.512,2025-05-04 06:55:14.512,40002,UTC+0200,64Z1605Zgy,com.sec.android.app.shealth,2025-05-03 03:18:00.000,9ed44b55-61df-45ec-b67b-445ae702cdbd,
62950170,2025-05-03 03:18:00.000,a1206f77-c4b2-40a1-a4dc-ca22366c6cd0,,62950170,2025-05-04 06:55:14.512,2025-05-04 06:55:14.512,40001,UTC+0200,64Z1605Zgy,com.sec.android.app.shealth,2025-05-03 03:19:00.000,bc70af8c-6ca1-42e5-b904-578d15f8c402,
