com.samsung.shealth.stress,6295017,8
create_sh_ver,start_time,custom,binning_data,tag_id,modify_sh_ver,update_time,create_time,max,min,score,algorithm,time_offset,deviceuuid,comment,pkg_name,end_time,datauuid
62650131,2024-07-03 10:00:00.000,,bdc00eca-576d-4fd6-a66d-f3573a86c57e.binning_data.json,10011,62650131,2024-07-03 11:10:23.114,2024-07-03 10:07:44.341,36.0,0.0,3.0,,UTC+0200,ooOmDJ1LSk,,com.sec.android.app.shealth,2024-07-03 10:59:59.999,bdc00eca-576d-4fd6-a66d-f3573a86c57e,
62650131,2024-07-03 11:00:00.000,,8dfcf919-85b9-4262-a71d-d90fb5899c95.binning_data.json,10011,62650131,2024-07-03 12:08:02.174,2024-07-03 11:57:56.814,30.0,0.0,1.0,,UTC+0200,ooOmDJ1LSk,,com.sec.android.app.shealth,2024-07-03 11:59:59.999,8dfcf919-85b9-4262-a71d-d90fb5899c95,
62650131,2024-07-03 12:00:00.000,,edc17546-279c-41bc-979b-cb3b87d2d214.binning_data.json,10011,62650131,2024-07-03 13:04:44.244,2024-07-03 12:25:27.559,53.0,0.0,5.0,,UTC+0200,ooOmDJ1LSk,,com.sec.android.app.shealth,2024-07-03 12:59:59.999,edc17546-279c-41bc-979b-cb3b87d2d214,
62650131,2024-07-03 13:00:00.000,,89956bde-7e46-4bd9-ad2f-eb893c951123.binning_data.json,10011,62650131,2024-07-03 14:02:06.605,2024-07-03 13:26:44.275,16.0,0.0,1.0,,UTC+0200,ooOmDJ1LSk,,com.sec.android.app.shealth,2024-07-03 13:59:59.999,89956bde-7e46-4bd9-ad2f-eb893c951123,
62650131,2024-07-03 14:00:00.000,,352fd54c-afca-477a-8c10-b92b247f6ba3.binning_data.json,10011,62650131,2024-07-03 15:00:10.169,2024-07-03 14:02:07.930,60.0,0.0,6.0,,UTC+0200,ooOmDJ1LSk,,com.sec.android.app.shealth,2024-07-03 14:59:59.999,352fd54c-afca-477a-8c10-b92b247f6ba3,
62650131,2024-07-03 15:00:00.000,,38d3a095-cd74-4593-a6e7-9631c1261b50.binning_data.json,10011,62650131,2024-07-03 16:03:06.874,2024-07-03 15:00:10.282,72.0,0.0,3.0,,UTC+0200,ooOmDJ1LSk,,com.sec.android.app.shealth,2024-07-03 15:59:59.999,38d3a095-cd74-4593-a6e7-9631c1261b50,
62650131,2024-07-03 16:00:00.000,,1184a00e-a853-4079-a813-d36aad461006.binning_data.json,10011,62650131,2024-07-03 17:08:30.476,2024-07-03 16:03:11.164,54.0,0.0,1.0,,UTC+0200,ooOmDJ1LSk,,com.sec.android.app.shealth,2024-07-03 16:59:59.999,1184a00e-a853-4079-a813-d36aad461006,
62650131,2024-07-03 17:00:00.000,,e26425d5-7c37-4907-b8ab-d9fdc2d9c4e9.binning_data.json,10011,62650131,2024-07-03 18:09:36.119,2024-07-03 18:09:36.119,93.0,0.0,6.0,,UTC+0200,ooOmDJ1LSk,,com.sec.android.app.shealth,2024-07-03 17:59:59.999,e26425d5-7c37-4907-b8ab-d9fdc2d9c4e9,
62650131,2024-07-03 18:00:00.000,,80476bef-ba5f-47d3-a7ed-04c0a49c1687.binning_data.json,10011,62650131,2024-07-03 19:09:06.151,2024-07-03 19:09:06.151,17.0,0.0,0.0,,UTC+0200,ooOmDJ1LSk,,com.sec.android.app.shealth,2024-07-03 18:59:59.999,80476bef-ba5f-47d3-a7ed-04c0a49c1687,
62670031,2024-07-03 21:00:00.000,,bdc4650b-2640-42fc-938f-a183534965e3.binning_data.json,10011,62670031,2024-07-03 22:05:31.172,2024-07-03 22:05:31.172,31.0,0.0,1.0,,UTC+0200,ooOmDJ1LSk,,com.sec.android.app.shealth,2024-07-03 21:59:59.999,bdc4650b-2640-42fc-938f-a183534965e3,
62670031,2024-07-03 22:00:00.000,,0972946f-7567-471c-b03b-91e1c19774d2.binning_data.json,10011,62670031,2024-07-03 23:09:19.789,2024-07-03 23:09:19.789,1.0,0.0,0.0,,UTC+0200,ooOmDJ1LSk,,com.sec.android.app.shealth,2024-07-03 22:59:59.999,0972946f-7567-471c-b03b-91e1c19774d2,
62670031,2024-07-03 23:00:00.000,,6ee25b1d-f79a-456d-b570-fb2658531a09.binning_data.json,10011,62670031,2024-07-04 00:09:52.147,2024-07-04 00:09:52.147,95.0,0.0,2.0,,UTC+0200,ooOmDJ1LSk,,com.sec.android.app.shealth,2024-07-03 23:59:59.999,6ee25b1d-f79a-456d-b570-fb2658531a09,
62670031,2024-07-04 00:00:00.000,,e7e02666-b638-4a6a-ae1a-7dd31d6eacb6.binning_data.json,10011,62670031,2024-07-04 06:07:07.327,2024-07-04 06:07:07.327,1.0,0.0,0.0,,UTC+0200,ooOmDJ1LSk,,com.sec.android.app.shealth,2024-07-04 00:59:59.999,e7e02666-b638-4a6a-ae1a-7dd31d6eacb6,
62670031,2024-07-04 06:00:00.000,,0312d5ca-9148-4670-b9a3-80210b1b7761.binning_data.json,10011,62670031,2024-07-04 07:10:40.063,2024-07-04 07:10:40.063,99.0,0.0,11.0,,UTC+0200,ooOmDJ1LSk,,com.sec.android.app.shealth,2024-07-04 06:59:59.999,0312d5ca-9148-4670-b9a3-80210b1b7761,
62670031,2024-07-04 07:00:00.000,,f1aa3fc7-2e05-47ea-9086-84eeb37cd03f.binning_data.json,10011,62670031,2024-07-04 08:01:00.143,2024-07-04 08:01:00.143,78.0,0.0,20.0,,UTC+0200,ooOmDJ1LSk,,com.sec.android.app.shealth,2024-07-04 07:59:59.999,f1aa3fc7-2e05-47ea-9086-84eeb37cd03f,
62670031,2024-07-04 08:00:00.000,,57a72c9b-710a-4865-b6e0-3a83b637377b.binning_data.json,10011,62670031,2024-07-04 09:02:24.377,2024-07-04 08:15:17.092,98.0,0.0,6.0,,UTC+0200,ooOmDJ1LSk,,com.sec.android.app.shealth,2024-07-04 08:59:59.999,57a72c9b-710a-4865-b6e0-3a83b637377b,
62670031,2024-07-04 09:00:00.000,,d7c017d0-9478-4bc5-b7a6-715e202dd759.binning_data.json,10011,62670031,2024-07-04 10:01:49.241,2024-07-04 09:02:25.894,12.0,0.0,0.0,,UTC+0200,ooOmDJ1LSk,,com.sec.android.app.shealth,2024-07-04 09:59:59.999,d7c017d0-9478-4bc5-b7a6-715e202dd759,
62670031,2024-07-04 10:00:00.000,,ea2a5d3d-d3e5-41d6-b9fd-4a9669da13e2.binning_data.json,10011,62670031,2024-07-04 11:05:01.470,2024-07-04 10:31:48.836,4.0,0.0,0.0,,UTC+0200,ooOmDJ1LSk,,com.sec.android.app.shealth,2024-07-04 10:59:59.999,ea2a5d3d-d3e5-41d6-b9fd-4a9669da13e2,
62670031,2024-07-04 11:00:00.000,,59094b2f-f97c-48eb-85ac-e2cd4d6dcb2b.binning_data.json,10011,62670031,2024-07-04 12:07:03.205,2024-07-04 11:31:09.642,56.0,0.0,5.0,,UTC+0200,ooOmDJ1LSk,,com.sec.android.app.shealth,2024-07-04 11:59:59.999,59094b2f-f97c-48eb-85ac-e2cd4d6dcb2b,
62670031,2024-07-04 12:00:00.000,,be9e51cc-ab2d-4835-9892-a60804812211.binning_data.json,10011,62670031,2024-07-04 13:03:00.013,2024-07-04 12:48:37.350,1.0,0.0,0.0,,UTC+0200,ooOmDJ1LSk,,com.sec.android.app.shealth,2024-07-04 12:59:59.999,be9e51cc-ab2d-4835-9892-a60804812211,
62670031,2024-07-04 13:00:00.000,,fb068391-f71e-4a71-a6bb-4b588bffee95.binning_data.json,10011,62670031,2024-07-04 14:01:00.974,2024-07-04 14:01:00.974,14.0,0.0,1.0,,UTC+0200,ooOmDJ1LSk,,com.sec.android.app.shealth,2024-07-04 13:59:59.999,fb068391-f71e-4a71-a6bb-4b588bffee95,
62670031,2024-07-04 14:00:00.000,,6a78b61e-ecb9-445d-81d8-7d12555d9235.binning_data.json,10011,62670031,2024-07-04 15:04:02.464,2024-07-04 15:04:02.464,88.0,0.0,11.0,,UTC+0200,ooOmDJ1LSk,,com.sec.android.app.shealth,2024-07-04 14:59:59.999,6a78b61e-ecb9-445d-81d8-7d12555d9235,
62670031,2024-07-04 15:00:00.000,,ad4daa61-d642-4263-b3f3-7968e73db53a.binning_data.json,10011,62670031,2024-07-04 16:01:17.412,2024-07-04 16:01:17.412,95.0,3.0,40.0,,UTC+0200,ooOmDJ1LSk,,com.sec.android.app.shealth,2024-07-04 15:59:59.999,ad4daa61-d642-4263-b3f3-7968e73db53a,
62670031,2024-07-04 16:00:00.000,,21a87451-ebf9-43ab-84cc-cab9a0c8ba00.binning_data.json,10011,62670031,2024-07-04 17:01:13.397,2024-07-04 17:01:13.397,46.0,0.0,2.0,,UTC+0200,ooOmDJ1LSk,,com.sec.android.app.shealth,2024-07-04 16:59:59.999,21a87451-ebf9-43ab-84cc-cab9a0c8ba00,
62670031,2024-07-04 17:00:00.000,,dd641e52-fc0b-4f66-9a97-038e74923899.binning_data.json,10011,62670031,2024-07-04 18:04:48.356,2024-07-04 18:04:48.356,96.0,0.0,15.0,,UTC+0200,ooOmDJ1LSk,,com.sec.android.app.shealth,2024-07-04 17:59:59.999,dd641e52-fc0b-4f66-9a97-038e74923899,
62670031,2024-07-04 18:00:00.000,,db9b165e-7704-4d57-aeb6-878ed02905fb.binning_data.json,10011,62670031,2024-07-04 20:30:34.985,2024-07-04 18:27:04.310,91.0,5.0,30.0,,UTC+0200,ooOmDJ1LSk,,com.sec.android.app.shealth,2024-07-04 18:59:59.999,db9b165e-7704-4d57-aeb6-878ed02905fb,
62670031,2024-07-04 20:00:00.000,,fa44c93c-b5e5-4330-8daa-abfb62ea8c5a.binning_data.json,10011,62670031,2024-07-04 21:03:58.681,2024-07-04 21:03:58.681,13.0,0.0,0.0,,UTC+0200,ooOmDJ1LSk,,com.sec.android.app.shealth,2024-07-04 20:59:59.999,fa44c93c-b5e5-4330-8daa-abfb62ea8c5a,
62670031,2024-07-04 21:00:00.000,,20d20b90-548e-44f8-8b57-f4889816bad4.binning_data.json,10011,62670031,2024-07-05 06:13:14.644,2024-07-05 05:16:37.136,12.0,0.0,0.0,,UTC+0200,ooOmDJ1LSk,,com.sec.android.app.shealth,2024-07-04 21:59:59.999,20d20b90-548e-44f8-8b57-f4889816bad4,
62670031,2024-07-05 06:00:00.000,,8080b5f0-7eba-4f59-98be-41b0fb2868c0.binning_data.json,10011,62670031,2024-07-05 07:01:00.495,2024-07-05 06:17:30.357,81.0,0.0,5.0,,UTC+0200,ooOmDJ1LSk,,com.sec.android.app.shealth,2024-07-05 06:59:59.999,8080b5f0-7eba-4f59-98be-41b0fb2868c0,
62670031,2024-07-05 07:00:00.000,,fd51c752-4906-48f8-a23c-8401602f9696.binning_data.json,10011,62670031,2024-07-05 08:05:57.955,2024-07-05 07:21:25.104,71.0,0.0,13.0,,UTC+0200,ooOmDJ1LSk,,com.sec.android.app.shealth,2024-07-05 07:59:59.999,fd51c752-4906-48f8-a23c-8401602f9696,
62670031,2024-07-05 08:00:00.000,,0294def5-415e-4d58-87fa-da2047911fc7.binning_data.json,10011,62670031,2024-07-05 09:01:31.487,2024-07-05 08:10:57.634,82.0,0.0,16.0,,UTC+0200,ooOmDJ1LSk,,com.sec.android.app.shealth,2024-07-05 08:59:59.999,0294def5-415e-4d58-87fa-da2047911fc7,
62670031,2024-07-05 09:00:00.000,,647c99d4-2a70-427a-a900-d5febc4889d7.binning_data.json,10011,62670031,2024-07-05 10:05:59.410,2024-07-05 09:09:00.774,34.0,0.0,3.0,,UTC+0200,ooOmDJ1LSk,,com.sec.android.app.shealth,2024-07-05 09:59:59.999,647c99d4-2a70-427a-a900-d5febc4889d7,
62670031,2024-07-05 10:00:00.000,,27fa0975-9400-4c1b-acc4-064d78ee2798.binning_data.json,10011,62670031,2024-07-05 11:02:55.460,2024-07-05 11:02:55.460,100.0,0.0,12.0,,UTC+0200,ooOmDJ1LSk,,com.sec.android.app.shealth,2024-07-05 10:59:59.999,27fa0975-9400-4c1b-acc4-064d78ee2798,
62670031,2024-07-05 11:00:00.000,,34b8935a-a4c0-4367-a289-9e8a2ddb13f4.binning_data.json,10011,62670031,2024-07-05 12:03:12.342,2024-07-05 11:09:52.225,99.0,0.0,27.0,,UTC+0200,ooOmDJ1LSk,,com.sec.android.app.shealth,2024-07-05 11:59:59.999,34b8935a-a4c0-4367-a289-9e8a2ddb13f4,
62670031,2024-07-05 12:00:00.000,,8b2c9d7e-76aa-42c7-a7bb-269c98256613.binning_data.json,10011,62670031,2024-07-05 13:02:37.205,2024-07-05 12:03:12.589,99.0,0.0,24.0,,UTC+0200,ooOmDJ1LSk,,com.sec.android.app.shealth,2024-07-05 12:59:59.999,8b2c9d7e-76aa-42c7-a7bb-269c98256613,
62670031,2024-07-05 13:00:00.000,,27f98ce3-a1ab-40b7-842a-139aafeb41da.binning_data.json,10011,62670031,2024-07-05 14:05:36.463,2024-07-05 13:26:01.179,100.0,0.0,37.0,,UTC+0200,ooOmDJ1LSk,,com.sec.android.app.shealth,2024-07-05 13:59:59.999,27f98ce3-a1ab-40b7-842a-139aafeb41da,
62670031,2024-07-05 14:00:00.000,,63945445-d871-404b-9837-107736a8688a.binning_data.json,10011,62670031,2024-07-05 15:05:17.262,2024-07-05 14:32:01.744,91.0,0.0,17.0,,UTC+0200,ooOmDJ1LSk,,com.sec.android.app.shealth,2024-07-05 14:59:59.999,63945445-d871-404b-9837-107736a8688a,
62670031,2024-07-05 15:00:00.000,,119faee2-d3fc-4f3f-b23e-7666ed637ead.binning_data.json,10011,62670031,2024-07-05 16:34:00.585,2024-07-05 15:36:59.662,0.0,0.0,0.0,,UTC+0200,ooOmDJ1LSk,,com.sec.android.app.shealth,2024-07-05 15:59:59.999,119faee2-d3fc-4f3f-b23e-7666ed637ead,
62670031,2024-07-05 16:00:00.000,,84ef33c8-d092-4cd9-9358-909d7f076419.binning_data.json,10011,62670031,2024-07-05 17:04:00.848,2024-07-05 17:04:00.848,60.0,0.0,2.0,,UTC+0200,ooOmDJ1LSk,,com.sec.android.app.shealth,2024-07-05 16:59:59.999,84ef33c8-d092-4cd9-9358-909d7f076419,
62670031,2024-07-05 17:00:00.000,,750bae45-18f8-4a51-beb0-076013bd6ba7.binning_data.json,10011,62670031,2024-07-05 18:01:22.457,2024-07-05 17:04:01.292,88.0,0.0,13.0,,UTC+0200,ooOmDJ1LSk,,com.sec.android.app.shealth,2024-07-05 17:59:59.999,750bae45-18f8-4a51-beb0-076013bd6ba7,
62670031,2024-07-05 18:00:00.000,,f626bea4-7a35-4edc-8518-1076dcf70067.binning_data.json,10011,62670031,2024-07-05 19:01:41.401,2024-07-05 18:25:22.904,20.0,0.0,2.0,,UTC+0200,ooOmDJ1LSk,,com.sec.android.app.shealth,2024-07-05 18:59:59.999,f626bea4-7a35-4edc-8518-1076dcf70067,
62670031,2024-07-05 19:00:00.000,,f74c7462-0a7e-492a-9f33-03a2f375e990.binning_data.json,10011,62670031,2024-07-05 20:02:55.283,2024-07-05 19:01:41.756,31.0,0.0,1.0,,UTC+0200,ooOmDJ1LSk,,com.sec.android.app.shealth,2024-07-05 19:59:59.999,f74c7462-0a7e-492a-9f33-03a2f375e990,
62670031,2024-07-05 20:00:00.000,,10ca47e8-0574-4567-8223-b0d1cd7986e5.binning_data.json,10011,62670031,2024-07-05 21:01:27.123,2024-07-05 20:24:26.360,97.0,0.0,3.0,,UTC+0200,ooOmDJ1LSk,,com.sec.android.app.shealth,2024-07-05 20:59:59.999,10ca47e8-0574-4567-8223-b0d1cd7986e5,
62670031,2024-07-05 21:00:00.000,,a6b7556e-39bd-4189-805b-d8cdc43f9a9c.binning_data.json,10011,62670031,2024-07-05 22:10:02.779,2024-07-05 21:01:27.486,0.0,0.0,0.0,,UTC+0200,ooOmDJ1LSk,,com.sec.android.app.shealth,2024-07-05 21:59:59.999,a6b7556e-39bd-4189-805b-d8cdc43f9a9c,
62670031,2024-07-05 22:00:00.000,,a22338a6-0605-4aaa-9b74-0b9525ea9728.binning_data.json,10011,62670031,2024-07-05 22:45:58.195,2024-07-05 22:10:03.322,88.0,0.0,3.0,,UTC+0200,ooOmDJ1LSk,,com.sec.android.app.shealth,2024-07-05 22:45:58.029,a22338a6-0605-4aaa-9b74-0b9525ea9728,
62670031,2024-07-06 14:00:00.000,,196a1ef7-a1f3-4ce4-be2f-82c57c7a87e8.binning_data.json,10011,62670031,2024-07-06 15:08:10.160,2024-07-06 15:08:10.160,0.0,0.0,0.0,,UTC+0200,ooOmDJ1LSk,,com.sec.android.app.shealth,2024-07-06 14:59:59.999,196a1ef7-a1f3-4ce4-be2f-82c57c7a87e8,
62670031,2024-07-06 15:00:00.000,,8171cabd-35f8-4979-9d8c-9fcc3689a84e.binning_data.json,10011,62670031,2024-07-06 16:05:52.687,2024-07-06 15:33:43.170,39.0,0.0,1.0,,UTC+0200,ooOmDJ1LSk,,com.sec.android.app.shealth,2024-07-06 15:59:59.999,8171cabd-35f8-4979-9d8c-9fcc3689a84e,
62670031,2024-07-06 16:00:00.000,,d4aa69f9-2480-463f-a7f0-e0bd50f67fbc.binning_data.json,10011,62670031,2024-07-06 17:02:43.612,2024-07-06 16:06:18.348,46.0,0.0,2.0,,UTC+0200,ooOmDJ1LSk,,com.sec.android.app.shealth,2024-07-06 16:59:59.999,d4aa69f9-2480-463f-a7f0-e0bd50f67fbc,
62670031,2024-07-06 17:00:00.000,,092a3e44-b13a-4fa2-93b8-a7e726942c7a.binning_data.json,10011,62670031,2024-07-06 18:00:34.549,2024-07-06 17:20:26.513,19.0,0.0,1.0,,UTC+0200,ooOmDJ1LSk,,com.sec.android.app.shealth,2024-07-06 17:59:59.999,092a3e44-b13a-4fa2-93b8-a7e726942c7a,
62670031,2024-07-06 18:00:00.000,,ca92958b-c862-4db3-99ca-1273437e1f8d.binning_data.json,10011,62670031,2024-07-06 19:01:18.365,2024-07-06 18:00:34.607,1.0,0.0,0.0,,UTC+0200,ooOmDJ1LSk,,com.sec.android.app.shealth,2024-07-06 18:59:59.999,ca92958b-c862-4db3-99ca-1273437e1f8d,
62670031,2024-07-06 19:00:00.000,,6a303362-d588-45f4-9631-6d43ad1f4a0b.binning_data.json,10011,62670031,2024-07-06 20:07:35.166,2024-07-06 19:17:22.790,97.0,0.0,5.0,,UTC+0200,ooOmDJ1LSk,,com.sec.android.app.shealth,2024-07-06 19:59:59.999,6a303362-d588-45f4-9631-6d43ad1f4a0b,
62670031,2024-07-06 19:00:00.000,,75528987-6969-4d3d-b679-5570c2da1215.binning_data.json,10011,62670031,2024-07-06 19:21:25.768,2024-07-06 19:21:25.768,97.0,0.0,18.0,,UTC+0200,ooOmDJ1LSk,,com.sec.android.app.shealth,2024-07-06 19:21:25.702,75528987-6969-4d3d-b679-5570c2da1215,
62670031,2024-07-06 20:00:00.000,,8dcce2aa-8edb-4fa9-a12c-98f0f98e8baa.binning_data.json,10011,62670031,2024-07-06 21:02:13.264,2024-07-06 20:16:00.685,82.0,0.0,3.0,,UTC+0200,ooOmDJ1LSk,,com.sec.android.app.shealth,2024-07-06 20:59:59.999,8dcce2aa-8edb-4fa9-a12c-98f0f98e8baa,
62670031,2024-07-06 21:00:00.000,,818bf442-14e7-4afa-abaf-c391ccf45a9c.binning_data.json,10011,62701231,2024-07-06 22:01:33.231,2024-07-06 21:04:30.416,1.0,0.0,0.0,,UTC+0200,ooOmDJ1LSk,,com.sec.android.app.shealth,2024-07-06 21:59:59.999,818bf442-14e7-4afa-abaf-c391ccf45a9c,
62701231,2024-07-06 22:00:00.000,,802cc30d-2ebc-43c8-b2aa-15ace8193bbc.binning_data.json,10011,62701231,2024-07-06 23:03:41.252,2024-07-06 23:03:41.252,16.0,0.0,1.0,,UTC+0200,ooOmDJ1LSk,,com.sec.android.app.shealth,2024-07-06 22:59:59.999,802cc30d-2ebc-43c8-b2aa-15ace8193bbc,
62701231,2024-07-06 23:00:00.000,,33fe1094-6591-4d43-9531-b89bf0225c0b.binning_data.json,10011,62701231,2024-07-07 06:52:17.572,2024-07-07 06:52:17.572,0.0,0.0,0.0,,UTC+0200,ooOmDJ1LSk,,com.sec.android.app.shealth,2024-07-06 23:59:59.999,33fe1094-6591-4d43-9531-b89bf0225c0b,
62701231,2024-07-07 06:00:00.000,,d7235321-6cc6-473f-aecc-bbcf26c37df8.binning_data.json,10011,62701231,2024-07-07 07:02:02.801,2024-07-07 07:02:02.801,0.0,0.0,0.0,,UTC+0200,ooOmDJ1LSk,,com.sec.android.app.shealth,2024-07-07 06:59:59.999,d7235321-6cc6-473f-aecc-bbcf26c37df8,
62701231,2024-07-07 07:00:00.000,,3352c366-270d-49aa-8193-e73bdb32f2f8.binning_data.json,10011,62701231,2024-07-07 09:54:44.681,2024-07-07 09:54:44.681,9.0,0.0,1.0,,UTC+0200,ooOmDJ1LSk,,com.sec.android.app.shealth,2024-07-07 07:59:59.999,3352c366-270d-49aa-8193-e73bdb32f2f8,
62701231,2024-07-07 09:00:00.000,,65b68dc4-a38c-4840-b9bd-1a0b6ba9742a.binning_data.json,10011,62701231,2024-07-07 10:05:09.216,2024-07-07 10:05:09.216,49.0,0.0,14.0,,UTC+0200,ooOmDJ1LSk,,com.sec.android.app.shealth,2024-07-07 09:59:59.999,65b68dc4-a38c-4840-b9bd-1a0b6ba9742a,
62701231,2024-07-07 10:00:00.000,,174307d9-9669-46e2-a7cf-01d5c06eae52.binning_data.json,10011,62701231,2024-07-07 11:24:10.685,2024-07-07 11:24:10.685,77.0,0.0,8.0,,UTC+0200,ooOmDJ1LSk,,com.sec.android.app.shealth,2024-07-07 10:59:59.999,174307d9-9669-46e2-a7cf-01d5c06eae52,
62701231,2024-07-07 11:00:00.000,,d63840d1-5b63-4af4-acee-08377d0a6268.binning_data.json,10011,62701231,2024-07-07 12:02:39.508,2024-07-07 12:02:39.508,89.0,0.0,9.0,,UTC+0200,ooOmDJ1LSk,,com.sec.android.app.shealth,2024-07-07 11:59:59.999,d63840d1-5b63-4af4-acee-08377d0a6268,
62701231,2024-07-07 12:00:00.000,,302cf688-c891-4130-999a-7734f70318dc.binning_data.json,10011,62701231,2024-07-07 12:50:33.888,2024-07-07 12:50:14.774,31.0,0.0,2.0,,UTC+0200,ooOmDJ1LSk,,com.sec.android.app.shealth,2024-07-07 12:50:33.811,302cf688-c891-4130-999a-7734f70318dc,
62701231,2024-07-07 12:00:00.000,,bf323dbe-a9fa-497b-a840-6d8c5b315a5d.binning_data.json,10011,62701231,2024-07-07 13:01:57.149,2024-07-07 12:30:21.165,31.0,0.0,1.0,,UTC+0200,ooOmDJ1LSk,,com.sec.android.app.shealth,2024-07-07 12:59:59.999,bf323dbe-a9fa-497b-a840-6d8c5b315a5d,
62701231,2024-07-07 13:00:00.000,,d5d413fe-ff37-4099-9126-1910afc5fcbc.binning_data.json,10011,62701231,2024-07-07 14:02:08.024,2024-07-07 13:01:57.288,52.0,0.0,1.0,,UTC+0200,ooOmDJ1LSk,,com.sec.android.app.shealth,2024-07-07 13:59:59.999,d5d413fe-ff37-4099-9126-1910afc5fcbc,
62701231,2024-07-07 13:00:00.000,,3cce6dba-40e7-46a6-a9d0-b5eaec67ce31.binning_data.json,10011,62701231,2024-07-07 13:42:46.203,2024-07-07 13:42:46.203,52.0,0.0,2.0,,UTC+0200,ooOmDJ1LSk,,com.sec.android.app.shealth,2024-07-07 13:42:46.142,3cce6dba-40e7-46a6-a9d0-b5eaec67ce31,
62701231,2024-07-07 14:00:00.000,,58586376-3be8-4c85-aded-26ef2b62bbae.binning_data.json,10011,62701231,2024-07-07 15:01:06.663,2024-07-07 14:44:22.493,1.0,0.0,0.0,,UTC+0200,ooOmDJ1LSk,,com.sec.android.app.shealth,2024-07-07 14:59:59.999,58586376-3be8-4c85-aded-26ef2b62bbae,
62701231,2024-07-07 15:00:00.000,,566974c2-48a6-4b29-8042-20080e2a76b8.binning_data.json,10011,62701231,2024-07-07 16:04:48.145,2024-07-07 15:01:06.817,30.0,0.0,1.0,,UTC+0200,ooOmDJ1LSk,,com.sec.android.app.shealth,2024-07-07 15:59:59.999,566974c2-48a6-4b29-8042-20080e2a76b8,
62701231,2024-07-07 16:00:00.000,,3b422b63-01a1-4e44-a199-c9789d82a13c.binning_data.json,10011,62701231,2024-07-07 17:05:33.761,2024-07-07 16:04:48.527,74.0,0.0,5.0,,UTC+0200,ooOmDJ1LSk,,com.sec.android.app.shealth,2024-07-07 16:59:59.999,3b422b63-01a1-4e44-a199-c9789d82a13c,
62701231,2024-07-07 17:00:00.000,,35ebf32e-f3c7-4137-9aee-28904b5a4f7a.binning_data.json,10011,62701231,2024-07-07 18:06:34.261,2024-07-07 18:06:34.202,64.0,0.0,12.0,,UTC+0200,ooOmDJ1LSk,,com.sec.android.app.shealth,2024-07-07 17:59:59.999,35ebf32e-f3c7-4137-9aee-28904b5a4f7a,
62701231,2024-07-07 18:00:00.000,,281ef858-e7f4-4513-967a-b7c533ba34dd.binning_data.json,10011,62701231,2024-07-07 19:07:29.166,2024-07-07 18:06:36.114,96.0,0.0,6.0,,UTC+0200,ooOmDJ1LSk,,com.sec.android.app.shealth,2024-07-07 18:59:59.999,281ef858-e7f4-4513-967a-b7c533ba34dd,
62701231,2024-07-07 19:00:00.000,,4c901147-8781-4d37-9547-2e56b48075a1.binning_data.json,10011,62701231,2024-07-07 20:00:39.056,2024-07-07 19:07:29.221,82.0,0.0,4.0,,UTC+0200,ooOmDJ1LSk,,com.sec.android.app.shealth,2024-07-07 19:59:59.999,4c901147-8781-4d37-9547-2e56b48075a1,
62701231,2024-07-07 20:00:00.000,,615ce4e5-218c-495a-b849-58c1ee673f0d.binning_data.json,10011,62701231,2024-07-07 22:39:02.906,2024-07-07 20:00:39.430,83.0,0.0,4.0,,UTC+0200,ooOmDJ1LSk,,com.sec.android.app.shealth,2024-07-07 20:59:59.999,615ce4e5-218c-495a-b849-58c1ee673f0d,
62701231,2024-07-08 08:00:00.000,,63dc4a2b-3ff0-4d93-ba52-a18424f09ee1.binning_data.json,10011,62701231,2024-07-08 09:00:23.207,2024-07-08 08:12:40.780,100.0,12.0,35.0,,UTC+0200,ooOmDJ1LSk,,com.sec.android.app.shealth,2024-07-08 08:59:59.999,63dc4a2b-3ff0-4d93-ba52-a18424f09ee1,
62701231,2024-07-08 09:00:00.000,,abf42748-10e0-453a-9d3d-9d6bab487236.binning_data.json,10011,62701231,2024-07-08 10:06:23.204,2024-07-08 09:00:23.292,86.0,0.0,14.0,,UTC+0200,ooOmDJ1LSk,,com.sec.android.app.shealth,2024-07-08 09:59:59.999,abf42748-10e0-453a-9d3d-9d6bab487236,
62701231,2024-07-08 10:00:00.000,,48598390-7edc-4e6f-9a39-ef9a5c762b0f.binning_data.json,10011,62701231,2024-07-08 11:10:31.096,2024-07-08 10:06:23.291,76.0,0.0,7.0,,UTC+0200,ooOmDJ1LSk,,com.sec.android.app.shealth,2024-07-08 10:59:59.999,48598390-7edc-4e6f-9a39-ef9a5c762b0f,
62701231,2024-07-08 11:00:00.000,,6111912b-4ee4-4d9c-ac2f-a2d3da518513.binning_data.json,10011,62701231,2024-07-08 12:10:43.756,2024-07-08 11:10:31.184,96.0,0.0,12.0,,UTC+0200,ooOmDJ1LSk,,com.sec.android.app.shealth,2024-07-08 11:59:59.999,6111912b-4ee4-4d9c-ac2f-a2d3da518513,
62701231,2024-07-08 12:00:00.000,,2209fdc9-96a5-4a9f-b397-31471dfa8eb7.binning_data.json,10011,62701231,2024-07-08 13:09:01.180,2024-07-08 12:10:44.489,74.0,1.0,18.0,,UTC+0200,ooOmDJ1LSk,,com.sec.android.app.shealth,2024-07-08 12:59:59.999,2209fdc9-96a5-4a9f-b397-31471dfa8eb7,
62701231,2024-07-08 13:00:00.000,,298b7b37-77bb-4cf0-b7c4-2492eee23281.binning_data.json,10011,62701231,2024-07-08 14:02:36.466,2024-07-08 13:09:01.255,75.0,0.0,10.0,,UTC+0200,ooOmDJ1LSk,,com.sec.android.app.shealth,2024-07-08 13:59:59.999,298b7b37-77bb-4cf0-b7c4-2492eee23281,
62701231,2024-07-08 14:00:00.000,,2f16d894-1234-4598-9f42-0b84cc686fbd.binning_data.json,10011,62701231,2024-07-08 15:03:55.400,2024-07-08 14:02:36.691,93.0,0.0,26.0,,UTC+0200,ooOmDJ1LSk,,com.sec.android.app.shealth,2024-07-08 14:59:59.999,2f16d894-1234-4598-9f42-0b84cc686fbd,
62701231,2024-07-08 15:00:00.000,,83853391-8e99-4df5-a8cf-059b25bede48.binning_data.json,10011,62701231,2024-07-08 16:01:55.624,2024-07-08 15:03:55.627,93.0,2.0,24.0,,UTC+0200,ooOmDJ1LSk,,com.sec.android.app.shealth,2024-07-08 15:59:59.999,83853391-8e99-4df5-a8cf-059b25bede48,
62701231,2024-07-08 16:00:00.000,,ed476010-6fda-4e47-a242-728b19f89b18.binning_data.json,10011,62701231,2024-07-08 17:02:00.728,2024-07-08 16:01:55.705,78.0,0.0,10.0,,UTC+0200,ooOmDJ1LSk,,com.sec.android.app.shealth,2024-07-08 16:59:59.999,ed476010-6fda-4e47-a242-728b19f89b18,
62701231,2024-07-08 17:00:00.000,,8526142f-0d69-4953-973f-fd3005383601.binning_data.json,10011,62701231,2024-07-08 18:05:10.084,2024-07-08 17:02:00.916,100.0,1.0,30.0,,UTC+0200,ooOmDJ1LSk,,com.sec.android.app.shealth,2024-07-08 17:59:59.999,8526142f-0d69-4953-973f-fd3005383601,
62701231,2024-07-08 18:00:00.000,,9c2451d5-f50d-4206-bfd3-2566091428b2.binning_data.json,10011,62701231,2024-07-08 19:57:29.441,2024-07-08 18:05:10.640,89.0,0.0,14.0,,UTC+0200,ooOmDJ1LSk,,com.sec.android.app.shealth,2024-07-08 18:59:59.999,9c2451d5-f50d-4206-bfd3-2566091428b2,
62701231,2024-07-08 19:00:00.000,,3edcb503-af14-48e8-adc7-920ab367666f.binning_data.json,10011,62701231,2024-07-08 20:03:55.514,2024-07-08 19:57:29.639,47.0,1.0,15.0,,UTC+0200,ooOmDJ1LSk,,com.sec.android.app.shealth,2024-07-08 19:59:59.999,3edcb503-af14-48e8-adc7-920ab367666f,
62701231,2024-07-08 20:00:00.000,,82821d36-4093-48d9-91ce-ca7ed732bb24.binning_data.json,10011,62701231,2024-07-08 21:03:20.882,2024-07-08 20:03:56.655,46.0,0.0,2.0,,UTC+0200,ooOmDJ1LSk,,com.sec.android.app.shealth,2024-07-08 20:59:59.999,82821d36-4093-48d9-91ce-ca7ed732bb24,
62701231,2024-07-08 21:00:00.000,,ea2c81d7-a1d7-405b-90fd-1db63ac7b5ba.binning_data.json,10011,62701231,2024-07-09 05:53:33.195,2024-07-08 21:03:20.953,34.0,0.0,1.0,,UTC+0200,ooOmDJ1LSk,,com.sec.android.app.shealth,2024-07-08 21:59:59.999,ea2c81d7-a1d7-405b-90fd-1db63ac7b5ba,
62701231,2024-07-09 05:00:00.000,,ba32e2d8-4b79-4385-a683-9371f8caa6be.binning_data.json,10011,62701231,2024-07-09 06:02:01.672,2024-07-09 05:54:59.355,87.0,0.0,7.0,,UTC+0200,ooOmDJ1LSk,,com.sec.android.app.shealth,2024-07-09 05:59:59.999,ba32e2d8-4b79-4385-a683-9371f8caa6be,
62701231,2024-07-09 06:00:00.000,,97896580-de45-4275-9e39-e481511d0258.binning_data.json,10011,62701231,2024-07-09 07:02:45.248,2024-07-09 06:02:01.929,87.0,1.0,27.0,,UTC+0200,ooOmDJ1LSk,,com.sec.android.app.shealth,2024-07-09 06:59:59.999,97896580-de45-4275-9e39-e481511d0258,
62701231,2024-07-09 07:00:00.000,,37bbbe85-3777-42a6-a35a-9d393e1db3cf.binning_data.json,10011,62701231,2024-07-09 08:05:22.638,2024-07-09 07:02:45.536,61.0,2.0,15.0,,UTC+0200,ooOmDJ1LSk,,com.sec.android.app.shealth,2024-07-09 07:59:59.999,37bbbe85-3777-42a6-a35a-9d393e1db3cf,
62701231,2024-07-09 08:00:00.000,,e4b8577d-c8e9-4a35-b5f5-1bb4a072ff02.binning_data.json,10011,62701231,2024-07-09 09:02:54.281,2024-07-09 08:05:22.797,89.0,0.0,12.0,,UTC+0200,ooOmDJ1LSk,,com.sec.android.app.shealth,2024-07-09 08:59:59.999,e4b8577d-c8e9-4a35-b5f5-1bb4a072ff02,
62701231,2024-07-09 09:00:00.000,,8c0b0bbd-8c8f-44e4-9b90-83f262d54665.binning_data.json,10011,62701231,2024-07-09 10:04:03.472,2024-07-09 09:03:47.155,94.0,0.0,15.0,,UTC+0200,ooOmDJ1LSk,,com.sec.android.app.shealth,2024-07-09 09:59:59.999,8c0b0bbd-8c8f-44e4-9b90-83f262d54665,
62701231,2024-07-09 10:00:00.000,,46003f06-7849-463d-800d-4aee5185fdf7.binning_data.json,10011,62701231,2024-07-09 10:31:22.199,2024-07-09 10:04:03.580,33.0,0.0,3.0,,UTC+0200,ooOmDJ1LSk,,com.sec.android.app.shealth,2024-07-09 10:31:22.076,46003f06-7849-463d-800d-4aee5185fdf7,
62650131,2024-07-10 10:00:00.000,,83b4684a-e21f-4c61-b4e0-38d9109fa477.binning_data.json,10011,62650131,2024-07-10 11:07:31.491,2024-07-10 11:07:31.491,14.0,0.0,2.0,,UTC+0200,C8oz8zt6m4,,com.sec.android.app.shealth,2024-07-10 10:59:59.999,83b4684a-e21f-4c61-b4e0-38d9109fa477,
62650131,2024-07-10 11:00:00.000,,fb249381-0e19-473d-a1a0-45081b9e198d.binning_data.json,10011,62650131,2024-07-10 12:15:24.148,2024-07-10 12:15:24.148,99.0,0.0,28.0,,UTC+0200,C8oz8zt6m4,,com.sec.android.app.shealth,2024-07-10 11:59:59.999,fb249381-0e19-473d-a1a0-45081b9e198d,
62650131,2024-07-10 12:00:00.000,,a766fe01-d6ed-417e-8fb9-498074f82b9d.binning_data.json,10011,62650131,2024-07-10 13:01:45.657,2024-07-10 13:01:45.657,77.0,2.0,36.0,,UTC+0200,C8oz8zt6m4,,com.sec.android.app.shealth,2024-07-10 12:59:59.999,a766fe01-d6ed-417e-8fb9-498074f82b9d,
62650131,2024-07-10 13:00:00.000,,e91f827b-7f7f-4e64-9468-0d9b3b97f995.binning_data.json,10011,62650131,2024-07-10 14:01:15.541,2024-07-10 14:01:15.541,100.0,0.0,9.0,,UTC+0200,C8oz8zt6m4,,com.sec.android.app.shealth,2024-07-10 13:59:59.999,e91f827b-7f7f-4e64-9468-0d9b3b97f995,
62650131,2024-07-10 14:00:00.000,,362ab847-81f5-4f26-9d02-92fa9ed34233.binning_data.json,10011,62650131,2024-07-10 15:04:31.153,2024-07-10 14:57:56.463,70.0,0.0,8.0,,UTC+0200,C8oz8zt6m4,,com.sec.android.app.shealth,2024-07-10 14:59:59.999,362ab847-81f5-4f26-9d02-92fa9ed34233,
62650131,2024-07-10 15:00:00.000,,0b3bd017-7376-4a5e-9438-47bee0cc73e3.binning_data.json,10011,62650131,2024-07-10 16:06:06.360,2024-07-10 16:06:06.360,99.0,0.0,14.0,,UTC+0200,C8oz8zt6m4,,com.sec.android.app.shealth,2024-07-10 15:59:59.999,0b3bd017-7376-4a5e-9438-47bee0cc73e3,
62650131,2024-07-10 16:00:00.000,,d789c1db-06da-42b5-903f-80aa9de0220d.binning_data.json,10011,62650131,2024-07-10 17:11:02.461,2024-07-10 17:11:02.461,16.0,0.0,0.0,,UTC+0200,C8oz8zt6m4,,com.sec.android.app.shealth,2024-07-10 16:59:59.999,d789c1db-06da-42b5-903f-80aa9de0220d,
62650131,2024-07-10 17:00:00.000,,4caabb2c-b428-493a-8d7b-30c421582b66.binning_data.json,10011,62650131,2024-07-10 18:37:49.470,2024-07-10 17:18:15.748,100.0,6.0,24.0,,UTC+0200,C8oz8zt6m4,,com.sec.android.app.shealth,2024-07-10 17:59:59.999,4caabb2c-b428-493a-8d7b-30c421582b66,
62650131,2024-07-10 18:00:00.000,,e5391847-4595-46ea-8504-09832a7de00f.binning_data.json,10011,62650131,2024-07-10 19:04:10.396,2024-07-10 18:39:47.065,91.0,4.0,21.0,,UTC+0200,C8oz8zt6m4,,com.sec.android.app.shealth,2024-07-10 18:59:59.999,e5391847-4595-46ea-8504-09832a7de00f,
62650131,2024-07-10 19:00:00.000,,c1d4f1a8-a09f-4f5d-ac35-ed5c4180bc98.binning_data.json,10011,62650131,2024-07-10 20:09:52.135,2024-07-10 20:09:52.135,17.0,0.0,4.0,,UTC+0200,C8oz8zt6m4,,com.sec.android.app.shealth,2024-07-10 19:59:59.999,c1d4f1a8-a09f-4f5d-ac35-ed5c4180bc98,
62650131,2024-07-10 20:00:00.000,,0af36fa7-940e-48df-b6f5-d27537ec8310.binning_data.json,10011,62650131,2024-07-10 21:09:47.147,2024-07-10 21:09:47.147,31.0,0.0,5.0,,UTC+0200,C8oz8zt6m4,,com.sec.android.app.shealth,2024-07-10 20:59:59.999,0af36fa7-940e-48df-b6f5-d27537ec8310,
62650131,2024-07-10 21:00:00.000,,e9893a4c-172e-4530-ae85-6f079f3186c1.binning_data.json,10011,62650131,2024-07-10 22:10:21.154,2024-07-10 22:10:21.154,23.0,0.0,2.0,,UTC+0200,C8oz8zt6m4,,com.sec.android.app.shealth,2024-07-10 21:59:59.999,e9893a4c-172e-4530-ae85-6f079f3186c1,
62650131,2024-07-10 22:00:00.000,,69dd6262-6b46-4bfa-a018-6ef2db17b61f.binning_data.json,10011,62650131,2024-07-10 22:29:36.502,2024-07-10 22:29:36.502,44.0,0.0,5.0,,UTC+0200,C8oz8zt6m4,,com.sec.android.app.shealth,2024-07-10 22:29:36.467,69dd6262-6b46-4bfa-a018-6ef2db17b61f,
62670031,2024-07-10 23:00:00.000,,0b245973-23d5-46a8-8b3b-3f77fe0721c0.binning_data.json,10011,62670031,2024-07-11 03:27:40.067,2024-07-11 03:27:40.067,3.0,0.0,0.0,,UTC+0200,C8oz8zt6m4,,com.sec.android.app.shealth,2024-07-10 23:59:59.999,0b245973-23d5-46a8-8b3b-3f77fe0721c0,
62670031,2024-07-11 03:00:00.000,,0daa35e5-e9e0-4b46-b685-e1d6c194e385.binning_data.json,10011,62670031,2024-07-11 06:32:58.365,2024-07-11 04:22:50.832,0.0,0.0,0.0,,UTC+0200,C8oz8zt6m4,,com.sec.android.app.shealth,2024-07-11 03:59:59.999,0daa35e5-e9e0-4b46-b685-e1d6c194e385,
62670031,2024-07-11 04:00:00.000,,92ed29fa-43e8-4f4f-a9bd-7cd1cbcf9c96.binning_data.json,10011,62670031,2024-07-11 06:34:04.535,2024-07-11 06:34:04.535,22.0,22.0,22.0,,UTC+0200,C8oz8zt6m4,,com.sec.android.app.shealth,2024-07-11 04:59:59.999,92ed29fa-43e8-4f4f-a9bd-7cd1cbcf9c96,
62670031,2024-07-11 06:00:00.000,,962561c2-b4ab-48d2-9805-4180ed8918eb.binning_data.json,10011,62670031,2024-07-11 07:07:00.556,2024-07-11 06:57:18.999,56.0,0.0,8.0,,UTC+0200,C8oz8zt6m4,,com.sec.android.app.shealth,2024-07-11 06:59:59.999,962561c2-b4ab-48d2-9805-4180ed8918eb,
62670031,2024-07-11 07:00:00.000,,835c81b7-668d-4cff-90e4-bda165ee1ccc.binning_data.json,10011,62670031,2024-07-11 08:01:27.104,2024-07-11 07:07:10.441,23.0,0.0,2.0,,UTC+0200,C8oz8zt6m4,,com.sec.android.app.shealth,2024-07-11 07:59:59.999,835c81b7-668d-4cff-90e4-bda165ee1ccc,
62670031,2024-07-11 08:00:00.000,,19a68d9c-2689-46eb-8469-74b1e25d8d31.binning_data.json,10011,62670031,2024-07-11 09:07:24.133,2024-07-11 09:07:24.133,94.0,0.0,17.0,,UTC+0200,C8oz8zt6m4,,com.sec.android.app.shealth,2024-07-11 08:59:59.999,19a68d9c-2689-46eb-8469-74b1e25d8d31,
62670031,2024-07-11 09:00:00.000,,1615a38b-272a-4cdb-b45f-d6844aa5b7c3.binning_data.json,10011,62670031,2024-07-11 10:12:28.181,2024-07-11 10:12:28.181,88.0,2.0,43.0,,UTC+0200,C8oz8zt6m4,,com.sec.android.app.shealth,2024-07-11 09:59:59.999,1615a38b-272a-4cdb-b45f-d6844aa5b7c3,
62670031,2024-07-11 10:00:00.000,,e87f5dcb-fa01-4c1a-bffb-617eaa58f289.binning_data.json,10011,62670031,2024-07-11 11:01:37.256,2024-07-11 10:17:32.552,100.0,0.0,21.0,,UTC+0200,C8oz8zt6m4,,com.sec.android.app.shealth,2024-07-11 10:59:59.999,e87f5dcb-fa01-4c1a-bffb-617eaa58f289,
62670031,2024-07-11 11:00:00.000,,2ff05f94-b258-4249-8f9e-07c8daa237bd.binning_data.json,10011,62670031,2024-07-11 12:01:44.419,2024-07-11 11:01:37.387,96.0,4.0,52.0,,UTC+0200,C8oz8zt6m4,,com.sec.android.app.shealth,2024-07-11 11:59:59.999,2ff05f94-b258-4249-8f9e-07c8daa237bd,
62670031,2024-07-11 12:00:00.000,,f17fd557-d46f-40dc-99bb-b8541756f1cb.binning_data.json,10011,62670031,2024-07-11 13:03:12.314,2024-07-11 12:02:01.391,99.0,15.0,66.0,,UTC+0200,C8oz8zt6m4,,com.sec.android.app.shealth,2024-07-11 12:59:59.999,f17fd557-d46f-40dc-99bb-b8541756f1cb,
62670031,2024-07-11 13:00:00.000,,6e83d3fc-e75a-4393-bc2f-9151492dae6a.binning_data.json,10011,62670031,2024-07-11 13:28:16.734,2024-07-11 13:03:12.579,50.0,9.0,27.0,,UTC+0200,C8oz8zt6m4,,com.sec.android.app.shealth,2024-07-11 13:28:16.684,6e83d3fc-e75a-4393-bc2f-9151492dae6a,
62670031,2024-07-11 18:00:00.000,,f2b1f921-7a35-4012-a0e1-edf47755e3f7.binning_data.json,10011,62670031,2024-07-11 18:55:19.504,2024-07-11 18:55:01.471,95.0,2.0,32.0,,UTC+0200,C8oz8zt6m4,,com.sec.android.app.shealth,2024-07-11 18:55:18.461,f2b1f921-7a35-4012-a0e1-edf47755e3f7,
62670031,2024-07-11 20:00:00.000,,ad436ee2-1a1d-4bf7-a39b-1aa95b24ca8d.binning_data.json,10011,62670031,2024-07-11 21:05:53.197,2024-07-11 21:05:53.197,14.0,0.0,4.0,,UTC+0200,C8oz8zt6m4,,com.sec.android.app.shealth,2024-07-11 20:59:59.999,ad436ee2-1a1d-4bf7-a39b-1aa95b24ca8d,
62670031,2024-07-11 21:00:00.000,,8ae7e533-749f-4dc5-9035-eba0f54ec0a2.binning_data.json,10011,62670031,2024-07-12 05:35:11.471,2024-07-12 05:35:11.471,4.0,0.0,0.0,,UTC+0200,C8oz8zt6m4,,com.sec.android.app.shealth,2024-07-11 21:59:59.999,8ae7e533-749f-4dc5-9035-eba0f54ec0a2,
62670031,2024-07-12 05:00:00.000,,f9d0108e-d31d-4de3-9d2c-b3ccdbc46207.binning_data.json,10011,62670031,2024-07-12 06:01:01.302,2024-07-12 06:01:01.302,0.0,0.0,0.0,,UTC+0200,C8oz8zt6m4,,com.sec.android.app.shealth,2024-07-12 05:59:59.999,f9d0108e-d31d-4de3-9d2c-b3ccdbc46207,
62670031,2024-07-12 06:00:00.000,,53f88437-7a82-4b7a-9424-6f5e66628386.binning_data.json,10011,62670031,2024-07-12 07:11:00.060,2024-07-12 06:13:08.369,52.0,0.0,11.0,,UTC+0200,C8oz8zt6m4,,com.sec.android.app.shealth,2024-07-12 06:59:59.999,53f88437-7a82-4b7a-9424-6f5e66628386,
62670031,2024-07-12 07:00:00.000,,347ee5f2-d44b-41cd-8c6c-fc42a7e7591c.binning_data.json,10011,62670031,2024-07-12 08:59:04.070,2024-07-12 08:59:04.070,97.0,1.0,18.0,,UTC+0200,C8oz8zt6m4,,com.sec.android.app.shealth,2024-07-12 07:59:59.999,347ee5f2-d44b-41cd-8c6c-fc42a7e7591c,
62670031,2024-07-12 08:00:00.000,,425341d8-97bc-477b-8e50-3968c2e458d8.binning_data.json,10011,62670031,2024-07-12 09:02:56.614,2024-07-12 09:02:56.614,45.0,0.0,4.0,,UTC+0200,C8oz8zt6m4,,com.sec.android.app.shealth,2024-07-12 08:59:59.999,425341d8-97bc-477b-8e50-3968c2e458d8,
62670031,2024-07-12 09:00:00.000,,59a64494-53a3-4392-9891-54e2b0bba479.binning_data.json,10011,62670031,2024-07-12 10:24:59.612,2024-07-12 09:23:31.232,42.0,0.0,1.0,,UTC+0200,C8oz8zt6m4,,com.sec.android.app.shealth,2024-07-12 09:59:59.999,59a64494-53a3-4392-9891-54e2b0bba479,
62670031,2024-07-12 10:00:00.000,,dfe7368b-be68-4df5-96e7-93ede275a953.binning_data.json,10011,62670031,2024-07-12 11:03:14.672,2024-07-12 11:03:14.672,97.0,0.0,13.0,,UTC+0200,C8oz8zt6m4,,com.sec.android.app.shealth,2024-07-12 10:59:59.999,dfe7368b-be68-4df5-96e7-93ede275a953,
62670031,2024-07-12 11:00:00.000,,bbc17034-aa02-4352-865b-17eda149c3fb.binning_data.json,10011,62670031,2024-07-12 12:08:16.561,2024-07-12 11:50:00.595,58.0,1.0,12.0,,UTC+0200,C8oz8zt6m4,,com.sec.android.app.shealth,2024-07-12 11:59:59.999,bbc17034-aa02-4352-865b-17eda149c3fb,
62670031,2024-07-12 12:00:00.000,,a8c5d3d0-93d8-496e-b4c0-87b9e6bf8a6e.binning_data.json,10011,62670031,2024-07-12 13:05:50.210,2024-07-12 13:05:50.210,94.0,2.0,14.0,,UTC+0200,C8oz8zt6m4,,com.sec.android.app.shealth,2024-07-12 12:59:59.999,a8c5d3d0-93d8-496e-b4c0-87b9e6bf8a6e,
62670031,2024-07-12 13:00:00.000,,8c7e082e-09b2-4985-a8e9-095a0aa0dac6.binning_data.json,10011,62670031,2024-07-12 14:02:07.547,2024-07-12 13:59:46.716,92.0,0.0,19.0,,UTC+0200,C8oz8zt6m4,,com.sec.android.app.shealth,2024-07-12 13:59:59.999,8c7e082e-09b2-4985-a8e9-095a0aa0dac6,
62670031,2024-07-12 14:00:00.000,,727d34ed-5cd2-44ed-a5ba-811e7c4f8d56.binning_data.json,10011,62670031,2024-07-12 15:01:04.412,2024-07-12 15:01:04.412,96.0,0.0,12.0,,UTC+0200,C8oz8zt6m4,,com.sec.android.app.shealth,2024-07-12 14:59:59.999,727d34ed-5cd2-44ed-a5ba-811e7c4f8d56,
62670031,2024-07-12 15:00:00.000,,e22d6005-7d5a-40a2-a7ef-05c9d2793da5.binning_data.json,10011,62670031,2024-07-12 16:08:11.116,2024-07-12 15:48:56.002,98.0,0.0,7.0,,UTC+0200,C8oz8zt6m4,,com.sec.android.app.shealth,2024-07-12 15:59:59.999,e22d6005-7d5a-40a2-a7ef-05c9d2793da5,
62670031,2024-07-12 16:00:00.000,,5110006e-0bf0-4fac-9fe3-a32269c24697.binning_data.json,10011,62670031,2024-07-12 17:05:18.632,2024-07-12 16:36:23.922,100.0,0.0,6.0,,UTC+0200,C8oz8zt6m4,,com.sec.android.app.shealth,2024-07-12 16:59:59.999,5110006e-0bf0-4fac-9fe3-a32269c24697,
62670031,2024-07-12 17:00:00.000,,0e003f7d-a364-4df8-88ba-d9a7c6e03d83.binning_data.json,10011,62670031,2024-07-12 18:02:26.013,2024-07-12 17:26:10.831,53.0,0.0,12.0,,UTC+0200,C8oz8zt6m4,,com.sec.android.app.shealth,2024-07-12 17:59:59.999,0e003f7d-a364-4df8-88ba-d9a7c6e03d83,
62670031,2024-07-12 18:00:00.000,,4eca49ca-1ac5-4b08-88e7-8d2aeb954712.binning_data.json,10011,62670031,2024-07-12 19:04:44.679,2024-07-12 19:04:44.679,77.0,1.0,14.0,,UTC+0200,C8oz8zt6m4,,com.sec.android.app.shealth,2024-07-12 18:59:59.999,4eca49ca-1ac5-4b08-88e7-8d2aeb954712,
62670031,2024-07-12 19:00:00.000,,3101a4e3-247c-491c-a7ea-40216adb0fab.binning_data.json,10011,62670031,2024-07-12 20:05:02.285,2024-07-12 20:05:02.285,18.0,0.0,2.0,,UTC+0200,C8oz8zt6m4,,com.sec.android.app.shealth,2024-07-12 19:59:59.999,3101a4e3-247c-491c-a7ea-40216adb0fab,
62670031,2024-07-12 20:00:00.000,,f2883eb5-205f-433a-b49d-f9dd77844d40.binning_data.json,10011,62670031,2024-07-12 21:00:41.837,2024-07-12 20:35:20.305,68.0,0.0,4.0,,UTC+0200,C8oz8zt6m4,,com.sec.android.app.shealth,2024-07-12 20:59:59.999,f2883eb5-205f-433a-b49d-f9dd77844d40,
62670031,2024-07-12 21:00:00.000,,62498aa7-5c01-4535-81c2-3c4afc07af04.binning_data.json,10011,62670031,2024-07-12 22:02:56.227,2024-07-12 21:00:42.095,15.0,0.0,0.0,,UTC+0200,C8oz8zt6m4,,com.sec.android.app.shealth,2024-07-12 21:59:59.999,62498aa7-5c01-4535-81c2-3c4afc07af04,
62670031,2024-07-12 22:00:00.000,,04d9fd0c-dda6-4753-adf3-863396eb8414.binning_data.json,10011,62670031,2024-07-13 06:51:22.541,2024-07-13 04:32:27.687,0.0,0.0,0.0,,UTC+0200,C8oz8zt6m4,,com.sec.android.app.shealth,2024-07-12 22:59:59.999,04d9fd0c-dda6-4753-adf3-863396eb8414,
62670031,2024-07-13 06:00:00.000,,74bda8eb-c3f0-42d4-a2a8-d08aa5da4ab4.binning_data.json,10011,62670031,2024-07-13 07:03:07.212,2024-07-13 07:03:07.212,59.0,0.0,13.0,,UTC+0200,C8oz8zt6m4,,com.sec.android.app.shealth,2024-07-13 06:59:59.999,74bda8eb-c3f0-42d4-a2a8-d08aa5da4ab4,
62670031,2024-07-13 07:00:00.000,,cedfa5e1-5911-48b6-b797-779432dab409.binning_data.json,10011,62670031,2024-07-13 08:02:14.717,2024-07-13 07:22:32.657,60.0,0.0,3.0,,UTC+0200,C8oz8zt6m4,,com.sec.android.app.shealth,2024-07-13 07:59:59.999,cedfa5e1-5911-48b6-b797-779432dab409,
62670031,2024-07-13 08:00:00.000,,c7a2eb57-41de-4d2e-b19c-088f015b3e41.binning_data.json,10011,62670031,2024-07-13 13:09:55.633,2024-07-13 08:09:17.560,79.0,0.0,15.0,,UTC+0200,C8oz8zt6m4,,com.sec.android.app.shealth,2024-07-13 08:59:59.999,c7a2eb57-41de-4d2e-b19c-088f015b3e41,
62670031,2024-07-13 12:00:00.000,,75ab2f15-96c2-463c-9fa2-f8c6e81ba06c.binning_data.json,10011,62670031,2024-07-13 13:09:55.719,2024-07-13 13:09:55.719,53.0,53.0,53.0,,UTC+0200,C8oz8zt6m4,,com.sec.android.app.shealth,2024-07-13 12:59:59.999,75ab2f15-96c2-463c-9fa2-f8c6e81ba06c,
62670031,2024-07-13 13:00:00.000,,8b6c98b2-aab6-4212-ab00-07ffcd2e3314.binning_data.json,10011,62670031,2024-07-13 14:01:44.263,2024-07-13 14:01:44.263,89.0,1.0,34.0,,UTC+0200,C8oz8zt6m4,,com.sec.android.app.shealth,2024-07-13 13:59:59.999,8b6c98b2-aab6-4212-ab00-07ffcd2e3314,
62670031,2024-07-13 14:00:00.000,,90431e8b-547e-4e8d-b2d1-1dbf7cf4454f.binning_data.json,10011,62670031,2024-07-13 15:03:16.227,2024-07-13 15:03:16.227,91.0,0.0,29.0,,UTC+0200,C8oz8zt6m4,,com.sec.android.app.shealth,2024-07-13 14:59:59.999,90431e8b-547e-4e8d-b2d1-1dbf7cf4454f,
62670031,2024-07-13 15:00:00.000,,d337b986-aeb8-4ef1-8392-8e32679de9c6.binning_data.json,10011,62670031,2024-07-13 16:35:11.523,2024-07-13 15:18:30.809,100.0,0.0,17.0,,UTC+0200,C8oz8zt6m4,,com.sec.android.app.shealth,2024-07-13 15:59:59.999,d337b986-aeb8-4ef1-8392-8e32679de9c6,
62670031,2024-07-13 16:00:00.000,,6fcb03fb-1675-41e4-b462-7c82cf14f3c3.binning_data.json,10011,62670031,2024-07-13 17:07:58.571,2024-07-13 16:47:40.717,87.0,0.0,38.0,,UTC+0200,C8oz8zt6m4,,com.sec.android.app.shealth,2024-07-13 16:59:59.999,6fcb03fb-1675-41e4-b462-7c82cf14f3c3,
62670031,2024-07-13 17:00:00.000,,613c967e-bd6d-43c6-8e6c-4f1100484d7d.binning_data.json,10011,62670031,2024-07-13 18:04:07.694,2024-07-13 18:04:07.694,76.0,1.0,18.0,,UTC+0200,C8oz8zt6m4,,com.sec.android.app.shealth,2024-07-13 17:59:59.999,613c967e-bd6d-43c6-8e6c-4f1100484d7d,
62670031,2024-07-13 19:00:00.000,,82248792-161d-4409-80a0-920a1e8a9f24.binning_data.json,10011,62670031,2024-07-13 20:12:36.092,2024-07-13 20:12:36.092,100.0,100.0,100.0,,UTC+0200,C8oz8zt6m4,,com.sec.android.app.shealth,2024-07-13 19:59:59.999,82248792-161d-4409-80a0-920a1e8a9f24,
62670031,2024-07-13 20:00:00.000,,c67c5823-c34e-464f-b395-8aa3f47ea4f0.binning_data.json,10011,62670031,2024-07-13 21:05:13.200,2024-07-13 21:05:13.200,83.0,3.0,45.0,,UTC+0200,C8oz8zt6m4,,com.sec.android.app.shealth,2024-07-13 20:59:59.999,c67c5823-c34e-464f-b395-8aa3f47ea4f0,
62670031,2024-07-13 21:00:00.000,,3a80c515-a471-4422-8149-3812292e7c06.binning_data.json,10011,62670031,2024-07-13 22:13:42.125,2024-07-13 22:13:42.125,85.0,1.0,28.0,,UTC+0200,C8oz8zt6m4,,com.sec.android.app.shealth,2024-07-13 21:59:59.999,3a80c515-a471-4422-8149-3812292e7c06,
62670031,2024-07-13 22:00:00.000,,c756b1f4-00f5-45f0-b8bf-a33739ba518d.binning_data.json,10011,62670031,2024-07-14 06:37:30.203,2024-07-14 06:09:16.486,11.0,1.0,2.0,,UTC+0200,C8oz8zt6m4,,com.sec.android.app.shealth,2024-07-13 22:59:59.999,c756b1f4-00f5-45f0-b8bf-a33739ba518d,
62670031,2024-07-14 06:00:00.000,,da1d6d61-6bc6-46e1-bc7f-34a9f8e0f8f7.binning_data.json,10011,62670031,2024-07-14 07:05:06.389,2024-07-14 06:37:30.294,0.0,0.0,0.0,,UTC+0200,C8oz8zt6m4,,com.sec.android.app.shealth,2024-07-14 06:59:59.999,da1d6d61-6bc6-46e1-bc7f-34a9f8e0f8f7,
62670031,2024-07-14 07:00:00.000,,73e16d67-0bef-4b54-ae18-34f36ae3d58e.binning_data.json,10011,62670031,2024-07-14 08:06:19.221,2024-07-14 07:05:32.862,85.0,0.0,21.0,,UTC+0200,C8oz8zt6m4,,com.sec.android.app.shealth,2024-07-14 07:59:59.999,73e16d67-0bef-4b54-ae18-34f36ae3d58e,
62670031,2024-07-14 08:00:00.000,,fb22a4fd-89f0-4bcd-9c99-b8a427547030.binning_data.json,10011,62670031,2024-07-14 09:01:56.625,2024-07-14 08:06:47.274,99.0,0.0,23.0,,UTC+0200,C8oz8zt6m4,,com.sec.android.app.shealth,2024-07-14 08:59:59.999,fb22a4fd-89f0-4bcd-9c99-b8a427547030,
62670031,2024-07-14 09:00:00.000,,2c00f20c-54e2-4ded-acae-ac2673b0a419.binning_data.json,10011,62670031,2024-07-14 10:01:00.457,2024-07-14 10:01:00.457,69.0,0.0,34.0,,UTC+0200,C8oz8zt6m4,,com.sec.android.app.shealth,2024-07-14 09:59:59.999,2c00f20c-54e2-4ded-acae-ac2673b0a419,
62670031,2024-07-14 10:00:00.000,,b278613c-0ee2-40b6-9532-16c7c4422896.binning_data.json,10011,62670031,2024-07-14 11:01:17.695,2024-07-14 11:01:17.695,45.0,0.0,4.0,,UTC+0200,C8oz8zt6m4,,com.sec.android.app.shealth,2024-07-14 10:59:59.999,b278613c-0ee2-40b6-9532-16c7c4422896,
62670031,2024-07-14 11:00:00.000,,ddeb03a3-66f7-4564-b161-cfc2642c087b.binning_data.json,10011,62670031,2024-07-14 12:08:00.602,2024-07-14 11:26:50.575,87.0,1.0,29.0,,UTC+0200,C8oz8zt6m4,,com.sec.android.app.shealth,2024-07-14 11:59:59.999,ddeb03a3-66f7-4564-b161-cfc2642c087b,
62670031,2024-07-14 12:00:00.000,,ac6b4704-32cd-408a-a17a-6073d5ffed04.binning_data.json,10011,62670031,2024-07-14 13:02:51.579,2024-07-14 13:02:51.579,85.0,0.0,31.0,,UTC+0200,C8oz8zt6m4,,com.sec.android.app.shealth,2024-07-14 12:59:59.999,ac6b4704-32cd-408a-a17a-6073d5ffed04,
62670031,2024-07-14 13:00:00.000,,1ed572de-9f4f-42ca-bbde-de94ad079842.binning_data.json,10011,62670031,2024-07-14 14:03:49.239,2024-07-14 14:03:49.239,99.0,0.0,11.0,,UTC+0200,C8oz8zt6m4,,com.sec.android.app.shealth,2024-07-14 13:59:59.999,1ed572de-9f4f-42ca-bbde-de94ad079842,
62670031,2024-07-14 14:00:00.000,,595c85f9-578c-4b08-86d1-a93132227ee4.binning_data.json,10011,62670031,2024-07-14 15:18:30.473,2024-07-14 15:18:30.473,2.0,1.0,1.0,,UTC+0200,C8oz8zt6m4,,com.sec.android.app.shealth,2024-07-14 14:59:59.999,595c85f9-578c-4b08-86d1-a93132227ee4,
62670031,2024-07-14 15:00:00.000,,3b9150d2-6fec-497e-9069-86c0539cebf6.binning_data.json,10011,62670031,2024-07-14 17:50:33.447,2024-07-14 17:50:33.447,97.0,0.0,22.0,,UTC+0200,C8oz8zt6m4,,com.sec.android.app.shealth,2024-07-14 15:59:59.999,3b9150d2-6fec-497e-9069-86c0539cebf6,
62670031,2024-07-14 17:00:00.000,,930820e2-9e3e-4fd1-b2dc-554f4ca2c362.binning_data.json,10011,62670031,2024-07-14 18:01:47.601,2024-07-14 18:01:47.601,2.0,0.0,1.0,,UTC+0200,C8oz8zt6m4,,com.sec.android.app.shealth,2024-07-14 17:59:59.999,930820e2-9e3e-4fd1-b2dc-554f4ca2c362,
62670031,2024-07-14 18:00:00.000,,6664b99c-2609-4dd4-a3f0-3e3b552863f2.binning_data.json,10011,62670031,2024-07-15 07:58:38.123,2024-07-14 18:01:47.750,78.0,14.0,46.0,,UTC+0200,C8oz8zt6m4,,com.sec.android.app.shealth,2024-07-14 18:59:59.999,6664b99c-2609-4dd4-a3f0-3e3b552863f2,
62670031,2024-07-15 07:00:00.000,,5c309518-7c5e-43b4-a28e-62ddb38f9cf5.binning_data.json,10011,62670031,2024-07-15 08:03:22.653,2024-07-15 08:03:22.653,66.0,18.0,34.0,,UTC+0200,C8oz8zt6m4,,com.sec.android.app.shealth,2024-07-15 07:59:59.999,5c309518-7c5e-43b4-a28e-62ddb38f9cf5,
62670031,2024-07-15 08:00:00.000,,020372d0-f2d0-4cea-a9d9-6f4099f17c46.binning_data.json,10011,62670031,2024-07-15 09:05:29.363,2024-07-15 09:05:29.363,89.0,0.0,30.0,,UTC+0200,C8oz8zt6m4,,com.sec.android.app.shealth,2024-07-15 08:59:59.999,020372d0-f2d0-4cea-a9d9-6f4099f17c46,
62670031,2024-07-15 09:00:00.000,,363cb99c-1ab4-4f4f-bf63-1a27d5a083ab.binning_data.json,10011,62670031,2024-07-15 10:03:17.271,2024-07-15 09:25:36.501,83.0,2.0,22.0,,UTC+0200,C8oz8zt6m4,,com.sec.android.app.shealth,2024-07-15 09:59:59.999,363cb99c-1ab4-4f4f-bf63-1a27d5a083ab,
62670031,2024-07-15 10:00:00.000,,dd756663-1e04-402d-9429-1ac637f5526a.binning_data.json,10011,62670031,2024-07-15 11:03:04.257,2024-07-15 11:03:04.257,99.0,1.0,28.0,,UTC+0200,C8oz8zt6m4,,com.sec.android.app.shealth,2024-07-15 10:59:59.999,dd756663-1e04-402d-9429-1ac637f5526a,
62670031,2024-07-15 11:00:00.000,,3c534718-4648-41e6-a77b-45a7f394799c.binning_data.json,10011,62670031,2024-07-15 12:05:26.576,2024-07-15 12:05:26.576,100.0,0.0,44.0,,UTC+0200,C8oz8zt6m4,,com.sec.android.app.shealth,2024-07-15 11:59:59.999,3c534718-4648-41e6-a77b-45a7f394799c,
62670031,2024-07-15 12:00:00.000,,d1870222-0e33-48ec-9a27-77acd28ef19a.binning_data.json,10011,62670031,2024-07-15 13:01:39.478,2024-07-15 12:08:54.212,100.0,0.0,53.0,,UTC+0200,C8oz8zt6m4,,com.sec.android.app.shealth,2024-07-15 12:59:59.999,d1870222-0e33-48ec-9a27-77acd28ef19a,
62670031,2024-07-15 13:00:00.000,,427dd82d-8de0-4772-90fd-627ecd03a2b4.binning_data.json,10011,62670031,2024-07-15 14:04:35.646,2024-07-15 14:04:35.646,100.0,7.0,71.0,,UTC+0200,C8oz8zt6m4,,com.sec.android.app.shealth,2024-07-15 13:59:59.999,427dd82d-8de0-4772-90fd-627ecd03a2b4,
62670031,2024-07-15 14:00:00.000,,125e9b3e-f720-4108-ad1e-faa3c3ce7b85.binning_data.json,10011,62670031,2024-07-15 15:00:11.285,2024-07-15 14:58:51.217,86.0,1.0,34.0,,UTC+0200,C8oz8zt6m4,,com.sec.android.app.shealth,2024-07-15 14:59:59.999,125e9b3e-f720-4108-ad1e-faa3c3ce7b85,
62670031,2024-07-15 15:00:00.000,,1e2da604-e4ea-4887-b6f3-69c4e9cc8018.binning_data.json,10011,62670031,2024-07-15 16:09:03.560,2024-07-15 15:00:11.424,95.0,4.0,40.0,,UTC+0200,C8oz8zt6m4,,com.sec.android.app.shealth,2024-07-15 15:59:59.999,1e2da604-e4ea-4887-b6f3-69c4e9cc8018,
62670031,2024-07-15 16:00:00.000,,51e3c7e9-b347-43e2-bd0e-bd99ea3e6388.binning_data.json,10011,62670031,2024-07-15 17:03:58.609,2024-07-15 17:03:58.609,41.0,6.0,19.0,,UTC+0200,C8oz8zt6m4,,com.sec.android.app.shealth,2024-07-15 16:59:59.999,51e3c7e9-b347-43e2-bd0e-bd99ea3e6388,
62670031,2024-07-15 17:00:00.000,,a5cb40ae-ac67-42dc-adf2-7588685d9113.binning_data.json,10011,62670031,2024-07-15 18:01:17.723,2024-07-15 18:01:17.723,82.0,1.0,25.0,,UTC+0200,C8oz8zt6m4,,com.sec.android.app.shealth,2024-07-15 17:59:59.999,a5cb40ae-ac67-42dc-adf2-7588685d9113,
62670031,2024-07-15 18:00:00.000,,43841d13-b441-4c78-bc84-1eb7d1a99cd6.binning_data.json,10011,62670031,2024-07-15 19:12:12.644,2024-07-15 19:12:12.644,100.0,0.0,81.0,,UTC+0200,C8oz8zt6m4,,com.sec.android.app.shealth,2024-07-15 18:59:59.999,43841d13-b441-4c78-bc84-1eb7d1a99cd6,
62670031,2024-07-15 19:00:00.000,,52427324-f63a-4cbc-a3c5-5c2666fa3647.binning_data.json,10011,62670031,2024-07-15 20:08:57.955,2024-07-15 19:20:53.968,54.0,6.0,21.0,,UTC+0200,C8oz8zt6m4,,com.sec.android.app.shealth,2024-07-15 19:59:59.999,52427324-f63a-4cbc-a3c5-5c2666fa3647,
62670031,2024-07-15 20:00:00.000,,557234bf-6710-4fce-b631-44a054b70897.binning_data.json,10011,62670031,2024-07-15 21:02:18.263,2024-07-15 20:08:58.327,33.0,0.0,6.0,,UTC+0200,C8oz8zt6m4,,com.sec.android.app.shealth,2024-07-15 20:59:59.999,557234bf-6710-4fce-b631-44a054b70897,
62670031,2024-07-15 21:00:00.000,,f6b32e59-ec49-49f7-8725-9e5f144ce6f1.binning_data.json,10011,62670031,2024-07-15 22:02:19.019,2024-07-15 21:52:01.551,94.0,0.0,4.0,,UTC+0200,C8oz8zt6m4,,com.sec.android.app.shealth,2024-07-15 21:59:59.999,f6b32e59-ec49-49f7-8725-9e5f144ce6f1,
62670031,2024-07-15 22:00:00.000,,f2e57a59-831b-4746-9bf2-3d3501cbfabb.binning_data.json,10011,62670031,2024-07-15 23:10:04.161,2024-07-15 22:09:19.209,4.0,0.0,0.0,,UTC+0200,C8oz8zt6m4,,com.sec.android.app.shealth,2024-07-15 22:59:59.999,f2e57a59-831b-4746-9bf2-3d3501cbfabb,
62670031,2024-07-15 23:00:00.000,,84f220f7-b807-4f70-b4e8-342a1f77c0d0.binning_data.json,10011,62670031,2024-07-16 06:41:32.061,2024-07-16 05:05:46.221,4.0,0.0,0.0,,UTC+0200,C8oz8zt6m4,,com.sec.android.app.shealth,2024-07-15 23:59:59.999,84f220f7-b807-4f70-b4e8-342a1f77c0d0,
62670031,2024-07-16 06:00:00.000,,8f8f0e23-2036-484b-927a-7de976c68fc1.binning_data.json,10011,62670031,2024-07-16 07:12:41.587,2024-07-16 06:59:53.710,2.0,0.0,0.0,,UTC+0200,C8oz8zt6m4,,com.sec.android.app.shealth,2024-07-16 06:59:59.999,8f8f0e23-2036-484b-927a-7de976c68fc1,
62670031,2024-07-16 07:00:00.000,,1d4e6455-dd13-4e7b-a44d-f2c34e1976c5.binning_data.json,10011,62670031,2024-07-16 07:27:01.241,2024-07-16 07:27:01.241,45.0,0.0,6.0,,UTC+0200,C8oz8zt6m4,,com.sec.android.app.shealth,2024-07-16 07:27:01.215,1d4e6455-dd13-4e7b-a44d-f2c34e1976c5,
62701251,2024-07-17 07:00:00.000,,dc9f2bfe-7e05-4b59-a4e2-2025fcd9f8e4.binning_data.json,10011,62701251,2024-07-17 08:00:15.893,2024-07-17 07:31:20.390,89.0,0.0,23.0,,UTC+0200,C8oz8zt6m4,,com.sec.android.app.shealth,2024-07-17 07:59:59.999,dc9f2bfe-7e05-4b59-a4e2-2025fcd9f8e4,
62701251,2024-07-17 08:00:00.000,,58bc03bd-9750-4467-87cb-5d97d68d3386.binning_data.json,10011,62701251,2024-07-17 09:03:25.183,2024-07-17 08:00:16.346,85.0,0.0,8.0,,UTC+0200,C8oz8zt6m4,,com.sec.android.app.shealth,2024-07-17 08:59:59.999,58bc03bd-9750-4467-87cb-5d97d68d3386,
62701251,2024-07-17 09:00:00.000,,b98b0613-643e-4175-8261-1e8ad5f0b066.binning_data.json,10011,62701251,2024-07-17 10:09:31.177,2024-07-17 09:03:25.251,97.0,0.0,39.0,,UTC+0200,C8oz8zt6m4,,com.sec.android.app.shealth,2024-07-17 09:59:59.999,b98b0613-643e-4175-8261-1e8ad5f0b066,
62701251,2024-07-17 10:00:00.000,,fbac8704-d934-484c-8b91-6d411002ff27.binning_data.json,10011,62701251,2024-07-17 11:09:14.009,2024-07-17 10:09:31.255,100.0,0.0,19.0,,UTC+0200,C8oz8zt6m4,,com.sec.android.app.shealth,2024-07-17 10:59:59.999,fbac8704-d934-484c-8b91-6d411002ff27,
62701251,2024-07-17 11:00:00.000,,69dc320f-37f1-4fd3-aaa0-e3d59b86d595.binning_data.json,10011,62701251,2024-07-17 12:09:36.606,2024-07-17 11:09:14.192,60.0,0.0,13.0,,UTC+0200,C8oz8zt6m4,,com.sec.android.app.shealth,2024-07-17 11:59:59.999,69dc320f-37f1-4fd3-aaa0-e3d59b86d595,
62701251,2024-07-17 12:00:00.000,,4602cb4a-081c-4811-9aef-45956b7222ff.binning_data.json,10011,62701251,2024-07-17 13:02:55.235,2024-07-17 12:09:36.690,98.0,1.0,20.0,,UTC+0200,C8oz8zt6m4,,com.sec.android.app.shealth,2024-07-17 12:59:59.999,4602cb4a-081c-4811-9aef-45956b7222ff,
62701251,2024-07-17 13:00:00.000,,058dde23-58a2-4d7c-810a-2b42aa516f36.binning_data.json,10011,62701251,2024-07-17 14:05:18.809,2024-07-17 13:03:30.038,96.0,0.0,20.0,,UTC+0200,C8oz8zt6m4,,com.sec.android.app.shealth,2024-07-17 13:59:59.999,058dde23-58a2-4d7c-810a-2b42aa516f36,
62701251,2024-07-17 14:00:00.000,,7f50af39-ee12-4dd1-be95-75586ec6862c.binning_data.json,10011,62701251,2024-07-17 15:01:51.806,2024-07-17 14:05:19.535,73.0,0.0,5.0,,UTC+0200,C8oz8zt6m4,,com.sec.android.app.shealth,2024-07-17 14:59:59.999,7f50af39-ee12-4dd1-be95-75586ec6862c,
62701251,2024-07-17 15:00:00.000,,171c20f7-0350-49ce-a4e4-3d44d87d75bf.binning_data.json,10011,62701251,2024-07-17 16:58:52.587,2024-07-17 15:01:51.994,91.0,3.0,40.0,,UTC+0200,C8oz8zt6m4,,com.sec.android.app.shealth,2024-07-17 15:59:59.999,171c20f7-0350-49ce-a4e4-3d44d87d75bf,
62701251,2024-07-17 16:00:00.000,,bab49062-7967-490a-9f8a-2985fb38aba7.binning_data.json,10011,62701251,2024-07-17 17:06:48.658,2024-07-17 16:58:52.813,83.0,80.0,81.0,,UTC+0200,C8oz8zt6m4,,com.sec.android.app.shealth,2024-07-17 16:59:59.999,bab49062-7967-490a-9f8a-2985fb38aba7,
62701251,2024-07-17 17:00:00.000,,b94dab32-af67-4f74-a809-2a522f69469a.binning_data.json,10011,62701251,2024-07-17 18:08:05.297,2024-07-17 17:06:48.757,89.0,1.0,34.0,,UTC+0200,C8oz8zt6m4,,com.sec.android.app.shealth,2024-07-17 17:59:59.999,b94dab32-af67-4f74-a809-2a522f69469a,
62701251,2024-07-17 18:00:00.000,,75c48b8d-56d0-4ebb-a834-411385110a0e.binning_data.json,10011,62701251,2024-07-17 19:01:43.940,2024-07-17 18:08:05.383,97.0,2.0,24.0,,UTC+0200,C8oz8zt6m4,,com.sec.android.app.shealth,2024-07-17 18:59:59.999,75c48b8d-56d0-4ebb-a834-411385110a0e,
62701251,2024-07-17 19:00:00.000,,aaf02e0c-977e-48a4-b1a5-59d73d9fb3b9.binning_data.json,10011,62701251,2024-07-17 20:09:25.196,2024-07-17 19:01:44.064,54.0,0.0,5.0,,UTC+0200,C8oz8zt6m4,,com.sec.android.app.shealth,2024-07-17 19:59:59.999,aaf02e0c-977e-48a4-b1a5-59d73d9fb3b9,
62701251,2024-07-17 20:00:00.000,,23dfbf2d-c3c4-4fc9-bd00-af36f9fb1032.binning_data.json,10011,62701251,2024-07-17 21:07:56.201,2024-07-17 20:09:25.271,91.0,0.0,3.0,,UTC+0200,C8oz8zt6m4,,com.sec.android.app.shealth,2024-07-17 20:59:59.999,23dfbf2d-c3c4-4fc9-bd00-af36f9fb1032,
62701251,2024-07-17 21:00:00.000,,ce977465-84b2-4cd9-8497-000ec8185945.binning_data.json,10011,62701251,2024-07-18 05:03:33.363,2024-07-17 21:07:56.279,0.0,0.0,0.0,,UTC+0200,C8oz8zt6m4,,com.sec.android.app.shealth,2024-07-17 21:59:59.999,ce977465-84b2-4cd9-8497-000ec8185945,
62701251,2024-07-18 04:00:00.000,,fde0b281-9106-4e7d-bd2a-1c897e4edddc.binning_data.json,10011,62701251,2024-07-18 05:03:33.495,2024-07-18 05:03:33.453,0.0,0.0,0.0,,UTC+0200,C8oz8zt6m4,,com.sec.android.app.shealth,2024-07-18 04:59:59.999,fde0b281-9106-4e7d-bd2a-1c897e4edddc,
62701251,2024-07-18 05:00:00.000,,e1c5d13b-ba02-4973-abec-053652b35bf5.binning_data.json,10011,62701251,2024-07-18 05:11:09.355,2024-07-18 05:03:33.545,0.0,0.0,0.0,,UTC+0200,C8oz8zt6m4,,com.sec.android.app.shealth,2024-07-18 05:11:09.266,e1c5d13b-ba02-4973-abec-053652b35bf5,
62701251,2024-07-18 08:00:00.000,,421ca95f-c697-405a-b9de-44d7f1b4ded2.binning_data.json,10011,62701251,2024-07-18 09:02:12.588,2024-07-18 08:59:58.161,100.0,3.0,41.0,,UTC+0200,C8oz8zt6m4,,com.sec.android.app.shealth,2024-07-18 08:59:59.999,421ca95f-c697-405a-b9de-44d7f1b4ded2,
62701251,2024-07-18 09:00:00.000,,b57cbe3e-7e86-4e0b-a77e-9ad8ff14cd48.binning_data.json,10011,62701251,2024-07-18 10:06:35.244,2024-07-18 09:02:12.831,97.0,0.0,26.0,,UTC+0200,C8oz8zt6m4,,com.sec.android.app.shealth,2024-07-18 09:59:59.999,b57cbe3e-7e86-4e0b-a77e-9ad8ff14cd48,
62701251,2024-07-18 10:00:00.000,,10b61841-4687-4e41-871e-920329e45cd0.binning_data.json,10011,62701251,2024-07-18 11:07:53.559,2024-07-18 10:07:32.024,79.0,0.0,13.0,,UTC+0200,C8oz8zt6m4,,com.sec.android.app.shealth,2024-07-18 10:59:59.999,10b61841-4687-4e41-871e-920329e45cd0,
62701251,2024-07-18 11:00:00.000,,d0fa3428-36a5-4ed3-bf23-66a611357767.binning_data.json,10011,62701251,2024-07-18 12:03:44.196,2024-07-18 11:07:53.643,99.0,9.0,51.0,,UTC+0200,C8oz8zt6m4,,com.sec.android.app.shealth,2024-07-18 11:59:59.999,d0fa3428-36a5-4ed3-bf23-66a611357767,
62701251,2024-07-18 12:00:00.000,,3013193a-2d40-4893-a83f-8c0ba36201a8.binning_data.json,10011,62701251,2024-07-18 13:06:14.213,2024-07-18 12:03:44.252,100.0,6.0,79.0,,UTC+0200,C8oz8zt6m4,,com.sec.android.app.shealth,2024-07-18 12:59:59.999,3013193a-2d40-4893-a83f-8c0ba36201a8,
62701251,2024-07-18 13:00:00.000,,2fa4160d-e51a-458c-b5e7-1f2c527765e7.binning_data.json,10011,62701251,2024-07-18 14:01:42.570,2024-07-18 13:06:14.266,98.0,3.0,60.0,,UTC+0200,C8oz8zt6m4,,com.sec.android.app.shealth,2024-07-18 13:59:59.999,2fa4160d-e51a-458c-b5e7-1f2c527765e7,
62701251,2024-07-18 14:00:00.000,,6e7e9380-a9e9-4e34-afc5-38064723b221.binning_data.json,10011,62701251,2024-07-18 15:04:08.681,2024-07-18 14:01:42.741,84.0,0.0,24.0,,UTC+0200,C8oz8zt6m4,,com.sec.android.app.shealth,2024-07-18 14:59:59.999,6e7e9380-a9e9-4e34-afc5-38064723b221,
62701251,2024-07-18 15:00:00.000,,2919bb1a-e716-4af6-8687-d64a87199227.binning_data.json,10011,62701251,2024-07-18 16:02:04.155,2024-07-18 15:04:08.808,79.0,0.0,5.0,,UTC+0200,C8oz8zt6m4,,com.sec.android.app.shealth,2024-07-18 15:59:59.999,2919bb1a-e716-4af6-8687-d64a87199227,
62701251,2024-07-18 15:00:00.000,,7ccdfd70-b574-4c4b-8335-ed3401d8f7db.binning_data.json,10011,62701251,2024-07-18 15:56:16.898,2024-07-18 15:56:16.898,22.0,0.0,2.0,,UTC+0200,C8oz8zt6m4,,com.sec.android.app.shealth,2024-07-18 15:56:16.779,7ccdfd70-b574-4c4b-8335-ed3401d8f7db,
62701251,2024-07-18 17:00:00.000,,dc75e9f1-fc92-486e-962e-66a668d95eb7.binning_data.json,10011,62701251,2024-07-18 17:06:10.868,2024-07-18 17:06:10.868,9.0,0.0,1.0,,UTC+0200,C8oz8zt6m4,,com.sec.android.app.shealth,2024-07-18 17:06:10.785,dc75e9f1-fc92-486e-962e-66a668d95eb7,
62701251,2024-07-18 16:00:00.000,,f91e9eae-abc1-4e2f-b77f-d7676af4bb8b.binning_data.json,10011,62701251,2024-07-18 17:06:23.187,2024-07-18 16:02:04.482,99.0,0.0,13.0,,UTC+0200,C8oz8zt6m4,,com.sec.android.app.shealth,2024-07-18 16:59:59.999,f91e9eae-abc1-4e2f-b77f-d7676af4bb8b,
62701251,2024-07-18 17:00:00.000,,d040c018-deaa-4e8f-a452-f2d3ffb156d0.binning_data.json,10011,62701251,2024-07-18 18:05:28.762,2024-07-18 17:06:23.577,85.0,0.0,21.0,,UTC+0200,C8oz8zt6m4,,com.sec.android.app.shealth,2024-07-18 17:59:59.999,d040c018-deaa-4e8f-a452-f2d3ffb156d0,
62701251,2024-07-18 18:00:00.000,,58c05281-a4fa-4592-bc5a-3256b865e2c7.binning_data.json,10011,62701251,2024-07-18 19:09:08.247,2024-07-18 18:05:28.935,65.0,0.0,31.0,,UTC+0200,C8oz8zt6m4,,com.sec.android.app.shealth,2024-07-18 18:59:59.999,58c05281-a4fa-4592-bc5a-3256b865e2c7,
62701251,2024-07-18 19:00:00.000,,3b6eab58-722b-4152-982d-15693dc4f35f.binning_data.json,10011,62701251,2024-07-18 20:10:34.085,2024-07-18 19:12:45.112,43.0,1.0,11.0,,UTC+0200,C8oz8zt6m4,,com.sec.android.app.shealth,2024-07-18 19:59:59.999,3b6eab58-722b-4152-982d-15693dc4f35f,
62701251,2024-07-18 20:00:00.000,,6506fbae-f8ce-4f0f-b373-f57d8ee48002.binning_data.json,10011,62701251,2024-07-18 21:02:05.131,2024-07-18 20:10:34.172,12.0,0.0,3.0,,UTC+0200,C8oz8zt6m4,,com.sec.android.app.shealth,2024-07-18 20:59:59.999,6506fbae-f8ce-4f0f-b373-f57d8ee48002,
62701251,2024-07-18 21:00:00.000,,71729bb1-e54c-4018-ad19-ab4664be0478.binning_data.json,10011,62701251,2024-07-18 22:22:06.406,2024-07-18 21:02:05.191,59.0,0.0,5.0,,UTC+0200,C8oz8zt6m4,,com.sec.android.app.shealth,2024-07-18 21:59:59.999,71729bb1-e54c-4018-ad19-ab4664be0478,
62701251,2024-07-18 22:00:00.000,,89699a34-ce8e-45c8-bc9e-8f4b066cdea6.binning_data.json,10011,62701251,2024-07-18 22:22:07.522,2024-07-18 22:22:07.522,53.0,16.0,34.0,,UTC+0200,C8oz8zt6m4,,com.sec.android.app.shealth,2024-07-18 22:22:07.237,89699a34-ce8e-45c8-bc9e-8f4b066cdea6,
62701251,2024-07-24 11:00:00.000,,12e89b4f-2217-4417-b9de-e25dadb73038.binning_data.json,10011,62701251,2024-07-24 12:08:58.249,2024-07-24 12:08:58.249,78.0,78.0,78.0,,UTC+0200,C8oz8zt6m4,,com.sec.android.app.shealth,2024-07-24 11:59:59.999,12e89b4f-2217-4417-b9de-e25dadb73038,
62701251,2024-07-24 12:00:00.000,,6f1518dd-2a74-49d8-a6a9-67d5fd57e1f2.binning_data.json,10011,62701251,2024-07-24 13:06:44.679,2024-07-24 12:08:58.447,84.0,11.0,30.0,,UTC+0200,C8oz8zt6m4,,com.sec.android.app.shealth,2024-07-24 12:59:59.999,6f1518dd-2a74-49d8-a6a9-67d5fd57e1f2,
62701251,2024-07-24 13:00:00.000,,a7193b33-c6e5-444e-8407-75e43049cacf.binning_data.json,10011,62701251,2024-07-24 13:06:44.832,2024-07-24 13:06:44.751,24.0,18.0,21.0,,UTC+0200,C8oz8zt6m4,,com.sec.android.app.shealth,2024-07-24 13:06:44.812,a7193b33-c6e5-444e-8407-75e43049cacf,
62701251,2024-07-24 14:00:00.000,,cc4bf220-d44f-4bda-8ae9-13afe8804101.binning_data.json,10011,62701251,2024-07-24 15:01:48.632,2024-07-24 14:25:39.697,70.0,0.0,32.0,,UTC+0200,C8oz8zt6m4,,com.sec.android.app.shealth,2024-07-24 14:59:59.999,cc4bf220-d44f-4bda-8ae9-13afe8804101,
62701251,2024-07-24 15:00:00.000,,ba4cfb20-6eda-41e8-aa40-4f996c7ffc00.binning_data.json,10011,62701251,2024-07-24 16:02:19.528,2024-07-24 15:01:48.735,78.0,1.0,31.0,,UTC+0200,C8oz8zt6m4,,com.sec.android.app.shealth,2024-07-24 15:59:59.999,ba4cfb20-6eda-41e8-aa40-4f996c7ffc00,
62701251,2024-07-24 16:00:00.000,,525c5907-165b-4db7-bf6f-6699b39c3f9c.binning_data.json,10011,62701251,2024-07-24 17:20:04.831,2024-07-24 16:02:19.607,100.0,0.0,12.0,,UTC+0200,C8oz8zt6m4,,com.sec.android.app.shealth,2024-07-24 16:59:59.999,525c5907-165b-4db7-bf6f-6699b39c3f9c,
62701251,2024-07-24 17:00:00.000,,99f758bd-aa5b-4b80-81fd-4cffdb558af9.binning_data.json,10011,62701251,2024-07-24 18:04:31.267,2024-07-24 17:20:06.169,83.0,0.0,21.0,,UTC+0200,C8oz8zt6m4,,com.sec.android.app.shealth,2024-07-24 17:59:59.999,99f758bd-aa5b-4b80-81fd-4cffdb558af9,
62701251,2024-07-24 18:00:00.000,,59f5ec21-15d8-4cdc-b83c-e3015c4b18df.binning_data.json,10011,62701251,2024-07-24 19:01:20.179,2024-07-24 18:05:23.141,97.0,3.0,53.0,,UTC+0200,C8oz8zt6m4,,com.sec.android.app.shealth,2024-07-24 18:59:59.999,59f5ec21-15d8-4cdc-b83c-e3015c4b18df,
62701251,2024-07-24 19:00:00.000,,de1f5b32-5aee-4895-b3ce-cf0398bcbd76.binning_data.json,10011,62701251,2024-07-24 20:10:02.235,2024-07-24 19:01:20.335,100.0,0.0,30.0,,UTC+0200,C8oz8zt6m4,,com.sec.android.app.shealth,2024-07-24 19:59:59.999,de1f5b32-5aee-4895-b3ce-cf0398bcbd76,
62701251,2024-07-24 20:00:00.000,,e172534c-7b56-4732-8a21-433701aac88f.binning_data.json,10011,62701251,2024-07-24 21:06:59.176,2024-07-24 20:10:43.102,11.0,0.0,1.0,,UTC+0200,C8oz8zt6m4,,com.sec.android.app.shealth,2024-07-24 20:59:59.999,e172534c-7b56-4732-8a21-433701aac88f,
62701251,2024-07-24 21:00:00.000,,6bf1d12e-773a-4e89-8e33-6a327b9e42bc.binning_data.json,10011,62701251,2024-07-24 22:00:34.008,2024-07-24 21:06:59.226,21.0,1.0,2.0,,UTC+0200,C8oz8zt6m4,,com.sec.android.app.shealth,2024-07-24 21:59:59.999,6bf1d12e-773a-4e89-8e33-6a327b9e42bc,
62701251,2024-07-24 22:00:00.000,,78e5cefd-7d4c-444f-bfa5-6fc9f0ff4486.binning_data.json,10011,62701251,2024-07-24 23:07:20.161,2024-07-24 22:00:34.239,88.0,0.0,2.0,,UTC+0200,C8oz8zt6m4,,com.sec.android.app.shealth,2024-07-24 22:59:59.999,78e5cefd-7d4c-444f-bfa5-6fc9f0ff4486,
62701251,2024-07-24 23:00:00.000,,1a685091-bdce-4214-bfd2-309a64cccf60.binning_data.json,10011,62701251,2024-07-25 06:06:57.095,2024-07-24 23:14:59.139,1.0,0.0,0.0,,UTC+0200,C8oz8zt6m4,,com.sec.android.app.shealth,2024-07-24 23:59:59.999,1a685091-bdce-4214-bfd2-309a64cccf60,
62701251,2024-07-25 06:00:00.000,,06f72530-3adc-4ec1-a6b0-d2e661f34e5e.binning_data.json,10011,62701251,2024-07-25 07:07:02.195,2024-07-25 06:06:57.476,8.0,0.0,0.0,,UTC+0200,C8oz8zt6m4,,com.sec.android.app.shealth,2024-07-25 06:59:59.999,06f72530-3adc-4ec1-a6b0-d2e661f34e5e,
62701251,2024-07-25 07:00:00.000,,0eb6ce0c-5292-4e90-af52-823f5d5e9dcf.binning_data.json,10011,62701251,2024-07-25 08:09:53.145,2024-07-25 07:07:02.257,88.0,0.0,22.0,,UTC+0200,C8oz8zt6m4,,com.sec.android.app.shealth,2024-07-25 07:59:59.999,0eb6ce0c-5292-4e90-af52-823f5d5e9dcf,
62701251,2024-07-25 08:00:00.000,,d5492e7a-9039-44bf-b10a-2833f79045df.binning_data.json,10011,62701251,2024-07-25 11:09:59.633,2024-07-25 08:09:53.210,96.0,0.0,15.0,,UTC+0200,C8oz8zt6m4,,com.sec.android.app.shealth,2024-07-25 08:59:59.999,d5492e7a-9039-44bf-b10a-2833f79045df,
62701251,2024-07-25 09:00:00.000,,ab350b80-18d7-43ab-afdc-24e6e48eb94a.binning_data.json,10011,62701251,2024-07-25 11:09:59.796,2024-07-25 11:09:59.734,4.0,4.0,4.0,,UTC+0200,C8oz8zt6m4,,com.sec.android.app.shealth,2024-07-25 09:59:59.999,ab350b80-18d7-43ab-afdc-24e6e48eb94a,
62701251,2024-07-25 11:00:00.000,,c0dec7c4-5cfb-42f4-8edc-649aa8fe2ac6.binning_data.json,10011,62701251,2024-07-25 12:06:40.134,2024-07-25 11:10:00.007,72.0,0.0,13.0,,UTC+0200,C8oz8zt6m4,,com.sec.android.app.shealth,2024-07-25 11:59:59.999,c0dec7c4-5cfb-42f4-8edc-649aa8fe2ac6,
62701251,2024-07-25 12:00:00.000,,aea06eb0-3b24-4ae5-b3dd-482f98024888.binning_data.json,10011,62701251,2024-07-25 13:02:01.627,2024-07-25 12:06:40.316,81.0,2.0,33.0,,UTC+0200,C8oz8zt6m4,,com.sec.android.app.shealth,2024-07-25 12:59:59.999,aea06eb0-3b24-4ae5-b3dd-482f98024888,
62701251,2024-07-25 13:00:00.000,,fa63027b-33d9-4c06-993e-617271d0ffbf.binning_data.json,10011,62701251,2024-07-25 14:07:07.203,2024-07-25 13:02:01.730,96.0,0.0,13.0,,UTC+0200,C8oz8zt6m4,,com.sec.android.app.shealth,2024-07-25 13:59:59.999,fa63027b-33d9-4c06-993e-617271d0ffbf,
62701251,2024-07-25 14:00:00.000,,ac6ac766-2ff7-4729-b482-1cbf56b327d7.binning_data.json,10011,62701251,2024-07-25 15:01:59.460,2024-07-25 14:07:07.284,93.0,0.0,19.0,,UTC+0200,C8oz8zt6m4,,com.sec.android.app.shealth,2024-07-25 14:59:59.999,ac6ac766-2ff7-4729-b482-1cbf56b327d7,
62701251,2024-07-25 15:00:00.000,,b40dd4f0-3d7c-4816-9a82-80145fa75764.binning_data.json,10011,62701251,2024-07-25 16:13:51.622,2024-07-25 15:01:59.523,92.0,0.0,5.0,,UTC+0200,C8oz8zt6m4,,com.sec.android.app.shealth,2024-07-25 15:59:59.999,b40dd4f0-3d7c-4816-9a82-80145fa75764,
62701251,2024-07-25 16:00:00.000,,842f5ca7-cb93-4f66-a017-5d78d4fcdda7.binning_data.json,10011,62701251,2024-07-25 16:32:28.438,2024-07-25 16:13:51.714,36.0,3.0,13.0,,UTC+0200,C8oz8zt6m4,,com.sec.android.app.shealth,2024-07-25 16:32:28.414,842f5ca7-cb93-4f66-a017-5d78d4fcdda7,
62710251,2024-09-02 18:00:00.000,,118da862-3ac2-45f4-949a-fee5e8c4e43b.binning_data.json,10011,62710251,2024-09-03 06:48:36.638,2024-09-03 06:48:36.638,0.0,0.0,0.0,,UTC+0200,C8oz8zt6m4,,com.sec.android.app.shealth,2024-09-02 18:59:59.999,118da862-3ac2-45f4-949a-fee5e8c4e43b,
62710251,2024-09-03 06:00:00.000,,2a385938-c065-4671-ac81-08d78c4f9eff.binning_data.json,10011,62710251,2024-09-03 07:06:09.214,2024-09-03 06:48:37.284,89.0,0.0,27.0,,UTC+0200,C8oz8zt6m4,,com.sec.android.app.shealth,2024-09-03 06:59:59.999,2a385938-c065-4671-ac81-08d78c4f9eff,
62710251,2024-09-03 07:00:00.000,,71d6920c-ce0a-4a26-9a47-e979055a1e3a.binning_data.json,10011,62710251,2024-09-03 08:04:58.258,2024-09-03 07:06:09.277,43.0,0.0,4.0,,UTC+0200,C8oz8zt6m4,,com.sec.android.app.shealth,2024-09-03 07:59:59.999,71d6920c-ce0a-4a26-9a47-e979055a1e3a,
62710251,2024-09-03 08:00:00.000,,e9d07ea8-4064-4997-9d33-88d5eef893d2.binning_data.json,10011,62710251,2024-09-03 09:08:33.174,2024-09-03 08:05:53.025,93.0,0.0,6.0,,UTC+0200,C8oz8zt6m4,,com.sec.android.app.shealth,2024-09-03 08:59:59.999,e9d07ea8-4064-4997-9d33-88d5eef893d2,
62710251,2024-09-03 09:00:00.000,,343c9f5a-d558-4606-99a4-13b42c73e242.binning_data.json,10011,62710251,2024-09-03 10:06:20.501,2024-09-03 09:08:33.260,15.0,0.0,0.0,,UTC+0200,C8oz8zt6m4,,com.sec.android.app.shealth,2024-09-03 09:59:59.999,343c9f5a-d558-4606-99a4-13b42c73e242,
62710251,2024-09-03 10:00:00.000,,9b8b5ead-e276-4669-9331-42983c5f0726.binning_data.json,10011,62710251,2024-09-03 11:03:47.226,2024-09-03 10:06:20.689,38.0,0.0,1.0,,UTC+0200,C8oz8zt6m4,,com.sec.android.app.shealth,2024-09-03 10:59:59.999,9b8b5ead-e276-4669-9331-42983c5f0726,
62710251,2024-09-03 11:00:00.000,,02e06b77-ceb0-4e08-9e11-c763201b00cb.binning_data.json,10011,62710251,2024-09-03 12:01:56.311,2024-09-03 11:04:41.050,39.0,0.0,5.0,,UTC+0200,C8oz8zt6m4,,com.sec.android.app.shealth,2024-09-03 11:59:59.999,02e06b77-ceb0-4e08-9e11-c763201b00cb,
62710251,2024-09-03 12:00:00.000,,0de9ece1-78b5-41b9-adfa-e2449b61af4b.binning_data.json,10011,62710251,2024-09-03 13:01:05.676,2024-09-03 12:01:56.483,96.0,0.0,29.0,,UTC+0200,C8oz8zt6m4,,com.sec.android.app.shealth,2024-09-03 12:59:59.999,0de9ece1-78b5-41b9-adfa-e2449b61af4b,
62710251,2024-09-03 13:00:00.000,,b61da7b5-54a2-4aa2-b30d-06c235b31847.binning_data.json,10011,62710251,2024-09-03 14:05:16.670,2024-09-03 13:01:05.803,92.0,1.0,24.0,,UTC+0200,C8oz8zt6m4,,com.sec.android.app.shealth,2024-09-03 13:59:59.999,b61da7b5-54a2-4aa2-b30d-06c235b31847,
62710251,2024-09-03 14:00:00.000,,dd4b9c8c-2eef-4f8d-acc4-31b1adce5ae7.binning_data.json,10011,62710251,2024-09-03 15:06:10.206,2024-09-03 14:05:16.734,88.0,0.0,10.0,,UTC+0200,C8oz8zt6m4,,com.sec.android.app.shealth,2024-09-03 14:59:59.999,dd4b9c8c-2eef-4f8d-acc4-31b1adce5ae7,
62710251,2024-09-03 15:00:00.000,,e1e666a1-6804-4c54-9b32-8643fd310fd8.binning_data.json,10011,62710251,2024-09-03 16:03:41.956,2024-09-03 15:06:10.295,66.0,0.0,11.0,,UTC+0200,C8oz8zt6m4,,com.sec.android.app.shealth,2024-09-03 15:59:59.999,e1e666a1-6804-4c54-9b32-8643fd310fd8,
62710251,2024-09-03 16:00:00.000,,30f8f730-cb07-4015-9d86-c51c8ff5fec3.binning_data.json,10011,62710251,2024-09-03 16:03:42.038,2024-09-03 16:03:42.038,1.0,0.0,0.0,,UTC+0200,C8oz8zt6m4,,com.sec.android.app.shealth,2024-09-03 16:03:42.015,30f8f730-cb07-4015-9d86-c51c8ff5fec3,
62720071,2024-09-05 05:00:00.000,,7c7c6f3a-0b6b-4522-95cf-78c6c2bc2ff6.binning_data.json,10011,62720071,2024-09-05 06:03:52.226,2024-09-05 06:03:52.226,94.0,11.0,32.0,,UTC+0200,C8oz8zt6m4,,com.sec.android.app.shealth,2024-09-05 05:59:59.999,7c7c6f3a-0b6b-4522-95cf-78c6c2bc2ff6,
62720071,2024-09-05 06:00:00.000,,3927b4e8-5fd2-4575-895d-bf9779e93c0e.binning_data.json,10011,62720071,2024-09-05 07:28:57.587,2024-09-05 06:03:52.441,92.0,0.0,28.0,,UTC+0200,C8oz8zt6m4,,com.sec.android.app.shealth,2024-09-05 06:59:59.999,3927b4e8-5fd2-4575-895d-bf9779e93c0e,
62720071,2024-09-05 07:00:00.000,,c789d92c-48a8-44e4-94fa-7cf9abc110be.binning_data.json,10011,62720071,2024-09-05 08:01:16.855,2024-09-05 08:01:16.617,89.0,2.0,38.0,,UTC+0200,C8oz8zt6m4,,com.sec.android.app.shealth,2024-09-05 07:59:59.999,c789d92c-48a8-44e4-94fa-7cf9abc110be,
62720071,2024-09-05 08:00:00.000,,971779c6-f9db-4f69-99e7-7eae304e4181.binning_data.json,10011,62720071,2024-09-05 09:01:25.466,2024-09-05 08:01:17.165,99.0,0.0,28.0,,UTC+0200,C8oz8zt6m4,,com.sec.android.app.shealth,2024-09-05 08:59:59.999,971779c6-f9db-4f69-99e7-7eae304e4181,
62720071,2024-09-05 09:00:00.000,,be5a5b93-90e8-440c-b23a-e3d61c32aeaf.binning_data.json,10011,62720071,2024-09-05 10:08:59.609,2024-09-05 09:01:25.521,60.0,0.0,4.0,,UTC+0200,C8oz8zt6m4,,com.sec.android.app.shealth,2024-09-05 09:59:59.999,be5a5b93-90e8-440c-b23a-e3d61c32aeaf,
62720071,2024-09-05 10:00:00.000,,7494fcfb-e606-48b7-b98a-1786aef8b543.binning_data.json,10011,62720071,2024-09-05 11:08:23.163,2024-09-05 10:08:59.681,89.0,0.0,19.0,,UTC+0200,C8oz8zt6m4,,com.sec.android.app.shealth,2024-09-05 10:59:59.999,7494fcfb-e606-48b7-b98a-1786aef8b543,
62720071,2024-09-05 11:00:00.000,,7b8c6ca8-81da-4b69-8f3f-1954b81544e6.binning_data.json,10011,62720071,2024-09-05 12:04:35.556,2024-09-05 11:08:23.247,74.0,0.0,14.0,,UTC+0200,C8oz8zt6m4,,com.sec.android.app.shealth,2024-09-05 11:59:59.999,7b8c6ca8-81da-4b69-8f3f-1954b81544e6,
62720071,2024-09-05 12:00:00.000,,9e061f15-4eca-4f75-b040-1fbabf17c307.binning_data.json,10011,62720071,2024-09-05 13:03:27.536,2024-09-05 12:04:35.692,98.0,2.0,31.0,,UTC+0200,C8oz8zt6m4,,com.sec.android.app.shealth,2024-09-05 12:59:59.999,9e061f15-4eca-4f75-b040-1fbabf17c307,
62720071,2024-09-05 13:00:00.000,,3a667310-57d3-4bcb-8963-377dcc2f47cb.binning_data.json,10011,62720071,2024-09-05 14:01:42.294,2024-09-05 13:03:27.747,75.0,0.0,12.0,,UTC+0200,C8oz8zt6m4,,com.sec.android.app.shealth,2024-09-05 13:59:59.999,3a667310-57d3-4bcb-8963-377dcc2f47cb,
62720071,2024-09-05 14:00:00.000,,88f61e11-1e9b-4969-960e-d413f56d4f20.binning_data.json,10011,62720071,2024-09-05 15:08:21.210,2024-09-05 14:02:43.364,72.0,0.0,14.0,,UTC+0200,C8oz8zt6m4,,com.sec.android.app.shealth,2024-09-05 14:59:59.999,88f61e11-1e9b-4969-960e-d413f56d4f20,
62720071,2024-09-05 15:00:00.000,,006135d3-fa69-4585-8ccb-6925cf9f0a09.binning_data.json,10011,62720071,2024-09-05 16:04:52.645,2024-09-05 15:08:46.143,81.0,0.0,14.0,,UTC+0200,C8oz8zt6m4,,com.sec.android.app.shealth,2024-09-05 15:59:59.999,006135d3-fa69-4585-8ccb-6925cf9f0a09,
62720071,2024-09-05 16:00:00.000,,a673c6ae-1d3e-4f86-943b-54372e2ab96e.binning_data.json,10011,62720071,2024-09-06 11:13:15.590,2024-09-05 16:04:52.727,92.0,0.0,13.0,,UTC+0200,C8oz8zt6m4,,com.sec.android.app.shealth,2024-09-05 16:59:59.999,a673c6ae-1d3e-4f86-943b-54372e2ab96e,
62720071,2024-09-06 11:00:00.000,,17eefae9-75a6-4ff1-83bd-1e3675b2b98c.binning_data.json,10011,62720071,2024-09-06 12:07:10.674,2024-09-06 11:13:16.992,99.0,0.0,33.0,,UTC+0200,C8oz8zt6m4,,com.sec.android.app.shealth,2024-09-06 11:59:59.999,17eefae9-75a6-4ff1-83bd-1e3675b2b98c,
62720071,2024-09-06 12:00:00.000,,2bdb52c1-5509-4840-a4d6-66980ea5d775.binning_data.json,10011,62720071,2024-09-06 13:03:44.693,2024-09-06 13:03:44.693,46.0,0.0,19.0,,UTC+0200,C8oz8zt6m4,,com.sec.android.app.shealth,2024-09-06 12:59:59.999,2bdb52c1-5509-4840-a4d6-66980ea5d775,
62720071,2024-09-06 13:00:00.000,,17c38b35-82f3-4ab1-98de-833af2fddd7f.binning_data.json,10011,62720071,2024-09-06 14:04:05.479,2024-09-06 14:04:05.422,72.0,9.0,28.0,,UTC+0200,C8oz8zt6m4,,com.sec.android.app.shealth,2024-09-06 13:59:59.999,17c38b35-82f3-4ab1-98de-833af2fddd7f,
62720071,2024-09-06 14:00:00.000,,d3b2eb1e-7e7e-4cb6-93e6-5c720af65ca7.binning_data.json,10011,62720071,2024-09-06 15:01:41.636,2024-09-06 14:04:05.550,92.0,1.0,21.0,,UTC+0200,C8oz8zt6m4,,com.sec.android.app.shealth,2024-09-06 14:59:59.999,d3b2eb1e-7e7e-4cb6-93e6-5c720af65ca7,
62720071,2024-09-06 15:00:00.000,,aee71215-1b7a-478b-8487-d2c7c50d1651.binning_data.json,10011,62720071,2024-09-06 16:01:01.482,2024-09-06 15:01:41.763,99.0,1.0,36.0,,UTC+0200,C8oz8zt6m4,,com.sec.android.app.shealth,2024-09-06 15:59:59.999,aee71215-1b7a-478b-8487-d2c7c50d1651,
62720071,2024-09-06 16:00:00.000,,b863bcaa-551e-4ef2-9b9b-6872500057a5.binning_data.json,10011,62720071,2024-09-07 08:20:08.408,2024-09-06 16:01:01.592,93.0,1.0,35.0,,UTC+0200,C8oz8zt6m4,,com.sec.android.app.shealth,2024-09-06 16:59:59.999,b863bcaa-551e-4ef2-9b9b-6872500057a5,
62720071,2024-09-07 08:00:00.000,,1ddb9db9-ae8f-491a-bf69-fb609cce8567.binning_data.json,10011,62720071,2024-09-07 09:19:33.555,2024-09-07 08:20:08.556,100.0,4.0,74.0,,UTC+0200,C8oz8zt6m4,,com.sec.android.app.shealth,2024-09-07 08:59:59.999,1ddb9db9-ae8f-491a-bf69-fb609cce8567,
62720071,2024-09-09 10:00:00.000,,4620ca28-d1f2-4063-8a22-61f8e78fc614.binning_data.json,10011,62720071,2024-09-09 11:06:32.364,2024-09-09 10:51:53.267,0.0,0.0,0.0,,UTC+0200,r7FYwmiDQH,,com.sec.android.app.shealth,2024-09-09 10:59:59.999,4620ca28-d1f2-4063-8a22-61f8e78fc614,
62720071,2024-09-09 11:00:00.000,,5a39566e-bad8-4547-978d-cabcebae8653.binning_data.json,10011,62720071,2024-09-09 12:05:29.211,2024-09-09 11:06:32.751,98.0,0.0,46.0,,UTC+0200,r7FYwmiDQH,,com.sec.android.app.shealth,2024-09-09 11:59:59.999,5a39566e-bad8-4547-978d-cabcebae8653,
62720071,2024-09-09 12:00:00.000,,ad696be4-9e2e-4045-b339-14d10bed07a2.binning_data.json,10011,62720071,2024-09-09 13:07:28.087,2024-09-09 12:05:29.289,73.0,7.0,36.0,,UTC+0200,r7FYwmiDQH,,com.sec.android.app.shealth,2024-09-09 12:59:59.999,ad696be4-9e2e-4045-b339-14d10bed07a2,
62720071,2024-09-09 13:00:00.000,,f26b5c48-cecc-4af9-84c3-c56c087b2067.binning_data.json,10011,62720071,2024-09-09 14:01:22.608,2024-09-09 13:07:28.197,40.0,0.0,4.0,,UTC+0200,r7FYwmiDQH,,com.sec.android.app.shealth,2024-09-09 13:59:59.999,f26b5c48-cecc-4af9-84c3-c56c087b2067,
62720071,2024-09-09 14:00:00.000,,2ffd5db3-4f37-401a-841b-ffe5313f91fd.binning_data.json,10011,62720071,2024-09-09 15:38:48.340,2024-09-09 14:01:22.697,5.0,0.0,2.0,,UTC+0200,r7FYwmiDQH,,com.sec.android.app.shealth,2024-09-09 14:59:59.999,2ffd5db3-4f37-401a-841b-ffe5313f91fd,
62720071,2024-09-09 15:00:00.000,,ff96175f-42f1-45eb-9b20-09c9f5a937ca.binning_data.json,10011,62720071,2024-09-09 16:07:26.103,2024-09-09 15:38:48.593,90.0,1.0,24.0,,UTC+0200,r7FYwmiDQH,,com.sec.android.app.shealth,2024-09-09 15:59:59.999,ff96175f-42f1-45eb-9b20-09c9f5a937ca,
62720071,2024-09-09 16:00:00.000,,3a3a1c7e-bc3a-47a3-af5a-bb8842c13fb4.binning_data.json,10011,62720071,2024-09-10 05:50:19.714,2024-09-09 16:07:26.267,100.0,0.0,6.0,,UTC+0200,r7FYwmiDQH,,com.sec.android.app.shealth,2024-09-09 16:59:59.999,3a3a1c7e-bc3a-47a3-af5a-bb8842c13fb4,
62720071,2024-09-10 05:00:00.000,,c3e0463f-052b-4752-ada3-0dad310ddb0b.binning_data.json,10011,62720071,2024-09-10 06:06:41.193,2024-09-10 05:50:20.347,71.0,5.0,30.0,,UTC+0200,r7FYwmiDQH,,com.sec.android.app.shealth,2024-09-10 05:59:59.999,c3e0463f-052b-4752-ada3-0dad310ddb0b,
62720071,2024-09-10 06:00:00.000,,e31ef154-a3ba-49b4-a674-9bb316df2591.binning_data.json,10011,62720071,2024-09-10 07:17:11.509,2024-09-10 06:06:41.239,90.0,4.0,39.0,,UTC+0200,r7FYwmiDQH,,com.sec.android.app.shealth,2024-09-10 06:59:59.999,e31ef154-a3ba-49b4-a674-9bb316df2591,
62720071,2024-09-10 07:00:00.000,,3a8f687d-21da-4f65-b9f4-cf8379b1b443.binning_data.json,10011,62720071,2024-09-10 08:07:14.555,2024-09-10 07:17:11.633,87.0,0.0,19.0,,UTC+0200,r7FYwmiDQH,,com.sec.android.app.shealth,2024-09-10 07:59:59.999,3a8f687d-21da-4f65-b9f4-cf8379b1b443,
62720071,2024-09-10 08:00:00.000,,6f0894eb-bd7f-414e-b915-6bd1e19baff8.binning_data.json,10011,62720071,2024-09-10 10:26:10.670,2024-09-10 08:07:14.620,100.0,0.0,24.0,,UTC+0200,r7FYwmiDQH,,com.sec.android.app.shealth,2024-09-10 08:59:59.999,6f0894eb-bd7f-414e-b915-6bd1e19baff8,
62720071,2024-09-10 10:00:00.000,,83b1b815-00c0-42da-8d55-1f82a5cc36a9.binning_data.json,10011,62720071,2024-09-10 11:07:49.270,2024-09-10 10:45:51.885,97.0,0.0,15.0,,UTC+0200,r7FYwmiDQH,,com.sec.android.app.shealth,2024-09-10 10:59:59.999,83b1b815-00c0-42da-8d55-1f82a5cc36a9,
62720071,2024-09-10 11:00:00.000,,a675e04e-a8c5-48ac-ab25-f0c5b71e9529.binning_data.json,10011,62720071,2024-09-10 12:07:55.247,2024-09-10 11:08:48.175,50.0,0.0,8.0,,UTC+0200,r7FYwmiDQH,,com.sec.android.app.shealth,2024-09-10 11:59:59.999,a675e04e-a8c5-48ac-ab25-f0c5b71e9529,
62720071,2024-09-10 12:00:00.000,,03a86024-45ee-4350-851d-46b2ef03a5b8.binning_data.json,10011,62720071,2024-09-30 14:46:02.271,2024-09-10 12:08:42.213,92.0,0.0,16.0,,UTC+0200,r7FYwmiDQH,,com.sec.android.app.shealth,2024-09-10 12:59:59.999,03a86024-45ee-4350-851d-46b2ef03a5b8,
62720071,2024-09-30 14:00:00.000,,0f18f532-b0ab-4d90-affc-f52679a6659a.binning_data.json,10011,62720071,2024-09-30 15:01:39.310,2024-09-30 14:46:02.385,1.0,0.0,0.0,,UTC+0200,r7FYwmiDQH,,com.sec.android.app.shealth,2024-09-30 14:59:59.999,0f18f532-b0ab-4d90-affc-f52679a6659a,
62720071,2024-09-30 15:00:00.000,,195b7372-7c3f-4e8f-9270-a26fcda59666.binning_data.json,10011,62720071,2024-09-30 16:02:19.293,2024-09-30 15:01:39.495,21.0,0.0,2.0,,UTC+0200,r7FYwmiDQH,,com.sec.android.app.shealth,2024-09-30 15:59:59.999,195b7372-7c3f-4e8f-9270-a26fcda59666,
62720071,2024-09-30 16:00:00.000,,46d1bf93-5d9b-44c1-9f1d-f5e887eb21c8.binning_data.json,10011,62720071,2024-09-30 17:03:11.587,2024-09-30 16:02:19.368,71.0,0.0,14.0,,UTC+0200,r7FYwmiDQH,,com.sec.android.app.shealth,2024-09-30 16:59:59.999,46d1bf93-5d9b-44c1-9f1d-f5e887eb21c8,
62720071,2024-09-30 17:00:00.000,,26d5c3ce-a41e-43b1-bd6d-d6ffe863a873.binning_data.json,10011,62720071,2024-09-30 18:08:23.159,2024-09-30 17:03:11.719,60.0,0.0,11.0,,UTC+0200,r7FYwmiDQH,,com.sec.android.app.shealth,2024-09-30 17:59:59.999,26d5c3ce-a41e-43b1-bd6d-d6ffe863a873,
62720071,2024-09-30 18:00:00.000,,f91fc77b-f850-4923-96a5-d36e841da4d1.binning_data.json,10011,62720071,2024-09-30 19:03:30.679,2024-09-30 18:08:23.224,99.0,0.0,16.0,,UTC+0200,r7FYwmiDQH,,com.sec.android.app.shealth,2024-09-30 18:59:59.999,f91fc77b-f850-4923-96a5-d36e841da4d1,
62720071,2024-09-30 19:00:00.000,,0d601327-8844-455d-970a-f7e904445200.binning_data.json,10011,62720071,2024-09-30 20:03:16.743,2024-09-30 19:03:30.957,100.0,0.0,14.0,,UTC+0200,r7FYwmiDQH,,com.sec.android.app.shealth,2024-09-30 19:59:59.999,0d601327-8844-455d-970a-f7e904445200,
62720071,2024-09-30 20:00:00.000,,4fb66a5f-204a-4c59-b7fd-c9ff6a00706e.binning_data.json,10011,62720071,2024-09-30 21:10:10.092,2024-09-30 20:03:16.853,87.0,0.0,14.0,,UTC+0200,r7FYwmiDQH,,com.sec.android.app.shealth,2024-09-30 20:59:59.999,4fb66a5f-204a-4c59-b7fd-c9ff6a00706e,
62720071,2024-09-30 21:00:00.000,,5bde7db2-5cd4-4185-932d-b74466743a77.binning_data.json,10011,62720071,2024-09-30 22:03:00.413,2024-09-30 21:10:10.188,83.0,0.0,6.0,,UTC+0200,r7FYwmiDQH,,com.sec.android.app.shealth,2024-09-30 21:59:59.999,5bde7db2-5cd4-4185-932d-b74466743a77,
62720071,2024-09-30 22:00:00.000,,e58f2c9a-a7cf-440d-ab6c-aa5be7a58f12.binning_data.json,10011,62720071,2024-10-01 06:22:14.545,2024-09-30 22:03:00.489,0.0,0.0,0.0,,UTC+0200,r7FYwmiDQH,,com.sec.android.app.shealth,2024-09-30 22:59:59.999,e58f2c9a-a7cf-440d-ab6c-aa5be7a58f12,
62720071,2024-10-01 06:00:00.000,,ed9e6f63-6a5a-4a26-b834-7153d75ee856.binning_data.json,10011,62720071,2024-10-01 07:02:27.348,2024-10-01 06:22:14.669,82.0,1.0,26.0,,UTC+0200,r7FYwmiDQH,,com.sec.android.app.shealth,2024-10-01 06:59:59.999,ed9e6f63-6a5a-4a26-b834-7153d75ee856,
62720071,2024-10-01 07:00:00.000,,4ac0cca1-22a2-4c92-aaa9-245b1b6235eb.binning_data.json,10011,62720071,2024-10-01 08:07:35.231,2024-10-01 07:02:27.567,95.0,0.0,20.0,,UTC+0200,r7FYwmiDQH,,com.sec.android.app.shealth,2024-10-01 07:59:59.999,4ac0cca1-22a2-4c92-aaa9-245b1b6235eb,
62720071,2024-10-01 08:00:00.000,,1edf5da5-6bf3-409e-965a-6196aa493396.binning_data.json,10011,62720071,2024-10-01 09:08:00.184,2024-10-01 08:07:40.019,91.0,2.0,17.0,,UTC+0200,r7FYwmiDQH,,com.sec.android.app.shealth,2024-10-01 08:59:59.999,1edf5da5-6bf3-409e-965a-6196aa493396,
62720071,2024-10-01 09:00:00.000,,14f94be3-e556-498b-a352-4e6450dc5cdc.binning_data.json,10011,62720071,2024-10-01 10:05:31.232,2024-10-01 09:08:00.283,95.0,0.0,22.0,,UTC+0200,r7FYwmiDQH,,com.sec.android.app.shealth,2024-10-01 09:59:59.999,14f94be3-e556-498b-a352-4e6450dc5cdc,
62720071,2024-10-01 10:00:00.000,,60eb1a41-f4a6-4c6a-bea8-8dfb20158f1d.binning_data.json,10011,62720071,2024-10-01 11:05:24.203,2024-10-01 10:11:06.057,86.0,0.0,18.0,,UTC+0200,r7FYwmiDQH,,com.sec.android.app.shealth,2024-10-01 10:59:59.999,60eb1a41-f4a6-4c6a-bea8-8dfb20158f1d,
62720071,2024-10-01 11:00:00.000,,e9120545-bbab-46e6-addc-3a7f05927461.binning_data.json,10011,62720071,2024-10-01 12:01:40.968,2024-10-01 11:07:40.131,80.0,0.0,25.0,,UTC+0200,r7FYwmiDQH,,com.sec.android.app.shealth,2024-10-01 11:59:59.999,e9120545-bbab-46e6-addc-3a7f05927461,
62720071,2024-10-01 12:00:00.000,,bc298588-656b-4aad-bdd5-895906d8140d.binning_data.json,10011,62720071,2024-10-01 13:04:50.984,2024-10-01 12:01:41.932,95.0,0.0,29.0,,UTC+0200,r7FYwmiDQH,,com.sec.android.app.shealth,2024-10-01 12:59:59.999,bc298588-656b-4aad-bdd5-895906d8140d,
62720071,2024-10-01 13:00:00.000,,04fc4dfa-c48f-4df4-879a-38965c9f8581.binning_data.json,10011,62720071,2024-10-01 14:01:38.846,2024-10-01 13:04:51.135,69.0,0.0,25.0,,UTC+0200,r7FYwmiDQH,,com.sec.android.app.shealth,2024-10-01 13:59:59.999,04fc4dfa-c48f-4df4-879a-38965c9f8581,
62720071,2024-10-01 14:00:00.000,,40963800-a9bc-40bf-9e92-e501a23d9d6c.binning_data.json,10011,62720071,2024-10-01 15:02:12.963,2024-10-01 14:01:39.123,83.0,1.0,21.0,,UTC+0200,r7FYwmiDQH,,com.sec.android.app.shealth,2024-10-01 14:59:59.999,40963800-a9bc-40bf-9e92-e501a23d9d6c,
62720071,2024-10-01 15:00:00.000,,72b709c6-57b3-4df0-a2e8-56c091c3b6ef.binning_data.json,10011,62720071,2024-10-01 15:02:13.279,2024-10-01 15:02:13.052,11.0,10.0,10.0,,UTC+0200,r7FYwmiDQH,,com.sec.android.app.shealth,2024-10-01 15:02:13.252,72b709c6-57b3-4df0-a2e8-56c091c3b6ef,
62720071,2024-11-05 08:00:00.000,,e8957d1a-b832-48d6-b6c8-a01beb69e980.binning_data.json,10011,62720071,2024-11-05 09:03:39.585,2024-11-05 08:13:50.212,100.0,0.0,26.0,,UTC+0100,r7FYwmiDQH,,com.sec.android.app.shealth,2024-11-05 08:59:59.999,e8957d1a-b832-48d6-b6c8-a01beb69e980,
62720071,2024-11-05 09:00:00.000,,8ee17028-0aaf-4e67-9526-3026c6236aa3.binning_data.json,10011,62720071,2024-11-05 10:01:08.580,2024-11-05 09:03:39.759,76.0,0.0,5.0,,UTC+0100,r7FYwmiDQH,,com.sec.android.app.shealth,2024-11-05 09:59:59.999,8ee17028-0aaf-4e67-9526-3026c6236aa3,
62720071,2024-11-05 10:00:00.000,,b36d5cfd-8ed5-4e3f-b13e-7c3e1866af51.binning_data.json,10011,62720071,2024-11-05 11:01:09.459,2024-11-05 10:01:08.663,9.0,0.0,1.0,,UTC+0100,r7FYwmiDQH,,com.sec.android.app.shealth,2024-11-05 10:59:59.999,b36d5cfd-8ed5-4e3f-b13e-7c3e1866af51,
62720071,2024-11-05 11:00:00.000,,062b49b3-d354-40d5-b4ce-97d4ff536236.binning_data.json,10011,62720071,2024-11-05 12:10:02.172,2024-11-05 11:01:09.555,39.0,0.0,3.0,,UTC+0100,r7FYwmiDQH,,com.sec.android.app.shealth,2024-11-05 11:59:59.999,062b49b3-d354-40d5-b4ce-97d4ff536236,
62720071,2024-11-05 12:00:00.000,,639e9017-eaad-48ad-add8-70ae625b3b86.binning_data.json,10011,62720071,2024-11-05 13:02:14.527,2024-11-05 12:10:02.250,80.0,0.0,8.0,,UTC+0100,r7FYwmiDQH,,com.sec.android.app.shealth,2024-11-05 12:59:59.999,639e9017-eaad-48ad-add8-70ae625b3b86,
62720071,2024-11-05 13:00:00.000,,780f4d15-1bbd-4a97-983f-02d46a875175.binning_data.json,10011,62720071,2024-11-05 14:09:27.219,2024-11-05 13:02:14.627,98.0,1.0,40.0,,UTC+0100,r7FYwmiDQH,,com.sec.android.app.shealth,2024-11-05 13:59:59.999,780f4d15-1bbd-4a97-983f-02d46a875175,
62720071,2024-11-05 14:00:00.000,,4ca41c38-b84a-4b47-8069-0d563a33e36e.binning_data.json,10011,62720071,2024-11-05 15:03:04.264,2024-11-05 14:09:28.291,98.0,4.0,35.0,,UTC+0100,r7FYwmiDQH,,com.sec.android.app.shealth,2024-11-05 14:59:59.999,4ca41c38-b84a-4b47-8069-0d563a33e36e,
62720071,2024-11-05 15:00:00.000,,439252c8-106f-4974-b59f-1d8a442cb241.binning_data.json,10011,62720071,2024-11-05 16:05:52.241,2024-11-05 15:03:04.366,69.0,0.0,12.0,,UTC+0100,r7FYwmiDQH,,com.sec.android.app.shealth,2024-11-05 15:59:59.999,439252c8-106f-4974-b59f-1d8a442cb241,
62720071,2024-11-05 16:00:00.000,,9184a0ec-67dd-4e7e-b445-c46585ab06bd.binning_data.json,10011,62720071,2024-11-05 17:02:08.539,2024-11-05 16:07:22.578,87.0,0.0,15.0,,UTC+0100,r7FYwmiDQH,,com.sec.android.app.shealth,2024-11-05 16:59:59.999,9184a0ec-67dd-4e7e-b445-c46585ab06bd,
62720071,2024-11-05 17:00:00.000,,beee042d-3326-486b-90d4-dc4058a9c1e4.binning_data.json,10011,62720071,2024-11-05 18:01:42.503,2024-11-05 17:02:08.719,3.0,0.0,0.0,,UTC+0100,r7FYwmiDQH,,com.sec.android.app.shealth,2024-11-05 17:59:59.999,beee042d-3326-486b-90d4-dc4058a9c1e4,
62720071,2024-11-05 18:00:00.000,,c4683ec8-de2c-49e5-bbda-1dd9073d8600.binning_data.json,10011,62720071,2024-11-05 19:05:43.475,2024-11-05 18:01:42.603,37.0,0.0,4.0,,UTC+0100,r7FYwmiDQH,,com.sec.android.app.shealth,2024-11-05 18:59:59.999,c4683ec8-de2c-49e5-bbda-1dd9073d8600,
62720071,2024-11-05 19:00:00.000,,5eb5641d-768d-452d-b4a9-008eea7d8f1f.binning_data.json,10011,62720071,2024-11-05 20:10:55.111,2024-11-05 19:05:43.640,79.0,0.0,7.0,,UTC+0100,r7FYwmiDQH,,com.sec.android.app.shealth,2024-11-05 19:59:59.999,5eb5641d-768d-452d-b4a9-008eea7d8f1f,
62720071,2024-11-05 20:00:00.000,,959dc108-6936-421a-ae1f-1df76f0d6f37.binning_data.json,10011,62720071,2024-11-05 21:09:38.150,2024-11-05 20:10:55.212,79.0,0.0,4.0,,UTC+0100,r7FYwmiDQH,,com.sec.android.app.shealth,2024-11-05 20:59:59.999,959dc108-6936-421a-ae1f-1df76f0d6f37,
62720071,2024-11-05 21:00:00.000,,5cb9bc53-386c-4f62-81dd-176606842493.binning_data.json,10011,62720071,2024-11-06 04:12:20.610,2024-11-05 21:09:38.313,1.0,0.0,0.0,,UTC+0100,r7FYwmiDQH,,com.sec.android.app.shealth,2024-11-05 21:59:59.999,5cb9bc53-386c-4f62-81dd-176606842493,
62720071,2024-11-06 04:00:00.000,,3f560215-4433-4de1-b8da-798613fc013d.binning_data.json,10011,62720071,2024-11-06 08:30:44.485,2024-11-06 04:12:20.932,0.0,0.0,0.0,,UTC+0100,r7FYwmiDQH,,com.sec.android.app.shealth,2024-11-06 04:59:59.999,3f560215-4433-4de1-b8da-798613fc013d,
62910031,2025-02-22 17:00:00.000,,e7adebb7-85da-41b3-b433-d0e2dd28a315.binning_data.json,10011,62910031,2025-02-22 18:05:52.250,2025-02-22 18:05:52.250,98.0,0.0,14.0,,UTC+0100,r7FYwmiDQH,,com.sec.android.app.shealth,2025-02-22 17:59:59.999,e7adebb7-85da-41b3-b433-d0e2dd28a315,
62910031,2025-02-22 18:00:00.000,,41bf3478-60f1-4277-b8af-77222665d14b.binning_data.json,10011,62910031,2025-02-22 19:01:54.157,2025-02-22 18:06:12.180,96.0,0.0,26.0,,UTC+0100,r7FYwmiDQH,,com.sec.android.app.shealth,2025-02-22 18:59:59.999,41bf3478-60f1-4277-b8af-77222665d14b,
62910031,2025-02-22 19:00:00.000,,3d1c6509-d357-4948-adc5-200081ebf7bd.binning_data.json,10011,62910031,2025-02-22 20:01:34.388,2025-02-22 19:01:54.729,98.0,0.0,57.0,,UTC+0100,r7FYwmiDQH,,com.sec.android.app.shealth,2025-02-22 19:59:59.999,3d1c6509-d357-4948-adc5-200081ebf7bd,
62910031,2025-02-22 20:00:00.000,,a6f275b4-cbaf-4b19-b498-9ad2a42bf474.binning_data.json,10011,62910031,2025-02-22 21:05:36.037,2025-02-22 20:01:34.450,98.0,0.0,25.0,,UTC+0100,r7FYwmiDQH,,com.sec.android.app.shealth,2025-02-22 20:59:59.999,a6f275b4-cbaf-4b19-b498-9ad2a42bf474,
62910031,2025-02-22 21:00:00.000,,27fdc260-3e80-4ccb-aa0e-304c8c0f40d1.binning_data.json,10011,62910031,2025-02-22 22:09:02.266,2025-02-22 21:05:36.344,2.0,0.0,1.0,,UTC+0100,r7FYwmiDQH,,com.sec.android.app.shealth,2025-02-22 21:59:59.999,27fdc260-3e80-4ccb-aa0e-304c8c0f40d1,
62910031,2025-02-22 22:00:00.000,,9b73eab5-cf0a-45a9-9e95-30b8f1d53f34.binning_data.json,10011,62910031,2025-02-22 23:09:40.242,2025-02-22 22:12:38.260,57.0,0.0,3.0,,UTC+0100,r7FYwmiDQH,,com.sec.android.app.shealth,2025-02-22 22:59:59.999,9b73eab5-cf0a-45a9-9e95-30b8f1d53f34,
62910031,2025-02-22 23:00:00.000,,82d24db9-ee24-4fd3-be1b-e2397d2c1acf.binning_data.json,10011,62910031,2025-02-23 23:22:46.084,2025-02-22 23:11:45.183,32.0,0.0,2.0,,UTC+0100,r7FYwmiDQH,,com.sec.android.app.shealth,2025-02-22 23:59:59.999,82d24db9-ee24-4fd3-be1b-e2397d2c1acf,
62910031,2025-03-04 10:00:00.000,,8c857620-0117-4549-8f5a-e30d73eea339.binning_data.json,10011,62910031,2025-03-04 11:04:10.767,2025-03-04 10:07:12.755,72.0,0.0,13.0,,UTC+0100,r7FYwmiDQH,,com.sec.android.app.shealth,2025-03-04 10:59:59.999,8c857620-0117-4549-8f5a-e30d73eea339,
62910031,2025-03-04 11:00:00.000,,a227ede1-78af-4bce-b5ea-85302fd386fe.binning_data.json,10011,62910031,2025-03-04 12:09:44.609,2025-03-04 11:04:11.058,97.0,0.0,17.0,,UTC+0100,r7FYwmiDQH,,com.sec.android.app.shealth,2025-03-04 11:59:59.999,a227ede1-78af-4bce-b5ea-85302fd386fe,
62910031,2025-03-04 12:00:00.000,,77528dd8-578a-4e21-8511-58a25f3a5f5f.binning_data.json,10011,62910031,2025-03-04 13:08:06.224,2025-03-04 12:09:44.685,96.0,0.0,24.0,,UTC+0100,r7FYwmiDQH,,com.sec.android.app.shealth,2025-03-04 12:59:59.999,77528dd8-578a-4e21-8511-58a25f3a5f5f,
62910031,2025-03-04 13:00:00.000,,b7978608-34dd-4282-98d6-bdab97aca7a6.binning_data.json,10011,62910031,2025-03-04 14:44:17.433,2025-03-04 13:08:06.292,75.0,10.0,35.0,,UTC+0100,r7FYwmiDQH,,com.sec.android.app.shealth,2025-03-04 13:59:59.999,b7978608-34dd-4282-98d6-bdab97aca7a6,
62910031,2025-03-04 14:00:00.000,,722fcc5c-4da0-4203-a20e-a8b3aceb29ec.binning_data.json,10011,62910031,2025-03-04 15:28:46.521,2025-03-04 14:44:17.514,87.0,1.0,47.0,,UTC+0100,r7FYwmiDQH,,com.sec.android.app.shealth,2025-03-04 14:59:59.999,722fcc5c-4da0-4203-a20e-a8b3aceb29ec,
62910031,2025-03-04 15:00:00.000,,9c0115fc-6a1a-4005-99d7-201177aa1c0e.binning_data.json,10011,62910031,2025-03-04 16:01:10.609,2025-03-04 16:01:10.482,35.0,1.0,12.0,,UTC+0100,r7FYwmiDQH,,com.sec.android.app.shealth,2025-03-04 15:59:59.999,9c0115fc-6a1a-4005-99d7-201177aa1c0e,
62910031,2025-03-04 16:00:00.000,,0378b5eb-0b91-4f90-ab65-0586bc78377d.binning_data.json,10011,62910031,2025-03-04 17:09:37.442,2025-03-04 16:01:10.685,99.0,0.0,13.0,,UTC+0100,r7FYwmiDQH,,com.sec.android.app.shealth,2025-03-04 16:59:59.999,0378b5eb-0b91-4f90-ab65-0586bc78377d,
62910031,2025-03-04 17:00:00.000,,f7709fee-9d83-448e-a161-e058f42f2a61.binning_data.json,10011,62910031,2025-03-04 18:10:29.162,2025-03-04 17:09:37.964,96.0,1.0,22.0,,UTC+0100,r7FYwmiDQH,,com.sec.android.app.shealth,2025-03-04 17:59:59.999,f7709fee-9d83-448e-a161-e058f42f2a61,
62910031,2025-03-04 18:00:00.000,,04177067-4711-4abb-8a9d-e3ef0d6520bd.binning_data.json,10011,62910031,2025-03-04 19:10:50.107,2025-03-04 18:10:29.241,44.0,1.0,10.0,,UTC+0100,r7FYwmiDQH,,com.sec.android.app.shealth,2025-03-04 18:59:59.999,04177067-4711-4abb-8a9d-e3ef0d6520bd,
62910031,2025-03-04 19:00:00.000,,3ea951b9-baff-4465-846e-28e3634e0345.binning_data.json,10011,62910031,2025-03-04 20:01:04.373,2025-03-04 19:10:50.183,62.0,0.0,4.0,,UTC+0100,r7FYwmiDQH,,com.sec.android.app.shealth,2025-03-04 19:59:59.999,3ea951b9-baff-4465-846e-28e3634e0345,
62910031,2025-03-04 20:00:00.000,,c51ce367-62b1-4e5a-962e-a57d9e19e6c6.binning_data.json,10011,62910031,2025-03-04 23:02:10.335,2025-03-04 20:01:04.475,86.0,0.0,1.0,,UTC+0100,r7FYwmiDQH,,com.sec.android.app.shealth,2025-03-04 20:59:59.999,c51ce367-62b1-4e5a-962e-a57d9e19e6c6,
62910031,2025-03-04 22:00:00.000,,c635fa59-2151-43d9-a965-1d7f6eaf7a95.binning_data.json,10011,62910031,2025-03-04 23:02:11.004,2025-03-04 23:02:10.821,41.0,0.0,6.0,,UTC+0100,r7FYwmiDQH,,com.sec.android.app.shealth,2025-03-04 22:59:59.999,c635fa59-2151-43d9-a965-1d7f6eaf7a95,
62910031,2025-03-04 23:00:00.000,,250e6420-13db-485c-9db6-78b785694243.binning_data.json,10011,62910031,2025-03-04 23:02:11.257,2025-03-04 23:02:11.257,0.0,0.0,0.0,,UTC+0100,r7FYwmiDQH,,com.sec.android.app.shealth,2025-03-04 23:02:11.189,250e6420-13db-485c-9db6-78b785694243,
62701231,2025-03-06 17:00:00.000,,a4d186af-8bef-4394-b344-5d8fb5a966ef.binning_data.json,10011,62701231,2025-03-06 18:01:00.109,2025-03-06 18:01:00.109,0.0,0.0,0.0,,UTC+0100,NA9l677+ml,,com.sec.android.app.shealth,2025-03-06 17:59:59.999,a4d186af-8bef-4394-b344-5d8fb5a966ef,
62701231,2025-03-06 18:00:00.000,,a1b219bc-d7f9-44ed-ac6a-dbf9dc015c51.binning_data.json,10011,62701231,2025-03-06 19:02:15.802,2025-03-06 18:01:00.193,66.0,0.0,2.0,,UTC+0100,NA9l677+ml,,com.sec.android.app.shealth,2025-03-06 18:59:59.999,a1b219bc-d7f9-44ed-ac6a-dbf9dc015c51,
62701231,2025-03-06 19:00:00.000,,79d8ca1e-f959-4980-a510-c8913a2dffac.binning_data.json,10011,62701231,2025-03-06 20:01:00.504,2025-03-06 19:02:15.981,27.0,0.0,1.0,,UTC+0100,NA9l677+ml,,com.sec.android.app.shealth,2025-03-06 19:59:59.999,79d8ca1e-f959-4980-a510-c8913a2dffac,
62701231,2025-03-06 20:00:00.000,,39df7c20-ff87-4bfe-94e3-90a6452320e5.binning_data.json,10011,62701231,2025-03-06 21:02:43.792,2025-03-06 20:01:00.589,1.0,0.0,0.0,,UTC+0100,NA9l677+ml,,com.sec.android.app.shealth,2025-03-06 20:59:59.999,39df7c20-ff87-4bfe-94e3-90a6452320e5,
62701231,2025-03-06 21:00:00.000,,34f95e87-f096-43e1-aefe-624cb01c4752.binning_data.json,10011,62701231,2025-03-06 22:02:09.933,2025-03-06 21:02:43.849,1.0,0.0,0.0,,UTC+0100,NA9l677+ml,,com.sec.android.app.shealth,2025-03-06 21:59:59.999,34f95e87-f096-43e1-aefe-624cb01c4752,
62701231,2025-03-06 22:00:00.000,,f7d94190-d9bb-4998-85ca-b69dc9bee720.binning_data.json,10011,62701231,2025-03-06 23:05:04.214,2025-03-06 22:02:09.996,45.0,0.0,1.0,,UTC+0100,NA9l677+ml,,com.sec.android.app.shealth,2025-03-06 22:59:59.999,f7d94190-d9bb-4998-85ca-b69dc9bee720,
62701231,2025-03-06 23:00:00.000,,62ab1739-4420-4990-b36d-dc76bf5b8fec.binning_data.json,10011,62701231,2025-03-07 00:05:22.862,2025-03-06 23:05:04.262,77.0,0.0,2.0,,UTC+0100,NA9l677+ml,,com.sec.android.app.shealth,2025-03-06 23:59:59.999,62ab1739-4420-4990-b36d-dc76bf5b8fec,
62701231,2025-03-07 00:00:00.000,,6c0c084c-2482-4570-ad7b-e6c5d71fa0cd.binning_data.json,10011,62701231,2025-03-07 01:03:32.541,2025-03-07 00:13:28.357,10.0,0.0,0.0,,UTC+0100,NA9l677+ml,,com.sec.android.app.shealth,2025-03-07 00:59:59.999,6c0c084c-2482-4570-ad7b-e6c5d71fa0cd,
62701231,2025-03-07 01:00:00.000,,d27af333-805f-4f54-9766-00d783bbbfa4.binning_data.json,10011,62701231,2025-03-07 01:03:32.623,2025-03-07 01:03:32.623,0.0,0.0,0.0,,UTC+0100,NA9l677+ml,,com.sec.android.app.shealth,2025-03-07 01:03:32.607,d27af333-805f-4f54-9766-00d783bbbfa4,
62910031,2025-03-07 06:00:00.000,,8afbcbfa-401e-472e-8bf2-733275e5516c.binning_data.json,10011,62910031,2025-03-07 07:07:44.706,2025-03-07 07:07:44.706,0.0,0.0,0.0,,UTC+0100,NA9l677+ml,,com.sec.android.app.shealth,2025-03-07 06:59:59.999,8afbcbfa-401e-472e-8bf2-733275e5516c,
62910031,2025-03-07 07:00:00.000,,a04245df-4ea6-4339-b5fa-8459ecd5781e.binning_data.json,10011,62910031,2025-03-07 08:11:46.296,2025-03-07 08:11:46.296,0.0,0.0,0.0,,UTC+0100,NA9l677+ml,,com.sec.android.app.shealth,2025-03-07 07:59:59.999,a04245df-4ea6-4339-b5fa-8459ecd5781e,
62910031,2025-03-07 08:00:00.000,,6fa783e7-12ea-45d2-a1cc-e1e17bf377d2.binning_data.json,10011,62910031,2025-03-07 09:06:27.372,2025-03-07 09:06:27.372,81.0,0.0,14.0,,UTC+0100,NA9l677+ml,,com.sec.android.app.shealth,2025-03-07 08:59:59.999,6fa783e7-12ea-45d2-a1cc-e1e17bf377d2,
62910031,2025-03-07 09:00:00.000,,432561d3-f89b-47f5-ac82-e3309e1f1b7c.binning_data.json,10011,62910031,2025-03-07 10:05:01.299,2025-03-07 10:05:01.299,87.0,0.0,15.0,,UTC+0100,NA9l677+ml,,com.sec.android.app.shealth,2025-03-07 09:59:59.999,432561d3-f89b-47f5-ac82-e3309e1f1b7c,
62910031,2025-03-07 10:00:00.000,,66a1ea68-42cc-451e-b6b2-4b397a11150a.binning_data.json,10011,62910031,2025-03-07 11:10:34.858,2025-03-07 11:10:34.858,98.0,0.0,27.0,,UTC+0100,NA9l677+ml,,com.sec.android.app.shealth,2025-03-07 10:59:59.999,66a1ea68-42cc-451e-b6b2-4b397a11150a,
62910031,2025-03-07 11:00:00.000,,254cf2a3-44db-481c-8bd2-85f924dc2add.binning_data.json,10011,62910031,2025-03-07 12:08:22.664,2025-03-07 12:08:22.664,15.0,0.0,3.0,,UTC+0100,NA9l677+ml,,com.sec.android.app.shealth,2025-03-07 11:59:59.999,254cf2a3-44db-481c-8bd2-85f924dc2add,
62910031,2025-03-07 12:00:00.000,,5b1802c5-c861-48b2-b987-cafaaa7ebdd0.binning_data.json,10011,62910031,2025-03-07 13:05:47.841,2025-03-07 13:05:47.841,99.0,0.0,18.0,,UTC+0100,NA9l677+ml,,com.sec.android.app.shealth,2025-03-07 12:59:59.999,5b1802c5-c861-48b2-b987-cafaaa7ebdd0,
62910031,2025-03-07 13:00:00.000,,1bcaecd1-15df-4d6b-897f-9201c33f463a.binning_data.json,10011,62910031,2025-03-07 14:02:22.848,2025-03-07 13:39:56.700,55.0,0.0,8.0,,UTC+0100,NA9l677+ml,,com.sec.android.app.shealth,2025-03-07 13:59:59.999,1bcaecd1-15df-4d6b-897f-9201c33f463a,
62910031,2025-03-07 14:00:00.000,,485111a3-1aa4-4a9d-b454-85834472080e.binning_data.json,10011,62910031,2025-03-07 15:04:07.982,2025-03-07 14:02:23.058,89.0,0.0,14.0,,UTC+0100,NA9l677+ml,,com.sec.android.app.shealth,2025-03-07 14:59:59.999,485111a3-1aa4-4a9d-b454-85834472080e,
62910031,2025-03-07 15:00:00.000,,9f7ad876-441a-43af-a6ed-844cfb5df0da.binning_data.json,10011,62910031,2025-03-07 16:10:28.705,2025-03-07 15:04:08.069,59.0,0.0,16.0,,UTC+0100,NA9l677+ml,,com.sec.android.app.shealth,2025-03-07 15:59:59.999,9f7ad876-441a-43af-a6ed-844cfb5df0da,
62910031,2025-03-07 16:00:00.000,,7de678c4-7dc7-4b41-b063-ccda6bf6e6c7.binning_data.json,10011,62910031,2025-03-07 17:02:48.070,2025-03-07 16:10:28.802,93.0,0.0,9.0,,UTC+0100,NA9l677+ml,,com.sec.android.app.shealth,2025-03-07 16:59:59.999,7de678c4-7dc7-4b41-b063-ccda6bf6e6c7,
62910031,2025-03-07 17:00:00.000,,f77c98c9-9117-4fb5-a8ac-02a664697b3e.binning_data.json,10011,62910031,2025-03-07 17:02:48.148,2025-03-07 17:02:48.148,9.0,3.0,6.0,,UTC+0100,NA9l677+ml,,com.sec.android.app.shealth,2025-03-07 17:02:48.128,f77c98c9-9117-4fb5-a8ac-02a664697b3e,
62910031,2025-03-13 13:00:00.000,,68f0dd60-2c05-4187-ad8d-ca88d1d3af9c.binning_data.json,10011,62910031,2025-03-13 14:02:36.498,2025-03-13 14:02:36.430,100.0,0.0,17.0,,UTC+0100,NA9l677+ml,,com.sec.android.app.shealth,2025-03-13 13:59:59.999,68f0dd60-2c05-4187-ad8d-ca88d1d3af9c,
62910031,2025-03-13 14:00:00.000,,c8032dfe-0a07-4208-b6d3-5528e68a5b93.binning_data.json,10011,62910031,2025-03-13 15:03:06.451,2025-03-13 14:02:36.572,20.0,0.0,2.0,,UTC+0100,NA9l677+ml,,com.sec.android.app.shealth,2025-03-13 14:59:59.999,c8032dfe-0a07-4208-b6d3-5528e68a5b93,
62910031,2025-03-13 15:00:00.000,,4606e056-77e4-434f-ba13-43cb4899334b.binning_data.json,10011,62910031,2025-03-13 16:03:09.810,2025-03-13 15:03:06.539,32.0,0.0,2.0,,UTC+0100,NA9l677+ml,,com.sec.android.app.shealth,2025-03-13 15:59:59.999,4606e056-77e4-434f-ba13-43cb4899334b,
62910031,2025-03-13 16:00:00.000,,9f86eef5-e801-4317-a3d6-27c898ab051a.binning_data.json,10011,62910031,2025-03-13 17:01:21.004,2025-03-13 16:03:09.871,53.0,0.0,4.0,,UTC+0100,NA9l677+ml,,com.sec.android.app.shealth,2025-03-13 16:59:59.999,9f86eef5-e801-4317-a3d6-27c898ab051a,
62910031,2025-03-13 17:00:00.000,,4d1f818f-15aa-4cee-830f-a1f955623030.binning_data.json,10011,62910031,2025-03-13 18:01:58.838,2025-03-13 17:01:21.099,36.0,0.0,6.0,,UTC+0100,NA9l677+ml,,com.sec.android.app.shealth,2025-03-13 17:59:59.999,4d1f818f-15aa-4cee-830f-a1f955623030,
62910031,2025-03-13 18:00:00.000,,62b3fd2e-7231-4ecd-9fde-595d14fa0170.binning_data.json,10011,62910031,2025-03-13 19:06:28.097,2025-03-13 18:01:58.899,28.0,0.0,4.0,,UTC+0100,NA9l677+ml,,com.sec.android.app.shealth,2025-03-13 18:59:59.999,62b3fd2e-7231-4ecd-9fde-595d14fa0170,
62910031,2025-03-13 19:00:00.000,,7c707c09-ddb7-4b9f-9680-bf3ef87659d4.binning_data.json,10011,62910031,2025-03-13 20:02:01.798,2025-03-13 19:06:35.159,63.0,0.0,8.0,,UTC+0100,NA9l677+ml,,com.sec.android.app.shealth,2025-03-13 19:59:59.999,7c707c09-ddb7-4b9f-9680-bf3ef87659d4,
62910031,2025-03-13 20:00:00.000,,b2c3d61d-d16a-458e-830f-38d39e518bb9.binning_data.json,10011,62910031,2025-03-13 21:02:44.569,2025-03-13 20:02:01.868,88.0,0.0,14.0,,UTC+0100,NA9l677+ml,,com.sec.android.app.shealth,2025-03-13 20:59:59.999,b2c3d61d-d16a-458e-830f-38d39e518bb9,
62910031,2025-03-13 21:00:00.000,,a2294a72-cc79-42c7-a78e-a38efc8f6fa1.binning_data.json,10011,62910031,2025-03-13 22:01:32.598,2025-03-13 21:02:44.694,15.0,0.0,1.0,,UTC+0100,NA9l677+ml,,com.sec.android.app.shealth,2025-03-13 21:59:59.999,a2294a72-cc79-42c7-a78e-a38efc8f6fa1,
62910031,2025-03-13 22:00:00.000,,e3e629fd-b3af-4df3-b4b2-5f1173dc1ffd.binning_data.json,10011,62910031,2025-03-13 23:03:38.120,2025-03-13 22:01:32.651,11.0,0.0,1.0,,UTC+0100,NA9l677+ml,,com.sec.android.app.shealth,2025-03-13 22:59:59.999,e3e629fd-b3af-4df3-b4b2-5f1173dc1ffd,
62910031,2025-03-13 23:00:00.000,,7852869b-2a79-4e94-8500-d3ee0849d1f7.binning_data.json,10011,62910031,2025-03-14 00:02:23.567,2025-03-13 23:03:54.878,99.0,0.0,10.0,,UTC+0100,NA9l677+ml,,com.sec.android.app.shealth,2025-03-13 23:59:59.999,7852869b-2a79-4e94-8500-d3ee0849d1f7,
62910031,2025-03-14 00:00:00.000,,373562b3-836b-459b-9624-29c0beac1444.binning_data.json,10011,62910031,2025-03-14 07:49:57.010,2025-03-14 00:02:23.738,1.0,0.0,0.0,,UTC+0100,NA9l677+ml,,com.sec.android.app.shealth,2025-03-14 00:59:59.999,373562b3-836b-459b-9624-29c0beac1444,
62910031,2025-03-14 07:00:00.000,,e04545c0-a560-43b7-881f-4920da470118.binning_data.json,10011,62910031,2025-03-14 08:01:58.195,2025-03-14 07:49:58.242,53.0,2.0,26.0,,UTC+0100,NA9l677+ml,,com.sec.android.app.shealth,2025-03-14 07:59:59.999,e04545c0-a560-43b7-881f-4920da470118,
62910031,2025-03-14 08:00:00.000,,3646ab62-919c-4330-83d5-799b4dae3b1e.binning_data.json,10011,62910031,2025-03-14 09:06:34.665,2025-03-14 08:01:58.295,97.0,0.0,13.0,,UTC+0100,NA9l677+ml,,com.sec.android.app.shealth,2025-03-14 08:59:59.999,3646ab62-919c-4330-83d5-799b4dae3b1e,
62910031,2025-03-14 09:00:00.000,,3b45040f-5339-4544-bb3d-5550c77669de.binning_data.json,10011,62910031,2025-03-14 10:09:42.226,2025-03-14 09:06:34.804,90.0,0.0,22.0,,UTC+0100,NA9l677+ml,,com.sec.android.app.shealth,2025-03-14 09:59:59.999,3b45040f-5339-4544-bb3d-5550c77669de,
62910031,2025-03-14 10:00:00.000,,d6d75589-a522-4e75-9222-af330caa99c5.binning_data.json,10011,62910031,2025-03-14 11:29:57.535,2025-03-14 10:09:42.370,65.0,3.0,15.0,,UTC+0100,NA9l677+ml,,com.sec.android.app.shealth,2025-03-14 10:59:59.999,d6d75589-a522-4e75-9222-af330caa99c5,
62910031,2025-03-14 11:00:00.000,,bdda910c-34a5-4ac1-8a39-c5cff59daf47.binning_data.json,10011,62910031,2025-03-14 12:01:43.826,2025-03-14 11:29:57.601,54.0,0.0,8.0,,UTC+0100,NA9l677+ml,,com.sec.android.app.shealth,2025-03-14 11:59:59.999,bdda910c-34a5-4ac1-8a39-c5cff59daf47,
62910031,2025-03-14 12:00:00.000,,bca31dfb-f04f-4a2a-8310-be3d6ff61353.binning_data.json,10011,62910031,2025-03-14 13:01:33.924,2025-03-14 12:01:43.889,96.0,0.0,25.0,,UTC+0100,NA9l677+ml,,com.sec.android.app.shealth,2025-03-14 12:59:59.999,bca31dfb-f04f-4a2a-8310-be3d6ff61353,
62910031,2025-03-14 13:00:00.000,,b43afab4-581d-4f3f-9aab-7a0a63c6b958.binning_data.json,10011,62910031,2025-03-14 14:03:41.537,2025-03-14 13:01:34.016,70.0,0.0,34.0,,UTC+0100,NA9l677+ml,,com.sec.android.app.shealth,2025-03-14 13:59:59.999,b43afab4-581d-4f3f-9aab-7a0a63c6b958,
62910031,2025-03-14 14:00:00.000,,74aaaa1c-9885-435d-8237-b48c7f501c9b.binning_data.json,10011,62910031,2025-03-14 15:01:01.158,2025-03-14 14:03:41.632,73.0,5.0,33.0,,UTC+0100,NA9l677+ml,,com.sec.android.app.shealth,2025-03-14 14:59:59.999,74aaaa1c-9885-435d-8237-b48c7f501c9b,
62910031,2025-03-14 15:00:00.000,,343a2f46-c97f-4d49-8046-c87da990218b.binning_data.json,10011,62910031,2025-03-14 16:35:06.682,2025-03-14 15:01:01.250,98.0,6.0,35.0,,UTC+0100,NA9l677+ml,,com.sec.android.app.shealth,2025-03-14 15:59:59.999,343a2f46-c97f-4d49-8046-c87da990218b,
62910031,2025-03-14 16:00:00.000,,0cc0b2b6-341a-4bdf-9c83-6339c56fdcc0.binning_data.json,10011,62910031,2025-03-14 17:06:27.553,2025-03-14 16:35:06.759,90.0,11.0,25.0,,UTC+0100,NA9l677+ml,,com.sec.android.app.shealth,2025-03-14 16:59:59.999,0cc0b2b6-341a-4bdf-9c83-6339c56fdcc0,
62910031,2025-03-14 17:00:00.000,,0f33f2e6-2711-4c9a-83f8-4fd24d53ed0d.binning_data.json,10011,62910031,2025-03-14 18:10:10.568,2025-03-14 17:06:27.645,99.0,0.0,17.0,,UTC+0100,NA9l677+ml,,com.sec.android.app.shealth,2025-03-14 17:59:59.999,0f33f2e6-2711-4c9a-83f8-4fd24d53ed0d,
62910031,2025-03-14 18:00:00.000,,c7a094ad-9f75-4011-900f-a6fc21e6d165.binning_data.json,10011,62910031,2025-03-14 19:04:25.960,2025-03-14 18:10:10.684,88.0,0.0,10.0,,UTC+0100,NA9l677+ml,,com.sec.android.app.shealth,2025-03-14 18:59:59.999,c7a094ad-9f75-4011-900f-a6fc21e6d165,
62910031,2025-03-14 19:00:00.000,,783366c5-ece4-4f25-b260-9bb952bcdf32.binning_data.json,10011,62910031,2025-03-14 20:01:33.710,2025-03-14 19:04:26.072,93.0,0.0,25.0,,UTC+0100,NA9l677+ml,,com.sec.android.app.shealth,2025-03-14 19:59:59.999,783366c5-ece4-4f25-b260-9bb952bcdf32,
62910031,2025-03-14 20:00:00.000,,0488d9ae-3677-4bfe-9aa1-eb0353043633.binning_data.json,10011,62910031,2025-03-14 21:05:07.681,2025-03-14 20:01:33.783,70.0,2.0,25.0,,UTC+0100,NA9l677+ml,,com.sec.android.app.shealth,2025-03-14 20:59:59.999,0488d9ae-3677-4bfe-9aa1-eb0353043633,
62910031,2025-03-14 21:00:00.000,,bfeba802-1541-4174-b7cc-d71966038917.binning_data.json,10011,62910031,2025-03-14 22:07:58.734,2025-03-14 21:05:07.879,33.0,0.0,6.0,,UTC+0100,NA9l677+ml,,com.sec.android.app.shealth,2025-03-14 21:59:59.999,bfeba802-1541-4174-b7cc-d71966038917,
62910031,2025-03-14 22:00:00.000,,775f3811-cba7-4f2d-b22e-fbf6578cb925.binning_data.json,10011,62910031,2025-03-14 23:03:04.984,2025-03-14 22:09:19.028,97.0,0.0,8.0,,UTC+0100,NA9l677+ml,,com.sec.android.app.shealth,2025-03-14 22:59:59.999,775f3811-cba7-4f2d-b22e-fbf6578cb925,
62910031,2025-03-14 23:00:00.000,,62ee30f3-bf40-4488-874a-3455bd42b506.binning_data.json,10011,62910031,2025-03-15 00:01:50.802,2025-03-14 23:03:05.064,98.0,0.0,6.0,,UTC+0100,NA9l677+ml,,com.sec.android.app.shealth,2025-03-14 23:59:59.999,62ee30f3-bf40-4488-874a-3455bd42b506,
62910031,2025-03-15 00:00:00.000,,24f065b3-939c-4597-ad9a-356054ac805c.binning_data.json,10011,62910031,2025-03-15 00:13:50.529,2025-03-15 00:01:50.880,74.0,0.0,10.0,,UTC+0100,NA9l677+ml,,com.sec.android.app.shealth,2025-03-15 00:13:50.430,24f065b3-939c-4597-ad9a-356054ac805c,
62910031,2025-03-19 13:00:00.000,,3c61152b-6e05-4005-9b38-db0a005bf260.binning_data.json,10011,62910031,2025-03-19 13:05:57.628,2025-03-19 13:05:54.698,100.0,100.0,100.0,,UTC+0100,r7FYwmiDQH,,com.sec.android.app.shealth,2025-03-19 13:05:57.507,3c61152b-6e05-4005-9b38-db0a005bf260,
62910031,2025-03-19 16:00:00.000,,bf2bcc75-cff1-4be3-9a3a-f954cf75caec.binning_data.json,10011,62910031,2025-03-21 11:59:58.167,2025-03-19 16:18:21.045,54.0,17.0,35.0,,UTC+0100,NA9l677+ml,,com.sec.android.app.shealth,2025-03-19 16:59:59.999,bf2bcc75-cff1-4be3-9a3a-f954cf75caec,
62910031,2025-03-21 11:00:00.000,,8798ab65-6dfa-46c5-bce8-6101d1651a3d.binning_data.json,10011,62910031,2025-03-21 12:02:57.010,2025-03-21 11:59:58.544,41.0,18.0,30.0,,UTC+0100,NA9l677+ml,,com.sec.android.app.shealth,2025-03-21 11:59:59.999,8798ab65-6dfa-46c5-bce8-6101d1651a3d,
62910031,2025-03-21 12:00:00.000,,23042d85-e8ee-4fe5-a5c4-508302304ded.binning_data.json,10011,62910031,2025-03-21 13:06:40.967,2025-03-21 12:02:57.086,97.0,1.0,32.0,,UTC+0100,NA9l677+ml,,com.sec.android.app.shealth,2025-03-21 12:59:59.999,23042d85-e8ee-4fe5-a5c4-508302304ded,
62910031,2025-03-21 13:00:00.000,,95d6d53f-a635-47f0-ad13-c9af58e8c0df.binning_data.json,10011,62910031,2025-03-21 14:21:38.645,2025-03-21 13:06:41.040,39.0,1.0,17.0,,UTC+0100,NA9l677+ml,,com.sec.android.app.shealth,2025-03-21 13:59:59.999,95d6d53f-a635-47f0-ad13-c9af58e8c0df,
62910031,2025-03-21 14:00:00.000,,0dbe5164-701c-4b25-82e7-40aa7139ab08.binning_data.json,10011,62910031,2025-03-21 15:08:14.215,2025-03-21 14:21:38.726,90.0,4.0,29.0,,UTC+0100,NA9l677+ml,,com.sec.android.app.shealth,2025-03-21 14:59:59.999,0dbe5164-701c-4b25-82e7-40aa7139ab08,
62910031,2025-03-21 15:00:00.000,,4f2aa34b-c9c5-495c-ad49-d83dc0512410.binning_data.json,10011,62910031,2025-03-21 16:07:45.539,2025-03-21 15:14:25.630,89.0,0.0,26.0,,UTC+0100,NA9l677+ml,,com.sec.android.app.shealth,2025-03-21 15:59:59.999,4f2aa34b-c9c5-495c-ad49-d83dc0512410,
62910031,2025-03-21 16:00:00.000,,daefcc5c-022f-4668-8020-7eacfc60ab6c.binning_data.json,10011,62910031,2025-03-21 17:01:23.611,2025-03-21 16:07:45.814,58.0,0.0,4.0,,UTC+0100,NA9l677+ml,,com.sec.android.app.shealth,2025-03-21 16:59:59.999,daefcc5c-022f-4668-8020-7eacfc60ab6c,
62910031,2025-03-21 17:00:00.000,,c6729f13-bd31-48a3-8bb3-2b7bcbe2ca37.binning_data.json,10011,62910031,2025-03-21 18:09:11.339,2025-03-21 17:04:58.036,70.0,0.0,9.0,,UTC+0100,NA9l677+ml,,com.sec.android.app.shealth,2025-03-21 17:59:59.999,c6729f13-bd31-48a3-8bb3-2b7bcbe2ca37,
62910031,2025-03-21 18:00:00.000,,17a4a135-34fe-4aef-84e3-af2548cc03f2.binning_data.json,10011,62910031,2025-03-21 19:07:09.744,2025-03-21 18:09:11.436,99.0,0.0,11.0,,UTC+0100,NA9l677+ml,,com.sec.android.app.shealth,2025-03-21 18:59:59.999,17a4a135-34fe-4aef-84e3-af2548cc03f2,
62910031,2025-03-21 19:00:00.000,,4369b2d6-04cd-4bed-9a58-1cb0c99f70a1.binning_data.json,10011,62910031,2025-03-22 17:44:06.357,2025-03-21 19:07:09.812,81.0,0.0,20.0,,UTC+0100,NA9l677+ml,,com.sec.android.app.shealth,2025-03-21 19:59:59.999,4369b2d6-04cd-4bed-9a58-1cb0c99f70a1,
62910031,2025-03-21 21:00:00.000,,cc05c098-b7fe-48cf-8c18-9ea498120baf.binning_data.json,10011,62910031,2025-03-22 18:16:47.539,2025-03-22 17:44:06.631,91.0,91.0,91.0,,UTC+0100,NA9l677+ml,,com.sec.android.app.shealth,2025-03-21 21:59:59.999,cc05c098-b7fe-48cf-8c18-9ea498120baf,
62910031,2025-03-22 18:00:00.000,,f2c5ae97-3baf-4ece-920e-83e5c9a28153.binning_data.json,10011,62910031,2025-03-22 22:22:27.677,2025-03-22 18:16:47.629,64.0,0.0,9.0,,UTC+0100,NA9l677+ml,,com.sec.android.app.shealth,2025-03-22 18:59:59.999,f2c5ae97-3baf-4ece-920e-83e5c9a28153,
62910031,2025-03-22 22:00:00.000,,83f01641-a790-4f1f-99ab-b47bcbd891bc.binning_data.json,10011,62910031,2025-03-23 07:18:05.152,2025-03-22 22:22:27.842,96.0,0.0,18.0,,UTC+0100,NA9l677+ml,,com.sec.android.app.shealth,2025-03-22 22:59:59.999,83f01641-a790-4f1f-99ab-b47bcbd891bc,
62910031,2025-03-23 07:00:00.000,,84c7231e-eb81-41b9-9de4-14e381ad9cf0.binning_data.json,10011,62910031,2025-03-23 08:13:00.875,2025-03-23 07:18:05.225,82.0,0.0,27.0,,UTC+0100,NA9l677+ml,,com.sec.android.app.shealth,2025-03-23 07:59:59.999,84c7231e-eb81-41b9-9de4-14e381ad9cf0,
62910031,2025-03-23 08:00:00.000,,555b72a4-f5d4-4a2a-9ae4-683b726f828a.binning_data.json,10011,62910031,2025-03-23 09:01:24.350,2025-03-23 08:13:00.945,96.0,1.0,28.0,,UTC+0100,NA9l677+ml,,com.sec.android.app.shealth,2025-03-23 08:59:59.999,555b72a4-f5d4-4a2a-9ae4-683b726f828a,
62910031,2025-03-23 09:00:00.000,,aaed09d0-579a-4fc0-96f5-84b66b4e5fd4.binning_data.json,10011,62910031,2025-03-23 10:03:29.133,2025-03-23 09:01:24.409,98.0,1.0,37.0,,UTC+0100,NA9l677+ml,,com.sec.android.app.shealth,2025-03-23 09:59:59.999,aaed09d0-579a-4fc0-96f5-84b66b4e5fd4,
62910031,2025-03-23 10:00:00.000,,9e31301e-310b-4e9f-8f5e-e91676217c1b.binning_data.json,10011,62910031,2025-03-23 11:06:49.616,2025-03-23 10:03:29.263,90.0,0.0,18.0,,UTC+0100,NA9l677+ml,,com.sec.android.app.shealth,2025-03-23 10:59:59.999,9e31301e-310b-4e9f-8f5e-e91676217c1b,
62910031,2025-03-23 11:00:00.000,,11c5eb7d-a23c-45d5-901e-dfe5f185bbca.binning_data.json,10011,62910031,2025-03-23 12:02:42.559,2025-03-23 11:06:49.696,31.0,0.0,3.0,,UTC+0100,NA9l677+ml,,com.sec.android.app.shealth,2025-03-23 11:59:59.999,11c5eb7d-a23c-45d5-901e-dfe5f185bbca,
62910031,2025-03-23 12:00:00.000,,0da8df5c-4521-4d9d-aa4d-840c2e3ae8b6.binning_data.json,10011,62910031,2025-03-23 13:03:16.215,2025-03-23 12:02:42.622,54.0,0.0,6.0,,UTC+0100,NA9l677+ml,,com.sec.android.app.shealth,2025-03-23 12:59:59.999,0da8df5c-4521-4d9d-aa4d-840c2e3ae8b6,
62910031,2025-03-23 13:00:00.000,,58853070-e040-47eb-ae4e-5f7c65f4566c.binning_data.json,10011,62910031,2025-03-23 13:38:33.200,2025-03-23 13:03:16.358,94.0,2.0,31.0,,UTC+0100,NA9l677+ml,,com.sec.android.app.shealth,2025-03-23 13:38:32.809,58853070-e040-47eb-ae4e-5f7c65f4566c,
62950051,2025-04-24 02:00:00.000,,e228e617-4ce6-4ba3-bb85-8d5c40124454.binning_data.json,10011,62950051,2025-04-24 03:06:22.896,2025-04-24 03:06:22.776,10.0,0.0,1.0,,UTC+0200,NA9l677+ml,,com.sec.android.app.shealth,2025-04-24 02:59:59.999,e228e617-4ce6-4ba3-bb85-8d5c40124454,
62950051,2025-04-24 03:00:00.000,,8cceb6cc-c234-447a-9fba-1d0510386ce9.binning_data.json,10011,62950051,2025-04-24 04:07:01.126,2025-04-24 03:06:23.048,78.0,0.0,5.0,,UTC+0200,NA9l677+ml,,com.sec.android.app.shealth,2025-04-24 03:59:59.999,8cceb6cc-c234-447a-9fba-1d0510386ce9,
62950051,2025-04-24 04:00:00.000,,2da584a0-7de4-44ad-b286-843dcf0bb746.binning_data.json,10011,62950051,2025-04-24 05:05:05.832,2025-04-24 04:07:01.301,95.0,0.0,4.0,,UTC+0200,NA9l677+ml,,com.sec.android.app.shealth,2025-04-24 04:59:59.999,2da584a0-7de4-44ad-b286-843dcf0bb746,
62950051,2025-04-24 05:00:00.000,,538f53cf-2d04-4a4b-be3e-e7f0882c7846.binning_data.json,10011,62950051,2025-04-24 06:58:52.418,2025-04-24 05:05:05.920,0.0,0.0,0.0,,UTC+0200,NA9l677+ml,,com.sec.android.app.shealth,2025-04-24 05:59:59.999,538f53cf-2d04-4a4b-be3e-e7f0882c7846,
62950051,2025-04-24 06:00:00.000,,77811982-e579-4b56-a6f8-b8e599e5ac4c.binning_data.json,10011,62950051,2025-04-24 07:05:54.160,2025-04-24 06:58:52.566,81.0,1.0,34.0,,UTC+0200,NA9l677+ml,,com.sec.android.app.shealth,2025-04-24 06:59:59.999,77811982-e579-4b56-a6f8-b8e599e5ac4c,
62950051,2025-04-24 07:00:00.000,,b4c0d3ac-8036-4c9f-8e64-cd070c12b638.binning_data.json,10011,62950051,2025-04-24 08:10:11.231,2025-04-24 07:05:54.236,81.0,0.0,26.0,,UTC+0200,NA9l677+ml,,com.sec.android.app.shealth,2025-04-24 07:59:59.999,b4c0d3ac-8036-4c9f-8e64-cd070c12b638,
62950051,2025-04-24 08:00:00.000,,e7dde8fe-503b-43a4-a0a7-24a6f83389a7.binning_data.json,10011,62950051,2025-04-24 09:03:20.333,2025-04-24 08:10:11.342,89.0,0.0,9.0,,UTC+0200,NA9l677+ml,,com.sec.android.app.shealth,2025-04-24 08:59:59.999,e7dde8fe-503b-43a4-a0a7-24a6f83389a7,
62950051,2025-04-24 09:00:00.000,,7aa11bca-2e7a-492f-ae96-ccfea45a9826.binning_data.json,10011,62950051,2025-04-24 10:50:51.460,2025-04-24 09:03:20.436,3.0,1.0,2.0,,UTC+0200,NA9l677+ml,,com.sec.android.app.shealth,2025-04-24 09:59:59.999,7aa11bca-2e7a-492f-ae96-ccfea45a9826,
62950051,2025-04-24 10:00:00.000,,9926a21a-c50c-45bc-a191-ba07874cba88.binning_data.json,10011,62950051,2025-04-24 11:49:58.665,2025-04-24 10:50:51.552,22.0,0.0,3.0,,UTC+0200,NA9l677+ml,,com.sec.android.app.shealth,2025-04-24 10:59:59.999,9926a21a-c50c-45bc-a191-ba07874cba88,
62950051,2025-04-24 11:00:00.000,,7c24d2d1-557b-4f17-af94-bba1e33fc654.binning_data.json,10011,62950051,2025-04-24 12:01:44.267,2025-04-24 11:49:58.763,46.0,1.0,8.0,,UTC+0200,NA9l677+ml,,com.sec.android.app.shealth,2025-04-24 11:59:59.999,7c24d2d1-557b-4f17-af94-bba1e33fc654,
62950051,2025-04-24 12:00:00.000,,af5636fc-0c49-40be-b45b-7a9599c12587.binning_data.json,10011,62950051,2025-04-24 15:37:19.861,2025-04-24 12:01:44.370,11.0,0.0,1.0,,UTC+0200,NA9l677+ml,,com.sec.android.app.shealth,2025-04-24 12:59:59.999,af5636fc-0c49-40be-b45b-7a9599c12587,
62950051,2025-04-24 15:00:00.000,,7ef72b94-444f-4954-9746-edffbe1cddf5.binning_data.json,10011,62950051,2025-04-24 16:06:29.723,2025-04-24 15:37:19.956,21.0,0.0,2.0,,UTC+0200,NA9l677+ml,,com.sec.android.app.shealth,2025-04-24 15:59:59.999,7ef72b94-444f-4954-9746-edffbe1cddf5,
62950051,2025-04-24 16:00:00.000,,a825e18c-ad30-4b46-92fc-c71da194348b.binning_data.json,10011,62950051,2025-04-24 16:38:49.672,2025-04-24 16:38:49.672,52.0,0.0,8.0,,UTC+0200,NA9l677+ml,,com.sec.android.app.shealth,2025-04-24 16:38:49.621,a825e18c-ad30-4b46-92fc-c71da194348b,
62950051,2025-04-24 16:00:00.000,,e035fef8-a973-4ef2-823e-0fff48b33f8e.binning_data.json,10011,62950051,2025-04-24 17:10:02.629,2025-04-24 16:06:29.829,59.0,0.0,11.0,,UTC+0200,NA9l677+ml,,com.sec.android.app.shealth,2025-04-24 16:59:59.999,e035fef8-a973-4ef2-823e-0fff48b33f8e,
62950051,2025-04-24 17:00:00.000,,b74f5702-9c30-4751-9ad4-e33243df2a58.binning_data.json,10011,62950051,2025-04-24 18:02:04.912,2025-04-24 17:10:02.803,89.0,0.0,29.0,,UTC+0200,NA9l677+ml,,com.sec.android.app.shealth,2025-04-24 17:59:59.999,b74f5702-9c30-4751-9ad4-e33243df2a58,
62950051,2025-04-24 18:00:00.000,,095f630e-5459-4d58-9a3a-2b6e723ce9d3.binning_data.json,10011,62950051,2025-04-25 06:14:38.367,2025-04-24 18:02:05.131,95.0,0.0,19.0,,UTC+0200,NA9l677+ml,,com.sec.android.app.shealth,2025-04-24 18:59:59.999,095f630e-5459-4d58-9a3a-2b6e723ce9d3,
62950051,2025-04-25 06:00:00.000,,914a546e-853b-49ed-a616-00257879749a.binning_data.json,10011,62950051,2025-04-25 07:05:32.041,2025-04-25 06:14:38.482,85.0,0.0,22.0,,UTC+0200,NA9l677+ml,,com.sec.android.app.shealth,2025-04-25 06:59:59.999,914a546e-853b-49ed-a616-00257879749a,
62950051,2025-04-25 07:00:00.000,,0a37636a-5403-4884-aba0-7c18749cb5b2.binning_data.json,10011,62950051,2025-04-25 08:18:45.870,2025-04-25 07:05:32.172,95.0,4.0,35.0,,UTC+0200,NA9l677+ml,,com.sec.android.app.shealth,2025-04-25 07:59:59.999,0a37636a-5403-4884-aba0-7c18749cb5b2,
62950051,2025-04-25 08:00:00.000,,cbf6af9f-7108-49e0-815d-9d7c04e27272.binning_data.json,10011,62950051,2025-04-25 09:01:37.234,2025-04-25 08:18:45.955,95.0,3.0,30.0,,UTC+0200,NA9l677+ml,,com.sec.android.app.shealth,2025-04-25 08:59:59.999,cbf6af9f-7108-49e0-815d-9d7c04e27272,
62950051,2025-04-25 09:00:00.000,,20494499-4f59-441a-8f77-1c238b246d5d.binning_data.json,10011,62950051,2025-04-25 10:03:59.904,2025-04-25 09:01:37.349,96.0,0.0,33.0,,UTC+0200,NA9l677+ml,,com.sec.android.app.shealth,2025-04-25 09:59:59.999,20494499-4f59-441a-8f77-1c238b246d5d,
62950051,2025-04-25 10:00:00.000,,aa0919a9-fe6d-4dcf-ab94-ad25fc36064c.binning_data.json,10011,62950051,2025-04-25 11:12:32.388,2025-04-25 10:03:59.994,98.0,0.0,40.0,,UTC+0200,NA9l677+ml,,com.sec.android.app.shealth,2025-04-25 10:59:59.999,aa0919a9-fe6d-4dcf-ab94-ad25fc36064c,
62950051,2025-04-25 11:00:00.000,,d700c512-1487-4d6b-8d4b-c03f3785856e.binning_data.json,10011,62950051,2025-04-25 17:35:14.015,2025-04-25 11:12:32.521,98.0,13.0,48.0,,UTC+0200,NA9l677+ml,,com.sec.android.app.shealth,2025-04-25 11:59:59.999,d700c512-1487-4d6b-8d4b-c03f3785856e,
62950051,2025-04-25 17:00:00.000,,903997a7-079a-48fb-8052-9fb1744ad5be.binning_data.json,10011,62950051,2025-04-25 18:13:02.570,2025-04-25 17:35:14.170,100.0,1.0,38.0,,UTC+0200,NA9l677+ml,,com.sec.android.app.shealth,2025-04-25 17:59:59.999,903997a7-079a-48fb-8052-9fb1744ad5be,
62950051,2025-04-25 18:00:00.000,,4fed60cb-21a8-4b12-b2c4-058afbf428d0.binning_data.json,10011,62950051,2025-04-25 19:07:58.588,2025-04-25 18:13:02.659,90.0,1.0,36.0,,UTC+0200,NA9l677+ml,,com.sec.android.app.shealth,2025-04-25 18:59:59.999,4fed60cb-21a8-4b12-b2c4-058afbf428d0,
62950051,2025-04-25 19:00:00.000,,de63d757-bde9-4a74-9e02-12acc412dfd9.binning_data.json,10011,62950051,2025-04-26 06:33:23.129,2025-04-25 19:07:58.852,97.0,0.0,75.0,,UTC+0200,NA9l677+ml,,com.sec.android.app.shealth,2025-04-25 19:59:59.999,de63d757-bde9-4a74-9e02-12acc412dfd9,
62950051,2025-04-26 06:00:00.000,,cf3cec2e-a513-48b3-bad3-5a9ac97e393e.binning_data.json,10011,62950051,2025-04-26 07:05:59.395,2025-04-26 06:33:23.336,81.0,0.0,3.0,,UTC+0200,NA9l677+ml,,com.sec.android.app.shealth,2025-04-26 06:59:59.999,cf3cec2e-a513-48b3-bad3-5a9ac97e393e,
62950051,2025-04-26 07:00:00.000,,3dd616d5-292d-497b-8334-f66b77d61673.binning_data.json,10011,62950051,2025-04-26 10:15:31.736,2025-04-26 07:05:59.587,69.0,0.0,12.0,,UTC+0200,NA9l677+ml,,com.sec.android.app.shealth,2025-04-26 07:59:59.999,3dd616d5-292d-497b-8334-f66b77d61673,
62950051,2025-04-26 10:00:00.000,,d06f4194-448e-4553-8000-a2e9bd652a61.binning_data.json,10011,62950051,2025-04-26 11:03:58.856,2025-04-26 10:15:31.840,99.0,0.0,23.0,,UTC+0200,NA9l677+ml,,com.sec.android.app.shealth,2025-04-26 10:59:59.999,d06f4194-448e-4553-8000-a2e9bd652a61,
62950051,2025-04-26 11:00:00.000,,e6616d14-6e0c-46c5-a127-f77a3afc50e4.binning_data.json,10011,62950051,2025-04-26 12:36:00.690,2025-04-26 11:03:58.957,53.0,1.0,19.0,,UTC+0200,NA9l677+ml,,com.sec.android.app.shealth,2025-04-26 11:59:59.999,e6616d14-6e0c-46c5-a127-f77a3afc50e4,
62950051,2025-04-26 12:00:00.000,,58fe38a7-98f6-4c63-9ff5-36d1e7dff472.binning_data.json,10011,62950051,2025-04-26 13:07:43.098,2025-04-26 12:36:01.011,22.0,0.0,11.0,,UTC+0200,NA9l677+ml,,com.sec.android.app.shealth,2025-04-26 12:59:59.999,58fe38a7-98f6-4c63-9ff5-36d1e7dff472,
62950051,2025-04-26 13:00:00.000,,99f1d2b7-b9a8-4948-9252-1d8249b10f1b.binning_data.json,10011,62950051,2025-04-26 14:02:42.174,2025-04-26 13:07:43.306,82.0,3.0,30.0,,UTC+0200,NA9l677+ml,,com.sec.android.app.shealth,2025-04-26 13:59:59.999,99f1d2b7-b9a8-4948-9252-1d8249b10f1b,
62950051,2025-04-26 14:00:00.000,,b6bb4532-12dc-494b-8b54-72263628e543.binning_data.json,10011,62950051,2025-04-26 15:04:29.980,2025-04-26 14:02:42.361,86.0,0.0,41.0,,UTC+0200,NA9l677+ml,,com.sec.android.app.shealth,2025-04-26 14:59:59.999,b6bb4532-12dc-494b-8b54-72263628e543,
62950051,2025-04-26 15:00:00.000,,a911c81e-0deb-48b5-b920-68804d5bf69b.binning_data.json,10011,62950051,2025-04-26 16:03:16.427,2025-04-26 15:04:30.072,94.0,0.0,23.0,,UTC+0200,NA9l677+ml,,com.sec.android.app.shealth,2025-04-26 15:59:59.999,a911c81e-0deb-48b5-b920-68804d5bf69b,
62950051,2025-04-26 16:00:00.000,,7996993c-bf79-4dc5-85b8-74ce963e2562.binning_data.json,10011,62950051,2025-04-26 17:03:08.809,2025-04-26 16:03:16.604,96.0,0.0,24.0,,UTC+0200,NA9l677+ml,,com.sec.android.app.shealth,2025-04-26 16:59:59.999,7996993c-bf79-4dc5-85b8-74ce963e2562,
62950051,2025-04-26 17:00:00.000,,bb2eee7c-2736-4060-af74-f727d2b3b0da.binning_data.json,10011,62950051,2025-04-26 18:03:06.586,2025-04-26 17:03:08.990,63.0,0.0,9.0,,UTC+0200,NA9l677+ml,,com.sec.android.app.shealth,2025-04-26 17:59:59.999,bb2eee7c-2736-4060-af74-f727d2b3b0da,
62950051,2025-04-26 18:00:00.000,,003bcd1f-4467-41a4-be10-2ecc607b171e.binning_data.json,10011,62950051,2025-04-26 19:04:30.817,2025-04-26 18:03:06.721,88.0,0.0,25.0,,UTC+0200,NA9l677+ml,,com.sec.android.app.shealth,2025-04-26 18:59:59.999,003bcd1f-4467-41a4-be10-2ecc607b171e,
62950051,2025-04-26 19:00:00.000,,a56666fe-3d01-4647-b7a6-49ecdc18cabf.binning_data.json,10011,62950051,2025-04-27 06:31:24.939,2025-04-26 19:04:57.956,54.0,16.0,31.0,,UTC+0200,NA9l677+ml,,com.sec.android.app.shealth,2025-04-26 19:59:59.999,a56666fe-3d01-4647-b7a6-49ecdc18cabf,
62950051,2025-04-27 06:00:00.000,,c20c3ee2-331d-445c-a61e-8f5cc29184f1.binning_data.json,10011,62950051,2025-04-27 07:04:10.194,2025-04-27 06:31:25.286,98.0,0.0,19.0,,UTC+0200,NA9l677+ml,,com.sec.android.app.shealth,2025-04-27 06:59:59.999,c20c3ee2-331d-445c-a61e-8f5cc29184f1,
62950051,2025-04-27 07:00:00.000,,cdd22145-f079-460c-9b83-eb656c2c3aaf.binning_data.json,10011,62950051,2025-04-27 08:01:17.456,2025-04-27 07:04:10.629,87.0,3.0,30.0,,UTC+0200,NA9l677+ml,,com.sec.android.app.shealth,2025-04-27 07:59:59.999,cdd22145-f079-460c-9b83-eb656c2c3aaf,
62950051,2025-04-27 08:00:00.000,,c4066a80-a2a9-4595-8b7a-abc4ab381aa8.binning_data.json,10011,62950051,2025-04-27 09:04:07.324,2025-04-27 08:01:17.559,99.0,4.0,25.0,,UTC+0200,NA9l677+ml,,com.sec.android.app.shealth,2025-04-27 08:59:59.999,c4066a80-a2a9-4595-8b7a-abc4ab381aa8,
62950051,2025-04-27 09:00:00.000,,f9c44aa9-a819-4abb-bad1-dbaae7defcf9.binning_data.json,10011,62950051,2025-04-27 10:08:29.268,2025-04-27 09:04:07.414,78.0,0.0,14.0,,UTC+0200,NA9l677+ml,,com.sec.android.app.shealth,2025-04-27 09:59:59.999,f9c44aa9-a819-4abb-bad1-dbaae7defcf9,
62950051,2025-04-27 10:00:00.000,,dd7d0264-9220-4d7b-a447-6a582208a701.binning_data.json,10011,62950051,2025-04-27 11:07:23.821,2025-04-27 10:11:52.307,98.0,1.0,31.0,,UTC+0200,NA9l677+ml,,com.sec.android.app.shealth,2025-04-27 10:59:59.999,dd7d0264-9220-4d7b-a447-6a582208a701,
62950051,2025-04-27 11:00:00.000,,71897d12-525c-4d4d-9ce5-b9ca6760da5c.binning_data.json,10011,62950051,2025-04-27 12:04:00.982,2025-04-27 11:07:23.953,99.0,12.0,44.0,,UTC+0200,NA9l677+ml,,com.sec.android.app.shealth,2025-04-27 11:59:59.999,71897d12-525c-4d4d-9ce5-b9ca6760da5c,
62950051,2025-04-27 12:00:00.000,,da55fe9d-7141-4421-a42a-cd5ea12157ed.binning_data.json,10011,62950051,2025-04-27 13:06:42.505,2025-04-27 12:04:01.052,99.0,16.0,44.0,,UTC+0200,NA9l677+ml,,com.sec.android.app.shealth,2025-04-27 12:59:59.999,da55fe9d-7141-4421-a42a-cd5ea12157ed,
62950051,2025-04-27 13:00:00.000,,34cfb2d9-9f00-47b2-b542-7a3a1ec4d854.binning_data.json,10011,62950051,2025-04-27 14:08:08.675,2025-04-27 13:06:42.585,96.0,1.0,19.0,,UTC+0200,NA9l677+ml,,com.sec.android.app.shealth,2025-04-27 13:59:59.999,34cfb2d9-9f00-47b2-b542-7a3a1ec4d854,
62950051,2025-04-27 14:00:00.000,,91251955-874d-4de6-9f23-4dceccf6e237.binning_data.json,10011,62950051,2025-04-27 15:03:32.814,2025-04-27 14:08:08.838,93.0,0.0,19.0,,UTC+0200,NA9l677+ml,,com.sec.android.app.shealth,2025-04-27 14:59:59.999,91251955-874d-4de6-9f23-4dceccf6e237,
62950051,2025-04-27 15:00:00.000,,85ff1c5b-4f77-4d98-8a95-f707fdccdabe.binning_data.json,10011,62950051,2025-04-27 16:07:57.235,2025-04-27 15:03:32.878,45.0,0.0,3.0,,UTC+0200,NA9l677+ml,,com.sec.android.app.shealth,2025-04-27 15:59:59.999,85ff1c5b-4f77-4d98-8a95-f707fdccdabe,
62950051,2025-04-27 16:00:00.000,,46085418-e561-4ccf-b17e-792fa12efaeb.binning_data.json,10011,62950051,2025-04-28 10:04:15.945,2025-04-27 16:07:57.324,88.0,0.0,16.0,,UTC+0200,NA9l677+ml,,com.sec.android.app.shealth,2025-04-27 16:59:59.999,46085418-e561-4ccf-b17e-792fa12efaeb,
62950051,2025-04-28 10:00:00.000,,1c1b52d1-c1e6-4485-88e1-558b523dbf0a.binning_data.json,10011,62950051,2025-04-28 11:03:39.086,2025-04-28 10:04:16.046,96.0,0.0,6.0,,UTC+0200,NA9l677+ml,,com.sec.android.app.shealth,2025-04-28 10:59:59.999,1c1b52d1-c1e6-4485-88e1-558b523dbf0a,
62950051,2025-04-28 11:00:00.000,,22ceac02-2e94-4d6d-91b6-bc6b20108938.binning_data.json,10011,62950051,2025-04-28 13:23:13.647,2025-04-28 11:07:39.512,94.0,5.0,23.0,,UTC+0200,NA9l677+ml,,com.sec.android.app.shealth,2025-04-28 11:59:59.999,22ceac02-2e94-4d6d-91b6-bc6b20108938,
62950051,2025-04-28 13:00:00.000,,9f4f9bba-7427-4399-a01f-7d1eeb659ba0.binning_data.json,10011,62950051,2025-04-28 14:03:14.733,2025-04-28 13:23:13.712,100.0,0.0,60.0,,UTC+0200,NA9l677+ml,,com.sec.android.app.shealth,2025-04-28 13:59:59.999,9f4f9bba-7427-4399-a01f-7d1eeb659ba0,
62950051,2025-04-28 14:00:00.000,,22dc36df-f269-4900-919c-363db6b8fb33.binning_data.json,10011,62950051,2025-04-28 15:07:48.780,2025-04-28 14:03:14.817,79.0,0.0,18.0,,UTC+0200,NA9l677+ml,,com.sec.android.app.shealth,2025-04-28 14:59:59.999,22dc36df-f269-4900-919c-363db6b8fb33,
62950051,2025-04-28 15:00:00.000,,ae801d54-c8d0-457e-8957-5d229ee90188.binning_data.json,10011,62950051,2025-04-28 16:09:00.406,2025-04-28 15:11:06.328,87.0,1.0,25.0,,UTC+0200,NA9l677+ml,,com.sec.android.app.shealth,2025-04-28 15:59:59.999,ae801d54-c8d0-457e-8957-5d229ee90188,
62950051,2025-04-28 16:00:00.000,,3ed94ed7-8220-4576-9924-b362cedbd263.binning_data.json,10011,62950051,2025-04-28 17:09:12.897,2025-04-28 16:09:25.723,72.0,1.0,14.0,,UTC+0200,NA9l677+ml,,com.sec.android.app.shealth,2025-04-28 16:59:59.999,3ed94ed7-8220-4576-9924-b362cedbd263,
62950051,2025-04-28 17:00:00.000,,0f55fbf3-a8df-4f80-8766-b76f6f52faf5.binning_data.json,10011,62950051,2025-04-28 18:07:16.731,2025-04-28 17:09:12.961,42.0,0.0,5.0,,UTC+0200,NA9l677+ml,,com.sec.android.app.shealth,2025-04-28 17:59:59.999,0f55fbf3-a8df-4f80-8766-b76f6f52faf5,
62950051,2025-04-28 18:00:00.000,,94483f99-7c50-4378-9242-71ec679c3905.binning_data.json,10011,62950051,2025-04-29 12:05:10.694,2025-04-28 18:07:20.363,93.0,1.0,35.0,,UTC+0200,NA9l677+ml,,com.sec.android.app.shealth,2025-04-28 18:59:59.999,94483f99-7c50-4378-9242-71ec679c3905,
62950051,2025-04-29 12:00:00.000,,48518f99-e533-45ac-9601-e8662b25acb0.binning_data.json,10011,62950051,2025-04-29 13:01:15.701,2025-04-29 12:05:10.779,99.0,8.0,42.0,,UTC+0200,NA9l677+ml,,com.sec.android.app.shealth,2025-04-29 12:59:59.999,48518f99-e533-45ac-9601-e8662b25acb0,
62950051,2025-04-29 13:00:00.000,,6464a5bc-8681-4b3e-a81e-20cef7b42923.binning_data.json,10011,62950051,2025-04-29 14:23:15.286,2025-04-29 13:01:15.766,95.0,14.0,50.0,,UTC+0200,NA9l677+ml,,com.sec.android.app.shealth,2025-04-29 13:59:59.999,6464a5bc-8681-4b3e-a81e-20cef7b42923,
62950051,2025-04-29 14:00:00.000,,f140ca3a-5632-4b0d-bed4-6f33442f870b.binning_data.json,10011,62950051,2025-04-29 15:06:07.838,2025-04-29 14:23:15.362,67.0,1.0,29.0,,UTC+0200,NA9l677+ml,,com.sec.android.app.shealth,2025-04-29 14:59:59.999,f140ca3a-5632-4b0d-bed4-6f33442f870b,
62950051,2025-04-29 15:00:00.000,,277fa44b-981c-424e-a1fd-dc102dffa09f.binning_data.json,10011,62950051,2025-04-30 06:47:38.760,2025-04-29 15:06:46.614,94.0,0.0,15.0,,UTC+0200,NA9l677+ml,,com.sec.android.app.shealth,2025-04-29 15:59:59.999,277fa44b-981c-424e-a1fd-dc102dffa09f,
62950051,2025-04-30 06:00:00.000,,faf79b25-415c-4e94-9d1f-c24652d867d8.binning_data.json,10011,62950051,2025-04-30 07:03:48.357,2025-04-30 06:49:40.133,14.0,0.0,1.0,,UTC+0200,NA9l677+ml,,com.sec.android.app.shealth,2025-04-30 06:59:59.999,faf79b25-415c-4e94-9d1f-c24652d867d8,
62950051,2025-04-30 07:00:00.000,,8062dfff-ba75-48fb-ac9c-61d84f1b940d.binning_data.json,10011,62950051,2025-04-30 08:02:46.184,2025-04-30 07:05:29.734,94.0,0.0,19.0,,UTC+0200,NA9l677+ml,,com.sec.android.app.shealth,2025-04-30 07:59:59.999,8062dfff-ba75-48fb-ac9c-61d84f1b940d,
62950051,2025-04-30 08:00:00.000,,deddf747-81ea-4396-b1d4-307e9aa2e953.binning_data.json,10011,62950051,2025-04-30 09:06:46.263,2025-04-30 08:02:46.236,55.0,0.0,6.0,,UTC+0200,NA9l677+ml,,com.sec.android.app.shealth,2025-04-30 08:59:59.999,deddf747-81ea-4396-b1d4-307e9aa2e953,
62950051,2025-04-30 09:00:00.000,,a6fa6a25-7f18-47a1-9387-8743fbfc0dd7.binning_data.json,10011,62950051,2025-04-30 10:03:51.223,2025-04-30 09:07:15.282,73.0,0.0,6.0,,UTC+0200,NA9l677+ml,,com.sec.android.app.shealth,2025-04-30 09:59:59.999,a6fa6a25-7f18-47a1-9387-8743fbfc0dd7,
62950051,2025-04-30 10:00:00.000,,870a5780-f11f-4140-aff6-6756d9a3f816.binning_data.json,10011,62950051,2025-04-30 11:07:30.784,2025-04-30 10:03:51.280,93.0,0.0,19.0,,UTC+0200,NA9l677+ml,,com.sec.android.app.shealth,2025-04-30 10:59:59.999,870a5780-f11f-4140-aff6-6756d9a3f816,
62950051,2025-04-30 11:00:00.000,,cb525dd2-f264-4f8a-96a3-5b7e36686afb.binning_data.json,10011,62950051,2025-04-30 12:15:02.138,2025-04-30 11:07:30.876,100.0,2.0,43.0,,UTC+0200,NA9l677+ml,,com.sec.android.app.shealth,2025-04-30 11:59:59.999,cb525dd2-f264-4f8a-96a3-5b7e36686afb,
62950051,2025-04-30 12:00:00.000,,41d715f3-43ba-4376-92b0-f55cdbb1d0b0.binning_data.json,10011,62950051,2025-04-30 13:01:33.875,2025-04-30 12:15:02.202,88.0,8.0,41.0,,UTC+0200,NA9l677+ml,,com.sec.android.app.shealth,2025-04-30 12:59:59.999,41d715f3-43ba-4376-92b0-f55cdbb1d0b0,
62950051,2025-04-30 13:00:00.000,,0b5585bf-3b01-4329-b67a-e3380cc984cc.binning_data.json,10011,62950051,2025-04-30 15:19:04.102,2025-04-30 13:01:33.959,97.0,0.0,31.0,,UTC+0200,NA9l677+ml,,com.sec.android.app.shealth,2025-04-30 13:59:59.999,0b5585bf-3b01-4329-b67a-e3380cc984cc,
62950051,2025-04-30 15:00:00.000,,6a5c97f7-7311-4c4d-9fb2-c84aea9e2129.binning_data.json,10011,62950051,2025-04-30 16:01:37.773,2025-04-30 15:19:04.251,100.0,0.0,13.0,,UTC+0200,NA9l677+ml,,com.sec.android.app.shealth,2025-04-30 15:59:59.999,6a5c97f7-7311-4c4d-9fb2-c84aea9e2129,
62950051,2025-04-30 16:00:00.000,,a6693d6b-d6ea-4e5b-9689-f7edaeecc01a.binning_data.json,10011,62950051,2025-04-30 17:01:19.309,2025-04-30 16:01:37.871,46.0,0.0,1.0,,UTC+0200,NA9l677+ml,,com.sec.android.app.shealth,2025-04-30 16:59:59.999,a6693d6b-d6ea-4e5b-9689-f7edaeecc01a,
62950051,2025-04-30 17:00:00.000,,b05e44f6-3af7-4003-ba26-323a4f8d2f76.binning_data.json,10011,62950051,2025-05-01 09:09:20.387,2025-04-30 17:01:19.377,54.0,0.0,5.0,,UTC+0200,NA9l677+ml,,com.sec.android.app.shealth,2025-04-30 17:59:59.999,b05e44f6-3af7-4003-ba26-323a4f8d2f76,
62950051,2025-05-01 09:00:00.000,,aa4f14f5-d3bd-4724-b918-bae9428869ba.binning_data.json,10011,62950051,2025-05-01 10:02:30.869,2025-05-01 09:09:24.320,100.0,0.0,5.0,,UTC+0200,NA9l677+ml,,com.sec.android.app.shealth,2025-05-01 09:59:59.999,aa4f14f5-d3bd-4724-b918-bae9428869ba,
62950051,2025-05-01 10:00:00.000,,ec74dcad-acb5-41b5-afa0-63de8bdbe4bc.binning_data.json,10011,62950051,2025-05-01 11:01:34.985,2025-05-01 10:02:30.953,91.0,10.0,49.0,,UTC+0200,NA9l677+ml,,com.sec.android.app.shealth,2025-05-01 10:59:59.999,ec74dcad-acb5-41b5-afa0-63de8bdbe4bc,
62950051,2025-05-01 11:00:00.000,,9c4b4ccf-5278-46f8-a531-64b10f0936ef.binning_data.json,10011,62950051,2025-05-01 12:04:27.961,2025-05-01 11:01:35.076,99.0,0.0,81.0,,UTC+0200,NA9l677+ml,,com.sec.android.app.shealth,2025-05-01 11:59:59.999,9c4b4ccf-5278-46f8-a531-64b10f0936ef,
62950051,2025-05-01 12:00:00.000,,4dcfda21-4935-489a-bea3-589f13d33eee.binning_data.json,10011,62950051,2025-05-01 13:04:26.232,2025-05-01 12:04:28.036,59.0,1.0,20.0,,UTC+0200,NA9l677+ml,,com.sec.android.app.shealth,2025-05-01 12:59:59.999,4dcfda21-4935-489a-bea3-589f13d33eee,
62950051,2025-05-01 13:00:00.000,,63385bc3-26c9-4cc9-b815-7b62f010685d.binning_data.json,10011,62950051,2025-05-02 06:36:48.063,2025-05-01 13:04:26.314,99.0,12.0,69.0,,UTC+0200,NA9l677+ml,,com.sec.android.app.shealth,2025-05-01 13:59:59.999,63385bc3-26c9-4cc9-b815-7b62f010685d,
62950051,2025-05-02 06:00:00.000,,5378e343-7d9a-448e-ad07-edc1508ba195.binning_data.json,10011,62950051,2025-05-02 07:06:21.213,2025-05-02 06:36:48.174,95.0,3.0,21.0,,UTC+0200,NA9l677+ml,,com.sec.android.app.shealth,2025-05-02 06:59:59.999,5378e343-7d9a-448e-ad07-edc1508ba195,
62950051,2025-05-02 07:00:00.000,,070d069d-5ee5-4070-b948-74a97678cd4a.binning_data.json,10011,62950051,2025-05-02 08:04:37.475,2025-05-02 07:06:21.363,64.0,1.0,18.0,,UTC+0200,NA9l677+ml,,com.sec.android.app.shealth,2025-05-02 07:59:59.999,070d069d-5ee5-4070-b948-74a97678cd4a,
62950051,2025-05-02 08:00:00.000,,b104d49b-c2b3-48af-adb7-fe4b8a7b06d0.binning_data.json,10011,62950051,2025-05-02 09:06:54.640,2025-05-02 08:04:37.747,82.0,0.0,8.0,,UTC+0200,NA9l677+ml,,com.sec.android.app.shealth,2025-05-02 08:59:59.999,b104d49b-c2b3-48af-adb7-fe4b8a7b06d0,
62950051,2025-05-02 09:00:00.000,,7d850d8e-7aef-40e1-b1c3-d17d32893502.binning_data.json,10011,62950051,2025-05-02 10:02:31.784,2025-05-02 09:11:22.253,6.0,0.0,1.0,,UTC+0200,NA9l677+ml,,com.sec.android.app.shealth,2025-05-02 09:59:59.999,7d850d8e-7aef-40e1-b1c3-d17d32893502,
62950051,2025-05-02 10:00:00.000,,7698545f-e6bd-4c6a-b245-ee6222e90cd8.binning_data.json,10011,62950051,2025-05-02 11:01:27.438,2025-05-02 10:02:31.848,12.0,0.0,2.0,,UTC+0200,NA9l677+ml,,com.sec.android.app.shealth,2025-05-02 10:59:59.999,7698545f-e6bd-4c6a-b245-ee6222e90cd8,
62950051,2025-05-02 11:00:00.000,,528deb38-bcaf-4046-81bd-0d3459bdf39b.binning_data.json,10011,62950051,2025-05-02 12:10:23.614,2025-05-02 11:01:27.496,89.0,0.0,21.0,,UTC+0200,NA9l677+ml,,com.sec.android.app.shealth,2025-05-02 11:59:59.999,528deb38-bcaf-4046-81bd-0d3459bdf39b,
62950051,2025-05-02 12:00:00.000,,83070017-7116-4537-8957-d0a369b53147.binning_data.json,10011,62950051,2025-05-02 13:01:09.017,2025-05-02 12:10:23.800,100.0,6.0,79.0,,UTC+0200,NA9l677+ml,,com.sec.android.app.shealth,2025-05-02 12:59:59.999,83070017-7116-4537-8957-d0a369b53147,
62950051,2025-05-02 13:00:00.000,,3171a9eb-0672-4168-9314-489d3390d91d.binning_data.json,10011,62950051,2025-05-02 14:02:57.678,2025-05-02 13:01:09.106,97.0,15.0,55.0,,UTC+0200,NA9l677+ml,,com.sec.android.app.shealth,2025-05-02 13:59:59.999,3171a9eb-0672-4168-9314-489d3390d91d,
62950051,2025-05-02 14:00:00.000,,f9692e2d-87bb-4481-8d61-f6021465cc1c.binning_data.json,10011,62950051,2025-05-02 15:05:36.611,2025-05-02 14:02:57.807,99.0,2.0,65.0,,UTC+0200,NA9l677+ml,,com.sec.android.app.shealth,2025-05-02 14:59:59.999,f9692e2d-87bb-4481-8d61-f6021465cc1c,
62950051,2025-05-02 15:00:00.000,,5b87ff0d-0992-445c-a5f3-c4b21c361993.binning_data.json,10011,62950051,2025-05-02 16:03:47.072,2025-05-02 15:05:36.746,93.0,0.0,28.0,,UTC+0200,NA9l677+ml,,com.sec.android.app.shealth,2025-05-02 15:59:59.999,5b87ff0d-0992-445c-a5f3-c4b21c361993,
62950051,2025-05-02 16:00:00.000,,9d9972a5-0ca9-424c-9701-040d0e2685be.binning_data.json,10011,62950051,2025-05-02 17:10:03.101,2025-05-02 16:08:46.142,76.0,0.0,19.0,,UTC+0200,NA9l677+ml,,com.sec.android.app.shealth,2025-05-02 16:59:59.999,9d9972a5-0ca9-424c-9701-040d0e2685be,
62950051,2025-05-02 17:00:00.000,,d6a718c0-284c-4a61-84cd-f6f7d9f6a781.binning_data.json,10011,62950051,2025-05-02 18:05:32.321,2025-05-02 17:10:03.198,60.0,0.0,11.0,,UTC+0200,NA9l677+ml,,com.sec.android.app.shealth,2025-05-02 17:59:59.999,d6a718c0-284c-4a61-84cd-f6f7d9f6a781,
62950051,2025-05-02 18:00:00.000,,479abeb7-0a0c-4faa-be16-cad1fa5d029f.binning_data.json,10011,62950051,2025-05-02 19:12:55.593,2025-05-02 18:05:32.459,64.0,0.0,3.0,,UTC+0200,NA9l677+ml,,com.sec.android.app.shealth,2025-05-02 18:59:59.999,479abeb7-0a0c-4faa-be16-cad1fa5d029f,
62950051,2025-05-02 19:00:00.000,,52516637-5dca-41e8-8321-9848de32c4ce.binning_data.json,10011,62950051,2025-05-02 20:03:46.569,2025-05-02 19:15:00.149,2.0,0.0,0.0,,UTC+0200,NA9l677+ml,,com.sec.android.app.shealth,2025-05-02 19:59:59.999,52516637-5dca-41e8-8321-9848de32c4ce,
62950051,2025-05-02 20:00:00.000,,89d465be-a802-42f4-8ab7-ceec3b6006db.binning_data.json,10011,62950051,2025-05-02 21:08:05.981,2025-05-02 20:03:46.687,21.0,0.0,0.0,,UTC+0200,NA9l677+ml,,com.sec.android.app.shealth,2025-05-02 20:59:59.999,89d465be-a802-42f4-8ab7-ceec3b6006db,
62950051,2025-05-02 21:00:00.000,,edf6e7d7-a6fa-41d3-9c2d-890d91446015.binning_data.json,10011,62950051,2025-05-02 22:09:10.768,2025-05-02 21:08:06.063,55.0,0.0,3.0,,UTC+0200,NA9l677+ml,,com.sec.android.app.shealth,2025-05-02 21:59:59.999,edf6e7d7-a6fa-41d3-9c2d-890d91446015,
62950051,2025-05-02 22:00:00.000,,3fe093bd-c619-43c3-a51b-d782b7b5e448.binning_data.json,10011,62950051,2025-05-03 04:25:04.545,2025-05-02 22:13:22.244,42.0,0.0,4.0,,UTC+0200,NA9l677+ml,,com.sec.android.app.shealth,2025-05-02 22:59:59.999,3fe093bd-c619-43c3-a51b-d782b7b5e448,
62950051,2025-05-03 04:00:00.000,,424e765a-b75a-41d3-be9e-fde8f9e51e05.binning_data.json,10011,62950051,2025-05-03 05:01:40.050,2025-05-03 04:25:05.119,63.0,0.0,9.0,,UTC+0200,NA9l677+ml,,com.sec.android.app.shealth,2025-05-03 04:59:59.999,424e765a-b75a-41d3-be9e-fde8f9e51e05,
62950051,2025-05-03 05:00:00.000,,eab4890c-d44c-48af-86b6-f620c70e5780.binning_data.json,10011,62950051,2025-05-03 06:08:26.830,2025-05-03 05:01:40.145,93.0,0.0,24.0,,UTC+0200,NA9l677+ml,,com.sec.android.app.shealth,2025-05-03 05:59:59.999,eab4890c-d44c-48af-86b6-f620c70e5780,
62950051,2025-05-03 06:00:00.000,,a376e2ae-15fd-4cde-90f4-144a4cbdd23b.binning_data.json,10011,62950051,2025-05-03 07:10:52.426,2025-05-03 06:10:02.631,81.0,0.0,6.0,,UTC+0200,NA9l677+ml,,com.sec.android.app.shealth,2025-05-03 06:59:59.999,a376e2ae-15fd-4cde-90f4-144a4cbdd23b,
62950051,2025-05-03 07:00:00.000,,b33c7fea-cf5a-49df-a77f-9dae4364fd02.binning_data.json,10011,62950051,2025-05-03 08:03:47.156,2025-05-03 07:13:00.891,60.0,0.0,6.0,,UTC+0200,NA9l677+ml,,com.sec.android.app.shealth,2025-05-03 07:59:59.999,b33c7fea-cf5a-49df-a77f-9dae4364fd02,
62950051,2025-05-03 08:00:00.000,,08dd2257-95fe-413f-9eb9-0a9104c3d53d.binning_data.json,10011,62950051,2025-05-03 09:07:44.272,2025-05-03 08:05:15.272,22.0,0.0,3.0,,UTC+0200,NA9l677+ml,,com.sec.android.app.shealth,2025-05-03 08:59:59.999,08dd2257-95fe-413f-9eb9-0a9104c3d53d,
62950051,2025-05-03 09:00:00.000,,6ce424c6-2be3-4276-8093-86e52404751c.binning_data.json,10011,62950051,2025-05-03 10:01:42.971,2025-05-03 09:09:58.383,83.0,0.0,5.0,,UTC+0200,NA9l677+ml,,com.sec.android.app.shealth,2025-05-03 09:59:59.999,6ce424c6-2be3-4276-8093-86e52404751c,
62950051,2025-05-03 10:00:00.000,,e2464316-add6-413a-baab-6828b5aa3833.binning_data.json,10011,62950051,2025-05-03 11:03:25.279,2025-05-03 10:01:43.051,56.0,0.0,7.0,,UTC+0200,NA9l677+ml,,com.sec.android.app.shealth,2025-05-03 10:59:59.999,e2464316-add6-413a-baab-6828b5aa3833,
62950051,2025-05-03 11:00:00.000,,afa1cf7c-7b79-48cb-beeb-afbee7a9646e.binning_data.json,10011,62950051,2025-05-03 12:01:27.492,2025-05-03 11:03:25.365,98.0,0.0,34.0,,UTC+0200,NA9l677+ml,,com.sec.android.app.shealth,2025-05-03 11:59:59.999,afa1cf7c-7b79-48cb-beeb-afbee7a9646e,
62950051,2025-05-03 12:00:00.000,,fc21d1ef-eba9-4702-8afd-32579f62952a.binning_data.json,10011,62950051,2025-05-03 13:00:32.374,2025-05-03 12:01:27.571,97.0,7.0,55.0,,UTC+0200,NA9l677+ml,,com.sec.android.app.shealth,2025-05-03 12:59:59.999,fc21d1ef-eba9-4702-8afd-32579f62952a,
62950051,2025-05-03 13:00:00.000,,e507e9e3-6312-4107-81a7-e8efb1441e6f.binning_data.json,10011,62950051,2025-05-04 07:13:14.114,2025-05-03 13:00:32.424,100.0,0.0,55.0,,UTC+0200,NA9l677+ml,,com.sec.android.app.shealth,2025-05-03 13:59:59.999,e507e9e3-6312-4107-81a7-e8efb1441e6f,
62950051,2025-05-04 07:00:00.000,,bb45f459-633c-49a6-abb7-2581da031c14.binning_data.json,10011,62950051,2025-05-05 06:27:38.367,2025-05-04 07:13:14.169,0.0,0.0,0.0,,UTC+0200,NA9l677+ml,,com.sec.android.app.shealth,2025-05-04 07:59:59.999,bb45f459-633c-49a6-abb7-2581da031c14,
62950051,2025-05-05 06:00:00.000,,e46ca06c-ded6-4b4d-9ead-3e72cd6308f8.binning_data.json,10011,62950051,2025-05-05 07:01:17.123,2025-05-05 06:27:38.489,98.0,4.0,39.0,,UTC+0200,NA9l677+ml,,com.sec.android.app.shealth,2025-05-05 06:59:59.999,e46ca06c-ded6-4b4d-9ead-3e72cd6308f8,
62950051,2025-05-05 07:00:00.000,,46a42623-e775-4de4-b016-e046041eb5ea.binning_data.json,10011,62950051,2025-05-05 08:01:38.238,2025-05-05 07:01:17.243,45.0,0.0,4.0,,UTC+0200,NA9l677+ml,,com.sec.android.app.shealth,2025-05-05 07:59:59.999,46a42623-e775-4de4-b016-e046041eb5ea,
62950051,2025-05-05 08:00:00.000,,26681c0a-d440-4132-b5e6-d7461f050bd8.binning_data.json,10011,62950051,2025-05-05 09:03:30.146,2025-05-05 08:01:38.349,11.0,0.0,0.0,,UTC+0200,NA9l677+ml,,com.sec.android.app.shealth,2025-05-05 08:59:59.999,26681c0a-d440-4132-b5e6-d7461f050bd8,
62950051,2025-05-05 09:00:00.000,,e57beed4-3058-4e5c-9339-5b8a0c7f4661.binning_data.json,10011,62950051,2025-05-05 10:01:34.387,2025-05-05 09:03:30.234,67.0,0.0,3.0,,UTC+0200,NA9l677+ml,,com.sec.android.app.shealth,2025-05-05 09:59:59.999,e57beed4-3058-4e5c-9339-5b8a0c7f4661,
62950051,2025-05-05 10:00:00.000,,efbff1ac-a6bb-4909-9811-b32bf7044079.binning_data.json,10011,62950051,2025-05-05 11:01:47.081,2025-05-05 10:01:34.447,32.0,0.0,3.0,,UTC+0200,NA9l677+ml,,com.sec.android.app.shealth,2025-05-05 10:59:59.999,efbff1ac-a6bb-4909-9811-b32bf7044079,
62950051,2025-05-05 11:00:00.000,,d4b71ee8-cfe2-4c1b-a563-5f3b0dbe9096.binning_data.json,10011,62950051,2025-05-05 12:01:19.907,2025-05-05 11:01:47.135,99.0,0.0,7.0,,UTC+0200,NA9l677+ml,,com.sec.android.app.shealth,2025-05-05 11:59:59.999,d4b71ee8-cfe2-4c1b-a563-5f3b0dbe9096,
62950051,2025-05-05 12:00:00.000,,ede21388-2fbb-4737-a46c-2b7259bf0249.binning_data.json,10011,62950051,2025-05-05 13:01:11.863,2025-05-05 12:01:20.016,99.0,0.0,18.0,,UTC+0200,NA9l677+ml,,com.sec.android.app.shealth,2025-05-05 12:59:59.999,ede21388-2fbb-4737-a46c-2b7259bf0249,
62950051,2025-05-05 13:00:00.000,,061c8ebd-9037-46ac-8e4c-0a797aee7352.binning_data.json,10011,62950051,2025-05-05 14:01:00.854,2025-05-05 13:01:11.962,94.0,6.0,46.0,,UTC+0200,NA9l677+ml,,com.sec.android.app.shealth,2025-05-05 13:59:59.999,061c8ebd-9037-46ac-8e4c-0a797aee7352,
62950051,2025-05-05 14:00:00.000,,7331558b-3e2c-4cc1-aef7-504903e04674.binning_data.json,10011,62950051,2025-05-05 15:08:01.590,2025-05-05 14:01:00.896,81.0,0.0,24.0,,UTC+0200,NA9l677+ml,,com.sec.android.app.shealth,2025-05-05 14:59:59.999,7331558b-3e2c-4cc1-aef7-504903e04674,
62950051,2025-05-05 15:00:00.000,,2d60ab08-60f5-4d7a-842f-4e887c09c913.binning_data.json,10011,62950051,2025-05-05 16:03:03.125,2025-05-05 15:08:01.701,12.0,0.0,0.0,,UTC+0200,NA9l677+ml,,com.sec.android.app.shealth,2025-05-05 15:59:59.999,2d60ab08-60f5-4d7a-842f-4e887c09c913,
62950051,2025-05-05 16:00:00.000,,ba9e58cb-2307-412d-802d-2707d1efb300.binning_data.json,10011,62950051,2025-05-05 17:05:02.313,2025-05-05 16:03:03.281,97.0,0.0,11.0,,UTC+0200,NA9l677+ml,,com.sec.android.app.shealth,2025-05-05 16:59:59.999,ba9e58cb-2307-412d-802d-2707d1efb300,
62950051,2025-05-05 17:00:00.000,,67a47757-fdfc-48c4-b8f3-7a7fb054b445.binning_data.json,10011,62950051,2025-05-05 18:02:51.698,2025-05-05 17:05:02.438,88.0,0.0,10.0,,UTC+0200,NA9l677+ml,,com.sec.android.app.shealth,2025-05-05 17:59:59.999,67a47757-fdfc-48c4-b8f3-7a7fb054b445,
62950051,2025-05-05 18:00:00.000,,cdc750ad-10c3-4fe3-b3fd-0635e561e18f.binning_data.json,10011,62950051,2025-05-05 19:08:11.627,2025-05-05 18:02:51.813,97.0,8.0,42.0,,UTC+0200,NA9l677+ml,,com.sec.android.app.shealth,2025-05-05 18:59:59.999,cdc750ad-10c3-4fe3-b3fd-0635e561e18f,
62950051,2025-05-05 19:00:00.000,,9b9f2626-1d75-41e2-9466-5702af3feaa4.binning_data.json,10011,62950051,2025-05-05 20:07:38.293,2025-05-05 19:08:11.833,98.0,6.0,62.0,,UTC+0200,NA9l677+ml,,com.sec.android.app.shealth,2025-05-05 19:59:59.999,9b9f2626-1d75-41e2-9466-5702af3feaa4,
62950051,2025-05-05 20:00:00.000,,bf85330d-a44b-436d-8b41-437f744900b7.binning_data.json,10011,62950051,2025-05-05 21:06:08.233,2025-05-05 20:07:38.466,100.0,3.0,59.0,,UTC+0200,NA9l677+ml,,com.sec.android.app.shealth,2025-05-05 20:59:59.999,bf85330d-a44b-436d-8b41-437f744900b7,
62950051,2025-05-05 21:00:00.000,,049fe838-1982-423e-96c6-01665448dd68.binning_data.json,10011,62950051,2025-05-06 08:16:09.503,2025-05-05 21:06:08.313,70.0,3.0,35.0,,UTC+0200,NA9l677+ml,,com.sec.android.app.shealth,2025-05-05 21:59:59.999,049fe838-1982-423e-96c6-01665448dd68,
62950051,2025-05-06 08:00:00.000,,75366d25-d35f-40e0-a401-a4d0c8f6e8d1.binning_data.json,10011,62950051,2025-05-06 08:16:09.699,2025-05-06 08:16:09.699,0.0,0.0,0.0,,UTC+0200,NA9l677+ml,,com.sec.android.app.shealth,2025-05-06 08:16:09.679,75366d25-d35f-40e0-a401-a4d0c8f6e8d1,
