com.samsung.shealth.tracker.pedometer_day_summary,6295017,6
create_sh_ver,step_count,binning_data,active_time,recommendation,modify_sh_ver,run_step_count,update_time,source_package_name,create_time,source_info,speed,distance,calorie,walk_step_count,deviceuuid,pkg_name,healthy_step,achievement,datauuid,day_time
62670070,6022,f46ed733-728b-47c7-954e-e4fcb1981af3.binning_data.json,3944453,6000,62670070,2,2024-07-04 08:15:18.676,com.sec.android.app.shealth,2024-07-03 09:12:29.754,f46ed733-728b-47c7-954e-e4fcb1981af3.source_info.json,1.099335,4336.275,227.21791,6020,VfS0qUERdZ,com.sec.android.app.shealth,0,f46ed733-728b-47c7-954e-e4fcb1981af3.achievement.json,f46ed733-728b-47c7-954e-e4fcb1981af3,1719964800000,
62670070,6012,70687cf5-986d-44c6-8aa5-8a3bffb8dd2f.binning_data.json,3938751,6000,62670070,2,2024-07-04 22:47:43.544,com.sec.android.app.shealth,2024-07-03 09:12:37.750,,1.0986882,4327.4595,226.93996,6010,ooOmDJ1LSk,com.sec.android.app.shealth,0,70687cf5-986d-44c6-8aa5-8a3bffb8dd2f.achievement.json,70687cf5-986d-44c6-8aa5-8a3bffb8dd2f,1719964800000,
62670070,648,7e2c88a7-8ed7-4c19-b7ab-b87e8f6df282.binning_data.json,459209,6000,62670070,0,2024-07-03 22:00:01.763,com.sec.android.app.shealth,2024-07-03 22:00:01.763,,1.0160221,466.56702,23.641216,648,64Z1605Zgy,com.sec.android.app.shealth,0,7e2c88a7-8ed7-4c19-b7ab-b87e8f6df282.achievement.json,7e2c88a7-8ed7-4c19-b7ab-b87e8f6df282,1719964800000,
62670070,7028,1f977f5a-6468-4870-a0ab-09cf72f4c55f.binning_data.json,4566990,6000,62670070,44,2024-07-05 05:16:39.752,com.sec.android.app.shealth,2024-07-04 08:07:00.496,1f977f5a-6468-4870-a0ab-09cf72f4c55f.source_info.json,1.1116873,5077.066,281.4624,6984,VfS0qUERdZ,com.sec.android.app.shealth,0,1f977f5a-6468-4870-a0ab-09cf72f4c55f.achievement.json,1f977f5a-6468-4870-a0ab-09cf72f4c55f,1720051200000,
62670070,414,4194ed69-21e4-4d19-9427-f4b3ed0f12b9.binning_data.json,246237,6000,62670070,0,2024-07-04 22:47:41.886,com.sec.android.app.shealth,2024-07-04 22:47:41.886,,1.2566828,309.4421,14.792418,414,64Z1605Zgy,com.sec.android.app.shealth,0,4194ed69-21e4-4d19-9427-f4b3ed0f12b9.achievement.json,4194ed69-21e4-4d19-9427-f4b3ed0f12b9,1720051200000,
62670070,7022,c18834ff-c7a9-4ad7-995f-fdbdc6e9b69c.binning_data.json,4564061,6000,62670070,44,2024-07-05 22:00:03.691,com.sec.android.app.shealth,2024-07-04 22:47:43.529,,1.1112142,5071.6494,281.39996,6978,ooOmDJ1LSk,com.sec.android.app.shealth,0,c18834ff-c7a9-4ad7-995f-fdbdc6e9b69c.achievement.json,c18834ff-c7a9-4ad7-995f-fdbdc6e9b69c,1720051200000,
62670070,8419,47714afe-82b8-4010-ae67-6c71410eb3ae.binning_data.json,5209990,6000,62670070,6,2024-07-05 20:45:52.170,com.sec.android.app.shealth,2024-07-05 05:16:38.711,47714afe-82b8-4010-ae67-6c71410eb3ae.source_info.json,1.1819972,6158.1943,346.9199,8413,VfS0qUERdZ,com.sec.android.app.shealth,0,47714afe-82b8-4010-ae67-6c71410eb3ae.achievement.json,47714afe-82b8-4010-ae67-6c71410eb3ae,1720137600000,
62670070,104,dad003a7-6aee-4c61-95a6-2a0f0e2287db.binning_data.json,59923,6000,62670070,0,2024-07-05 22:00:02.134,com.sec.android.app.shealth,2024-07-05 22:00:02.134,,1.3033153,78.09859,4.072292,104,64Z1605Zgy,com.sec.android.app.shealth,0,dad003a7-6aee-4c61-95a6-2a0f0e2287db.achievement.json,dad003a7-6aee-4c61-95a6-2a0f0e2287db,1720137600000,
62670070,8400,842e1550-e6c7-469f-a26f-9c1df4211b44.binning_data.json,5202364,6000,62670070,6,2024-07-05 22:00:03.683,com.sec.android.app.shealth,2024-07-05 22:00:03.683,,1.1807538,6142.712,346.47052,8394,ooOmDJ1LSk,com.sec.android.app.shealth,0,842e1550-e6c7-469f-a26f-9c1df4211b44.achievement.json,842e1550-e6c7-469f-a26f-9c1df4211b44,1720137600000,
62670070,1832,3b230110-9194-435f-bf90-d4109543cf76.binning_data.json,1179311,6000,62670070,6,2024-07-06 21:07:25.689,com.sec.android.app.shealth,2024-07-05 22:17:39.930,3b230110-9194-435f-bf90-d4109543cf76.source_info.json,1.1271658,1329.2799,75.90999,1826,VfS0qUERdZ,com.sec.android.app.shealth,0,3b230110-9194-435f-bf90-d4109543cf76.achievement.json,3b230110-9194-435f-bf90-d4109543cf76,1720224000000,
62670070,1832,4743d6c8-2fbb-4bb5-8b83-c29eb90098a2.binning_data.json,1179311,6000,62670070,6,2024-07-06 22:00:15.856,com.sec.android.app.shealth,2024-07-06 22:00:15.856,,1.1271658,1329.2799,75.90999,1826,ooOmDJ1LSk,com.sec.android.app.shealth,0,4743d6c8-2fbb-4bb5-8b83-c29eb90098a2.achievement.json,4743d6c8-2fbb-4bb5-8b83-c29eb90098a2,1720224000000,
62670070,6704,6cf173ed-1478-44d1-b934-a9fa72b8b495.binning_data.json,4271898,6000,62670070,11,2024-07-07 20:48:43.130,com.sec.android.app.shealth,2024-07-07 12:32:01.330,6cf173ed-1478-44d1-b934-a9fa72b8b495.source_info.json,1.1375452,4859.477,277.49997,6693,VfS0qUERdZ,com.sec.android.app.shealth,0,6cf173ed-1478-44d1-b934-a9fa72b8b495.achievement.json,6cf173ed-1478-44d1-b934-a9fa72b8b495,1720310400000,
62670070,6704,3828f519-94e8-4eb9-82ec-f0ae3ab5a003.binning_data.json,4271898,6000,62670070,11,2024-07-07 22:00:03.670,com.sec.android.app.shealth,2024-07-07 22:00:03.670,,1.1375452,4859.477,277.49997,6693,ooOmDJ1LSk,com.sec.android.app.shealth,0,3828f519-94e8-4eb9-82ec-f0ae3ab5a003.achievement.json,3828f519-94e8-4eb9-82ec-f0ae3ab5a003,1720310400000,
62670070,6663,94c8cd56-91c1-48d8-ad0f-9f2033a30437.binning_data.json,4203251,6000,62670070,25,2024-07-08 22:20:47.604,com.sec.android.app.shealth,2024-07-08 08:15:51.578,94c8cd56-91c1-48d8-ad0f-9f2033a30437.source_info.json,1.1528865,4845.8716,274.72644,6638,VfS0qUERdZ,com.sec.android.app.shealth,0,94c8cd56-91c1-48d8-ad0f-9f2033a30437.achievement.json,94c8cd56-91c1-48d8-ad0f-9f2033a30437,1720396800000,
62670070,91,d1be0e0b-7fe6-47b7-b448-4941db198d5b.binning_data.json,57561,6000,62670070,0,2024-07-08 22:00:03.378,com.sec.android.app.shealth,2024-07-08 22:00:03.378,,1.1797177,67.90671,3.5792913,91,64Z1605Zgy,com.sec.android.app.shealth,0,d1be0e0b-7fe6-47b7-b448-4941db198d5b.achievement.json,d1be0e0b-7fe6-47b7-b448-4941db198d5b,1720396800000,
62670070,6641,b4a892a4-b342-49a6-b053-f50c66065439.binning_data.json,4190174,6000,62670070,25,2024-07-09 22:00:04.700,com.sec.android.app.shealth,2024-07-08 22:00:13.706,,1.1524028,4828.768,273.85995,6616,ooOmDJ1LSk,com.sec.android.app.shealth,0,b4a892a4-b342-49a6-b053-f50c66065439.achievement.json,b4a892a4-b342-49a6-b053-f50c66065439,1720396800000,
62670070,9526,b034654c-4a1b-4acd-ba2c-af3f4ade0cfc.binning_data.json,5308931,6000,62670070,1,2024-07-09 17:50:31.935,com.sec.android.app.shealth,2024-07-09 03:02:18.673,b034654c-4a1b-4acd-ba2c-af3f4ade0cfc.source_info.json,1.355771,7197.6953,383.11618,9525,VfS0qUERdZ,com.sec.android.app.shealth,0,b034654c-4a1b-4acd-ba2c-af3f4ade0cfc.achievement.json,b034654c-4a1b-4acd-ba2c-af3f4ade0cfc,1720483200000,
62670070,1795,f8d1c591-063b-4fc2-a04b-bdb688bcc6eb.binning_data.json,976614,6000,62670070,0,2024-07-09 22:00:02.948,com.sec.android.app.shealth,2024-07-09 22:00:02.948,,1.4109186,1377.9238,69.63923,1795,64Z1605Zgy,com.sec.android.app.shealth,0,f8d1c591-063b-4fc2-a04b-bdb688bcc6eb.achievement.json,f8d1c591-063b-4fc2-a04b-bdb688bcc6eb,1720483200000,
62670070,8653,20f50f6a-3dfe-4e0a-9a29-7a1d6b03cb20.binning_data.json,4853812,6000,62670070,1,2024-07-09 22:00:04.655,com.sec.android.app.shealth,2024-07-09 22:00:04.655,,1.343676,6521.9517,349.8998,8652,ooOmDJ1LSk,com.sec.android.app.shealth,0,20f50f6a-3dfe-4e0a-9a29-7a1d6b03cb20.achievement.json,20f50f6a-3dfe-4e0a-9a29-7a1d6b03cb20,1720483200000,
62670070,4977,0ca9cfe6-2e14-4d74-b626-88e8b6bcfa42.binning_data.json,3096790,6000,62670070,8,2024-07-10 22:29:38.251,com.sec.android.app.shealth,2024-07-10 11:38:11.624,0ca9cfe6-2e14-4d74-b626-88e8b6bcfa42.source_info.json,1.172178,3629.9893,203.92703,4969,VfS0qUERdZ,com.sec.android.app.shealth,0,0ca9cfe6-2e14-4d74-b626-88e8b6bcfa42.achievement.json,0ca9cfe6-2e14-4d74-b626-88e8b6bcfa42,1720569600000,
62670070,505,7d816903-53c0-49e5-a718-7bc518a8076e.binning_data.json,270253,6000,62670070,0,2024-07-10 22:29:35.093,com.sec.android.app.shealth,2024-07-10 22:29:35.093,,1.4367383,388.28317,19.608181,505,64Z1605Zgy,com.sec.android.app.shealth,0,7d816903-53c0-49e5-a718-7bc518a8076e.achievement.json,7d816903-53c0-49e5-a718-7bc518a8076e,1720569600000,
62670070,4928,2219b6c3-8392-4936-9333-4be07f6f9995.binning_data.json,3075520,6000,62670070,8,2024-07-12 06:13:40.346,com.sec.android.app.shealth,2024-07-10 22:29:36.993,,1.167581,3590.919,202.29985,4920,ooOmDJ1LSk,com.sec.android.app.shealth,0,2219b6c3-8392-4936-9333-4be07f6f9995.achievement.json,2219b6c3-8392-4936-9333-4be07f6f9995,1720569600000,
62670070,5084,1084e9f3-213d-455c-acc2-cffd408eaf9c.binning_data.json,3214184,6000,62670070,10,2024-07-12 06:13:16.922,com.sec.android.app.shealth,2024-07-10 22:29:37.436,1084e9f3-213d-455c-acc2-cffd408eaf9c.source_info.json,1.1510144,3699.5728,210.58987,5074,VfS0qUERdZ,com.sec.android.app.shealth,0,1084e9f3-213d-455c-acc2-cffd408eaf9c.achievement.json,1084e9f3-213d-455c-acc2-cffd408eaf9c,1720656000000,
62670070,6137,56d00930-2353-42ec-9f60-98a19210b503.binning_data.json,3946723,6000,62670070,7,2024-07-12 21:02:10.145,com.sec.android.app.shealth,2024-07-12 06:13:13.652,56d00930-2353-42ec-9f60-98a19210b503.source_info.json,1.1249824,4439.994,253.82587,6130,VfS0qUERdZ,com.sec.android.app.shealth,0,56d00930-2353-42ec-9f60-98a19210b503.achievement.json,56d00930-2353-42ec-9f60-98a19210b503,1720742400000,
62670070,6095,a5f06c08-f185-492c-a207-b9756962584d.binning_data.json,3920702,6000,62670070,7,2024-07-12 22:00:06.017,com.sec.android.app.shealth,2024-07-12 06:13:40.096,,1.124418,4408.509,252.17993,6088,ooOmDJ1LSk,com.sec.android.app.shealth,0,a5f06c08-f185-492c-a207-b9756962584d.achievement.json,a5f06c08-f185-492c-a207-b9756962584d,1720742400000,
62670070,5084,d29c062b-099d-44d2-b3bc-238ee556eabb.binning_data.json,3214184,6000,62670070,10,2024-07-12 06:13:40.220,com.sec.android.app.shealth,2024-07-12 06:13:40.220,,1.1510144,3699.5728,210.58987,5074,ooOmDJ1LSk,com.sec.android.app.shealth,0,d29c062b-099d-44d2-b3bc-238ee556eabb.achievement.json,d29c062b-099d-44d2-b3bc-238ee556eabb,1720656000000,
62670070,417,de50fc8b-3020-49ae-87dd-e748b425736c.binning_data.json,256123,6000,62670070,0,2024-07-12 22:00:04.312,com.sec.android.app.shealth,2024-07-12 22:00:04.312,,1.2087332,309.5852,16.442112,417,64Z1605Zgy,com.sec.android.app.shealth,0,de50fc8b-3020-49ae-87dd-e748b425736c.achievement.json,de50fc8b-3020-49ae-87dd-e748b425736c,1720742400000,
62670070,9628,524517d8-fb72-4984-ae40-273fdd08a4eb.binning_data.json,6154460,6000,62670070,7,2024-07-13 22:03:45.932,com.sec.android.app.shealth,2024-07-13 10:06:24.018,524517d8-fb72-4984-ae40-273fdd08a4eb.source_info.json,1.1324494,6969.615,394.65015,9621,VfS0qUERdZ,com.sec.android.app.shealth,0,524517d8-fb72-4984-ae40-273fdd08a4eb.achievement.json,524517d8-fb72-4984-ae40-273fdd08a4eb,1720828800000,
62670070,1180,c68a25e7-29c6-40ba-9637-b37924da491b.binning_data.json,755044,6000,62670070,0,2024-07-13 22:00:02.532,com.sec.android.app.shealth,2024-07-13 22:00:02.532,,1.1487496,867.3569,46.813065,1180,64Z1605Zgy,com.sec.android.app.shealth,0,c68a25e7-29c6-40ba-9637-b37924da491b.achievement.json,c68a25e7-29c6-40ba-9637-b37924da491b,1720828800000,
62670070,9559,40d2dddd-db2c-4dde-a281-dd3ecd234b91.binning_data.json,6107356,6000,62670070,7,2024-07-14 22:00:04.585,com.sec.android.app.shealth,2024-07-13 22:00:04.123,,1.1327621,6918.181,391.9101,9552,ooOmDJ1LSk,com.sec.android.app.shealth,0,40d2dddd-db2c-4dde-a281-dd3ecd234b91.achievement.json,40d2dddd-db2c-4dde-a281-dd3ecd234b91,1720828800000,
62670070,7078,9708a6c6-8380-4c4e-af85-e84821d8c8f1.binning_data.json,4411438,6000,62670070,77,2024-07-14 18:44:00.783,com.sec.android.app.shealth,2024-07-14 18:02:19.112,9708a6c6-8380-4c4e-af85-e84821d8c8f1.source_info.json,1.1712985,5167.112,292.66992,7001,VfS0qUERdZ,com.sec.android.app.shealth,0,9708a6c6-8380-4c4e-af85-e84821d8c8f1.achievement.json,9708a6c6-8380-4c4e-af85-e84821d8c8f1,1720915200000,
62670070,40,47334589-907d-4944-997a-e664560de5b2.binning_data.json,27262,6000,62670070,0,2024-07-14 22:00:02.643,com.sec.android.app.shealth,2024-07-14 22:00:02.643,,1.0553597,28.771488,1.6140116,40,64Z1605Zgy,com.sec.android.app.shealth,0,47334589-907d-4944-997a-e664560de5b2.achievement.json,47334589-907d-4944-997a-e664560de5b2,1720915200000,
62670070,7078,6cb49bf3-e0fd-4d66-98ea-3f1612e4f2b6.binning_data.json,4411438,6000,62670070,77,2024-07-14 22:00:04.562,com.sec.android.app.shealth,2024-07-14 22:00:04.562,,1.1712985,5167.112,292.66992,7001,ooOmDJ1LSk,com.sec.android.app.shealth,0,6cb49bf3-e0fd-4d66-98ea-3f1612e4f2b6.achievement.json,6cb49bf3-e0fd-4d66-98ea-3f1612e4f2b6,1720915200000,
62670070,8624,0a9a728c-7b60-4750-b0b6-2fa9e4357913.binning_data.json,5165495,6000,62670070,37,2024-07-16 07:38:53.946,com.sec.android.app.shealth,2024-07-15 08:03:34.917,0a9a728c-7b60-4750-b0b6-2fa9e4357913.source_info.json,1.2346505,6377.5815,353.93005,8587,VfS0qUERdZ,com.sec.android.app.shealth,0,0a9a728c-7b60-4750-b0b6-2fa9e4357913.achievement.json,0a9a728c-7b60-4750-b0b6-2fa9e4357913,1721001600000,
62670070,101,d0bbd32d-2ce8-4ca8-8c7e-5ae0d8dcb3d3.binning_data.json,56832,6000,62670070,0,2024-07-16 07:38:52.240,com.sec.android.app.shealth,2024-07-16 07:38:52.240,,1.3521963,76.84884,3.9286425,101,64Z1605Zgy,com.sec.android.app.shealth,0,d0bbd32d-2ce8-4ca8-8c7e-5ae0d8dcb3d3.achievement.json,d0bbd32d-2ce8-4ca8-8c7e-5ae0d8dcb3d3,1721001600000,
62670070,8624,697f5f38-b3fe-4a5c-9dd6-c0cbfd8eb698.binning_data.json,5165495,6000,62670070,37,2024-07-16 07:38:54.396,com.sec.android.app.shealth,2024-07-16 07:38:54.396,,1.2346505,6377.5815,353.93005,8587,ooOmDJ1LSk,com.sec.android.app.shealth,0,697f5f38-b3fe-4a5c-9dd6-c0cbfd8eb698.achievement.json,697f5f38-b3fe-4a5c-9dd6-c0cbfd8eb698,1721001600000,
62701610,611,12163f7e-87d4-440e-910b-67bd27b2b7c6.binning_data.json,380992,6000,62701610,0,2024-07-16 08:28:08.999,com.sec.android.app.shealth,2024-07-16 08:28:08.999,12163f7e-87d4-440e-910b-67bd27b2b7c6.source_info.json,1.1688422,445.32004,24.289999,611,VfS0qUERdZ,com.sec.android.app.shealth,0,12163f7e-87d4-440e-910b-67bd27b2b7c6.achievement.json,12163f7e-87d4-440e-910b-67bd27b2b7c6,1721088000000,
62701610,611,132ed297-1a74-4ca6-9b0a-9458564d494e.binning_data.json,380992,6000,62701610,0,2024-07-16 22:00:09.197,com.sec.android.app.shealth,2024-07-16 22:00:09.197,,1.1688422,445.32004,24.289999,611,ooOmDJ1LSk,com.sec.android.app.shealth,0,132ed297-1a74-4ca6-9b0a-9458564d494e.achievement.json,132ed297-1a74-4ca6-9b0a-9458564d494e,1721088000000,
62701610,8076,2dc04d59-eb91-4bd9-9aa3-b09aedf0dfe8.binning_data.json,5061001,6000,62701610,111,2024-07-17 20:37:41.170,com.sec.android.app.shealth,2024-07-17 07:29:39.120,2dc04d59-eb91-4bd9-9aa3-b09aedf0dfe8.source_info.json,1.1642706,5892.375,341.25375,7965,VfS0qUERdZ,com.sec.android.app.shealth,0,2dc04d59-eb91-4bd9-9aa3-b09aedf0dfe8.achievement.json,2dc04d59-eb91-4bd9-9aa3-b09aedf0dfe8,1721174400000,
62701610,154,021337f1-451a-4b28-a188-daccb99d6c5f.binning_data.json,93897,6000,62701610,0,2024-07-17 22:19:37.886,com.sec.android.app.shealth,2024-07-17 22:19:37.886,,1.2142287,114.01332,6.082393,154,64Z1605Zgy,com.sec.android.app.shealth,0,021337f1-451a-4b28-a188-daccb99d6c5f.achievement.json,021337f1-451a-4b28-a188-daccb99d6c5f,1721174400000,
62701610,8029,7581c90b-4cd1-4d99-b38f-80a165764a6e.binning_data.json,5032454,6000,62701610,111,2024-07-17 22:19:45.175,com.sec.android.app.shealth,2024-07-17 22:19:45.175,,1.1638471,5857.0073,339.38995,7918,ooOmDJ1LSk,com.sec.android.app.shealth,0,7581c90b-4cd1-4d99-b38f-80a165764a6e.achievement.json,7581c90b-4cd1-4d99-b38f-80a165764a6e,1721174400000,
62701610,4787,7e2ac1ca-a156-4f47-b269-311393c2cba1.binning_data.json,2935835,6000,62701610,13,2024-07-18 21:56:13.659,com.sec.android.app.shealth,2024-07-18 05:11:07.968,7e2ac1ca-a156-4f47-b269-311393c2cba1.source_info.json,1.1995527,3521.6895,195.96388,4774,VfS0qUERdZ,com.sec.android.app.shealth,0,7e2ac1ca-a156-4f47-b269-311393c2cba1.achievement.json,7e2ac1ca-a156-4f47-b269-311393c2cba1,1721260800000,
62701610,368,147e1ced-687c-4923-8e92-87f8d7f2230a.binning_data.json,206069,6000,62701610,0,2024-07-18 22:00:02.563,com.sec.android.app.shealth,2024-07-18 22:00:02.563,,1.3502539,278.2456,14.3691845,368,64Z1605Zgy,com.sec.android.app.shealth,0,147e1ced-687c-4923-8e92-87f8d7f2230a.achievement.json,147e1ced-687c-4923-8e92-87f8d7f2230a,1721260800000,
62701610,4744,e69b1cac-b62a-4a01-b801-b909059a3e83.binning_data.json,2912894,6000,62701610,13,2024-07-18 22:00:04.683,com.sec.android.app.shealth,2024-07-18 22:00:04.683,,1.1975169,3488.2405,194.31995,4731,ooOmDJ1LSk,com.sec.android.app.shealth,0,e69b1cac-b62a-4a01-b801-b909059a3e83.achievement.json,e69b1cac-b62a-4a01-b801-b909059a3e83,1721260800000,
62701610,403,7b660bfc-30fd-4e25-bd80-a3968e3524d4.binning_data.json,247009,6000,62701610,0,2024-07-19 07:36:10.904,com.sec.android.app.shealth,2024-07-19 07:36:10.904,7b660bfc-30fd-4e25-bd80-a3968e3524d4.source_info.json,1.2033149,297.22998,17.14,403,VfS0qUERdZ,com.sec.android.app.shealth,0,7b660bfc-30fd-4e25-bd80-a3968e3524d4.achievement.json,7b660bfc-30fd-4e25-bd80-a3968e3524d4,1721347200000,
62701610,403,df409d83-bc90-4660-bf96-e69ffbf46138.binning_data.json,247009,6000,62701610,0,2024-07-20 07:12:19.363,com.sec.android.app.shealth,2024-07-20 07:12:19.363,,1.2033149,297.22998,17.14,403,ooOmDJ1LSk,com.sec.android.app.shealth,0,df409d83-bc90-4660-bf96-e69ffbf46138.achievement.json,df409d83-bc90-4660-bf96-e69ffbf46138,1721347200000,
62701610,351,d164837a-faca-4f83-a7d6-8150b9f25405.binning_data.json,199392,6000,62701610,0,2024-07-20 18:25:33.993,com.sec.android.app.shealth,2024-07-20 09:40:30.218,d164837a-faca-4f83-a7d6-8150b9f25405.source_info.json,1.3333993,265.8703,13.737026,351,VfS0qUERdZ,com.sec.android.app.shealth,0,d164837a-faca-4f83-a7d6-8150b9f25405.achievement.json,d164837a-faca-4f83-a7d6-8150b9f25405,1721433600000,
62701610,351,d8e4b3e7-998a-4081-acd0-34399900b6a0.binning_data.json,199392,6000,62701610,0,2024-07-20 22:45:48.959,com.sec.android.app.shealth,2024-07-20 22:45:48.959,,1.3333993,265.8703,13.737026,351,64Z1605Zgy,com.sec.android.app.shealth,0,d8e4b3e7-998a-4081-acd0-34399900b6a0.achievement.json,d8e4b3e7-998a-4081-acd0-34399900b6a0,1721433600000,
62701610,1107,5cc1b8f3-b6a9-415f-b89a-84ccbbfa9906.binning_data.json,615823,6000,62701610,0,2024-07-21 14:37:49.534,com.sec.android.app.shealth,2024-07-21 09:30:53.099,5cc1b8f3-b6a9-415f-b89a-84ccbbfa9906.source_info.json,1.3665756,841.56934,43.099556,1107,VfS0qUERdZ,com.sec.android.app.shealth,0,5cc1b8f3-b6a9-415f-b89a-84ccbbfa9906.achievement.json,5cc1b8f3-b6a9-415f-b89a-84ccbbfa9906,1721520000000,
62701610,1107,3e05dd89-4855-4581-a8f5-66db7759b6a8.binning_data.json,615823,6000,62701610,0,2024-07-21 22:52:08.423,com.sec.android.app.shealth,2024-07-21 22:52:08.423,,1.3665756,841.56934,43.099556,1107,64Z1605Zgy,com.sec.android.app.shealth,0,3e05dd89-4855-4581-a8f5-66db7759b6a8.achievement.json,3e05dd89-4855-4581-a8f5-66db7759b6a8,1721520000000,
62701610,95,1e936080-d1e3-42da-97ad-5bfe067d16df.binning_data.json,52487,6000,62701610,0,2024-07-23 15:21:21.798,com.sec.android.app.shealth,2024-07-23 13:41:31.632,1e936080-d1e3-42da-97ad-5bfe067d16df.source_info.json,1.381051,72.48763,3.6958404,95,VfS0qUERdZ,com.sec.android.app.shealth,0,1e936080-d1e3-42da-97ad-5bfe067d16df.achievement.json,1e936080-d1e3-42da-97ad-5bfe067d16df,1721692800000,
62701610,95,74119591-ed7e-4422-8f4f-40eacb6ad051.binning_data.json,52487,6000,62701610,0,2024-07-23 23:27:09.833,com.sec.android.app.shealth,2024-07-23 23:27:09.833,,1.381051,72.48763,3.6958404,95,64Z1605Zgy,com.sec.android.app.shealth,0,74119591-ed7e-4422-8f4f-40eacb6ad051.achievement.json,74119591-ed7e-4422-8f4f-40eacb6ad051,1721692800000,
62701610,4738,8b29648b-e154-49d7-b0d5-36811b97f157.binning_data.json,3006369,6000,62701610,22,2024-07-25 14:52:34.088,com.sec.android.app.shealth,2024-07-24 12:09:13.979,8b29648b-e154-49d7-b0d5-36811b97f157.source_info.json,1.1446179,3441.1438,194.1749,4716,VfS0qUERdZ,com.sec.android.app.shealth,0,8b29648b-e154-49d7-b0d5-36811b97f157.achievement.json,8b29648b-e154-49d7-b0d5-36811b97f157,1721779200000,
62701610,106,bfe9f26d-feff-4ddd-b6ab-d3c553cc29d4.binning_data.json,61209,6000,62701610,0,2024-07-25 14:52:07.502,com.sec.android.app.shealth,2024-07-25 14:52:07.502,,1.3009387,79.629166,4.1465464,106,64Z1605Zgy,com.sec.android.app.shealth,0,bfe9f26d-feff-4ddd-b6ab-d3c553cc29d4.achievement.json,bfe9f26d-feff-4ddd-b6ab-d3c553cc29d4,1721779200000,
62701610,4722,e2dad40a-b362-4329-938c-39f8d4509521.binning_data.json,2997251,6000,62701610,22,2024-07-25 14:52:37.558,com.sec.android.app.shealth,2024-07-25 14:52:37.558,,1.1440545,3429.0193,193.55,4700,ooOmDJ1LSk,com.sec.android.app.shealth,0,e2dad40a-b362-4329-938c-39f8d4509521.achievement.json,e2dad40a-b362-4329-938c-39f8d4509521,1721779200000,
62701610,6550,62a315ac-3a72-432e-8aa8-6e3913d2b479.binning_data.json,4181784,6000,62701610,22,2024-07-25 16:32:29.400,com.sec.android.app.shealth,2024-07-25 15:06:39.501,62a315ac-3a72-432e-8aa8-6e3913d2b479.source_info.json,1.1342547,4743.208,248.40993,6528,VfS0qUERdZ,com.sec.android.app.shealth,0,62a315ac-3a72-432e-8aa8-6e3913d2b479.achievement.json,62a315ac-3a72-432e-8aa8-6e3913d2b479,1721865600000,
62701610,6550,5fca2741-8dcb-4873-86cd-8c66ff795f23.binning_data.json,4181784,6000,62701610,22,2024-07-25 22:00:10.203,com.sec.android.app.shealth,2024-07-25 22:00:10.203,,1.1342547,4743.208,248.40993,6528,ooOmDJ1LSk,com.sec.android.app.shealth,0,5fca2741-8dcb-4873-86cd-8c66ff795f23.achievement.json,5fca2741-8dcb-4873-86cd-8c66ff795f23,1721865600000,
62701610,212,015a1006-500e-4076-b0bf-0bb8a49cb283.binning_data.json,121451,6000,62701610,0,2024-07-28 09:13:29.976,com.sec.android.app.shealth,2024-07-28 08:51:09.929,015a1006-500e-4076-b0bf-0bb8a49cb283.source_info.json,1.3236628,160.76138,8.259524,212,VfS0qUERdZ,com.sec.android.app.shealth,0,015a1006-500e-4076-b0bf-0bb8a49cb283.achievement.json,015a1006-500e-4076-b0bf-0bb8a49cb283,1722124800000,
62701610,212,de92923c-3ad8-45f2-870e-b4dae7ae6245.binning_data.json,121451,6000,62701610,0,2024-07-29 08:12:26.329,com.sec.android.app.shealth,2024-07-29 08:12:26.329,,1.3236628,160.76138,8.259524,212,64Z1605Zgy,com.sec.android.app.shealth,0,de92923c-3ad8-45f2-870e-b4dae7ae6245.achievement.json,de92923c-3ad8-45f2-870e-b4dae7ae6245,1722124800000,
62701610,37,5309bdef-4666-4ea7-a048-77d9865b4347.binning_data.json,46584,6000,62701610,0,2024-08-03 16:49:02.137,com.sec.android.app.shealth,2024-08-03 08:12:23.601,5309bdef-4666-4ea7-a048-77d9865b4347.source_info.json,0.57347065,26.714777,1.4943268,37,VfS0qUERdZ,com.sec.android.app.shealth,0,5309bdef-4666-4ea7-a048-77d9865b4347.achievement.json,5309bdef-4666-4ea7-a048-77d9865b4347,1722643200000,
62701610,37,a8bf9f7d-589c-4142-9ae5-83056e3deba6.binning_data.json,46584,6000,62701610,0,2024-08-04 01:13:40.305,com.sec.android.app.shealth,2024-08-04 01:13:40.305,,0.57347065,26.714777,1.4943268,37,64Z1605Zgy,com.sec.android.app.shealth,0,a8bf9f7d-589c-4142-9ae5-83056e3deba6.achievement.json,a8bf9f7d-589c-4142-9ae5-83056e3deba6,1722643200000,
62701610,46,43f89a7c-cf48-4eca-b05d-8699dc720eb3.binning_data.json,26971,6000,62701610,0,2024-08-04 15:43:43.385,com.sec.android.app.shealth,2024-08-04 07:33:17.378,43f89a7c-cf48-4eca-b05d-8699dc720eb3.source_info.json,1.2953312,34.937294,1.79427,46,VfS0qUERdZ,com.sec.android.app.shealth,0,43f89a7c-cf48-4eca-b05d-8699dc720eb3.achievement.json,43f89a7c-cf48-4eca-b05d-8699dc720eb3,1722729600000,
62701610,46,223e6764-c1dd-4af9-b83b-24c5baab484d.binning_data.json,26971,6000,62701610,0,2024-08-04 23:25:01.529,com.sec.android.app.shealth,2024-08-04 23:25:01.529,,1.2953312,34.937294,1.79427,46,64Z1605Zgy,com.sec.android.app.shealth,0,223e6764-c1dd-4af9-b83b-24c5baab484d.achievement.json,223e6764-c1dd-4af9-b83b-24c5baab484d,1722729600000,
62701610,59,e6a17d2a-7c3d-4fbb-bdde-814a01b6bbdc.binning_data.json,36812,6000,62701610,0,2024-08-05 13:59:38.861,com.sec.android.app.shealth,2024-08-05 12:25:35.810,e6a17d2a-7c3d-4fbb-bdde-814a01b6bbdc.source_info.json,1.1761531,43.29756,2.3434417,59,VfS0qUERdZ,com.sec.android.app.shealth,0,e6a17d2a-7c3d-4fbb-bdde-814a01b6bbdc.achievement.json,e6a17d2a-7c3d-4fbb-bdde-814a01b6bbdc,1722816000000,
62701610,59,249fa722-551a-4823-b846-116a259a5436.binning_data.json,36812,6000,62701610,0,2024-08-06 06:49:35.195,com.sec.android.app.shealth,2024-08-06 06:49:35.195,,1.1761531,43.29756,2.3434417,59,64Z1605Zgy,com.sec.android.app.shealth,0,249fa722-551a-4823-b846-116a259a5436.achievement.json,249fa722-551a-4823-b846-116a259a5436,1722816000000,
62701610,825,847084a4-9d8f-467f-b87a-7f355f05f126.binning_data.json,448755,6000,62701610,0,2024-08-06 09:52:45.061,com.sec.android.app.shealth,2024-08-06 06:49:40.698,847084a4-9d8f-467f-b87a-7f355f05f126.source_info.json,1.405426,630.6933,32.033875,825,VfS0qUERdZ,com.sec.android.app.shealth,0,847084a4-9d8f-467f-b87a-7f355f05f126.achievement.json,847084a4-9d8f-467f-b87a-7f355f05f126,1722902400000,
62701610,825,b01d7c91-9d95-4445-8eed-39e594613ec8.binning_data.json,448755,6000,62701610,0,2024-08-07 08:01:23.483,com.sec.android.app.shealth,2024-08-07 08:01:23.483,,1.405426,630.6933,32.033875,825,64Z1605Zgy,com.sec.android.app.shealth,0,b01d7c91-9d95-4445-8eed-39e594613ec8.achievement.json,b01d7c91-9d95-4445-8eed-39e594613ec8,1722902400000,
62701610,354,55384edc-56ef-4fca-b2cc-1e3eef9484af.binning_data.json,199760,6000,62701610,0,2024-08-07 14:29:28.869,com.sec.android.app.shealth,2024-08-07 12:35:02.725,55384edc-56ef-4fca-b2cc-1e3eef9484af.source_info.json,1.3379899,267.2775,13.828747,354,VfS0qUERdZ,com.sec.android.app.shealth,0,55384edc-56ef-4fca-b2cc-1e3eef9484af.achievement.json,55384edc-56ef-4fca-b2cc-1e3eef9484af,1722988800000,
62701610,354,6b640b1f-1349-43ca-99ee-988b4e99c19b.binning_data.json,199760,6000,62701610,0,2024-08-09 12:43:48.185,com.sec.android.app.shealth,2024-08-09 12:43:48.185,,1.3379899,267.2775,13.828747,354,64Z1605Zgy,com.sec.android.app.shealth,0,6b640b1f-1349-43ca-99ee-988b4e99c19b.achievement.json,6b640b1f-1349-43ca-99ee-988b4e99c19b,1722988800000,
62701610,130,107b0757-51f8-446d-8e25-1bc5cce7efda.binning_data.json,82875,6000,62701610,0,2024-08-09 13:51:30.659,com.sec.android.app.shealth,2024-08-09 12:44:14.366,107b0757-51f8-446d-8e25-1bc5cce7efda.source_info.json,1.1742358,97.31524,5.0983367,130,VfS0qUERdZ,com.sec.android.app.shealth,0,107b0757-51f8-446d-8e25-1bc5cce7efda.achievement.json,107b0757-51f8-446d-8e25-1bc5cce7efda,1723161600000,
62701610,130,784224ca-49ad-4d93-83ea-182c66e839a8.binning_data.json,82875,6000,62701610,0,2024-08-10 00:32:11.381,com.sec.android.app.shealth,2024-08-10 00:32:11.381,,1.1742358,97.31524,5.0983367,130,64Z1605Zgy,com.sec.android.app.shealth,0,784224ca-49ad-4d93-83ea-182c66e839a8.achievement.json,784224ca-49ad-4d93-83ea-182c66e839a8,1723161600000,
62701610,29,518cb0cd-625b-4593-8c26-3800f65ff9f3.binning_data.json,17267,6000,62701610,0,2024-08-10 14:30:36.548,com.sec.android.app.shealth,2024-08-10 14:30:36.548,518cb0cd-625b-4593-8c26-3800f65ff9f3.source_info.json,1.2588627,21.736984,1.1357899,29,VfS0qUERdZ,com.sec.android.app.shealth,0,518cb0cd-625b-4593-8c26-3800f65ff9f3.achievement.json,518cb0cd-625b-4593-8c26-3800f65ff9f3,1723248000000,
62701610,29,2711be3c-f7d3-49d3-8bca-55395d6eee12.binning_data.json,17267,6000,62701610,0,2024-08-12 10:40:20.616,com.sec.android.app.shealth,2024-08-12 10:40:20.616,,1.2588627,21.736984,1.1357899,29,64Z1605Zgy,com.sec.android.app.shealth,0,2711be3c-f7d3-49d3-8bca-55395d6eee12.achievement.json,2711be3c-f7d3-49d3-8bca-55395d6eee12,1723248000000,
62701610,7,76f39bb6-8c91-4bc0-a41c-fed58eaac497.binning_data.json,5987,6000,62701610,0,2024-08-12 14:13:58.231,com.sec.android.app.shealth,2024-08-12 14:13:58.231,76f39bb6-8c91-4bc0-a41c-fed58eaac497.source_info.json,0.884735,5.2971716,0.2733387,7,VfS0qUERdZ,com.sec.android.app.shealth,0,76f39bb6-8c91-4bc0-a41c-fed58eaac497.achievement.json,76f39bb6-8c91-4bc0-a41c-fed58eaac497,1723420800000,
62701610,7,1d26b7ba-4761-4aac-9ff1-f92eeeea1e1c.binning_data.json,5987,6000,62701610,0,2024-08-13 08:36:14.677,com.sec.android.app.shealth,2024-08-13 08:36:14.677,,0.884735,5.2971716,0.2733387,7,64Z1605Zgy,com.sec.android.app.shealth,0,1d26b7ba-4761-4aac-9ff1-f92eeeea1e1c.achievement.json,1d26b7ba-4761-4aac-9ff1-f92eeeea1e1c,1723420800000,
62701610,42,9f7f9670-2cb9-400d-b77d-9ecc965d9418.binning_data.json,24591,6000,62701610,0,2024-08-14 10:33:44.543,com.sec.android.app.shealth,2024-08-14 10:33:44.543,9f7f9670-2cb9-400d-b77d-9ecc965d9418.source_info.json,1.2690332,31.206886,1.652013,42,VfS0qUERdZ,com.sec.android.app.shealth,0,9f7f9670-2cb9-400d-b77d-9ecc965d9418.achievement.json,9f7f9670-2cb9-400d-b77d-9ecc965d9418,1723593600000,
62701610,42,0124f7a0-ddd6-48e0-9fb0-7ed450fdc4f2.binning_data.json,24591,6000,62701610,0,2024-08-14 22:00:02.324,com.sec.android.app.shealth,2024-08-14 22:00:02.324,,1.2690332,31.206886,1.652013,42,64Z1605Zgy,com.sec.android.app.shealth,0,0124f7a0-ddd6-48e0-9fb0-7ed450fdc4f2.achievement.json,0124f7a0-ddd6-48e0-9fb0-7ed450fdc4f2,1723593600000,
62701610,77,527e7d75-33a2-482a-b533-4662e2940523.binning_data.json,54319,6000,62701610,0,2024-08-16 15:30:09.426,com.sec.android.app.shealth,2024-08-16 13:51:30.072,527e7d75-33a2-482a-b533-4662e2940523.source_info.json,1.0512234,57.10202,3.0354033,77,VfS0qUERdZ,com.sec.android.app.shealth,0,527e7d75-33a2-482a-b533-4662e2940523.achievement.json,527e7d75-33a2-482a-b533-4662e2940523,1723766400000,
62701610,77,cc75dcc7-4781-4198-9d25-59457b26fe95.binning_data.json,54319,6000,62701610,0,2024-08-16 23:11:23.303,com.sec.android.app.shealth,2024-08-16 23:11:23.303,,1.0512234,57.10202,3.0354033,77,64Z1605Zgy,com.sec.android.app.shealth,0,cc75dcc7-4781-4198-9d25-59457b26fe95.achievement.json,cc75dcc7-4781-4198-9d25-59457b26fe95,1723766400000,
62701610,69,54a1892c-73e0-40ca-adfa-1379e990a0e3.binning_data.json,43443,6000,62701610,0,2024-08-18 09:47:37.264,com.sec.android.app.shealth,2024-08-18 09:41:39.243,54a1892c-73e0-40ca-adfa-1379e990a0e3.source_info.json,1.1742141,51.012154,2.732305,69,VfS0qUERdZ,com.sec.android.app.shealth,0,54a1892c-73e0-40ca-adfa-1379e990a0e3.achievement.json,54a1892c-73e0-40ca-adfa-1379e990a0e3,1723939200000,
62701610,69,d7ccb5c1-e481-4a76-ba17-a6c0d238f377.binning_data.json,43443,6000,62701610,0,2024-08-18 23:55:36.832,com.sec.android.app.shealth,2024-08-18 23:55:36.832,,1.1742141,51.012154,2.732305,69,64Z1605Zgy,com.sec.android.app.shealth,0,d7ccb5c1-e481-4a76-ba17-a6c0d238f377.achievement.json,d7ccb5c1-e481-4a76-ba17-a6c0d238f377,1723939200000,
62701610,51,2d15dd0d-f0e8-4194-b8d9-0ccf151103f7.binning_data.json,28606,6000,62701610,0,2024-08-19 17:09:39.683,com.sec.android.app.shealth,2024-08-19 10:43:56.778,2d15dd0d-f0e8-4194-b8d9-0ccf151103f7.source_info.json,1.3674979,39.11998,1.9772992,51,VfS0qUERdZ,com.sec.android.app.shealth,0,2d15dd0d-f0e8-4194-b8d9-0ccf151103f7.achievement.json,2d15dd0d-f0e8-4194-b8d9-0ccf151103f7,1724025600000,
62701610,51,6c26a88c-2b98-468c-94d9-090867d75702.binning_data.json,28606,6000,62701610,0,2024-08-20 01:23:31.455,com.sec.android.app.shealth,2024-08-20 01:23:31.455,,1.3674979,39.11998,1.9772992,51,64Z1605Zgy,com.sec.android.app.shealth,0,6c26a88c-2b98-468c-94d9-090867d75702.achievement.json,6c26a88c-2b98-468c-94d9-090867d75702,1724025600000,
62701610,66,68df1eaa-7458-4d07-8267-61d61c12abcc.binning_data.json,54957,6000,62701610,0,2024-08-20 10:22:35.659,com.sec.android.app.shealth,2024-08-20 09:15:24.432,68df1eaa-7458-4d07-8267-61d61c12abcc.source_info.json,0.90102524,49.51802,2.5869455,66,VfS0qUERdZ,com.sec.android.app.shealth,0,68df1eaa-7458-4d07-8267-61d61c12abcc.achievement.json,68df1eaa-7458-4d07-8267-61d61c12abcc,1724112000000,
62701610,66,85dcc992-dab7-422c-ac13-94d30acc8505.binning_data.json,54957,6000,62701610,0,2024-08-20 22:00:02.269,com.sec.android.app.shealth,2024-08-20 22:00:02.269,,0.90102524,49.51802,2.5869455,66,64Z1605Zgy,com.sec.android.app.shealth,0,85dcc992-dab7-422c-ac13-94d30acc8505.achievement.json,85dcc992-dab7-422c-ac13-94d30acc8505,1724112000000,
62701610,624,bf980152-e137-4ac7-9bd6-3d3f3de20a04.binning_data.json,393037,6000,62701610,0,2024-08-21 14:18:53.669,com.sec.android.app.shealth,2024-08-21 06:40:47.147,bf980152-e137-4ac7-9bd6-3d3f3de20a04.source_info.json,1.17549,462.01163,24.629799,624,VfS0qUERdZ,com.sec.android.app.shealth,0,bf980152-e137-4ac7-9bd6-3d3f3de20a04.achievement.json,bf980152-e137-4ac7-9bd6-3d3f3de20a04,1724198400000,
62701610,624,ede39a23-97cb-4072-a333-d407f785848c.binning_data.json,393037,6000,62701610,0,2024-08-22 06:24:32.509,com.sec.android.app.shealth,2024-08-22 06:24:32.509,,1.17549,462.01163,24.629799,624,64Z1605Zgy,com.sec.android.app.shealth,0,ede39a23-97cb-4072-a333-d407f785848c.achievement.json,ede39a23-97cb-4072-a333-d407f785848c,1724198400000,
62701610,50,d6b7f724-7203-4f86-a853-d9516d664048.binning_data.json,29081,6000,62701610,0,2024-08-23 18:07:30.640,com.sec.android.app.shealth,2024-08-23 07:59:42.863,d6b7f724-7203-4f86-a853-d9516d664048.source_info.json,1.2882798,37.464703,1.9610775,50,VfS0qUERdZ,com.sec.android.app.shealth,0,d6b7f724-7203-4f86-a853-d9516d664048.achievement.json,d6b7f724-7203-4f86-a853-d9516d664048,1724371200000,
62701610,50,4c9b4571-d961-457d-9732-fbe5791b32a1.binning_data.json,29081,6000,62701610,0,2024-08-23 22:00:03.114,com.sec.android.app.shealth,2024-08-23 22:00:03.114,,1.2882798,37.464703,1.9610775,50,64Z1605Zgy,com.sec.android.app.shealth,0,4c9b4571-d961-457d-9732-fbe5791b32a1.achievement.json,4c9b4571-d961-457d-9732-fbe5791b32a1,1724371200000,
62701610,244,43f8008d-d501-46e2-8ce8-dd3acc289d12.binning_data.json,139410,6000,62701610,0,2024-08-26 10:06:13.692,com.sec.android.app.shealth,2024-08-26 06:44:52.894,43f8008d-d501-46e2-8ce8-dd3acc289d12.source_info.json,1.3332553,185.87035,9.498154,244,VfS0qUERdZ,com.sec.android.app.shealth,0,43f8008d-d501-46e2-8ce8-dd3acc289d12.achievement.json,43f8008d-d501-46e2-8ce8-dd3acc289d12,1724630400000,
62701610,244,72916f2b-ffaa-4baa-a272-bd3bfd1fdb45.binning_data.json,139410,6000,62701610,0,2024-08-27 08:40:48.187,com.sec.android.app.shealth,2024-08-27 08:40:48.187,,1.3332553,185.87035,9.498154,244,64Z1605Zgy,com.sec.android.app.shealth,0,72916f2b-ffaa-4baa-a272-bd3bfd1fdb45.achievement.json,72916f2b-ffaa-4baa-a272-bd3bfd1fdb45,1724630400000,
62701610,1053,5e76c68a-60e0-471e-94fb-6f97f85d99d3.binning_data.json,668634,6000,62701610,0,2024-08-27 18:46:16.505,com.sec.android.app.shealth,2024-08-27 10:55:48.200,5e76c68a-60e0-471e-94fb-6f97f85d99d3.source_info.json,1.1609987,776.28314,41.731762,1053,VfS0qUERdZ,com.sec.android.app.shealth,0,5e76c68a-60e0-471e-94fb-6f97f85d99d3.achievement.json,5e76c68a-60e0-471e-94fb-6f97f85d99d3,1724716800000,
62701610,1053,0b1501e0-d427-4933-89b4-10f9833314d9.binning_data.json,668634,6000,62701610,0,2024-08-27 22:46:36.165,com.sec.android.app.shealth,2024-08-27 22:46:36.165,,1.1609987,776.28314,41.731762,1053,64Z1605Zgy,com.sec.android.app.shealth,0,0b1501e0-d427-4933-89b4-10f9833314d9.achievement.json,0b1501e0-d427-4933-89b4-10f9833314d9,1724716800000,
62701610,535,a65f68ae-db33-4bbf-8a6e-fc3138c8234a.binning_data.json,318423,6000,62701610,0,2024-08-28 10:53:32.696,com.sec.android.app.shealth,2024-08-28 07:39:11.699,a65f68ae-db33-4bbf-8a6e-fc3138c8234a.source_info.json,1.2616073,401.7255,20.971725,535,VfS0qUERdZ,com.sec.android.app.shealth,0,a65f68ae-db33-4bbf-8a6e-fc3138c8234a.achievement.json,a65f68ae-db33-4bbf-8a6e-fc3138c8234a,1724803200000,
62701610,535,b294b88e-be68-4a79-8c0c-55cc63a6f10d.binning_data.json,318423,6000,62701610,0,2024-08-29 13:26:51.511,com.sec.android.app.shealth,2024-08-29 13:26:51.511,,1.2616073,401.7255,20.971725,535,64Z1605Zgy,com.sec.android.app.shealth,0,b294b88e-be68-4a79-8c0c-55cc63a6f10d.achievement.json,b294b88e-be68-4a79-8c0c-55cc63a6f10d,1724803200000,
62720090,51,051bd4b0-2d73-49df-bfc7-13e686eec9d1.binning_data.json,33644,6000,62720090,0,2024-08-30 13:49:16.924,com.sec.android.app.shealth,2024-08-30 09:09:39.445,051bd4b0-2d73-49df-bfc7-13e686eec9d1.source_info.json,1.1259995,37.88325,2.006579,51,VfS0qUERdZ,com.sec.android.app.shealth,0,051bd4b0-2d73-49df-bfc7-13e686eec9d1.achievement.json,051bd4b0-2d73-49df-bfc7-13e686eec9d1,1724976000000,
62720090,51,0bbc0013-1052-42b3-ac50-e670cbbe58dc.binning_data.json,33644,6000,62720090,0,2024-09-01 12:41:06.761,com.sec.android.app.shealth,2024-09-01 12:41:06.761,,1.1259995,37.88325,2.006579,51,64Z1605Zgy,com.sec.android.app.shealth,0,0bbc0013-1052-42b3-ac50-e670cbbe58dc.achievement.json,0bbc0013-1052-42b3-ac50-e670cbbe58dc,1724976000000,
62720090,390,b3248724-4df8-476c-839e-a74176ab8a0e.binning_data.json,210128,6000,62720090,0,2024-09-02 15:51:25.680,com.sec.android.app.shealth,2024-09-02 05:59:39.139,b3248724-4df8-476c-839e-a74176ab8a0e.source_info.json,1.42231,298.8683,15.127144,390,VfS0qUERdZ,com.sec.android.app.shealth,0,b3248724-4df8-476c-839e-a74176ab8a0e.achievement.json,b3248724-4df8-476c-839e-a74176ab8a0e,1725235200000,
62720090,390,f25118db-04d2-4369-9b24-36199bbe880c.binning_data.json,210128,6000,62720090,0,2024-09-02 22:00:02.650,com.sec.android.app.shealth,2024-09-02 22:00:02.650,,1.42231,298.8683,15.127144,390,64Z1605Zgy,com.sec.android.app.shealth,0,f25118db-04d2-4369-9b24-36199bbe880c.achievement.json,f25118db-04d2-4369-9b24-36199bbe880c,1725235200000,
62720090,4670,c58bf289-eb7b-4001-baf3-5431de9c717b.binning_data.json,2800260,6000,62720090,9,2024-09-03 17:14:28.863,com.sec.android.app.shealth,2024-09-03 06:44:58.240,c58bf289-eb7b-4001-baf3-5431de9c717b.source_info.json,1.2310749,3447.3296,193.65991,4661,VfS0qUERdZ,com.sec.android.app.shealth,0,c58bf289-eb7b-4001-baf3-5431de9c717b.achievement.json,c58bf289-eb7b-4001-baf3-5431de9c717b,1725321600000,
62720090,224,ac0d558f-21b2-4189-b661-ec25ebab8ef9.binning_data.json,130055,6000,62720090,0,2024-09-03 22:00:03.787,com.sec.android.app.shealth,2024-09-03 22:00:03.787,,1.3018938,169.31894,8.751674,224,64Z1605Zgy,com.sec.android.app.shealth,0,ac0d558f-21b2-4189-b661-ec25ebab8ef9.achievement.json,ac0d558f-21b2-4189-b661-ec25ebab8ef9,1725321600000,
62720090,4670,cf25470e-ad46-421d-8027-b055eced0869.binning_data.json,2800260,6000,62720090,9,2024-09-03 22:00:05.991,com.sec.android.app.shealth,2024-09-03 22:00:05.991,,1.2310749,3447.3296,193.65991,4661,ooOmDJ1LSk,com.sec.android.app.shealth,0,cf25470e-ad46-421d-8027-b055eced0869.achievement.json,cf25470e-ad46-421d-8027-b055eced0869,1725321600000,
62720090,4883,b98077c6-387a-48b8-a54d-abd0a8acd7bf.binning_data.json,2823713,6000,62720090,22,2024-09-06 11:12:34.039,com.sec.android.app.shealth,2024-09-05 05:41:19.974,b98077c6-387a-48b8-a54d-abd0a8acd7bf.source_info.json,1.2910967,3645.6868,198.23515,4861,VfS0qUERdZ,com.sec.android.app.shealth,0,b98077c6-387a-48b8-a54d-abd0a8acd7bf.achievement.json,b98077c6-387a-48b8-a54d-abd0a8acd7bf,1725494400000,
62720090,380,656018c4-ba02-4535-9cde-f4cd540ec609.binning_data.json,218104,6000,62720090,0,2024-09-06 11:12:32.030,com.sec.android.app.shealth,2024-09-06 11:12:32.030,,1.3212956,288.18103,14.807565,380,64Z1605Zgy,com.sec.android.app.shealth,0,656018c4-ba02-4535-9cde-f4cd540ec609.achievement.json,656018c4-ba02-4535-9cde-f4cd540ec609,1725494400000,
62720090,2921,3c0234d3-0676-4778-b8dc-7f8809076762.binning_data.json,1656308,6000,62720090,22,2024-09-07 09:19:54.969,com.sec.android.app.shealth,2024-09-06 11:12:32.180,3c0234d3-0676-4778-b8dc-7f8809076762.source_info.json,1.3209035,2187.8232,120.49253,2899,VfS0qUERdZ,com.sec.android.app.shealth,0,3c0234d3-0676-4778-b8dc-7f8809076762.achievement.json,3c0234d3-0676-4778-b8dc-7f8809076762,1725580800000,
62720090,4693,3eeca033-48d0-49dd-8b57-109248a4fc01.binning_data.json,2713571,6000,62720090,22,2024-09-06 11:12:34.352,com.sec.android.app.shealth,2024-09-06 11:12:34.352,,1.2900379,3500.6096,190.86005,4671,ooOmDJ1LSk,com.sec.android.app.shealth,0,3eeca033-48d0-49dd-8b57-109248a4fc01.achievement.json,3eeca033-48d0-49dd-8b57-109248a4fc01,1725494400000,
62720090,2772,b2d467b8-f6e3-4785-b7c0-1f9bcc1a9844.binning_data.json,1577631,6000,62720090,22,2024-09-07 09:19:56.362,com.sec.android.app.shealth,2024-09-06 11:12:34.364,,1.3140513,2073.089,114.74002,2750,ooOmDJ1LSk,com.sec.android.app.shealth,0,b2d467b8-f6e3-4785-b7c0-1f9bcc1a9844.achievement.json,b2d467b8-f6e3-4785-b7c0-1f9bcc1a9844,1725580800000,
62720090,213,81262a91-e5c5-412e-8132-4f82cf40e5e8.binning_data.json,115591,6000,62720090,0,2024-09-07 09:19:54.292,com.sec.android.app.shealth,2024-09-07 09:19:54.292,,1.4006542,161.90416,8.282508,213,64Z1605Zgy,com.sec.android.app.shealth,0,81262a91-e5c5-412e-8132-4f82cf40e5e8.achievement.json,81262a91-e5c5-412e-8132-4f82cf40e5e8,1725580800000,
62720090,4426,e4233975-a80a-4aca-9035-8a34aaf4c364.binning_data.json,2955004,6000,62720090,0,2024-09-07 09:19:57.468,com.sec.android.app.shealth,2024-09-07 09:19:54.569,e4233975-a80a-4aca-9035-8a34aaf4c364.source_info.json,1.0663365,3151.0295,185.94998,4426,VfS0qUERdZ,com.sec.android.app.shealth,0,e4233975-a80a-4aca-9035-8a34aaf4c364.achievement.json,e4233975-a80a-4aca-9035-8a34aaf4c364,1725667200000,
62720090,4426,95c3ee97-2e7c-4685-88af-d803cac16eb9.binning_data.json,2955004,6000,62720090,0,2024-09-07 09:19:56.348,com.sec.android.app.shealth,2024-09-07 09:19:56.348,,1.0663365,3151.0295,185.94998,4426,ooOmDJ1LSk,com.sec.android.app.shealth,0,95c3ee97-2e7c-4685-88af-d803cac16eb9.achievement.json,95c3ee97-2e7c-4685-88af-d803cac16eb9,1725667200000,
62720090,1797,6f77a7e9-6c55-4321-9a7c-51b7067307e0.binning_data.json,1080255,6000,62720090,11,2024-09-10 05:41:44.715,com.sec.android.app.shealth,2024-09-09 11:09:19.565,6f77a7e9-6c55-4321-9a7c-51b7067307e0.source_info.json,1.2263764,1324.7997,73.600006,1786,VfS0qUERdZ,com.sec.android.app.shealth,0,6f77a7e9-6c55-4321-9a7c-51b7067307e0.achievement.json,6f77a7e9-6c55-4321-9a7c-51b7067307e0,1725840000000,
62720090,1797,c832c6bf-7e30-40d0-aa2d-b6afcc9efe0c.binning_data.json,1080255,6000,62720090,11,2024-09-10 22:00:04.230,com.sec.android.app.shealth,2024-09-09 22:00:04.378,,1.2263764,1324.7997,73.600006,1786,ooOmDJ1LSk,com.sec.android.app.shealth,0,c832c6bf-7e30-40d0-aa2d-b6afcc9efe0c.achievement.json,c832c6bf-7e30-40d0-aa2d-b6afcc9efe0c,1725840000000,
62720090,3515,6193f746-189c-46ad-b7fb-b72ab6591a95.binning_data.json,2175874,6000,62720090,10,2024-09-10 15:10:38.059,com.sec.android.app.shealth,2024-09-10 05:40:13.205,6193f746-189c-46ad-b7fb-b72ab6591a95.source_info.json,1.180502,2568.624,149.37474,3505,VfS0qUERdZ,com.sec.android.app.shealth,0,6193f746-189c-46ad-b7fb-b72ab6591a95.achievement.json,6193f746-189c-46ad-b7fb-b72ab6591a95,1725926400000,
62720090,71,b586191f-0607-42db-a095-39dd26f465c5.binning_data.json,42101,6000,62720090,0,2024-09-10 22:00:02.994,com.sec.android.app.shealth,2024-09-10 22:00:02.994,,1.2574611,52.941372,2.786545,71,64Z1605Zgy,com.sec.android.app.shealth,0,b586191f-0607-42db-a095-39dd26f465c5.achievement.json,b586191f-0607-42db-a095-39dd26f465c5,1725926400000,
62720090,3480,c6b536e7-d1a6-424f-a566-ba80a5ad9929.binning_data.json,2155145,6000,62720090,10,2024-09-10 22:00:04.254,com.sec.android.app.shealth,2024-09-10 22:00:04.254,,1.1797673,2542.5693,148.0,3470,ooOmDJ1LSk,com.sec.android.app.shealth,0,c6b536e7-d1a6-424f-a566-ba80a5ad9929.achievement.json,c6b536e7-d1a6-424f-a566-ba80a5ad9929,1725926400000,
62720090,370,5773eb02-ae8b-4215-b317-fe79c48d451d.binning_data.json,191700,6000,62720090,0,2024-09-12 07:30:22.209,com.sec.android.app.shealth,2024-09-12 06:53:51.356,5773eb02-ae8b-4215-b317-fe79c48d451d.source_info.json,1.5002251,287.5936,14.287524,370,VfS0qUERdZ,com.sec.android.app.shealth,0,5773eb02-ae8b-4215-b317-fe79c48d451d.achievement.json,5773eb02-ae8b-4215-b317-fe79c48d451d,1726099200000,
62720090,370,b4144016-2ffb-422e-b7c1-8cdb02239b65.binning_data.json,191700,6000,62720090,0,2024-09-13 00:24:56.423,com.sec.android.app.shealth,2024-09-13 00:24:56.423,,1.5002251,287.5936,14.287524,370,64Z1605Zgy,com.sec.android.app.shealth,0,b4144016-2ffb-422e-b7c1-8cdb02239b65.achievement.json,b4144016-2ffb-422e-b7c1-8cdb02239b65,1726099200000,
62720090,23,0f6b56ac-bc79-4457-97b8-71599b93f280.binning_data.json,13826,6000,62720090,0,2024-09-13 11:13:42.058,com.sec.android.app.shealth,2024-09-13 09:06:25.299,0f6b56ac-bc79-4457-97b8-71599b93f280.source_info.json,1.2352645,17.079018,0.9065814,23,VfS0qUERdZ,com.sec.android.app.shealth,0,0f6b56ac-bc79-4457-97b8-71599b93f280.achievement.json,0f6b56ac-bc79-4457-97b8-71599b93f280,1726185600000,
62720090,23,2bf7e670-7148-425e-8808-124c8125f856.binning_data.json,13826,6000,62720090,0,2024-09-14 19:15:56.464,com.sec.android.app.shealth,2024-09-14 19:15:56.464,,1.2352645,17.079018,0.9065814,23,64Z1605Zgy,com.sec.android.app.shealth,0,2bf7e670-7148-425e-8808-124c8125f856.achievement.json,2bf7e670-7148-425e-8808-124c8125f856,1726185600000,
62720090,128,89c3c767-4858-4e46-8c37-7ae4395eb312.binning_data.json,75349,6000,62720090,0,2024-09-15 14:17:34.122,com.sec.android.app.shealth,2024-09-15 14:08:00.442,89c3c767-4858-4e46-8c37-7ae4395eb312.source_info.json,1.2697186,95.67311,5.0175695,128,VfS0qUERdZ,com.sec.android.app.shealth,0,89c3c767-4858-4e46-8c37-7ae4395eb312.achievement.json,89c3c767-4858-4e46-8c37-7ae4395eb312,1726358400000,
62720090,128,e1a10cfd-3489-4fa6-acaa-b5df97c3f9b5.binning_data.json,75349,6000,62720090,0,2024-09-15 22:30:59.081,com.sec.android.app.shealth,2024-09-15 22:30:59.081,,1.2697186,95.67311,5.0175695,128,64Z1605Zgy,com.sec.android.app.shealth,0,e1a10cfd-3489-4fa6-acaa-b5df97c3f9b5.achievement.json,e1a10cfd-3489-4fa6-acaa-b5df97c3f9b5,1726358400000,
62720090,92,55439469-a8c4-4644-a24f-70e34b1e6209.binning_data.json,54703,6000,62720090,0,2024-09-16 14:11:43.487,com.sec.android.app.shealth,2024-09-16 08:02:39.065,55439469-a8c4-4644-a24f-70e34b1e6209.source_info.json,1.2549254,68.64914,3.609267,92,VfS0qUERdZ,com.sec.android.app.shealth,0,55439469-a8c4-4644-a24f-70e34b1e6209.achievement.json,55439469-a8c4-4644-a24f-70e34b1e6209,1726444800000,
62720090,92,58cd2272-6ad0-4534-bfe4-e90b3c48a1fb.binning_data.json,54703,6000,62720090,0,2024-09-16 22:17:44.203,com.sec.android.app.shealth,2024-09-16 22:17:44.203,,1.2549254,68.64914,3.609267,92,64Z1605Zgy,com.sec.android.app.shealth,0,58cd2272-6ad0-4534-bfe4-e90b3c48a1fb.achievement.json,58cd2272-6ad0-4534-bfe4-e90b3c48a1fb,1726444800000,
62720090,102,b5e2ada0-634b-4fc6-88c7-5ad2cd2781c2.binning_data.json,59672,6000,62720090,0,2024-09-17 19:37:25.294,com.sec.android.app.shealth,2024-09-17 11:57:55.160,b5e2ada0-634b-4fc6-88c7-5ad2cd2781c2.source_info.json,1.2777059,76.24452,3.9996622,102,VfS0qUERdZ,com.sec.android.app.shealth,0,b5e2ada0-634b-4fc6-88c7-5ad2cd2781c2.achievement.json,b5e2ada0-634b-4fc6-88c7-5ad2cd2781c2,1726531200000,
62720090,102,120bc478-358e-4ac7-8973-fc36120d92d2.binning_data.json,59672,6000,62720090,0,2024-09-17 22:00:02.400,com.sec.android.app.shealth,2024-09-17 22:00:02.400,,1.2777059,76.24452,3.9996622,102,64Z1605Zgy,com.sec.android.app.shealth,0,120bc478-358e-4ac7-8973-fc36120d92d2.achievement.json,120bc478-358e-4ac7-8973-fc36120d92d2,1726531200000,
62720090,536,3baee9a0-40ad-4e99-9964-6a53438f6b4b.binning_data.json,292790,6000,62720090,0,2024-09-18 18:24:11.678,com.sec.android.app.shealth,2024-09-18 07:15:14.406,3baee9a0-40ad-4e99-9964-6a53438f6b4b.source_info.json,1.4031595,410.8314,20.781801,536,VfS0qUERdZ,com.sec.android.app.shealth,0,3baee9a0-40ad-4e99-9964-6a53438f6b4b.achievement.json,3baee9a0-40ad-4e99-9964-6a53438f6b4b,1726617600000,
62720090,536,ca6574d6-eb63-4b23-a4d2-7dbdfa4076db.binning_data.json,292790,6000,62720090,0,2024-09-19 13:24:30.115,com.sec.android.app.shealth,2024-09-19 13:24:30.115,,1.4031595,410.8314,20.781801,536,64Z1605Zgy,com.sec.android.app.shealth,0,ca6574d6-eb63-4b23-a4d2-7dbdfa4076db.achievement.json,ca6574d6-eb63-4b23-a4d2-7dbdfa4076db,1726617600000,
62720090,186,3942266e-bf77-4469-950a-f038c78941d7.binning_data.json,124888,6000,62720090,0,2024-09-21 08:27:35.382,com.sec.android.app.shealth,2024-09-21 06:58:24.158,3942266e-bf77-4469-950a-f038c78941d7.source_info.json,1.1175635,139.57077,7.289084,186,VfS0qUERdZ,com.sec.android.app.shealth,0,3942266e-bf77-4469-950a-f038c78941d7.achievement.json,3942266e-bf77-4469-950a-f038c78941d7,1726876800000,
62720090,186,102ba071-5d46-405d-b327-2b90977b96c8.binning_data.json,124888,6000,62720090,0,2024-09-21 22:13:58.914,com.sec.android.app.shealth,2024-09-21 22:13:58.914,,1.1175635,139.57077,7.289084,186,64Z1605Zgy,com.sec.android.app.shealth,0,102ba071-5d46-405d-b327-2b90977b96c8.achievement.json,102ba071-5d46-405d-b327-2b90977b96c8,1726876800000,
62720090,50,59894f1f-9f7c-495b-9d6e-7a91e0f7497e.binning_data.json,27479,6000,62720090,0,2024-09-22 13:50:13.904,com.sec.android.app.shealth,2024-09-22 06:47:35.483,59894f1f-9f7c-495b-9d6e-7a91e0f7497e.source_info.json,1.3838247,38.026764,1.9439662,50,VfS0qUERdZ,com.sec.android.app.shealth,0,59894f1f-9f7c-495b-9d6e-7a91e0f7497e.achievement.json,59894f1f-9f7c-495b-9d6e-7a91e0f7497e,1726963200000,
62720090,50,e33a36f9-4b8d-4e3c-8b7a-1d42ad49d998.binning_data.json,27479,6000,62720090,0,2024-09-23 10:12:36.433,com.sec.android.app.shealth,2024-09-23 10:12:36.433,,1.3838247,38.026764,1.9439662,50,64Z1605Zgy,com.sec.android.app.shealth,0,e33a36f9-4b8d-4e3c-8b7a-1d42ad49d998.achievement.json,e33a36f9-4b8d-4e3c-8b7a-1d42ad49d998,1726963200000,
62720090,905,b6dfe5a4-2a4e-4665-93d7-73dadab2bf10.binning_data.json,516168,6000,62720090,0,2024-09-24 15:19:41.816,com.sec.android.app.shealth,2024-09-24 05:53:14.495,b6dfe5a4-2a4e-4665-93d7-73dadab2bf10.source_info.json,1.3412167,692.2932,35.12279,905,VfS0qUERdZ,com.sec.android.app.shealth,0,b6dfe5a4-2a4e-4665-93d7-73dadab2bf10.achievement.json,b6dfe5a4-2a4e-4665-93d7-73dadab2bf10,1727136000000,
62720090,905,11bc6316-1e86-4438-8fde-82cbfdb21512.binning_data.json,516168,6000,62720090,0,2024-09-25 06:51:23.514,com.sec.android.app.shealth,2024-09-25 06:51:23.514,,1.3412167,692.2932,35.12279,905,64Z1605Zgy,com.sec.android.app.shealth,0,11bc6316-1e86-4438-8fde-82cbfdb21512.achievement.json,11bc6316-1e86-4438-8fde-82cbfdb21512,1727136000000,
62720090,178,fa30c98c-710c-4eb0-b797-cfb5528123b6.binning_data.json,100211,6000,62720090,0,2024-09-25 17:20:35.244,com.sec.android.app.shealth,2024-09-25 06:52:48.230,fa30c98c-710c-4eb0-b797-cfb5528123b6.source_info.json,1.3337605,133.65805,6.9818897,178,VfS0qUERdZ,com.sec.android.app.shealth,0,fa30c98c-710c-4eb0-b797-cfb5528123b6.achievement.json,fa30c98c-710c-4eb0-b797-cfb5528123b6,1727222400000,
62720090,178,d8e46f0f-246d-46d8-a8b9-bed037c5e29d.binning_data.json,100211,6000,62720090,0,2024-09-25 22:00:02.977,com.sec.android.app.shealth,2024-09-25 22:00:02.977,,1.3337605,133.65805,6.9818897,178,64Z1605Zgy,com.sec.android.app.shealth,0,d8e46f0f-246d-46d8-a8b9-bed037c5e29d.achievement.json,d8e46f0f-246d-46d8-a8b9-bed037c5e29d,1727222400000,
62720090,409,29ce094d-e732-43b4-bd3c-b97a304ef999.binning_data.json,240003,6000,62720090,0,2024-09-26 14:17:11.121,com.sec.android.app.shealth,2024-09-26 05:18:13.252,29ce094d-e732-43b4-bd3c-b97a304ef999.source_info.json,1.3125541,315.01797,15.839476,409,VfS0qUERdZ,com.sec.android.app.shealth,0,29ce094d-e732-43b4-bd3c-b97a304ef999.achievement.json,29ce094d-e732-43b4-bd3c-b97a304ef999,1727308800000,
62720090,409,cc8fb146-80bc-46cf-85ce-a04d8e077059.binning_data.json,240003,6000,62720090,0,2024-09-26 22:26:50.094,com.sec.android.app.shealth,2024-09-26 22:26:50.094,,1.3125541,315.01797,15.839476,409,64Z1605Zgy,com.sec.android.app.shealth,0,cc8fb146-80bc-46cf-85ce-a04d8e077059.achievement.json,cc8fb146-80bc-46cf-85ce-a04d8e077059,1727308800000,
62720090,49,f749ad1e-eff7-4218-a30b-c6b012516ee0.binning_data.json,25660,6000,62720090,0,2024-09-27 16:10:24.219,com.sec.android.app.shealth,2024-09-27 16:10:24.219,f749ad1e-eff7-4218-a30b-c6b012516ee0.source_info.json,1.4582175,37.41808,1.9022133,49,VfS0qUERdZ,com.sec.android.app.shealth,0,f749ad1e-eff7-4218-a30b-c6b012516ee0.achievement.json,f749ad1e-eff7-4218-a30b-c6b012516ee0,1727395200000,
62720090,49,39220d02-207d-4d0f-bb0f-0c1496f1b7d8.binning_data.json,25660,6000,62720090,0,2024-09-27 22:00:02.869,com.sec.android.app.shealth,2024-09-27 22:00:02.869,,1.4582175,37.41808,1.9022133,49,64Z1605Zgy,com.sec.android.app.shealth,0,39220d02-207d-4d0f-bb0f-0c1496f1b7d8.achievement.json,39220d02-207d-4d0f-bb0f-0c1496f1b7d8,1727395200000,
62720090,1846,7c296477-f36e-42dd-97fc-412f605fd2c1.binning_data.json,1183542,6000,62720090,0,2024-09-30 21:43:58.036,com.sec.android.app.shealth,2024-09-30 07:47:22.244,7c296477-f36e-42dd-97fc-412f605fd2c1.source_info.json,1.1335107,1341.5586,75.528625,1846,VfS0qUERdZ,com.sec.android.app.shealth,0,7c296477-f36e-42dd-97fc-412f605fd2c1.achievement.json,7c296477-f36e-42dd-97fc-412f605fd2c1,1727654400000,
62720090,371,ad31d11d-1b72-4689-864f-212b64b82ffa.binning_data.json,235877,6000,62720090,0,2024-10-01 01:02:04.018,com.sec.android.app.shealth,2024-10-01 01:02:04.018,,1.1716728,276.37143,14.614481,371,64Z1605Zgy,com.sec.android.app.shealth,0,ad31d11d-1b72-4689-864f-212b64b82ffa.achievement.json,ad31d11d-1b72-4689-864f-212b64b82ffa,1727654400000,
62720090,1538,04832b24-3613-4499-8481-d9c2eddb18e4.binning_data.json,983719,6000,62720090,0,2024-10-01 01:02:06.928,com.sec.android.app.shealth,2024-10-01 01:02:06.928,,1.130891,1112.48,63.380013,1538,ooOmDJ1LSk,com.sec.android.app.shealth,0,04832b24-3613-4499-8481-d9c2eddb18e4.achievement.json,04832b24-3613-4499-8481-d9c2eddb18e4,1727654400000,
62720090,3496,50fefc92-5180-4418-9570-3e1984bf1188.binning_data.json,2337298,6000,62720090,8,2024-10-01 13:35:44.435,com.sec.android.app.shealth,2024-10-01 03:47:35.596,50fefc92-5180-4418-9570-3e1984bf1188.source_info.json,1.0725988,2506.984,145.19894,3488,VfS0qUERdZ,com.sec.android.app.shealth,0,50fefc92-5180-4418-9570-3e1984bf1188.achievement.json,50fefc92-5180-4418-9570-3e1984bf1188,1727740800000,
62720090,448,4568209e-23cc-4a04-b5fd-a4bf3cc9d3d9.binning_data.json,292647,6000,62720090,0,2024-10-01 22:00:02.644,com.sec.android.app.shealth,2024-10-01 22:00:02.644,,1.1171911,326.94354,17.910717,448,64Z1605Zgy,com.sec.android.app.shealth,0,4568209e-23cc-4a04-b5fd-a4bf3cc9d3d9.achievement.json,4568209e-23cc-4a04-b5fd-a4bf3cc9d3d9,1727740800000,
62720090,3488,7d8bf99e-2d82-4be9-9de0-2cff7148c105.binning_data.json,2332477,6000,62720090,8,2024-10-01 22:00:03.907,com.sec.android.app.shealth,2024-10-01 22:00:03.907,,1.0720999,2500.6494,144.90994,3480,ooOmDJ1LSk,com.sec.android.app.shealth,0,7d8bf99e-2d82-4be9-9de0-2cff7148c105.achievement.json,7d8bf99e-2d82-4be9-9de0-2cff7148c105,1727740800000,
62720090,176,e3cf9943-05f2-4b8a-97e0-58d47ba6278e.binning_data.json,115294,6000,62720090,0,2024-10-04 20:41:41.727,com.sec.android.app.shealth,2024-10-04 11:19:19.168,e3cf9943-05f2-4b8a-97e0-58d47ba6278e.source_info.json,1.1485155,132.41797,6.896635,176,VfS0qUERdZ,com.sec.android.app.shealth,0,e3cf9943-05f2-4b8a-97e0-58d47ba6278e.achievement.json,e3cf9943-05f2-4b8a-97e0-58d47ba6278e,1728000000000,
62720090,176,183ccf99-5050-4b95-957f-dcb6a5c9553b.binning_data.json,115294,6000,62720090,0,2024-10-05 16:04:34.343,com.sec.android.app.shealth,2024-10-05 16:04:34.343,,1.1485155,132.41797,6.896635,176,64Z1605Zgy,com.sec.android.app.shealth,0,183ccf99-5050-4b95-957f-dcb6a5c9553b.achievement.json,183ccf99-5050-4b95-957f-dcb6a5c9553b,1728000000000,
62720090,7,027da338-3425-43df-94c2-37ce5bf1d0ec.binning_data.json,4067,6000,62720090,0,2024-10-06 00:11:33.513,com.sec.android.app.shealth,2024-10-05 16:04:39.996,027da338-3425-43df-94c2-37ce5bf1d0ec.source_info.json,1.300992,5.2917604,0.2728929,7,VfS0qUERdZ,com.sec.android.app.shealth,0,027da338-3425-43df-94c2-37ce5bf1d0ec.achievement.json,027da338-3425-43df-94c2-37ce5bf1d0ec,1728086400000,
62720090,7,243106c1-4997-4288-9d79-438be07a8755.binning_data.json,4067,6000,62720090,0,2024-10-06 00:11:25.963,com.sec.android.app.shealth,2024-10-06 00:11:25.963,,1.300992,5.2917604,0.2728929,7,64Z1605Zgy,com.sec.android.app.shealth,0,243106c1-4997-4288-9d79-438be07a8755.achievement.json,243106c1-4997-4288-9d79-438be07a8755,1728086400000,
62720090,233,fae9b3b2-7bc7-4566-914e-a4a98fd88add.binning_data.json,155388,6000,62720090,0,2024-10-09 09:25:04.588,com.sec.android.app.shealth,2024-10-09 06:24:37.754,fae9b3b2-7bc7-4566-914e-a4a98fd88add.source_info.json,1.112037,172.79733,9.192652,233,VfS0qUERdZ,com.sec.android.app.shealth,0,fae9b3b2-7bc7-4566-914e-a4a98fd88add.achievement.json,fae9b3b2-7bc7-4566-914e-a4a98fd88add,1728432000000,
62720090,233,8b748a20-01c8-4f3d-a216-b48c2a8290cf.binning_data.json,155388,6000,62720090,0,2024-10-11 11:49:06.421,com.sec.android.app.shealth,2024-10-11 11:49:06.421,,1.112037,172.79733,9.192652,233,64Z1605Zgy,com.sec.android.app.shealth,0,8b748a20-01c8-4f3d-a216-b48c2a8290cf.achievement.json,8b748a20-01c8-4f3d-a216-b48c2a8290cf,1728432000000,
62720090,101,a98de9d8-182e-41c4-94f0-58ee4e083b98.binning_data.json,59191,6000,62720090,0,2024-10-12 09:17:44.143,com.sec.android.app.shealth,2024-10-12 08:59:59.087,a98de9d8-182e-41c4-94f0-58ee4e083b98.source_info.json,1.2896466,76.33568,3.940051,101,VfS0qUERdZ,com.sec.android.app.shealth,0,a98de9d8-182e-41c4-94f0-58ee4e083b98.achievement.json,a98de9d8-182e-41c4-94f0-58ee4e083b98,1728691200000,
62720090,101,412b8dd9-cdd2-44b6-9861-2842d40b17be.binning_data.json,59191,6000,62720090,0,2024-10-12 22:17:01.002,com.sec.android.app.shealth,2024-10-12 22:17:01.002,,1.2896466,76.33568,3.940051,101,64Z1605Zgy,com.sec.android.app.shealth,0,412b8dd9-cdd2-44b6-9861-2842d40b17be.achievement.json,412b8dd9-cdd2-44b6-9861-2842d40b17be,1728691200000,
62720090,36,d9baa41d-70c8-4dad-ad0e-c52745657072.binning_data.json,21336,6000,62720090,0,2024-10-14 12:03:53.276,com.sec.android.app.shealth,2024-10-14 12:03:53.276,d9baa41d-70c8-4dad-ad0e-c52745657072.source_info.json,1.2552066,26.781418,1.4154141,36,VfS0qUERdZ,com.sec.android.app.shealth,0,d9baa41d-70c8-4dad-ad0e-c52745657072.achievement.json,d9baa41d-70c8-4dad-ad0e-c52745657072,1728864000000,
62720090,36,eb61ce2d-27c8-4a2f-86ec-26ac4e3bfb00.binning_data.json,21336,6000,62720090,0,2024-10-15 07:14:37.463,com.sec.android.app.shealth,2024-10-15 07:14:37.463,,1.2552066,26.781418,1.4154141,36,64Z1605Zgy,com.sec.android.app.shealth,0,eb61ce2d-27c8-4a2f-86ec-26ac4e3bfb00.achievement.json,eb61ce2d-27c8-4a2f-86ec-26ac4e3bfb00,1728864000000,
62720090,55,126584f0-dd31-45da-95b9-ee897b341874.binning_data.json,31667,6000,62720090,0,2024-10-15 10:59:25.827,com.sec.android.app.shealth,2024-10-15 10:56:15.067,126584f0-dd31-45da-95b9-ee897b341874.source_info.json,1.3016291,41.2187,2.1594746,55,VfS0qUERdZ,com.sec.android.app.shealth,0,126584f0-dd31-45da-95b9-ee897b341874.achievement.json,126584f0-dd31-45da-95b9-ee897b341874,1728950400000,
62720090,55,cab094c0-3963-4578-957d-a5d38e6f0f39.binning_data.json,31667,6000,62720090,0,2024-10-16 00:18:37.932,com.sec.android.app.shealth,2024-10-16 00:18:37.932,,1.3016291,41.2187,2.1594746,55,64Z1605Zgy,com.sec.android.app.shealth,0,cab094c0-3963-4578-957d-a5d38e6f0f39.achievement.json,cab094c0-3963-4578-957d-a5d38e6f0f39,1728950400000,
62720090,31,49fb838b-82c1-4cc0-ad3e-8315421c187d.binning_data.json,25373,6000,62720090,0,2024-10-16 17:56:11.748,com.sec.android.app.shealth,2024-10-16 09:27:57.747,49fb838b-82c1-4cc0-ad3e-8315421c187d.source_info.json,0.9276991,23.539242,1.2079332,31,VfS0qUERdZ,com.sec.android.app.shealth,0,49fb838b-82c1-4cc0-ad3e-8315421c187d.achievement.json,49fb838b-82c1-4cc0-ad3e-8315421c187d,1729036800000,
62720090,31,9b485fdb-270d-4597-b858-719011385923.binning_data.json,25373,6000,62720090,0,2024-10-17 01:36:57.431,com.sec.android.app.shealth,2024-10-17 01:36:57.431,,0.9276991,23.539242,1.2079332,31,64Z1605Zgy,com.sec.android.app.shealth,0,9b485fdb-270d-4597-b858-719011385923.achievement.json,9b485fdb-270d-4597-b858-719011385923,1729036800000,
62720090,44,278b88e7-8a55-4683-9896-d5adbfa923bd.binning_data.json,24185,6000,62720090,0,2024-10-20 06:49:10.725,com.sec.android.app.shealth,2024-10-20 06:41:56.685,278b88e7-8a55-4683-9896-d5adbfa923bd.source_info.json,1.3797727,33.37009,1.71362,44,VfS0qUERdZ,com.sec.android.app.shealth,0,278b88e7-8a55-4683-9896-d5adbfa923bd.achievement.json,278b88e7-8a55-4683-9896-d5adbfa923bd,1729382400000,
62720090,44,09005af9-2f7a-417f-a2fd-baa71892f1fb.binning_data.json,24185,6000,62720090,0,2024-10-21 01:51:07.146,com.sec.android.app.shealth,2024-10-21 01:51:07.146,,1.3797727,33.37009,1.71362,44,64Z1605Zgy,com.sec.android.app.shealth,0,09005af9-2f7a-417f-a2fd-baa71892f1fb.achievement.json,09005af9-2f7a-417f-a2fd-baa71892f1fb,1729382400000,
62720090,35,8215cfeb-c4d5-4aa7-a9a8-a4107f6e2dfa.binning_data.json,27381,6000,62810050,0,2024-10-26 23:17:32.076,com.sec.android.app.shealth,2024-10-21 07:59:10.854,8215cfeb-c4d5-4aa7-a9a8-a4107f6e2dfa.source_info.json,0.97894835,26.804937,1.3595761,35,VfS0qUERdZ,com.sec.android.app.shealth,0,8215cfeb-c4d5-4aa7-a9a8-a4107f6e2dfa.achievement.json,8215cfeb-c4d5-4aa7-a9a8-a4107f6e2dfa,1729468800000,
62720090,35,a658bd19-99b5-41b8-b3c4-7f1e750ea988.binning_data.json,27381,6000,62720090,0,2024-10-21 23:45:16.230,com.sec.android.app.shealth,2024-10-21 23:45:16.230,,0.97894835,26.804937,1.3595761,35,64Z1605Zgy,com.sec.android.app.shealth,0,a658bd19-99b5-41b8-b3c4-7f1e750ea988.achievement.json,a658bd19-99b5-41b8-b3c4-7f1e750ea988,1729468800000,
62720090,22,3d9a783b-1c1a-41bf-8821-35d0f75e617c.binning_data.json,13443,6000,62810050,0,2024-10-28 09:32:07.843,com.sec.android.app.shealth,2024-10-22 10:11:14.989,3d9a783b-1c1a-41bf-8821-35d0f75e617c.source_info.json,1.2207757,16.411077,0.86377424,22,VfS0qUERdZ,com.sec.android.app.shealth,0,3d9a783b-1c1a-41bf-8821-35d0f75e617c.achievement.json,3d9a783b-1c1a-41bf-8821-35d0f75e617c,1729555200000,
62720090,22,1d4ea1a3-feb9-4983-b93e-cbd27aee80bf.binning_data.json,13443,6000,62720090,0,2024-10-22 23:43:25.395,com.sec.android.app.shealth,2024-10-22 23:43:25.395,,1.2207757,16.411077,0.86377424,22,64Z1605Zgy,com.sec.android.app.shealth,0,1d4ea1a3-feb9-4983-b93e-cbd27aee80bf.achievement.json,1d4ea1a3-feb9-4983-b93e-cbd27aee80bf,1729555200000,
62720090,14,b2ab6a49-8bfb-4092-88c3-5e1335c0c9b8.binning_data.json,8391,6000,62720090,0,2024-10-23 05:42:54.533,com.sec.android.app.shealth,2024-10-23 05:42:54.533,b2ab6a49-8bfb-4092-88c3-5e1335c0c9b8.source_info.json,1.2401596,10.406921,0.55029255,14,VfS0qUERdZ,com.sec.android.app.shealth,0,b2ab6a49-8bfb-4092-88c3-5e1335c0c9b8.achievement.json,b2ab6a49-8bfb-4092-88c3-5e1335c0c9b8,1729641600000,
62720090,14,11f86e10-ff64-4093-8b47-45ec8ceb3290.binning_data.json,8391,6000,62720090,0,2024-10-24 00:31:08.776,com.sec.android.app.shealth,2024-10-24 00:31:08.776,,1.2401596,10.406921,0.55029255,14,64Z1605Zgy,com.sec.android.app.shealth,0,11f86e10-ff64-4093-8b47-45ec8ceb3290.achievement.json,11f86e10-ff64-4093-8b47-45ec8ceb3290,1729641600000,
62810050,392,acd3a607-2c4b-4fab-ab7c-95893b92027f.binning_data.json,232808,6000,62810050,0,2024-10-30 10:45:55.815,com.sec.android.app.shealth,2024-10-24 09:10:31.119,acd3a607-2c4b-4fab-ab7c-95893b92027f.source_info.json,1.2556813,292.33292,15.426143,392,VfS0qUERdZ,com.sec.android.app.shealth,0,acd3a607-2c4b-4fab-ab7c-95893b92027f.achievement.json,acd3a607-2c4b-4fab-ab7c-95893b92027f,1729728000000,
62810050,392,2fc9f062-7c5e-4339-aad0-03e3f0b999fd.binning_data.json,232808,6000,62810050,0,2024-10-25 10:54:54.970,com.sec.android.app.shealth,2024-10-25 10:54:54.970,,1.2556813,292.33292,15.426143,392,64Z1605Zgy,com.sec.android.app.shealth,0,2fc9f062-7c5e-4339-aad0-03e3f0b999fd.achievement.json,2fc9f062-7c5e-4339-aad0-03e3f0b999fd,1729728000000,
62810050,64,b321ca91-a3b2-4639-873d-9e258142e7c4.binning_data.json,38622,6000,62810050,0,2024-10-31 04:47:05.374,com.sec.android.app.shealth,2024-10-25 12:30:07.811,b321ca91-a3b2-4639-873d-9e258142e7c4.source_info.json,1.2322541,47.592274,2.5249844,64,VfS0qUERdZ,com.sec.android.app.shealth,0,b321ca91-a3b2-4639-873d-9e258142e7c4.achievement.json,b321ca91-a3b2-4639-873d-9e258142e7c4,1729814400000,
62810050,64,b157e2c0-8ff2-4647-ab7b-3c002c91c793.binning_data.json,38622,6000,62810050,0,2024-10-26 03:02:42.052,com.sec.android.app.shealth,2024-10-26 03:02:42.052,,1.2322541,47.592274,2.5249844,64,64Z1605Zgy,com.sec.android.app.shealth,0,b157e2c0-8ff2-4647-ab7b-3c002c91c793.achievement.json,b157e2c0-8ff2-4647-ab7b-3c002c91c793,1729814400000,
62810050,62,cec4dbe4-4174-4729-b999-c7b6986606c1.binning_data.json,41155,6000,62810050,0,2024-10-31 23:10:04.022,com.sec.android.app.shealth,2024-10-26 06:47:57.593,cec4dbe4-4174-4729-b999-c7b6986606c1.source_info.json,1.1379799,46.834362,2.4217763,62,VfS0qUERdZ,com.sec.android.app.shealth,0,cec4dbe4-4174-4729-b999-c7b6986606c1.achievement.json,cec4dbe4-4174-4729-b999-c7b6986606c1,1729900800000,
62810050,62,69532dce-19b0-4be5-9bbc-09ae4bda1b42.binning_data.json,41155,6000,62810050,0,2024-10-26 23:17:21.945,com.sec.android.app.shealth,2024-10-26 23:17:21.945,,1.1379799,46.834362,2.4217763,62,64Z1605Zgy,com.sec.android.app.shealth,0,69532dce-19b0-4be5-9bbc-09ae4bda1b42.achievement.json,69532dce-19b0-4be5-9bbc-09ae4bda1b42,1729900800000,
62810050,144,bdaefe6b-1f8b-4a79-92e1-be73d9d386d4.binning_data.json,83179,6000,62810050,0,2024-11-01 23:00:03.983,com.sec.android.app.shealth,2024-10-27 09:31:18.292,bdaefe6b-1f8b-4a79-92e1-be73d9d386d4.source_info.json,1.3040255,108.46857,5.627668,144,VfS0qUERdZ,com.sec.android.app.shealth,0,bdaefe6b-1f8b-4a79-92e1-be73d9d386d4.achievement.json,bdaefe6b-1f8b-4a79-92e1-be73d9d386d4,1729987200000,
62810050,144,42143638-fb22-4982-b029-1d178db96c48.binning_data.json,83179,6000,62810050,0,2024-10-28 09:32:07.249,com.sec.android.app.shealth,2024-10-28 09:32:07.249,,1.3040255,108.46857,5.627668,144,64Z1605Zgy,com.sec.android.app.shealth,0,42143638-fb22-4982-b029-1d178db96c48.achievement.json,42143638-fb22-4982-b029-1d178db96c48,1729987200000,
62810050,44,39e05acd-705f-43bb-8dc5-ff30f66d0a87.binning_data.json,25450,6000,62810050,0,2024-10-28 09:36:40.277,com.sec.android.app.shealth,2024-10-28 09:34:46.784,39e05acd-705f-43bb-8dc5-ff30f66d0a87.source_info.json,1.2931756,32.911423,1.724998,44,VfS0qUERdZ,com.sec.android.app.shealth,0,39e05acd-705f-43bb-8dc5-ff30f66d0a87.achievement.json,39e05acd-705f-43bb-8dc5-ff30f66d0a87,1730073600000,
62810050,44,250e96c1-5d89-41d0-8629-daf0d0ff52a7.binning_data.json,25450,6000,62810050,0,2024-10-30 10:45:54.714,com.sec.android.app.shealth,2024-10-30 10:45:54.714,,1.2931756,32.911423,1.724998,44,64Z1605Zgy,com.sec.android.app.shealth,0,250e96c1-5d89-41d0-8629-daf0d0ff52a7.achievement.json,250e96c1-5d89-41d0-8629-daf0d0ff52a7,1730073600000,
62810050,75,a16bab16-97f7-448e-ac21-0920ca30c27e.binning_data.json,43265,6000,62810050,0,2024-10-30 14:11:19.762,com.sec.android.app.shealth,2024-10-30 11:05:22.713,a16bab16-97f7-448e-ac21-0920ca30c27e.source_info.json,1.298793,56.193047,2.948074,75,VfS0qUERdZ,com.sec.android.app.shealth,0,a16bab16-97f7-448e-ac21-0920ca30c27e.achievement.json,a16bab16-97f7-448e-ac21-0920ca30c27e,1730246400000,
62810050,75,53eec4d8-1e18-46e7-88aa-5f2698af09a2.binning_data.json,43265,6000,62810050,0,2024-10-31 04:46:45.872,com.sec.android.app.shealth,2024-10-31 04:46:45.872,,1.298793,56.193047,2.948074,75,64Z1605Zgy,com.sec.android.app.shealth,0,53eec4d8-1e18-46e7-88aa-5f2698af09a2.achievement.json,53eec4d8-1e18-46e7-88aa-5f2698af09a2,1730246400000,
62810050,230,a5ce0a61-514d-41c9-b6d0-2f81527314fb.binning_data.json,140840,6000,62810050,0,2024-10-31 18:40:10.172,com.sec.android.app.shealth,2024-10-31 08:03:32.999,a5ce0a61-514d-41c9-b6d0-2f81527314fb.source_info.json,1.2383842,174.4152,8.9709425,230,VfS0qUERdZ,com.sec.android.app.shealth,0,a5ce0a61-514d-41c9-b6d0-2f81527314fb.achievement.json,a5ce0a61-514d-41c9-b6d0-2f81527314fb,1730332800000,
62810050,230,b7aba9a0-df8a-4a9e-836d-385ac27c22d7.binning_data.json,140840,6000,62810050,0,2024-10-31 23:09:54.770,com.sec.android.app.shealth,2024-10-31 23:09:54.770,,1.2383842,174.4152,8.9709425,230,64Z1605Zgy,com.sec.android.app.shealth,0,b7aba9a0-df8a-4a9e-836d-385ac27c22d7.achievement.json,b7aba9a0-df8a-4a9e-836d-385ac27c22d7,1730332800000,
62810050,109,f5d81668-0ba3-460d-8e84-30e42d353693.binning_data.json,64764,6000,62810050,0,2024-11-02 11:04:28.672,com.sec.android.app.shealth,2024-11-02 09:10:19.095,f5d81668-0ba3-460d-8e84-30e42d353693.source_info.json,1.265856,81.98259,4.2713127,109,VfS0qUERdZ,com.sec.android.app.shealth,0,f5d81668-0ba3-460d-8e84-30e42d353693.achievement.json,f5d81668-0ba3-460d-8e84-30e42d353693,1730505600000,
62810050,109,d5b8f08b-dd86-403f-abd7-f278b56ca638.binning_data.json,64764,6000,62810050,0,2024-11-03 00:44:11.400,com.sec.android.app.shealth,2024-11-03 00:44:11.400,,1.265856,81.98259,4.2713127,109,64Z1605Zgy,com.sec.android.app.shealth,0,d5b8f08b-dd86-403f-abd7-f278b56ca638.achievement.json,d5b8f08b-dd86-403f-abd7-f278b56ca638,1730505600000,
62810050,32,2159543a-bb44-4792-abd4-517dbe4d7c49.binning_data.json,20550,6000,62810050,0,2024-11-03 08:36:44.045,com.sec.android.app.shealth,2024-11-03 08:35:27.663,2159543a-bb44-4792-abd4-517dbe4d7c49.source_info.json,1.1362649,23.350555,1.273962,32,VfS0qUERdZ,com.sec.android.app.shealth,0,2159543a-bb44-4792-abd4-517dbe4d7c49.achievement.json,2159543a-bb44-4792-abd4-517dbe4d7c49,1730592000000,
62810050,32,e253a081-275c-41e6-8c62-1461db7bb8fc.binning_data.json,20550,6000,62810050,0,2024-11-03 23:00:02.864,com.sec.android.app.shealth,2024-11-03 23:00:02.864,,1.1362649,23.350555,1.273962,32,64Z1605Zgy,com.sec.android.app.shealth,0,e253a081-275c-41e6-8c62-1461db7bb8fc.achievement.json,e253a081-275c-41e6-8c62-1461db7bb8fc,1730592000000,
62810050,195,40fd37f6-cadf-48e5-8e17-33e3f2d2d5c0.binning_data.json,115723,6000,62810050,0,2024-11-04 17:05:24.571,com.sec.android.app.shealth,2024-11-04 06:57:43.444,40fd37f6-cadf-48e5-8e17-33e3f2d2d5c0.source_info.json,1.2550955,145.24393,7.6739626,195,VfS0qUERdZ,com.sec.android.app.shealth,0,40fd37f6-cadf-48e5-8e17-33e3f2d2d5c0.achievement.json,40fd37f6-cadf-48e5-8e17-33e3f2d2d5c0,1730678400000,
62810050,195,6723a52a-8e7b-4168-b4b3-2a5151c81b82.binning_data.json,115723,6000,62810050,0,2024-11-05 01:20:20.717,com.sec.android.app.shealth,2024-11-05 01:20:20.717,,1.2550955,145.24393,7.6739626,195,64Z1605Zgy,com.sec.android.app.shealth,0,6723a52a-8e7b-4168-b4b3-2a5151c81b82.achievement.json,6723a52a-8e7b-4168-b4b3-2a5151c81b82,1730678400000,
62810050,6150,293e4516-7f54-4deb-ad65-24faf1e41481.binning_data.json,3820211,6000,62810050,0,2024-11-06 08:54:16.537,com.sec.android.app.shealth,2024-11-05 08:11:50.746,293e4516-7f54-4deb-ad65-24faf1e41481.source_info.json,1.1736383,4483.5464,250.91223,6150,VfS0qUERdZ,com.sec.android.app.shealth,0,293e4516-7f54-4deb-ad65-24faf1e41481.achievement.json,293e4516-7f54-4deb-ad65-24faf1e41481,1730764800000,
62810050,114,44b99ca0-79f0-4fff-bb93-6c01d127cf21.binning_data.json,64936,6000,62810050,0,2024-11-06 08:54:16.546,com.sec.android.app.shealth,2024-11-06 08:54:16.546,,1.3125211,85.23107,4.4745264,114,64Z1605Zgy,com.sec.android.app.shealth,0,44b99ca0-79f0-4fff-bb93-6c01d127cf21.achievement.json,44b99ca0-79f0-4fff-bb93-6c01d127cf21,1730764800000,
62810050,54,d10101f2-eefc-4f23-9d29-6dae85c25a01.binning_data.json,32063,6000,62810050,4,2024-11-06 08:54:19.532,com.sec.android.app.shealth,2024-11-06 08:54:19.532,d10101f2-eefc-4f23-9d29-6dae85c25a01.source_info.json,1.2550236,40.24,2.3899999,50,VfS0qUERdZ,com.sec.android.app.shealth,0,d10101f2-eefc-4f23-9d29-6dae85c25a01.achievement.json,d10101f2-eefc-4f23-9d29-6dae85c25a01,1730851200000,
62810050,54,8ac79b12-c8e6-4995-a217-a6c7011f8746.binning_data.json,32063,6000,62810050,4,2024-11-06 08:54:20.063,com.sec.android.app.shealth,2024-11-06 08:54:20.063,,1.2550236,40.24,2.3899999,50,ooOmDJ1LSk,com.sec.android.app.shealth,0,8ac79b12-c8e6-4995-a217-a6c7011f8746.achievement.json,8ac79b12-c8e6-4995-a217-a6c7011f8746,1730851200000,
62810050,6141,113ca75a-5c19-4f8a-80e2-2cec202080fb.binning_data.json,3814359,6000,62810050,0,2024-11-06 08:54:20.102,com.sec.android.app.shealth,2024-11-06 08:54:20.102,,1.1736697,4476.799,250.56003,6141,ooOmDJ1LSk,com.sec.android.app.shealth,0,113ca75a-5c19-4f8a-80e2-2cec202080fb.achievement.json,113ca75a-5c19-4f8a-80e2-2cec202080fb,1730764800000,
62810050,1184,67fd207b-e7db-4dea-a7e3-747154a7656f.binning_data.json,674505,6000,62810050,0,2024-11-07 15:35:00.714,com.sec.android.app.shealth,2024-11-07 09:03:51.989,67fd207b-e7db-4dea-a7e3-747154a7656f.source_info.json,1.3216956,891.49066,50.51817,1184,VfS0qUERdZ,com.sec.android.app.shealth,0,67fd207b-e7db-4dea-a7e3-747154a7656f.achievement.json,67fd207b-e7db-4dea-a7e3-747154a7656f,1730937600000,
62810050,590,cffa5180-808a-4c28-b492-e45e64306006.binning_data.json,323620,6000,62810050,0,2024-11-07 23:00:02.520,com.sec.android.app.shealth,2024-11-07 23:00:02.520,,1.400761,453.31564,22.856178,590,64Z1605Zgy,com.sec.android.app.shealth,0,cffa5180-808a-4c28-b492-e45e64306006.achievement.json,cffa5180-808a-4c28-b492-e45e64306006,1730937600000,
62810050,775,fd5fa429-3879-4d75-8afa-a21b44d6e282.binning_data.json,447472,6000,62810050,0,2024-11-07 23:00:03.644,com.sec.android.app.shealth,2024-11-07 23:00:03.644,,1.2905142,577.47003,34.67,775,ooOmDJ1LSk,com.sec.android.app.shealth,0,fd5fa429-3879-4d75-8afa-a21b44d6e282.achievement.json,fd5fa429-3879-4d75-8afa-a21b44d6e282,1730937600000,
62810050,80,a92eb8f9-6813-44ab-b5d1-5220dec4659a.binning_data.json,45749,6000,62810050,0,2024-11-08 10:09:51.469,com.sec.android.app.shealth,2024-11-08 10:07:05.832,a92eb8f9-6813-44ab-b5d1-5220dec4659a.source_info.json,1.3171475,60.25833,3.1251125,80,VfS0qUERdZ,com.sec.android.app.shealth,0,a92eb8f9-6813-44ab-b5d1-5220dec4659a.achievement.json,a92eb8f9-6813-44ab-b5d1-5220dec4659a,1731024000000,
62810050,80,a99434e9-b223-4942-aa98-03071869e9d4.binning_data.json,45749,6000,62810050,0,2024-11-09 10:41:36.350,com.sec.android.app.shealth,2024-11-09 10:41:36.350,,1.3171475,60.25833,3.1251125,80,64Z1605Zgy,com.sec.android.app.shealth,0,a99434e9-b223-4942-aa98-03071869e9d4.achievement.json,a99434e9-b223-4942-aa98-03071869e9d4,1731024000000,
62810050,81,23d2088a-b579-446a-a8e8-99db55c6307b.binning_data.json,49720,6000,62810050,0,2024-11-09 10:45:11.739,com.sec.android.app.shealth,2024-11-09 10:41:53.897,23d2088a-b579-446a-a8e8-99db55c6307b.source_info.json,1.2047887,59.902122,3.1974125,81,VfS0qUERdZ,com.sec.android.app.shealth,0,23d2088a-b579-446a-a8e8-99db55c6307b.achievement.json,23d2088a-b579-446a-a8e8-99db55c6307b,1731110400000,
62810050,81,fc419d8a-28cd-4bde-a8ff-8cc8225d22c1.binning_data.json,49720,6000,62810050,0,2024-11-10 02:38:09.918,com.sec.android.app.shealth,2024-11-10 02:38:09.918,,1.2047887,59.902122,3.1974125,81,64Z1605Zgy,com.sec.android.app.shealth,0,fc419d8a-28cd-4bde-a8ff-8cc8225d22c1.achievement.json,fc419d8a-28cd-4bde-a8ff-8cc8225d22c1,1731110400000,
62810050,30,5d13c5eb-6f84-4607-995c-c560e7715c83.binning_data.json,15770,6000,62810050,0,2024-11-10 08:21:57.922,com.sec.android.app.shealth,2024-11-10 07:50:46.828,5d13c5eb-6f84-4607-995c-c560e7715c83.source_info.json,1.4832247,23.391907,1.1563182,30,VfS0qUERdZ,com.sec.android.app.shealth,0,5d13c5eb-6f84-4607-995c-c560e7715c83.achievement.json,5d13c5eb-6f84-4607-995c-c560e7715c83,1731196800000,
62810050,30,5726b9fc-1164-4269-a17e-720a7205e0a0.binning_data.json,15770,6000,62810050,0,2024-11-12 08:34:40.260,com.sec.android.app.shealth,2024-11-12 08:34:40.260,,1.4832247,23.391907,1.1563182,30,64Z1605Zgy,com.sec.android.app.shealth,0,5726b9fc-1164-4269-a17e-720a7205e0a0.achievement.json,5726b9fc-1164-4269-a17e-720a7205e0a0,1731196800000,
62810050,207,30641ea5-853e-427f-8bc1-aefc29176692.binning_data.json,119467,6000,62810050,0,2024-11-12 17:10:13.657,com.sec.android.app.shealth,2024-11-12 08:34:57.525,30641ea5-853e-427f-8bc1-aefc29176692.source_info.json,1.3006928,155.39064,8.11376,207,VfS0qUERdZ,com.sec.android.app.shealth,0,30641ea5-853e-427f-8bc1-aefc29176692.achievement.json,30641ea5-853e-427f-8bc1-aefc29176692,1731369600000,
62820030,207,a6136221-0987-4aee-b365-39276b6a6271.binning_data.json,119467,6000,62820030,0,2024-11-12 23:00:02.247,com.sec.android.app.shealth,2024-11-12 23:00:02.247,,1.3006928,155.39064,8.11376,207,64Z1605Zgy,com.sec.android.app.shealth,0,a6136221-0987-4aee-b365-39276b6a6271.achievement.json,a6136221-0987-4aee-b365-39276b6a6271,1731369600000,
62820030,262,2fa789ed-2044-43bc-8f3b-64dd9c861742.binning_data.json,142580,6000,62820030,0,2024-11-13 18:20:12.165,com.sec.android.app.shealth,2024-11-13 18:05:23.408,2fa789ed-2044-43bc-8f3b-64dd9c861742.source_info.json,1.4102762,201.07823,10.152739,262,VfS0qUERdZ,com.sec.android.app.shealth,0,2fa789ed-2044-43bc-8f3b-64dd9c861742.achievement.json,2fa789ed-2044-43bc-8f3b-64dd9c861742,1731456000000,
62820030,262,572a94e5-2deb-4a08-aaf9-dd878d36735d.binning_data.json,142580,6000,62820030,0,2024-11-14 09:09:50.854,com.sec.android.app.shealth,2024-11-14 09:09:50.854,,1.4102762,201.07823,10.152739,262,64Z1605Zgy,com.sec.android.app.shealth,0,572a94e5-2deb-4a08-aaf9-dd878d36735d.achievement.json,572a94e5-2deb-4a08-aaf9-dd878d36735d,1731456000000,
62820030,138,3d85b684-a0b1-459b-abb0-5caed56f64f7.binning_data.json,80737,6000,62820030,0,2024-11-14 15:34:55.677,com.sec.android.app.shealth,2024-11-14 09:31:05.519,3d85b684-a0b1-459b-abb0-5caed56f64f7.source_info.json,1.3084999,105.64484,5.358282,138,VfS0qUERdZ,com.sec.android.app.shealth,0,3d85b684-a0b1-459b-abb0-5caed56f64f7.achievement.json,3d85b684-a0b1-459b-abb0-5caed56f64f7,1731542400000,
62820030,138,3b3b339b-deb6-4937-a86b-fc4133f71d35.binning_data.json,80737,6000,62820030,0,2024-11-14 23:00:07.572,com.sec.android.app.shealth,2024-11-14 23:00:07.572,,1.3084999,105.64484,5.358282,138,64Z1605Zgy,com.sec.android.app.shealth,0,3b3b339b-deb6-4937-a86b-fc4133f71d35.achievement.json,3b3b339b-deb6-4937-a86b-fc4133f71d35,1731542400000,
62820030,442,50227dd5-fb9e-4e9d-b6ed-3c3ca131f1dd.binning_data.json,242725,6000,62820030,0,2024-11-17 09:43:40.753,com.sec.android.app.shealth,2024-11-17 08:47:47.285,50227dd5-fb9e-4e9d-b6ed-3c3ca131f1dd.source_info.json,1.3875453,336.79242,17.200651,442,VfS0qUERdZ,com.sec.android.app.shealth,0,50227dd5-fb9e-4e9d-b6ed-3c3ca131f1dd.achievement.json,50227dd5-fb9e-4e9d-b6ed-3c3ca131f1dd,1731801600000,
62820030,442,ba843680-6693-4501-8629-7cc42c045407.binning_data.json,242725,6000,62820030,0,2024-11-18 08:01:48.700,com.sec.android.app.shealth,2024-11-18 08:01:48.700,,1.3875453,336.79242,17.200651,442,64Z1605Zgy,com.sec.android.app.shealth,0,ba843680-6693-4501-8629-7cc42c045407.achievement.json,ba843680-6693-4501-8629-7cc42c045407,1731801600000,
62820030,215,f5608b10-2d73-44d7-a29f-fc4fc1767b0c.binning_data.json,120546,6000,62820030,0,2024-11-20 19:31:08.546,com.sec.android.app.shealth,2024-11-20 11:22:59.092,f5608b10-2d73-44d7-a29f-fc4fc1767b0c.source_info.json,1.3561251,163.47615,8.36542,215,VfS0qUERdZ,com.sec.android.app.shealth,0,f5608b10-2d73-44d7-a29f-fc4fc1767b0c.achievement.json,f5608b10-2d73-44d7-a29f-fc4fc1767b0c,1732060800000,
62820030,215,e7874adc-7098-4637-843c-98e7be19a1e0.binning_data.json,120546,6000,62820030,0,2024-11-20 23:00:02.708,com.sec.android.app.shealth,2024-11-20 23:00:02.708,,1.3561251,163.47615,8.36542,215,64Z1605Zgy,com.sec.android.app.shealth,0,e7874adc-7098-4637-843c-98e7be19a1e0.achievement.json,e7874adc-7098-4637-843c-98e7be19a1e0,1732060800000,
62820030,70,a29e9820-d9e2-4543-8b37-9f6d14971652.binning_data.json,46006,6000,62820030,0,2024-11-21 19:57:52.108,com.sec.android.app.shealth,2024-11-21 09:27:40.236,a29e9820-d9e2-4543-8b37-9f6d14971652.source_info.json,1.1239775,51.71041,2.7714412,70,VfS0qUERdZ,com.sec.android.app.shealth,0,a29e9820-d9e2-4543-8b37-9f6d14971652.achievement.json,a29e9820-d9e2-4543-8b37-9f6d14971652,1732147200000,
62820030,70,2f9a4f17-5e10-4fd1-b66a-de0777e9e70a.binning_data.json,46006,6000,62820030,0,2024-11-21 23:39:23.536,com.sec.android.app.shealth,2024-11-21 23:39:23.536,,1.1239775,51.71041,2.7714412,70,64Z1605Zgy,com.sec.android.app.shealth,0,2f9a4f17-5e10-4fd1-b66a-de0777e9e70a.achievement.json,2f9a4f17-5e10-4fd1-b66a-de0777e9e70a,1732147200000,
62820030,15,8159b105-8b89-4e91-816f-ae10fa400ae8.binning_data.json,13153,6000,62820030,0,2024-11-22 16:34:22.470,com.sec.android.app.shealth,2024-11-22 06:52:20.787,8159b105-8b89-4e91-816f-ae10fa400ae8.source_info.json,0.81954134,10.779581,0.6065936,15,VfS0qUERdZ,com.sec.android.app.shealth,0,8159b105-8b89-4e91-816f-ae10fa400ae8.achievement.json,8159b105-8b89-4e91-816f-ae10fa400ae8,1732233600000,
62820030,15,053134a9-01a4-46fc-9dd5-4043ebbbb88d.binning_data.json,13153,6000,62820030,0,2024-11-23 00:56:02.808,com.sec.android.app.shealth,2024-11-23 00:56:02.808,,0.81954134,10.779581,0.6065936,15,64Z1605Zgy,com.sec.android.app.shealth,0,053134a9-01a4-46fc-9dd5-4043ebbbb88d.achievement.json,053134a9-01a4-46fc-9dd5-4043ebbbb88d,1732233600000,
62820030,124,bfe7d236-5494-4033-aad5-f84d5c66f381.binning_data.json,69705,6000,62820030,0,2024-11-24 15:36:19.187,com.sec.android.app.shealth,2024-11-24 11:28:32.856,bfe7d236-5494-4033-aad5-f84d5c66f381.source_info.json,1.3562002,94.53438,4.831662,124,VfS0qUERdZ,com.sec.android.app.shealth,0,bfe7d236-5494-4033-aad5-f84d5c66f381.achievement.json,bfe7d236-5494-4033-aad5-f84d5c66f381,1732406400000,
62820030,124,e78b8eb1-27cd-4217-a5fa-a3458988c4cd.binning_data.json,69705,6000,62820030,0,2024-11-24 23:00:02.472,com.sec.android.app.shealth,2024-11-24 23:00:02.472,,1.3562002,94.53438,4.831662,124,64Z1605Zgy,com.sec.android.app.shealth,0,e78b8eb1-27cd-4217-a5fa-a3458988c4cd.achievement.json,e78b8eb1-27cd-4217-a5fa-a3458988c4cd,1732406400000,
62820030,156,a0460527-f391-407f-a6e9-6104eb655385.binning_data.json,95693,6000,62820030,0,2024-11-25 11:40:31.729,com.sec.android.app.shealth,2024-11-25 08:57:01.807,a0460527-f391-407f-a6e9-6104eb655385.source_info.json,1.2389809,118.562775,6.07129,156,VfS0qUERdZ,com.sec.android.app.shealth,0,a0460527-f391-407f-a6e9-6104eb655385.achievement.json,a0460527-f391-407f-a6e9-6104eb655385,1732492800000,
62820030,156,c4234968-e755-4ab1-bcc0-eb39fb8c31ac.binning_data.json,95693,6000,62820030,0,2024-11-26 02:58:14.804,com.sec.android.app.shealth,2024-11-26 02:58:14.804,,1.2389809,118.562775,6.07129,156,64Z1605Zgy,com.sec.android.app.shealth,0,c4234968-e755-4ab1-bcc0-eb39fb8c31ac.achievement.json,c4234968-e755-4ab1-bcc0-eb39fb8c31ac,1732492800000,
62820030,279,c364240d-6dd8-4c98-8d46-75c55a1c21c5.binning_data.json,155866,6000,62820030,0,2024-11-27 22:08:16.449,com.sec.android.app.shealth,2024-11-27 17:47:57.727,c364240d-6dd8-4c98-8d46-75c55a1c21c5.source_info.json,1.3607166,212.09059,10.853703,279,VfS0qUERdZ,com.sec.android.app.shealth,0,c364240d-6dd8-4c98-8d46-75c55a1c21c5.achievement.json,c364240d-6dd8-4c98-8d46-75c55a1c21c5,1732665600000,
62820030,279,7985e5d0-67b5-4495-9c12-505f3a317ded.binning_data.json,155866,6000,62820030,0,2024-11-27 23:00:02.122,com.sec.android.app.shealth,2024-11-27 23:00:02.122,,1.3607166,212.09059,10.853703,279,64Z1605Zgy,com.sec.android.app.shealth,0,7985e5d0-67b5-4495-9c12-505f3a317ded.achievement.json,7985e5d0-67b5-4495-9c12-505f3a317ded,1732665600000,
62820030,1288,88f701e2-3ada-41f5-9ee3-253baf148dd9.binning_data.json,638225,6000,62820030,0,2024-11-28 12:40:30.614,com.sec.android.app.shealth,2024-11-28 09:34:01.667,88f701e2-3ada-41f5-9ee3-253baf148dd9.source_info.json,1.5875108,1013.18945,49.627975,1288,VfS0qUERdZ,com.sec.android.app.shealth,0,88f701e2-3ada-41f5-9ee3-253baf148dd9.achievement.json,88f701e2-3ada-41f5-9ee3-253baf148dd9,1732752000000,
62820030,1288,5e9fceb1-344a-4a41-a003-59ba34cedb0d.binning_data.json,638225,6000,62820030,0,2024-11-29 00:32:57.241,com.sec.android.app.shealth,2024-11-29 00:32:57.241,,1.5875108,1013.18945,49.627975,1288,64Z1605Zgy,com.sec.android.app.shealth,0,5e9fceb1-344a-4a41-a003-59ba34cedb0d.achievement.json,5e9fceb1-344a-4a41-a003-59ba34cedb0d,1732752000000,
62820030,236,a2d4b093-b63c-48ab-a136-6e889d541f14.binning_data.json,123957,6000,62820030,0,2024-11-29 17:24:28.843,com.sec.android.app.shealth,2024-11-29 07:24:31.014,a2d4b093-b63c-48ab-a136-6e889d541f14.source_info.json,1.4548168,180.33531,9.169524,236,VfS0qUERdZ,com.sec.android.app.shealth,0,a2d4b093-b63c-48ab-a136-6e889d541f14.achievement.json,a2d4b093-b63c-48ab-a136-6e889d541f14,1732838400000,
62820030,236,812bd5c5-29fd-4585-ae7d-8bb40e8bbcca.binning_data.json,123957,6000,62820030,0,2024-11-30 09:41:49.825,com.sec.android.app.shealth,2024-11-30 09:41:49.825,,1.4548168,180.33531,9.169524,236,64Z1605Zgy,com.sec.android.app.shealth,0,812bd5c5-29fd-4585-ae7d-8bb40e8bbcca.achievement.json,812bd5c5-29fd-4585-ae7d-8bb40e8bbcca,1732838400000,
62820030,29,4775c37c-d294-4939-a075-ecec74289c20.binning_data.json,16556,6000,62820030,0,2024-11-30 09:42:29.120,com.sec.android.app.shealth,2024-11-30 09:42:29.120,4775c37c-d294-4939-a075-ecec74289c20.source_info.json,1.3039259,21.588558,1.1401362,29,VfS0qUERdZ,com.sec.android.app.shealth,0,4775c37c-d294-4939-a075-ecec74289c20.achievement.json,4775c37c-d294-4939-a075-ecec74289c20,1732924800000,
62820030,29,93521a50-e6a1-4d43-a169-f2681fe1ed2a.binning_data.json,16556,6000,62820030,0,2024-12-01 18:13:45.437,com.sec.android.app.shealth,2024-12-01 18:13:45.437,,1.3039259,21.588558,1.1401362,29,64Z1605Zgy,com.sec.android.app.shealth,0,93521a50-e6a1-4d43-a169-f2681fe1ed2a.achievement.json,93521a50-e6a1-4d43-a169-f2681fe1ed2a,1732924800000,
62820030,18,b9d5b993-29c9-4bab-9d82-5ee4f54e440f.binning_data.json,10502,6000,62820030,0,2024-12-01 18:14:14.393,com.sec.android.app.shealth,2024-12-01 18:14:14.393,b9d5b993-29c9-4bab-9d82-5ee4f54e440f.source_info.json,1.2852865,13.498465,0.70415556,18,VfS0qUERdZ,com.sec.android.app.shealth,0,b9d5b993-29c9-4bab-9d82-5ee4f54e440f.achievement.json,b9d5b993-29c9-4bab-9d82-5ee4f54e440f,1733011200000,
62820030,18,7f72ef93-bb8b-4fd9-92b3-a2cdcbc73920.binning_data.json,10502,6000,62820030,0,2024-12-01 23:00:02.601,com.sec.android.app.shealth,2024-12-01 23:00:02.601,,1.2852865,13.498465,0.70415556,18,64Z1605Zgy,com.sec.android.app.shealth,0,7f72ef93-bb8b-4fd9-92b3-a2cdcbc73920.achievement.json,7f72ef93-bb8b-4fd9-92b3-a2cdcbc73920,1733011200000,
62820030,40,dabbfc1a-7345-4305-a487-e0d76dd7cac8.binning_data.json,22685,6000,62820030,0,2024-12-02 12:42:06.566,com.sec.android.app.shealth,2024-12-02 12:40:11.849,dabbfc1a-7345-4305-a487-e0d76dd7cac8.source_info.json,1.3349763,30.28496,1.5594488,40,VfS0qUERdZ,com.sec.android.app.shealth,0,dabbfc1a-7345-4305-a487-e0d76dd7cac8.achievement.json,dabbfc1a-7345-4305-a487-e0d76dd7cac8,1733097600000,
62820030,40,179ee1da-ae8e-44e3-8630-ef3f568a223e.binning_data.json,22685,6000,62820030,0,2024-12-03 13:56:33.941,com.sec.android.app.shealth,2024-12-03 13:56:33.941,,1.3349763,30.28496,1.5594488,40,64Z1605Zgy,com.sec.android.app.shealth,0,179ee1da-ae8e-44e3-8630-ef3f568a223e.achievement.json,179ee1da-ae8e-44e3-8630-ef3f568a223e,1733097600000,
62820030,122,e0cfe220-a332-4adc-83bb-62cc9306f4bd.binning_data.json,81087,6000,62820030,0,2024-12-03 18:32:43.146,com.sec.android.app.shealth,2024-12-03 13:56:54.967,e0cfe220-a332-4adc-83bb-62cc9306f4bd.source_info.json,1.1249034,91.215965,4.7879934,122,VfS0qUERdZ,com.sec.android.app.shealth,0,e0cfe220-a332-4adc-83bb-62cc9306f4bd.achievement.json,e0cfe220-a332-4adc-83bb-62cc9306f4bd,1733184000000,
62820030,122,97b1ae06-1f52-4a1f-98b0-87c5b033f7a4.binning_data.json,81087,6000,62820030,0,2024-12-03 23:00:02.655,com.sec.android.app.shealth,2024-12-03 23:00:02.655,,1.1249034,91.215965,4.7879934,122,64Z1605Zgy,com.sec.android.app.shealth,0,97b1ae06-1f52-4a1f-98b0-87c5b033f7a4.achievement.json,97b1ae06-1f52-4a1f-98b0-87c5b033f7a4,1733184000000,
62820030,395,1b74f299-cc35-425b-b7bb-0039f36aa35f.binning_data.json,212371,6000,62820030,0,2024-12-04 19:24:24.919,com.sec.android.app.shealth,2024-12-04 06:38:40.807,1b74f299-cc35-425b-b7bb-0039f36aa35f.source_info.json,1.4306023,303.81934,15.298276,395,VfS0qUERdZ,com.sec.android.app.shealth,0,1b74f299-cc35-425b-b7bb-0039f36aa35f.achievement.json,1b74f299-cc35-425b-b7bb-0039f36aa35f,1733270400000,
62820030,395,c02a6de6-1c13-4828-943e-3b653ae97e3a.binning_data.json,212371,6000,62820030,0,2024-12-04 23:02:37.023,com.sec.android.app.shealth,2024-12-04 23:02:37.023,,1.4306023,303.81934,15.298276,395,64Z1605Zgy,com.sec.android.app.shealth,0,c02a6de6-1c13-4828-943e-3b653ae97e3a.achievement.json,c02a6de6-1c13-4828-943e-3b653ae97e3a,1733270400000,
62820030,116,440e8ac7-f429-4fe9-b076-e679a50f49fa.binning_data.json,64173,6000,62820030,0,2024-12-05 11:11:23.052,com.sec.android.app.shealth,2024-12-05 10:46:50.741,440e8ac7-f429-4fe9-b076-e679a50f49fa.source_info.json,1.395205,89.53528,4.4884253,116,VfS0qUERdZ,com.sec.android.app.shealth,0,440e8ac7-f429-4fe9-b076-e679a50f49fa.achievement.json,440e8ac7-f429-4fe9-b076-e679a50f49fa,1733356800000,
62820030,116,1472c7fb-d9db-451d-9857-30d8321003d0.binning_data.json,64173,6000,62820030,0,2024-12-06 01:16:37.313,com.sec.android.app.shealth,2024-12-06 01:16:37.313,,1.395205,89.53528,4.4884253,116,64Z1605Zgy,com.sec.android.app.shealth,0,1472c7fb-d9db-451d-9857-30d8321003d0.achievement.json,1472c7fb-d9db-451d-9857-30d8321003d0,1733356800000,
62850050,33,baff81e8-8faf-4d98-bafa-2c6f82757416.binning_data.json,16956,6000,62850050,0,2024-12-08 07:49:39.919,com.sec.android.app.shealth,2024-12-08 07:38:46.112,baff81e8-8faf-4d98-bafa-2c6f82757416.source_info.json,1.510918,25.619938,1.2788892,33,VfS0qUERdZ,com.sec.android.app.shealth,0,baff81e8-8faf-4d98-bafa-2c6f82757416.achievement.json,baff81e8-8faf-4d98-bafa-2c6f82757416,1733616000000,
62850050,33,0574548a-cbaa-49f8-b216-6a6cd2135799.binning_data.json,16956,6000,62850050,0,2024-12-09 00:21:46.704,com.sec.android.app.shealth,2024-12-09 00:21:46.704,,1.510918,25.619938,1.2788892,33,64Z1605Zgy,com.sec.android.app.shealth,0,0574548a-cbaa-49f8-b216-6a6cd2135799.achievement.json,0574548a-cbaa-49f8-b216-6a6cd2135799,1733616000000,
62850050,196,309cbc98-8393-4f30-863b-ca73143acfe0.binning_data.json,116893,6000,62850050,0,2024-12-09 22:23:35.105,com.sec.android.app.shealth,2024-12-09 09:44:01.454,309cbc98-8393-4f30-863b-ca73143acfe0.source_info.json,1.2553409,146.74092,7.705302,196,VfS0qUERdZ,com.sec.android.app.shealth,0,309cbc98-8393-4f30-863b-ca73143acfe0.achievement.json,309cbc98-8393-4f30-863b-ca73143acfe0,1733702400000,
62850050,196,31de91d5-0371-4707-85ed-e37363a41e2d.binning_data.json,116893,6000,62850050,0,2024-12-09 23:00:02.687,com.sec.android.app.shealth,2024-12-09 23:00:02.687,,1.2553409,146.74092,7.705302,196,64Z1605Zgy,com.sec.android.app.shealth,0,31de91d5-0371-4707-85ed-e37363a41e2d.achievement.json,31de91d5-0371-4707-85ed-e37363a41e2d,1733702400000,
62850050,334,c7740ddf-e97d-4cf0-acf1-6b2e6b0368d6.binning_data.json,191246,6000,62850050,0,2024-12-10 15:40:18.926,com.sec.android.app.shealth,2024-12-10 09:40:14.469,c7740ddf-e97d-4cf0-acf1-6b2e6b0368d6.source_info.json,1.3259928,253.59187,13.026452,334,VfS0qUERdZ,com.sec.android.app.shealth,0,c7740ddf-e97d-4cf0-acf1-6b2e6b0368d6.achievement.json,c7740ddf-e97d-4cf0-acf1-6b2e6b0368d6,1733788800000,
62850050,334,0e1a3a40-e124-42d4-b01a-45733c492195.binning_data.json,191246,6000,62850050,0,2024-12-11 11:21:32.394,com.sec.android.app.shealth,2024-12-11 11:21:32.394,,1.3259928,253.59187,13.026452,334,64Z1605Zgy,com.sec.android.app.shealth,0,0e1a3a40-e124-42d4-b01a-45733c492195.achievement.json,0e1a3a40-e124-42d4-b01a-45733c492195,1733788800000,
62850050,296,b6da5c21-a481-4b35-9643-c902af0bb8eb.binning_data.json,160781,6000,62850050,0,2024-12-11 15:11:17.686,com.sec.android.app.shealth,2024-12-11 12:46:20.054,b6da5c21-a481-4b35-9643-c902af0bb8eb.source_info.json,1.4071866,226.24916,11.494421,296,VfS0qUERdZ,com.sec.android.app.shealth,0,b6da5c21-a481-4b35-9643-c902af0bb8eb.achievement.json,b6da5c21-a481-4b35-9643-c902af0bb8eb,1733875200000,
62850050,296,f02b2195-5506-4521-845e-5a75e54445de.binning_data.json,160781,6000,62850050,0,2024-12-12 00:00:47.555,com.sec.android.app.shealth,2024-12-12 00:00:47.555,,1.4071866,226.24916,11.494421,296,64Z1605Zgy,com.sec.android.app.shealth,0,f02b2195-5506-4521-845e-5a75e54445de.achievement.json,f02b2195-5506-4521-845e-5a75e54445de,1733875200000,
62850050,300,abbdf49e-4353-4c26-aa6d-2d5be79635dd.binning_data.json,176686,6000,62850050,0,2024-12-12 10:01:59.547,com.sec.android.app.shealth,2024-12-12 06:48:27.579,abbdf49e-4353-4c26-aa6d-2d5be79635dd.source_info.json,1.2765851,225.55519,11.738321,300,VfS0qUERdZ,com.sec.android.app.shealth,0,abbdf49e-4353-4c26-aa6d-2d5be79635dd.achievement.json,abbdf49e-4353-4c26-aa6d-2d5be79635dd,1733961600000,
62850050,300,3b03cf8e-5431-4e85-a9ce-6d70137d1ae1.binning_data.json,176686,6000,62850050,0,2024-12-15 16:34:13.667,com.sec.android.app.shealth,2024-12-15 16:34:13.667,,1.2765851,225.55519,11.738321,300,64Z1605Zgy,com.sec.android.app.shealth,0,3b03cf8e-5431-4e85-a9ce-6d70137d1ae1.achievement.json,3b03cf8e-5431-4e85-a9ce-6d70137d1ae1,1733961600000,
62850050,394,7c19237e-f9e2-45d1-b65e-05c1f6c723d9.binning_data.json,243444,6000,62850050,0,2024-12-16 21:38:29.612,com.sec.android.app.shealth,2024-12-16 10:57:50.586,7c19237e-f9e2-45d1-b65e-05c1f6c723d9.source_info.json,1.2338047,300.36288,15.325953,394,VfS0qUERdZ,com.sec.android.app.shealth,0,7c19237e-f9e2-45d1-b65e-05c1f6c723d9.achievement.json,7c19237e-f9e2-45d1-b65e-05c1f6c723d9,1734307200000,
62850050,394,f3023c64-63d3-4672-bc93-166b1f9496f2.binning_data.json,243444,6000,62850050,0,2024-12-16 23:00:03.295,com.sec.android.app.shealth,2024-12-16 23:00:03.295,,1.2338047,300.36288,15.325953,394,64Z1605Zgy,com.sec.android.app.shealth,0,f3023c64-63d3-4672-bc93-166b1f9496f2.achievement.json,f3023c64-63d3-4672-bc93-166b1f9496f2,1734307200000,
62850050,70,6b7a8c8d-e7ac-4c23-a4bd-116d6c121065.binning_data.json,37766,6000,62850050,0,2024-12-17 16:54:53.715,com.sec.android.app.shealth,2024-12-17 11:59:43.480,6b7a8c8d-e7ac-4c23-a4bd-116d6c121065.source_info.json,1.407303,53.14856,2.7275457,70,VfS0qUERdZ,com.sec.android.app.shealth,0,6b7a8c8d-e7ac-4c23-a4bd-116d6c121065.achievement.json,6b7a8c8d-e7ac-4c23-a4bd-116d6c121065,1734393600000,
62850050,70,ef4d9846-b4fd-4086-a7af-cd5b764a3727.binning_data.json,37766,6000,62850050,0,2024-12-17 23:38:14.828,com.sec.android.app.shealth,2024-12-17 23:38:14.828,,1.407303,53.14856,2.7275457,70,64Z1605Zgy,com.sec.android.app.shealth,0,ef4d9846-b4fd-4086-a7af-cd5b764a3727.achievement.json,ef4d9846-b4fd-4086-a7af-cd5b764a3727,1734393600000,
62850050,133,50187d18-31a6-4cbe-9495-abf8dd4c3989.binning_data.json,81778,6000,62850050,0,2024-12-18 17:57:56.153,com.sec.android.app.shealth,2024-12-18 10:10:47.454,50187d18-31a6-4cbe-9495-abf8dd4c3989.source_info.json,1.201019,98.21716,5.262867,133,VfS0qUERdZ,com.sec.android.app.shealth,0,50187d18-31a6-4cbe-9495-abf8dd4c3989.achievement.json,50187d18-31a6-4cbe-9495-abf8dd4c3989,1734480000000,
62850050,133,9155178b-2621-4815-8983-0d8d8c3c25ab.binning_data.json,81778,6000,62850050,0,2024-12-19 17:25:03.139,com.sec.android.app.shealth,2024-12-19 17:25:03.139,,1.201019,98.21716,5.262867,133,64Z1605Zgy,com.sec.android.app.shealth,0,9155178b-2621-4815-8983-0d8d8c3c25ab.achievement.json,9155178b-2621-4815-8983-0d8d8c3c25ab,1734480000000,
62850050,48,9ba310d9-a117-44c7-9e8d-0e7742bfdb11.binning_data.json,26387,6000,62850050,0,2024-12-21 06:09:20.700,com.sec.android.app.shealth,2024-12-21 05:30:44.998,9ba310d9-a117-44c7-9e8d-0e7742bfdb11.source_info.json,1.3815589,36.456066,1.8697765,48,VfS0qUERdZ,com.sec.android.app.shealth,0,9ba310d9-a117-44c7-9e8d-0e7742bfdb11.achievement.json,9ba310d9-a117-44c7-9e8d-0e7742bfdb11,1734739200000,
62850050,48,9a545bb4-e987-4f16-8af4-d30f8277adca.binning_data.json,26387,6000,62850050,0,2024-12-22 00:18:28.812,com.sec.android.app.shealth,2024-12-22 00:18:28.812,,1.3815589,36.456066,1.8697765,48,64Z1605Zgy,com.sec.android.app.shealth,0,9a545bb4-e987-4f16-8af4-d30f8277adca.achievement.json,9a545bb4-e987-4f16-8af4-d30f8277adca,1734739200000,
62850050,35,2352825a-e706-40a3-8d87-fbe7b5273c6d.binning_data.json,20077,6000,62850050,0,2024-12-24 09:42:26.172,com.sec.android.app.shealth,2024-12-24 09:40:34.265,2352825a-e706-40a3-8d87-fbe7b5273c6d.source_info.json,1.3006692,26.113602,1.3746598,35,VfS0qUERdZ,com.sec.android.app.shealth,0,2352825a-e706-40a3-8d87-fbe7b5273c6d.achievement.json,2352825a-e706-40a3-8d87-fbe7b5273c6d,1734998400000,
62850050,35,1013c14f-ea0a-435b-92d9-04b77d369631.binning_data.json,20077,6000,62850050,0,2024-12-24 23:00:02.182,com.sec.android.app.shealth,2024-12-24 23:00:02.182,,1.3006692,26.113602,1.3746598,35,64Z1605Zgy,com.sec.android.app.shealth,0,1013c14f-ea0a-435b-92d9-04b77d369631.achievement.json,1013c14f-ea0a-435b-92d9-04b77d369631,1734998400000,
62850050,57,a7ee35f9-7060-4724-8806-e620f00fe91f.binning_data.json,38667,6000,62850050,0,2024-12-29 22:31:58.369,com.sec.android.app.shealth,2024-12-29 11:02:36.261,a7ee35f9-7060-4724-8806-e620f00fe91f.source_info.json,1.1040725,42.69148,2.2431881,57,VfS0qUERdZ,com.sec.android.app.shealth,0,a7ee35f9-7060-4724-8806-e620f00fe91f.achievement.json,a7ee35f9-7060-4724-8806-e620f00fe91f,1735430400000,
62850050,57,12fdd38b-d763-4b74-8fb1-e399cb512075.binning_data.json,38667,6000,62850050,0,2024-12-29 23:00:03.904,com.sec.android.app.shealth,2024-12-29 23:00:03.904,,1.1040725,42.69148,2.2431881,57,64Z1605Zgy,com.sec.android.app.shealth,0,12fdd38b-d763-4b74-8fb1-e399cb512075.achievement.json,12fdd38b-d763-4b74-8fb1-e399cb512075,1735430400000,
62850050,97,e0bc970f-13a0-40cf-83c0-2ac0fd2c0bcc.binning_data.json,60281,6000,62850050,0,2024-12-30 13:24:45.936,com.sec.android.app.shealth,2024-12-30 09:37:32.690,e0bc970f-13a0-40cf-83c0-2ac0fd2c0bcc.source_info.json,1.200658,72.377655,3.819772,97,VfS0qUERdZ,com.sec.android.app.shealth,0,e0bc970f-13a0-40cf-83c0-2ac0fd2c0bcc.achievement.json,e0bc970f-13a0-40cf-83c0-2ac0fd2c0bcc,1735516800000,
62850050,97,acf37683-52bc-4ddf-ab5b-d21c1d3cc152.binning_data.json,60281,6000,62850050,0,2024-12-31 03:07:54.516,com.sec.android.app.shealth,2024-12-31 03:07:54.516,,1.200658,72.377655,3.819772,97,64Z1605Zgy,com.sec.android.app.shealth,0,acf37683-52bc-4ddf-ab5b-d21c1d3cc152.achievement.json,acf37683-52bc-4ddf-ab5b-d21c1d3cc152,1735516800000,
62850050,497,dd34a47e-c526-4197-9b1d-16ca1304385d.binning_data.json,313865,6000,62850050,0,2024-12-31 14:10:24.972,com.sec.android.app.shealth,2024-12-31 07:44:28.269,dd34a47e-c526-4197-9b1d-16ca1304385d.source_info.json,1.1760166,369.1109,19.585377,497,VfS0qUERdZ,com.sec.android.app.shealth,0,dd34a47e-c526-4197-9b1d-16ca1304385d.achievement.json,dd34a47e-c526-4197-9b1d-16ca1304385d,1735603200000,
62850050,497,c59d60f9-2784-417a-b675-c50c1962b81e.binning_data.json,313865,6000,62850050,0,2025-01-01 18:16:27.227,com.sec.android.app.shealth,2025-01-01 18:16:27.227,,1.1760166,369.1109,19.585377,497,64Z1605Zgy,com.sec.android.app.shealth,0,c59d60f9-2784-417a-b675-c50c1962b81e.achievement.json,c59d60f9-2784-417a-b675-c50c1962b81e,1735603200000,
62850050,48,1d46453e-4b69-4d26-8040-160e27677fea.binning_data.json,27502,6000,62850050,0,2025-01-03 08:47:23.918,com.sec.android.app.shealth,2025-01-03 08:23:59.060,1d46453e-4b69-4d26-8040-160e27677fea.source_info.json,1.31267,36.101566,1.8832183,48,VfS0qUERdZ,com.sec.android.app.shealth,0,1d46453e-4b69-4d26-8040-160e27677fea.achievement.json,1d46453e-4b69-4d26-8040-160e27677fea,1735862400000,
62850050,48,dcfb7667-bc36-444f-bffd-bda1029d6817.binning_data.json,27502,6000,62850050,0,2025-01-04 02:43:42.506,com.sec.android.app.shealth,2025-01-04 02:43:42.506,,1.31267,36.101566,1.8832183,48,64Z1605Zgy,com.sec.android.app.shealth,0,dcfb7667-bc36-444f-bffd-bda1029d6817.achievement.json,dcfb7667-bc36-444f-bffd-bda1029d6817,1735862400000,
62850050,47,7b75c4ee-f9d2-44e7-9940-b2484e752119.binning_data.json,28225,6000,62850050,0,2025-01-05 16:53:50.164,com.sec.android.app.shealth,2025-01-05 16:51:57.706,7b75c4ee-f9d2-44e7-9940-b2484e752119.source_info.json,1.2331135,34.805782,1.8525212,47,VfS0qUERdZ,com.sec.android.app.shealth,0,7b75c4ee-f9d2-44e7-9940-b2484e752119.achievement.json,7b75c4ee-f9d2-44e7-9940-b2484e752119,1736035200000,
62850050,47,bae3142e-61f1-41c0-8967-52abb0f6f86c.binning_data.json,28225,6000,62850050,0,2025-01-06 09:53:42.486,com.sec.android.app.shealth,2025-01-06 09:53:42.486,,1.2331135,34.805782,1.8525212,47,64Z1605Zgy,com.sec.android.app.shealth,0,bae3142e-61f1-41c0-8967-52abb0f6f86c.achievement.json,bae3142e-61f1-41c0-8967-52abb0f6f86c,1736035200000,
62850050,9,7aa7a208-7b9a-4eb7-bed2-fb735a1a52a9.binning_data.json,6979,6000,62850050,0,2025-01-06 22:27:32.002,com.sec.android.app.shealth,2025-01-06 22:27:32.002,7aa7a208-7b9a-4eb7-bed2-fb735a1a52a9.source_info.json,0.9316177,6.502662,0.3617653,9,VfS0qUERdZ,com.sec.android.app.shealth,0,7aa7a208-7b9a-4eb7-bed2-fb735a1a52a9.achievement.json,7aa7a208-7b9a-4eb7-bed2-fb735a1a52a9,1736121600000,
62850050,9,cf04a0be-6890-4d87-9f6e-863e9c941827.binning_data.json,6979,6000,62850050,0,2025-01-06 23:00:02.232,com.sec.android.app.shealth,2025-01-06 23:00:02.232,,0.9316177,6.502662,0.3617653,9,64Z1605Zgy,com.sec.android.app.shealth,0,cf04a0be-6890-4d87-9f6e-863e9c941827.achievement.json,cf04a0be-6890-4d87-9f6e-863e9c941827,1736121600000,
62850050,60,b5bc58e3-7535-4cd4-b935-9f07199089a8.binning_data.json,38109,6000,62850050,0,2025-01-07 12:41:46.260,com.sec.android.app.shealth,2025-01-07 12:41:46.260,b5bc58e3-7535-4cd4-b935-9f07199089a8.source_info.json,1.1906521,45.37469,2.341795,60,VfS0qUERdZ,com.sec.android.app.shealth,0,b5bc58e3-7535-4cd4-b935-9f07199089a8.achievement.json,b5bc58e3-7535-4cd4-b935-9f07199089a8,1736208000000,
62850050,60,850638b6-d529-4bef-8483-850daa328060.binning_data.json,38109,6000,62850050,0,2025-01-07 23:31:05.558,com.sec.android.app.shealth,2025-01-07 23:31:05.558,,1.1906521,45.37469,2.341795,60,64Z1605Zgy,com.sec.android.app.shealth,0,850638b6-d529-4bef-8483-850daa328060.achievement.json,850638b6-d529-4bef-8483-850daa328060,1736208000000,
62850050,13,261acfb1-be73-42d6-b478-9f8021d02665.binning_data.json,8916,6000,62850050,0,2025-01-08 22:23:01.114,com.sec.android.app.shealth,2025-01-08 22:23:01.114,261acfb1-be73-42d6-b478-9f8021d02665.source_info.json,1.0678093,9.520796,0.5161891,13,VfS0qUERdZ,com.sec.android.app.shealth,0,261acfb1-be73-42d6-b478-9f8021d02665.achievement.json,261acfb1-be73-42d6-b478-9f8021d02665,1736294400000,
62850050,13,b4d823d8-6fca-4f68-a10f-6271d9ba9d6a.binning_data.json,8916,6000,62850050,0,2025-01-08 23:00:16.671,com.sec.android.app.shealth,2025-01-08 23:00:16.671,,1.0678093,9.520796,0.5161891,13,64Z1605Zgy,com.sec.android.app.shealth,0,b4d823d8-6fca-4f68-a10f-6271d9ba9d6a.achievement.json,b4d823d8-6fca-4f68-a10f-6271d9ba9d6a,1736294400000,
62850050,152,105ed32a-25a3-4010-8029-092efb553024.binning_data.json,93220,6000,62850050,0,2025-01-09 19:29:37.309,com.sec.android.app.shealth,2025-01-09 11:21:25.674,105ed32a-25a3-4010-8029-092efb553024.source_info.json,1.2232261,114.029396,5.9537277,152,VfS0qUERdZ,com.sec.android.app.shealth,0,105ed32a-25a3-4010-8029-092efb553024.achievement.json,105ed32a-25a3-4010-8029-092efb553024,1736380800000,
62850050,152,2404b0cc-3942-47e6-8dee-9d4cf16d3763.binning_data.json,93220,6000,62850050,0,2025-01-09 23:00:03.536,com.sec.android.app.shealth,2025-01-09 23:00:03.536,,1.2232261,114.029396,5.9537277,152,64Z1605Zgy,com.sec.android.app.shealth,0,2404b0cc-3942-47e6-8dee-9d4cf16d3763.achievement.json,2404b0cc-3942-47e6-8dee-9d4cf16d3763,1736380800000,
62850050,7,88cd3a91-b6d3-4cb6-85ae-e9c50d5a5acb.binning_data.json,4037,6000,62850050,0,2025-01-11 01:42:14.510,com.sec.android.app.shealth,2025-01-10 14:15:37.395,88cd3a91-b6d3-4cb6-85ae-e9c50d5a5acb.source_info.json,1.3058006,5.271965,0.27327538,7,VfS0qUERdZ,com.sec.android.app.shealth,0,88cd3a91-b6d3-4cb6-85ae-e9c50d5a5acb.achievement.json,88cd3a91-b6d3-4cb6-85ae-e9c50d5a5acb,1736467200000,
62850050,7,5bda50cc-4720-45d7-97a2-982a7806bbcc.binning_data.json,4037,6000,62850050,0,2025-01-11 01:42:08.259,com.sec.android.app.shealth,2025-01-11 01:42:08.259,,1.3058006,5.271965,0.27327538,7,64Z1605Zgy,com.sec.android.app.shealth,0,5bda50cc-4720-45d7-97a2-982a7806bbcc.achievement.json,5bda50cc-4720-45d7-97a2-982a7806bbcc,1736467200000,
62930070,5287,9718aebc-54cc-4dea-babb-eb11b58d2303.binning_data.json,3295811,6000,62930070,19,2025-03-06 15:50:04.525,com.sec.android.app.shealth,2025-03-06 15:50:04.525,9718aebc-54cc-4dea-babb-eb11b58d2303.source_info.json,1.1677368,3848.64,225.28,5268,VfS0qUERdZ,com.sec.android.app.shealth,0,9718aebc-54cc-4dea-babb-eb11b58d2303.achievement.json,9718aebc-54cc-4dea-babb-eb11b58d2303,1741046400000,
62930070,231,d835c0c2-66dd-4b1a-9995-71a391254b0e.binning_data.json,140485,6000,62930070,6,2025-03-06 15:50:04.577,com.sec.android.app.shealth,2025-03-06 15:50:04.577,d835c0c2-66dd-4b1a-9995-71a391254b0e.source_info.json,1.2024734,168.93,9.7699995,225,VfS0qUERdZ,com.sec.android.app.shealth,0,d835c0c2-66dd-4b1a-9995-71a391254b0e.achievement.json,d835c0c2-66dd-4b1a-9995-71a391254b0e,1741132800000,
62930070,231,1aeacb87-7e60-4d3c-acc5-915cddd7df65.binning_data.json,140485,6000,62930070,6,2025-03-06 15:50:20.551,com.sec.android.app.shealth,2025-03-06 15:50:20.551,,1.2024734,168.93,9.7699995,225,ooOmDJ1LSk,com.sec.android.app.shealth,0,1aeacb87-7e60-4d3c-acc5-915cddd7df65.achievement.json,1aeacb87-7e60-4d3c-acc5-915cddd7df65,1741132800000,
62930070,5287,e0132fe9-93af-4847-b665-84b40644e4cd.binning_data.json,3295811,6000,62930070,19,2025-03-06 15:50:20.577,com.sec.android.app.shealth,2025-03-06 15:50:20.577,,1.1677368,3848.64,225.28,5268,ooOmDJ1LSk,com.sec.android.app.shealth,0,e0132fe9-93af-4847-b665-84b40644e4cd.achievement.json,e0132fe9-93af-4847-b665-84b40644e4cd,1741046400000,
62930070,298,1c3d8a40-1096-4a5c-ae6e-21980bf0c72c.binning_data.json,187301,6000,62930070,0,2025-03-06 22:38:40.424,com.sec.android.app.shealth,2025-03-06 18:28:41.280,1c3d8a40-1096-4a5c-ae6e-21980bf0c72c.source_info.json,1.1686525,218.88998,12.129997,298,VfS0qUERdZ,com.sec.android.app.shealth,0,1c3d8a40-1096-4a5c-ae6e-21980bf0c72c.achievement.json,1c3d8a40-1096-4a5c-ae6e-21980bf0c72c,1741219200000,
62930070,4251,7dfc092a-2bcf-4555-992b-cf018de8389c.binning_data.json,2761018,6000,62930070,9,2025-03-09 13:45:06.612,com.sec.android.app.shealth,2025-03-07 01:04:02.928,7dfc092a-2bcf-4555-992b-cf018de8389c.source_info.json,1.1103184,3065.61,177.43,4242,VfS0qUERdZ,com.sec.android.app.shealth,0,7dfc092a-2bcf-4555-992b-cf018de8389c.achievement.json,7dfc092a-2bcf-4555-992b-cf018de8389c,1741305600000,
62930070,4251,048cd3b6-fedd-4b90-bcbf-1a02025a5b5d.binning_data.json,2761018,6000,62930070,9,2025-03-10 04:52:47.507,com.sec.android.app.shealth,2025-03-07 02:07:14.913,,1.1103184,3065.61,177.43,4242,NA9l677+ml,com.sec.android.app.shealth,0,048cd3b6-fedd-4b90-bcbf-1a02025a5b5d.achievement.json,048cd3b6-fedd-4b90-bcbf-1a02025a5b5d,1741305600000,
62930070,298,529fbc10-872f-4d90-8e07-55f0f44d336f.binning_data.json,187301,6000,62930070,0,2025-03-07 02:07:15.149,com.sec.android.app.shealth,2025-03-07 02:07:15.149,,1.1686525,218.88998,12.129997,298,NA9l677+ml,com.sec.android.app.shealth,0,529fbc10-872f-4d90-8e07-55f0f44d336f.achievement.json,529fbc10-872f-4d90-8e07-55f0f44d336f,1741219200000,
62930070,7831,47570fe2-e373-43be-ac05-a93d2482d9fe.binning_data.json,4944551,6000,62930070,73,2025-03-14 22:18:09.060,com.sec.android.app.shealth,2025-03-14 18:45:24.289,47570fe2-e373-43be-ac05-a93d2482d9fe.source_info.json,1.1516556,5694.42,323.25,7758,VfS0qUERdZ,com.sec.android.app.shealth,0,47570fe2-e373-43be-ac05-a93d2482d9fe.achievement.json,47570fe2-e373-43be-ac05-a93d2482d9fe,1741910400000,
62930070,1975,8441f3a0-c8a1-4519-9dd1-850d40bae90b.binning_data.json,1190899,6000,62930070,1,2025-03-14 18:45:26.087,com.sec.android.app.shealth,2025-03-14 18:45:26.087,8441f3a0-c8a1-4519-9dd1-850d40bae90b.source_info.json,1.2232181,1456.73,78.69,1974,VfS0qUERdZ,com.sec.android.app.shealth,0,8441f3a0-c8a1-4519-9dd1-850d40bae90b.achievement.json,8441f3a0-c8a1-4519-9dd1-850d40bae90b,1741824000000,
62930070,1975,6ca8e418-1a73-416c-894b-429346698c0c.binning_data.json,1190899,6000,62930070,1,2025-03-14 23:00:05.748,com.sec.android.app.shealth,2025-03-14 23:00:05.748,,1.2232181,1456.73,78.69,1974,NA9l677+ml,com.sec.android.app.shealth,0,6ca8e418-1a73-416c-894b-429346698c0c.achievement.json,6ca8e418-1a73-416c-894b-429346698c0c,1741824000000,
62930070,7831,fb3ab89b-d8d1-4b63-b39d-273101e42328.binning_data.json,4944551,6000,62930070,73,2025-03-14 23:00:05.776,com.sec.android.app.shealth,2025-03-14 23:00:05.776,,1.1516556,5694.42,323.25,7758,NA9l677+ml,com.sec.android.app.shealth,0,fb3ab89b-d8d1-4b63-b39d-273101e42328.achievement.json,fb3ab89b-d8d1-4b63-b39d-273101e42328,1741910400000,
62930070,142,b4468ec6-cb5d-44bb-8512-8673db76eaff.binning_data.json,88477,6000,62930070,0,2025-03-15 21:17:03.927,com.sec.android.app.shealth,2025-03-15 21:17:03.927,b4468ec6-cb5d-44bb-8512-8673db76eaff.source_info.json,1.1729518,103.78,5.63,142,VfS0qUERdZ,com.sec.android.app.shealth,0,b4468ec6-cb5d-44bb-8512-8673db76eaff.achievement.json,b4468ec6-cb5d-44bb-8512-8673db76eaff,1741996800000,
62930070,142,b395eea6-36e2-411a-9f78-044eb598fb7d.binning_data.json,88477,6000,62930070,0,2025-03-15 23:03:07.770,com.sec.android.app.shealth,2025-03-15 23:03:07.770,,1.1729518,103.78,5.63,142,NA9l677+ml,com.sec.android.app.shealth,0,b395eea6-36e2-411a-9f78-044eb598fb7d.achievement.json,b395eea6-36e2-411a-9f78-044eb598fb7d,1741996800000,
62930070,3017,07e00a08-321c-4de2-bfee-3358daf7f86d.binning_data.json,1742849,6000,62930070,45,2025-03-21 20:18:08.670,com.sec.android.app.shealth,2025-03-21 12:00:03.982,07e00a08-321c-4de2-bfee-3358daf7f86d.source_info.json,1.2874148,2243.77,143.18,2972,VfS0qUERdZ,com.sec.android.app.shealth,0,07e00a08-321c-4de2-bfee-3358daf7f86d.achievement.json,07e00a08-321c-4de2-bfee-3358daf7f86d,1742515200000,
62930070,3017,3e4b20c0-459c-4c18-a98a-df72f2d4952e.binning_data.json,1742849,6000,62930070,45,2025-03-22 03:19:04.989,com.sec.android.app.shealth,2025-03-22 03:19:04.989,,1.2874148,2243.77,143.18,2972,NA9l677+ml,com.sec.android.app.shealth,0,3e4b20c0-459c-4c18-a98a-df72f2d4952e.achievement.json,3e4b20c0-459c-4c18-a98a-df72f2d4952e,1742515200000,
62930070,558,b18a0161-e906-4c21-bf18-b0cfb90b3eb3.binning_data.json,367439,6000,62930070,0,2025-03-23 07:45:36.546,com.sec.android.app.shealth,2025-03-22 17:44:06.473,b18a0161-e906-4c21-bf18-b0cfb90b3eb3.source_info.json,1.0805035,397.02,26.09,558,VfS0qUERdZ,com.sec.android.app.shealth,0,b18a0161-e906-4c21-bf18-b0cfb90b3eb3.achievement.json,b18a0161-e906-4c21-bf18-b0cfb90b3eb3,1742601600000,
62930070,558,fc27384e-cf97-4e52-bbc3-782a4efd1e48.binning_data.json,367439,6000,62930070,0,2025-03-24 03:29:05.921,com.sec.android.app.shealth,2025-03-23 03:24:42.707,,1.0805035,397.02,26.09,558,NA9l677+ml,com.sec.android.app.shealth,0,fc27384e-cf97-4e52-bbc3-782a4efd1e48.achievement.json,fc27384e-cf97-4e52-bbc3-782a4efd1e48,1742601600000,
62930070,2176,a741833d-174e-4b68-8511-92ee759925ae.binning_data.json,1348551,6000,62930070,23,2025-03-23 13:38:47.045,com.sec.android.app.shealth,2025-03-23 07:45:35.981,a741833d-174e-4b68-8511-92ee759925ae.source_info.json,1.1759952,1585.89,100.85,2153,VfS0qUERdZ,com.sec.android.app.shealth,0,a741833d-174e-4b68-8511-92ee759925ae.achievement.json,a741833d-174e-4b68-8511-92ee759925ae,1742688000000,
62930070,2176,6f2fa68f-40dd-40b5-aae5-4e0551eb14b2.binning_data.json,1348551,6000,62930070,23,2025-03-24 03:29:06.421,com.sec.android.app.shealth,2025-03-24 03:29:06.421,,1.1759952,1585.89,100.85,2153,NA9l677+ml,com.sec.android.app.shealth,0,6f2fa68f-40dd-40b5-aae5-4e0551eb14b2.achievement.json,6f2fa68f-40dd-40b5-aae5-4e0551eb14b2,1742688000000,
62950170,52,8a07b8e9-ff13-46ac-9444-1af4004790d2.binning_data.json,29911,6000,62950170,0,2025-04-14 12:56:58.871,com.sec.android.app.shealth,2025-04-14 12:56:58.871,8a07b8e9-ff13-46ac-9444-1af4004790d2.source_info.json,1.2777779,38.22,2.58,52,VfS0qUERdZ,com.sec.android.app.shealth,0,8a07b8e9-ff13-46ac-9444-1af4004790d2.achievement.json,8a07b8e9-ff13-46ac-9444-1af4004790d2,1744502400000,
62950170,52,e024cddb-acd5-436a-a896-93c7fb273c24.binning_data.json,29911,6000,62950170,0,2025-04-14 12:57:00.227,com.sec.android.app.shealth,2025-04-14 12:57:00.227,,1.2777779,38.22,2.58,52,NA9l677+ml,com.sec.android.app.shealth,0,e024cddb-acd5-436a-a896-93c7fb273c24.achievement.json,e024cddb-acd5-436a-a896-93c7fb273c24,1744502400000,
62950170,33,cbf163b4-bf53-4587-b683-ab1a764c9b96.binning_data.json,18426,6000,62950170,0,2025-04-22 14:39:49.098,com.sec.android.app.shealth,2025-04-22 14:38:59.756,cbf163b4-bf53-4587-b683-ab1a764c9b96.source_info.json,1.3444862,24.77396,1.4772424,33,VfS0qUERdZ,com.sec.android.app.shealth,0,cbf163b4-bf53-4587-b683-ab1a764c9b96.achievement.json,cbf163b4-bf53-4587-b683-ab1a764c9b96,1745280000000,
62950170,33,6db3d707-3ef3-424b-a31a-e8b0d15ec7f5.binning_data.json,18426,6000,62950170,0,2025-04-22 14:39:17.324,com.sec.android.app.shealth,2025-04-22 14:39:17.324,,1.3444862,24.77396,1.4772424,33,64Z1605Zgy,com.sec.android.app.shealth,0,6db3d707-3ef3-424b-a31a-e8b0d15ec7f5.achievement.json,6db3d707-3ef3-424b-a31a-e8b0d15ec7f5,1745280000000,
62950170,5143,c04f4b4c-6d0a-4503-b1f0-45e8f147b40e.binning_data.json,2988701,6000,62950170,0,2025-04-24 20:08:17.791,com.sec.android.app.shealth,2025-04-24 16:50:35.159,c04f4b4c-6d0a-4503-b1f0-45e8f147b40e.source_info.json,1.2757783,3812.92,220.93,5143,VfS0qUERdZ,com.sec.android.app.shealth,0,c04f4b4c-6d0a-4503-b1f0-45e8f147b40e.achievement.json,c04f4b4c-6d0a-4503-b1f0-45e8f147b40e,1745452800000,
62950170,30,597b724a-56a9-4426-b0e1-bd0f3549d4c8.binning_data.json,16562,6000,62950170,0,2025-04-25 05:41:07.414,com.sec.android.app.shealth,2025-04-25 05:41:07.414,,1.3845004,22.930454,1.3339958,30,64Z1605Zgy,com.sec.android.app.shealth,0,597b724a-56a9-4426-b0e1-bd0f3549d4c8.achievement.json,597b724a-56a9-4426-b0e1-bd0f3549d4c8,1745452800000,
62950170,5143,9fdf7f09-1764-44db-885b-a9ac071ede3c.binning_data.json,2988701,6000,62950170,0,2025-04-25 05:41:18.453,com.sec.android.app.shealth,2025-04-25 05:41:18.453,,1.2757783,3812.92,220.93,5143,NA9l677+ml,com.sec.android.app.shealth,0,9fdf7f09-1764-44db-885b-a9ac071ede3c.achievement.json,9fdf7f09-1764-44db-885b-a9ac071ede3c,1745452800000,
62950170,11193,a55ad7d1-1edd-4126-98cd-fb543ed62f97.binning_data.json,6307060,6000,62950170,29,2025-04-27 11:35:02.466,com.sec.android.app.shealth,2025-04-25 06:14:42.538,a55ad7d1-1edd-4126-98cd-fb543ed62f97.source_info.json,1.3261185,8363.91,504.71,11164,VfS0qUERdZ,com.sec.android.app.shealth,0,a55ad7d1-1edd-4126-98cd-fb543ed62f97.achievement.json,a55ad7d1-1edd-4126-98cd-fb543ed62f97,1745539200000,
62950170,4261,606a1bb2-6636-4431-8d0d-31a2e9d970da.binning_data.json,2676697,6000,62950170,1,2025-04-27 18:48:07.599,com.sec.android.app.shealth,2025-04-27 11:34:57.364,606a1bb2-6636-4431-8d0d-31a2e9d970da.source_info.json,1.1539925,3088.8892,193.52379,4260,VfS0qUERdZ,com.sec.android.app.shealth,0,606a1bb2-6636-4431-8d0d-31a2e9d970da.achievement.json,606a1bb2-6636-4431-8d0d-31a2e9d970da,1745712000000,
62950170,7903,734154c9-98c8-4984-925b-e703b7bb217f.binning_data.json,4522867,6000,62950170,16,2025-04-27 11:35:01.597,com.sec.android.app.shealth,2025-04-27 11:35:01.597,734154c9-98c8-4984-925b-e703b7bb217f.source_info.json,1.2983091,5872.08,365.35,7887,VfS0qUERdZ,com.sec.android.app.shealth,0,734154c9-98c8-4984-925b-e703b7bb217f.achievement.json,734154c9-98c8-4984-925b-e703b7bb217f,1745625600000,
62950170,46,ef7a3df6-62d4-419e-bda5-a29a063755b9.binning_data.json,25528,6000,62950170,0,2025-04-27 11:35:18.343,com.sec.android.app.shealth,2025-04-27 11:35:18.343,,1.3674357,34.90898,2.0501347,46,64Z1605Zgy,com.sec.android.app.shealth,0,ef7a3df6-62d4-419e-bda5-a29a063755b9.achievement.json,ef7a3df6-62d4-419e-bda5-a29a063755b9,1745539200000,
62950170,4243,ed8a7eb0-d256-4ade-a037-95d5626e7eb5.binning_data.json,2669029,6000,62950170,1,2025-04-28 13:22:50.459,com.sec.android.app.shealth,2025-04-27 11:35:44.559,,1.1518607,3074.35,192.73,4242,NA9l677+ml,com.sec.android.app.shealth,0,ed8a7eb0-d256-4ade-a037-95d5626e7eb5.achievement.json,ed8a7eb0-d256-4ade-a037-95d5626e7eb5,1745712000000,
62950170,11193,12721d1a-962a-4250-bc79-f2f9ca3a3f7d.binning_data.json,6307060,6000,62950170,29,2025-04-27 11:35:47.427,com.sec.android.app.shealth,2025-04-27 11:35:47.427,,1.3261185,8363.91,504.71,11164,NA9l677+ml,com.sec.android.app.shealth,0,12721d1a-962a-4250-bc79-f2f9ca3a3f7d.achievement.json,12721d1a-962a-4250-bc79-f2f9ca3a3f7d,1745539200000,
62950170,7903,25bdef10-7a3a-46c4-b687-7e2ec593f023.binning_data.json,4522867,6000,62950170,16,2025-04-27 11:35:50.081,com.sec.android.app.shealth,2025-04-27 11:35:50.081,,1.2983091,5872.08,365.35,7887,NA9l677+ml,com.sec.android.app.shealth,0,25bdef10-7a3a-46c4-b687-7e2ec593f023.achievement.json,25bdef10-7a3a-46c4-b687-7e2ec593f023,1745625600000,
62950170,18,1d61b00f-7c49-4e10-84f6-be02b7c135f2.binning_data.json,7668,6000,62950170,0,2025-04-28 13:22:47.770,com.sec.android.app.shealth,2025-04-28 13:22:47.770,,1.8959185,14.539273,0.79379165,18,64Z1605Zgy,com.sec.android.app.shealth,0,1d61b00f-7c49-4e10-84f6-be02b7c135f2.achievement.json,1d61b00f-7c49-4e10-84f6-be02b7c135f2,1745712000000,
62950170,7885,87e1d026-ece1-4a65-8355-93f8bad45bae.binning_data.json,4495288,6000,62950170,1,2025-04-28 18:39:56.203,com.sec.android.app.shealth,2025-04-28 13:22:48.539,87e1d026-ece1-4a65-8355-93f8bad45bae.source_info.json,1.3042077,5862.79,327.52,7884,VfS0qUERdZ,com.sec.android.app.shealth,0,87e1d026-ece1-4a65-8355-93f8bad45bae.achievement.json,87e1d026-ece1-4a65-8355-93f8bad45bae,1745798400000,
62950170,7885,d673ee1f-7b69-4772-abf1-0d4bcab8b7c2.binning_data.json,4495288,6000,62950170,1,2025-04-28 22:56:41.072,com.sec.android.app.shealth,2025-04-28 13:22:50.434,,1.3042077,5862.79,327.52,7884,NA9l677+ml,com.sec.android.app.shealth,0,d673ee1f-7b69-4772-abf1-0d4bcab8b7c2.achievement.json,d673ee1f-7b69-4772-abf1-0d4bcab8b7c2,1745798400000,
62950170,8044,39281355-3ad2-4e73-ac60-4976a75ffebf.binning_data.json,4619755,6000,62950170,0,2025-04-29 16:12:34.703,com.sec.android.app.shealth,2025-04-29 12:04:22.933,39281355-3ad2-4e73-ac60-4976a75ffebf.source_info.json,1.295085,5982.975,335.6538,8044,VfS0qUERdZ,com.sec.android.app.shealth,0,39281355-3ad2-4e73-ac60-4976a75ffebf.achievement.json,39281355-3ad2-4e73-ac60-4976a75ffebf,1745884800000,
62950170,209,ec1c4b8e-248d-4811-a238-edc0063b6e30.binning_data.json,109257,6000,62950170,0,2025-04-30 01:19:31.769,com.sec.android.app.shealth,2025-04-30 01:19:31.769,,1.4766421,161.3338,9.264163,209,64Z1605Zgy,com.sec.android.app.shealth,0,ec1c4b8e-248d-4811-a238-edc0063b6e30.achievement.json,ec1c4b8e-248d-4811-a238-edc0063b6e30,1745884800000,
62950170,8044,2b903324-dc1d-426f-ad24-37e0976f2eb1.binning_data.json,4621859,6000,62950170,0,2025-04-30 01:19:35.914,com.sec.android.app.shealth,2025-04-30 01:19:35.914,,1.2942171,5981.69,335.16998,8044,NA9l677+ml,com.sec.android.app.shealth,0,2b903324-dc1d-426f-ad24-37e0976f2eb1.achievement.json,2b903324-dc1d-426f-ad24-37e0976f2eb1,1745884800000,
62950170,8460,077bc644-a4f8-4761-a4f1-a84ffa087423.binning_data.json,4780364,6000,62950170,12,2025-05-04 06:54:39.488,com.sec.android.app.shealth,2025-04-30 07:10:31.320,077bc644-a4f8-4761-a4f1-a84ffa087423.source_info.json,1.3188362,6304.5176,357.571,8448,VfS0qUERdZ,com.sec.android.app.shealth,0,077bc644-a4f8-4761-a4f1-a84ffa087423.achievement.json,077bc644-a4f8-4761-a4f1-a84ffa087423,1745971200000,
62950170,151,a7fd8d40-1601-43c2-8fa4-362d854f992f.binning_data.json,98592,6000,62950170,0,2025-05-04 06:54:11.464,com.sec.android.app.shealth,2025-05-04 06:54:11.464,,1.1857251,116.903145,6.69123,151,64Z1605Zgy,com.sec.android.app.shealth,0,a7fd8d40-1601-43c2-8fa4-362d854f992f.achievement.json,a7fd8d40-1601-43c2-8fa4-362d854f992f,1745971200000,
62950170,8459,89c5bb5c-4079-42bd-9f88-1171c163da68.binning_data.json,4785614,6000,62950170,12,2025-05-06 07:58:30.923,com.sec.android.app.shealth,2025-05-04 06:54:17.134,,1.3170263,6302.78,357.18,8447,NA9l677+ml,com.sec.android.app.shealth,0,89c5bb5c-4079-42bd-9f88-1171c163da68.achievement.json,89c5bb5c-4079-42bd-9f88-1171c163da68,1745971200000,
62950170,9601,92923008-e65e-4295-88d9-e6a98cbde830.binning_data.json,5619350,6000,62950170,13,2025-05-04 06:54:36.684,com.sec.android.app.shealth,2025-05-04 06:54:36.684,92923008-e65e-4295-88d9-e6a98cbde830.source_info.json,1.258932,7074.38,409.24,9588,VfS0qUERdZ,com.sec.android.app.shealth,0,92923008-e65e-4295-88d9-e6a98cbde830.achievement.json,92923008-e65e-4295-88d9-e6a98cbde830,1746057600000,
62950170,4041,87b33c71-f9cd-4edc-b10a-b841196c4f82.binning_data.json,2453188,6000,62950170,3,2025-05-04 06:54:36.944,com.sec.android.app.shealth,2025-05-04 06:54:36.944,87b33c71-f9cd-4edc-b10a-b841196c4f82.source_info.json,1.2025127,2949.99,177.34,4038,VfS0qUERdZ,com.sec.android.app.shealth,0,87b33c71-f9cd-4edc-b10a-b841196c4f82.achievement.json,87b33c71-f9cd-4edc-b10a-b841196c4f82,1746230400000,
62950170,3824,5fed42cd-545d-45e4-9034-1a6717dde392.binning_data.json,2361095,6000,62950170,67,2025-05-04 06:54:37.193,com.sec.android.app.shealth,2025-05-04 06:54:37.193,5fed42cd-545d-45e4-9034-1a6717dde392.source_info.json,1.1808461,2788.09,174.02,3757,VfS0qUERdZ,com.sec.android.app.shealth,0,5fed42cd-545d-45e4-9034-1a6717dde392.achievement.json,5fed42cd-545d-45e4-9034-1a6717dde392,1746144000000,
62950170,3824,be3596a0-92f5-41ab-9735-1f1b78d7037d.binning_data.json,2361095,6000,62950170,67,2025-05-06 07:58:31.317,com.sec.android.app.shealth,2025-05-06 07:58:31.317,,1.1808461,2788.09,174.02,3757,NA9l677+ml,com.sec.android.app.shealth,0,be3596a0-92f5-41ab-9735-1f1b78d7037d.achievement.json,be3596a0-92f5-41ab-9735-1f1b78d7037d,1746144000000,
62950170,9601,09e743f5-f76c-4ec1-bb0c-3055c6b07f80.binning_data.json,5619350,6000,62950170,13,2025-05-06 07:58:31.630,com.sec.android.app.shealth,2025-05-06 07:58:31.630,,1.258932,7074.38,409.24,9588,NA9l677+ml,com.sec.android.app.shealth,0,09e743f5-f76c-4ec1-bb0c-3055c6b07f80.achievement.json,09e743f5-f76c-4ec1-bb0c-3055c6b07f80,1746057600000,
62950170,4041,efba4ec2-77bd-4362-8602-ebad3b76752e.binning_data.json,2453188,6000,62950170,3,2025-05-06 07:58:31.821,com.sec.android.app.shealth,2025-05-06 07:58:31.821,,1.2025127,2949.99,177.34,4038,NA9l677+ml,com.sec.android.app.shealth,0,efba4ec2-77bd-4362-8602-ebad3b76752e.achievement.json,efba4ec2-77bd-4362-8602-ebad3b76752e,1746230400000,
62950170,4598,15175a08-9abe-4238-821a-c01b0f989dee.binning_data.json,2638202,6000,62950170,6,2025-05-06 07:59:07.132,com.sec.android.app.shealth,2025-05-06 07:59:07.132,15175a08-9abe-4238-821a-c01b0f989dee.source_info.json,1.2940286,3413.91,209.44,4592,VfS0qUERdZ,com.sec.android.app.shealth,0,15175a08-9abe-4238-821a-c01b0f989dee.achievement.json,15175a08-9abe-4238-821a-c01b0f989dee,1746403200000,
62950170,45,ece289b7-9f49-48f2-b0a2-e66c4e78e555.binning_data.json,25629,6000,62950170,0,2025-05-06 08:10:20.575,com.sec.android.app.shealth,2025-05-06 08:10:20.575,ece289b7-9f49-48f2-b0a2-e66c4e78e555.source_info.json,1.293053,33.14,1.95,45,VfS0qUERdZ,com.sec.android.app.shealth,0,ece289b7-9f49-48f2-b0a2-e66c4e78e555.achievement.json,ece289b7-9f49-48f2-b0a2-e66c4e78e555,1746489600000,
62950170,4598,301c7bc7-a655-4c15-93ec-3eb51aaafe73.binning_data.json,2638202,6000,62950170,6,2025-05-07 01:51:30.313,com.sec.android.app.shealth,2025-05-07 01:51:30.313,,1.2940286,3413.91,209.44,4592,NA9l677+ml,com.sec.android.app.shealth,0,301c7bc7-a655-4c15-93ec-3eb51aaafe73.achievement.json,301c7bc7-a655-4c15-93ec-3eb51aaafe73,1746403200000,
62950170,45,05a0ed89-4632-4a56-9844-6497f32b4f3d.binning_data.json,25629,6000,62950170,0,2025-05-07 01:51:30.384,com.sec.android.app.shealth,2025-05-07 01:51:30.384,,1.293053,33.14,1.95,45,NA9l677+ml,com.sec.android.app.shealth,0,05a0ed89-4632-4a56-9844-6497f32b4f3d.achievement.json,05a0ed89-4632-4a56-9844-6497f32b4f3d,1746489600000,
