com.samsung.shealth.tracker.pedometer_step_count,6295017,2
duration,version_code,run_step,walk_step,com.samsung.health.step_count.start_time,com.samsung.health.step_count.sample_position_type,com.samsung.health.step_count.custom,com.samsung.health.step_count.update_time,com.samsung.health.step_count.create_time,com.samsung.health.step_count.count,com.samsung.health.step_count.speed,com.samsung.health.step_count.distance,com.samsung.health.step_count.calorie,com.samsung.health.step_count.time_offset,com.samsung.health.step_count.deviceuuid,com.samsung.health.step_count.pkg_name,com.samsung.health.step_count.end_time,com.samsung.health.step_count.datauuid
14247,4,0,22,2025-03-04 10:09:00.000,,,2025-03-04 10:12:10.620,2025-03-04 10:12:10.620,22,1.1111112,15.83,0.86,UTC+0100,r7FYwmiDQH,com.sec.android.app.shealth,2025-03-04 10:10:00.000,92b8f2cd-eba4-4a27-a707-7b8c40ad01d0,
34697,4,0,56,2025-03-04 10:10:00.000,,,2025-03-04 10:12:10.697,2025-03-04 10:12:10.697,56,1.1666666,40.48,2.2,UTC+0100,r7FYwmiDQH,com.sec.android.app.shealth,2025-03-04 10:11:00.000,68a9e56b-43a3-41ac-839a-76c30a992d7a,
4951,4,0,11,2025-03-04 10:12:00.000,,,2025-03-04 10:12:53.784,2025-03-04 10:12:53.784,11,1.6944444,8.39,0.43,UTC+0100,r7FYwmiDQH,com.sec.android.app.shealth,2025-03-04 10:13:00.000,92f0e245-2edd-4aa7-b2b2-b29f9251e32a,
35811,4,0,58,2025-03-04 10:14:00.000,,,2025-03-04 10:15:00.043,2025-03-04 10:14:39.498,58,1.1948595,42.789997,2.29,UTC+0100,r7FYwmiDQH,com.sec.android.app.shealth,2025-03-04 10:15:00.000,86bb0a65-ef0f-4d92-a7ac-54cf39c51592,
33012,4,0,48,2025-03-04 10:15:00.000,,,2025-03-04 10:16:43.345,2025-03-04 10:16:43.345,48,1.0277778,33.93,2.46,UTC+0100,r7FYwmiDQH,com.sec.android.app.shealth,2025-03-04 10:16:00.000,00c9d1a3-464b-4c18-9d82-89bee6fb8299,
29159,4,0,39,2025-03-04 10:16:00.000,,,2025-03-04 10:16:51.345,2025-03-04 10:16:43.485,39,0.95029527,27.71,1.59,UTC+0100,r7FYwmiDQH,com.sec.android.app.shealth,2025-03-04 10:17:00.000,aaf84985-75ac-40d4-86af-82fb1b968c9e,
23382,4,0,38,2025-03-04 10:37:00.000,,,2025-03-04 10:38:02.283,2025-03-04 10:38:02.283,38,1.1666666,27.28,1.57,UTC+0100,r7FYwmiDQH,com.sec.android.app.shealth,2025-03-04 10:38:00.000,48e9c27e-e837-40c8-94cc-856769770f23,
31363,4,0,42,2025-03-04 10:38:00.000,,,2025-03-04 10:39:04.109,2025-03-04 10:38:02.461,42,0.9332385,29.27,1.74,UTC+0100,r7FYwmiDQH,com.sec.android.app.shealth,2025-03-04 10:39:00.000,12023b3d-633b-426b-86b4-c864147b4e5d,
11880,4,0,15,2025-03-04 10:40:00.000,,,2025-03-04 10:41:17.336,2025-03-04 10:41:17.336,15,0.8611111,10.23,0.67,UTC+0100,r7FYwmiDQH,com.sec.android.app.shealth,2025-03-04 10:41:00.000,19c232f2-54da-423f-8b05-136f731c9f2b,
2996,4,0,4,2025-03-04 10:41:00.000,,,2025-03-04 10:41:17.387,2025-03-04 10:41:17.387,4,0.9444444,2.83,0.15,UTC+0100,r7FYwmiDQH,com.sec.android.app.shealth,2025-03-04 10:42:00.000,1a183c51-119b-4c1e-8a81-cb6e28271176,
7093,4,0,11,2025-03-04 10:46:00.000,,,2025-03-04 10:46:37.169,2025-03-04 10:46:04.122,11,1.113621,7.9,0.42,UTC+0100,r7FYwmiDQH,com.sec.android.app.shealth,2025-03-04 10:47:00.000,7cf54985-3376-4eab-81b5-bc4b6f066a82,
9728,4,0,16,2025-03-04 10:50:00.000,,,2025-03-04 10:54:26.515,2025-03-04 10:54:26.515,16,1.2222222,11.89,0.63,UTC+0100,r7FYwmiDQH,com.sec.android.app.shealth,2025-03-04 10:51:00.000,387c8f4b-5bcd-4f6a-be42-0b3c1abdcd54,
7263,4,0,10,2025-03-04 10:52:00.000,,,2025-03-04 10:54:26.660,2025-03-04 10:54:26.660,10,0.9444444,6.86,0.45,UTC+0100,r7FYwmiDQH,com.sec.android.app.shealth,2025-03-04 10:53:00.000,81085543-c2b9-46f8-ad03-ead028baf112,
36576,4,0,51,2025-03-04 10:53:00.000,,,2025-03-04 10:54:26.770,2025-03-04 10:54:26.770,51,0.97222227,35.56,2.07,UTC+0100,r7FYwmiDQH,com.sec.android.app.shealth,2025-03-04 10:54:00.000,4a2aad26-f271-4698-8cb6-efbc0a44dd84,
10773,4,0,17,2025-03-04 10:54:00.000,,,2025-03-04 10:54:26.854,2025-03-04 10:54:26.854,17,1.1388888,12.27,0.68,UTC+0100,r7FYwmiDQH,com.sec.android.app.shealth,2025-03-04 10:55:00.000,dfe6f4ee-9e9e-46f9-a756-da1cc70415af,
43685,4,0,71,2025-03-04 10:55:00.000,,,2025-03-04 11:04:10.596,2025-03-04 11:04:10.596,71,1.1944444,52.18,2.8,UTC+0100,r7FYwmiDQH,com.sec.android.app.shealth,2025-03-04 10:56:00.000,a035f28a-3a2e-413b-853f-bca51f98f008,
23094,4,0,35,2025-03-04 10:56:00.000,,,2025-03-04 11:04:10.639,2025-03-04 11:04:10.639,35,1.1111112,25.66,1.37,UTC+0100,r7FYwmiDQH,com.sec.android.app.shealth,2025-03-04 10:57:00.000,293cc566-b720-44d8-a491-244b511c23f0,
9441,4,0,12,2025-03-04 10:59:00.000,,,2025-03-04 11:04:10.683,2025-03-04 11:04:10.683,12,0.8611111,8.13,0.54,UTC+0100,r7FYwmiDQH,com.sec.android.app.shealth,2025-03-04 11:00:00.000,5ff7011e-df48-4f30-a3f0-65faa72510d2,
14276,4,0,21,2025-03-04 11:00:00.000,,,2025-03-04 11:04:10.734,2025-03-04 11:04:10.734,21,1.0555556,15.07,0.85,UTC+0100,r7FYwmiDQH,com.sec.android.app.shealth,2025-03-04 11:01:00.000,fe3d80a7-cad1-4b93-a1ec-4a7d11b7644b,
27386,4,0,43,2025-03-04 11:01:00.000,,,2025-03-04 11:04:10.771,2025-03-04 11:04:10.771,43,1.1388888,31.19,1.68,UTC+0100,r7FYwmiDQH,com.sec.android.app.shealth,2025-03-04 11:02:00.000,8bbe6c73-7025-445a-8c95-c40920a1a04d,
11020,4,0,14,2025-03-04 11:02:00.000,,,2025-03-04 11:04:10.846,2025-03-04 11:04:10.846,14,0.8611111,9.49,0.61,UTC+0100,r7FYwmiDQH,com.sec.android.app.shealth,2025-03-04 11:03:00.000,c4351e50-5a90-442a-804b-4ff0adae629e,
14969,4,0,19,2025-03-04 11:03:00.000,,,2025-03-04 11:04:10.926,2025-03-04 11:04:10.926,19,0.8611111,12.89,0.79,UTC+0100,r7FYwmiDQH,com.sec.android.app.shealth,2025-03-04 11:04:00.000,74d4746a-d56f-41df-bd72-d91c2c65492e,
30637,4,0,51,2025-03-04 11:04:00.000,,,2025-03-04 11:05:06.941,2025-03-04 11:04:38.112,51,1.2128972,37.160004,2.1100001,UTC+0100,r7FYwmiDQH,com.sec.android.app.shealth,2025-03-04 11:05:00.000,4723981d-476e-4dee-afb8-7d085f3fd1e2,
38020,4,0,58,2025-03-04 11:05:00.000,,,2025-03-04 11:05:41.174,2025-03-04 11:05:07.650,58,1.0983666,41.76,3.18,UTC+0100,r7FYwmiDQH,com.sec.android.app.shealth,2025-03-04 11:06:00.000,3e3e0fd9-7224-492c-ae74-b9be6e81cc06,
8519,4,0,16,2025-03-04 11:06:00.000,,,2025-03-04 11:06:58.565,2025-03-04 11:06:55.323,16,1.4273915,12.159999,0.69,UTC+0100,r7FYwmiDQH,com.sec.android.app.shealth,2025-03-04 11:07:00.000,03cdb779-5920-420d-a77b-3030a0c60a68,
14667,4,0,22,2025-03-04 11:07:00.000,,,2025-03-04 11:08:22.324,2025-03-04 11:08:22.324,22,1.0833334,15.89,0.88,UTC+0100,r7FYwmiDQH,com.sec.android.app.shealth,2025-03-04 11:08:00.000,f9150bc5-a301-4361-87b1-a0ec370036af,
9434,4,0,13,2025-03-04 11:08:00.000,,,2025-03-04 11:10:02.230,2025-03-04 11:10:02.230,13,0.9444444,8.91,0.52,UTC+0100,r7FYwmiDQH,com.sec.android.app.shealth,2025-03-04 11:09:00.000,2bb845ae-99b9-4bf8-a356-3daf6af08588,
4069,4,0,11,2025-03-04 11:09:00.000,,,2025-03-04 11:10:02.438,2025-03-04 11:10:02.438,11,2.2777777,9.27,0.48,UTC+0100,r7FYwmiDQH,com.sec.android.app.shealth,2025-03-04 11:10:00.000,a05df5d0-c3ba-4c02-885e-9b1c8f10f8ae,
4978,4,0,11,2025-03-04 11:10:00.000,,,2025-03-04 11:11:18.257,2025-03-04 11:11:18.257,11,1.7777778,8.85,0.52,UTC+0100,r7FYwmiDQH,com.sec.android.app.shealth,2025-03-04 11:11:00.000,97a95c7e-3135-42d9-88fd-17129f179da2,
20282,4,0,37,2025-03-04 11:11:00.000,,,2025-03-04 11:11:50.832,2025-03-04 11:11:50.307,37,1.3839808,28.07,1.4699999,UTC+0100,r7FYwmiDQH,com.sec.android.app.shealth,2025-03-04 11:12:00.000,03353004-f535-4093-81b3-c3016ad56474,
27151,4,0,46,2025-03-04 11:12:00.000,,,2025-03-04 11:14:59.062,2025-03-04 11:14:59.062,46,1.25,33.94,1.94,UTC+0100,r7FYwmiDQH,com.sec.android.app.shealth,2025-03-04 11:13:00.000,320ff5ee-7983-4fa4-814b-45672435627b,
35297,4,0,57,2025-03-04 11:13:00.000,,,2025-03-04 11:14:59.184,2025-03-04 11:14:59.184,57,1.1666666,41.18,2.75,UTC+0100,r7FYwmiDQH,com.sec.android.app.shealth,2025-03-04 11:14:00.000,f4c38563-d903-43cc-abec-91bcc023ab42,
6444,4,0,10,2025-03-04 11:14:00.000,,,2025-03-04 11:14:59.222,2025-03-04 11:14:59.222,10,1.1111112,7.16,0.41,UTC+0100,r7FYwmiDQH,com.sec.android.app.shealth,2025-03-04 11:15:00.000,def96452-e823-4045-a759-e9a2b69aa344,
17572,4,0,37,2025-03-04 11:16:00.000,,,2025-03-04 11:16:50.119,2025-03-04 11:16:18.340,37,1.6372172,28.77,1.4399999,UTC+0100,r7FYwmiDQH,com.sec.android.app.shealth,2025-03-04 11:17:00.000,47a7d9df-9e89-4b86-a7a3-c6d90ee20cc7,
11208,4,0,19,2025-03-04 11:27:00.000,,,2025-03-04 11:27:47.359,2025-03-04 11:27:47.359,19,1.25,14.01,0.76,UTC+0100,r7FYwmiDQH,com.sec.android.app.shealth,2025-03-04 11:28:00.000,08817cce-9616-4c64-98ff-a65d9040e6eb,
8420,4,0,12,2025-03-04 11:36:00.000,,,2025-03-04 11:43:38.569,2025-03-04 11:43:38.569,12,1.0000001,8.42,0.52,UTC+0100,r7FYwmiDQH,com.sec.android.app.shealth,2025-03-04 11:37:00.000,818a93d0-1ba1-415f-a03a-bc712d13fcae,
19778,4,0,27,2025-03-04 11:37:00.000,,,2025-03-04 11:43:38.672,2025-03-04 11:43:38.672,27,0.94444436,18.68,1.11,UTC+0100,r7FYwmiDQH,com.sec.android.app.shealth,2025-03-04 11:38:00.000,1e30afb1-b993-42aa-9594-9b24a440124a,
10898,4,0,18,2025-03-04 11:38:00.000,,,2025-03-04 11:43:38.770,2025-03-04 11:43:38.770,18,1.2222222,13.32,0.67,UTC+0100,r7FYwmiDQH,com.sec.android.app.shealth,2025-03-04 11:39:00.000,0828826e-8f07-49bb-af6a-08f65baed690,
5728,4,0,10,2025-03-04 11:43:00.000,,,2025-03-04 11:43:38.843,2025-03-04 11:43:38.843,10,1.2777778,7.32,0.41,UTC+0100,r7FYwmiDQH,com.sec.android.app.shealth,2025-03-04 11:44:00.000,ee9592d6-07f9-4cf0-b602-bb2b20c4628a,
8547,4,0,14,2025-03-04 11:44:00.000,,,2025-03-04 11:45:03.313,2025-03-04 11:45:03.313,14,1.1944444,10.21,0.56,UTC+0100,r7FYwmiDQH,com.sec.android.app.shealth,2025-03-04 11:45:00.000,20a4f227-6dc7-4ce9-8a85-bb25b2c2f26e,
7861,4,0,10,2025-03-04 11:48:00.000,,,2025-03-04 11:49:38.294,2025-03-04 11:49:38.294,10,0.8611111,6.77,0.42,UTC+0100,r7FYwmiDQH,com.sec.android.app.shealth,2025-03-04 11:49:00.000,a03716aa-cb50-4cef-b03a-c7d9d3737405,
13233,4,0,20,2025-03-04 11:58:00.000,,,2025-03-04 11:58:45.246,2025-03-04 11:58:22.266,20,1.0941706,14.4800005,0.81,UTC+0100,r7FYwmiDQH,com.sec.android.app.shealth,2025-03-04 11:59:00.000,48474e23-9fa7-4e2e-beeb-f5140d89991d,
9402,4,0,15,2025-03-04 12:00:00.000,,,2025-03-04 12:00:36.338,2025-03-04 12:00:36.338,15,1.1666666,10.97,0.57,UTC+0100,r7FYwmiDQH,com.sec.android.app.shealth,2025-03-04 12:01:00.000,104c8589-fe62-441c-8a88-842b1a3d2b76,
7257,4,0,12,2025-03-04 12:07:00.000,,,2025-03-04 12:09:44.408,2025-03-04 12:09:44.408,12,1.2222222,8.87,0.45,UTC+0100,r7FYwmiDQH,com.sec.android.app.shealth,2025-03-04 12:08:00.000,cf97e907-96fc-4036-8338-cad187cb1442,
36547,4,0,63,2025-03-04 12:09:00.000,,,2025-03-04 12:09:44.534,2025-03-04 12:09:44.534,63,1.2777778,46.7,2.9,UTC+0100,r7FYwmiDQH,com.sec.android.app.shealth,2025-03-04 12:10:00.000,17f27967-898f-48a8-9f5d-60be6752675d,
8415,4,0,11,2025-03-04 12:20:00.000,,,2025-03-04 12:24:03.402,2025-03-04 12:24:03.402,11,0.8888889,7.48,0.44,UTC+0100,r7FYwmiDQH,com.sec.android.app.shealth,2025-03-04 12:21:00.000,6bc3008a-a872-41d4-9bba-fba92b345c12,
14301,4,0,22,2025-03-04 12:24:00.000,,,2025-03-04 12:25:19.172,2025-03-04 12:25:19.172,22,1.1111112,15.89,0.84,UTC+0100,r7FYwmiDQH,com.sec.android.app.shealth,2025-03-04 12:25:00.000,1a6a8d76-04c2-4dce-832b-aec3ac7a2eaa,
7426,4,0,12,2025-03-04 12:26:00.000,,,2025-03-04 12:34:59.089,2025-03-04 12:34:59.089,12,1.1944444,8.87,0.47,UTC+0100,r7FYwmiDQH,com.sec.android.app.shealth,2025-03-04 12:27:00.000,fd3c7f2e-7d50-4c81-991e-559d6d515d8f,
14680,4,0,21,2025-03-04 12:27:00.000,,,2025-03-04 12:34:59.153,2025-03-04 12:34:59.153,21,1.0,14.68,0.87,UTC+0100,r7FYwmiDQH,com.sec.android.app.shealth,2025-03-04 12:28:00.000,a78ffcfd-26ab-4fa3-966f-656a73ff0036,
13893,4,0,18,2025-03-04 12:28:00.000,,,2025-03-04 12:34:59.219,2025-03-04 12:34:59.219,18,0.8888889,12.35,0.75,UTC+0100,r7FYwmiDQH,com.sec.android.app.shealth,2025-03-04 12:29:00.000,edc3202b-5e9d-4e8f-b816-773d23b7f55a,
13669,4,0,19,2025-03-04 12:31:00.000,,,2025-03-04 12:34:59.255,2025-03-04 12:34:59.255,19,0.9722222,13.29,0.76,UTC+0100,r7FYwmiDQH,com.sec.android.app.shealth,2025-03-04 12:32:00.000,56cddc88-b2e8-4f27-acfc-80fee69f28ad,
24076,4,0,32,2025-03-04 12:34:00.000,,,2025-03-04 12:34:59.326,2025-03-04 12:34:59.326,32,0.9166667,22.07,1.34,UTC+0100,r7FYwmiDQH,com.sec.android.app.shealth,2025-03-04 12:35:00.000,2c670513-0582-44b3-91d2-15ba27eaede1,
19958,4,0,27,2025-03-04 12:35:00.000,,,2025-03-04 12:36:24.323,2025-03-04 12:36:24.323,27,0.94444436,18.85,1.08,UTC+0100,r7FYwmiDQH,com.sec.android.app.shealth,2025-03-04 12:36:00.000,7d3a003d-3a70-4b60-99b7-93cedfc59c49,
20832,4,0,30,2025-03-04 12:36:00.000,,,2025-03-04 12:37:07.324,2025-03-04 12:36:24.369,30,1.0185889,21.220001,1.1700001,UTC+0100,r7FYwmiDQH,com.sec.android.app.shealth,2025-03-04 12:37:00.000,c314023a-8d9f-4eec-bd5b-39a89e13d6c6,
35476,4,0,52,2025-03-04 12:37:00.000,,,2025-03-04 12:39:08.177,2025-03-04 12:37:07.492,52,1.0415277,36.95,2.11,UTC+0100,r7FYwmiDQH,com.sec.android.app.shealth,2025-03-04 12:38:00.000,6d0f6fe0-a67c-43e8-97ae-16097efca35f,
38634,4,0,64,2025-03-04 12:56:00.000,,,2025-03-04 12:57:06.603,2025-03-04 12:57:06.603,64,1.2222222,47.22,2.49,UTC+0100,r7FYwmiDQH,com.sec.android.app.shealth,2025-03-04 12:57:00.000,29638cf7-2456-4b1f-b539-af1697431750,
10745,4,0,17,2025-03-04 12:57:00.000,,,2025-03-04 12:58:49.284,2025-03-04 12:57:06.656,17,1.1465187,12.32,1.36,UTC+0100,r7FYwmiDQH,com.sec.android.app.shealth,2025-03-04 12:58:00.000,738c8bf1-802a-40dc-ad32-ecbf2e8f3c69,
5385,4,0,10,2025-03-04 12:58:00.000,,,2025-03-04 13:00:07.305,2025-03-04 13:00:07.305,10,1.4166666,7.63,0.37,UTC+0100,r7FYwmiDQH,com.sec.android.app.shealth,2025-03-04 12:59:00.000,645a6494-c28a-4ce5-80bc-740560cd88fd,
5118,4,0,10,2025-03-04 12:59:00.000,,,2025-03-04 13:00:07.480,2025-03-04 13:00:07.480,10,1.5277778,7.82,0.33,UTC+0100,r7FYwmiDQH,com.sec.android.app.shealth,2025-03-04 13:00:00.000,e761ba5f-8f86-4f14-88a0-4f894efb01e3,
47110,4,0,82,2025-03-04 13:00:00.000,,,2025-03-04 13:01:31.146,2025-03-04 13:00:07.551,82,1.2929252,60.910004,3.3,UTC+0100,r7FYwmiDQH,com.sec.android.app.shealth,2025-03-04 13:01:00.000,966588a5-516b-4abd-8f39-12579e1e23ba,
30867,4,0,51,2025-03-04 13:01:00.000,,,2025-03-04 13:03:06.198,2025-03-04 13:01:31.198,51,1.2058054,37.22,2.02,UTC+0100,r7FYwmiDQH,com.sec.android.app.shealth,2025-03-04 13:02:00.000,4464054e-aa67-45cc-a464-d26823fe7213,
25701,4,0,49,2025-03-04 13:02:00.000,,,2025-03-04 13:03:06.357,2025-03-04 13:03:06.357,49,1.4166666,36.41,2.1,UTC+0100,r7FYwmiDQH,com.sec.android.app.shealth,2025-03-04 13:03:00.000,575f6333-330f-4581-958b-758636838132,
5853,4,0,10,2025-03-04 13:03:00.000,,,2025-03-04 13:04:04.216,2025-03-04 13:04:04.216,10,1.2777778,7.48,0.39,UTC+0100,r7FYwmiDQH,com.sec.android.app.shealth,2025-03-04 13:04:00.000,e2fa6f13-0f81-4886-8313-bd6b5e36b43a,
7878,4,0,13,2025-03-04 13:04:00.000,,,2025-03-04 13:05:08.437,2025-03-04 13:04:04.345,13,1.1982167,9.440001,0.52,UTC+0100,r7FYwmiDQH,com.sec.android.app.shealth,2025-03-04 13:05:00.000,1efc39d2-9320-40e7-bbbb-e682af434d39,
6097,4,0,11,2025-03-04 13:05:00.000,,,2025-03-04 13:05:08.580,2025-03-04 13:05:08.580,11,1.3611112,8.3,0.42,UTC+0100,r7FYwmiDQH,com.sec.android.app.shealth,2025-03-04 13:06:00.000,746eb5ed-e363-47c0-b82e-09c6bd888fee,
58152,4,0,99,2025-03-04 13:12:00.000,,,2025-03-04 13:13:04.343,2025-03-04 13:13:04.343,99,1.25,72.69,6.0,UTC+0100,r7FYwmiDQH,com.sec.android.app.shealth,2025-03-04 13:13:00.000,b529d315-5964-4188-b41d-23894fc1e6bf,
5926,4,0,10,2025-03-04 13:13:00.000,,,2025-03-04 13:14:59.035,2025-03-04 13:13:04.476,10,1.2351617,7.3199997,0.64,UTC+0100,r7FYwmiDQH,com.sec.android.app.shealth,2025-03-04 13:14:00.000,51127a1f-5a20-4812-ad44-d143aec4ead0,
60000,4,0,108,2025-03-04 13:17:00.000,,,2025-03-04 13:19:26.500,2025-03-04 13:19:26.500,108,1.3514999,81.09,4.29,UTC+0100,r7FYwmiDQH,com.sec.android.app.shealth,2025-03-04 13:18:00.000,312684cb-5b99-443a-b950-70b1dbb8db26,
2736,4,0,5,2025-03-04 13:18:00.000,,,2025-03-04 13:19:26.639,2025-03-04 13:19:26.639,5,1.3888888,3.8,0.2,UTC+0100,r7FYwmiDQH,com.sec.android.app.shealth,2025-03-04 13:19:00.000,dd76fe7c-3b60-4e65-b8b7-9c7aaa6f8a30,
5546,4,0,10,2025-03-04 13:19:00.000,,,2025-03-04 13:19:26.714,2025-03-04 13:19:26.714,10,1.3611112,7.55,0.4,UTC+0100,r7FYwmiDQH,com.sec.android.app.shealth,2025-03-04 13:20:00.000,4978c206-af85-47de-8919-06a73d711960,
6726,4,0,13,2025-03-04 13:21:00.000,,,2025-03-04 13:22:24.418,2025-03-04 13:22:24.418,13,1.5,10.09,0.48,UTC+0100,r7FYwmiDQH,com.sec.android.app.shealth,2025-03-04 13:22:00.000,7050bfa4-448d-46db-8cad-2ec1770f9a42,
10249,4,0,19,2025-03-04 13:58:00.000,,,2025-03-04 14:00:36.357,2025-03-04 14:00:36.357,19,1.4166666,14.52,0.75,UTC+0100,r7FYwmiDQH,com.sec.android.app.shealth,2025-03-04 13:59:00.000,1b2f11fe-d498-42e2-a2a2-90533c705506,
10476,4,0,19,2025-03-04 13:59:00.000,,,2025-03-04 14:00:36.420,2025-03-04 14:00:36.420,19,1.3611112,14.26,0.76,UTC+0100,r7FYwmiDQH,com.sec.android.app.shealth,2025-03-04 14:00:00.000,e5b4db66-dd88-424d-a8fb-071376c9ce2c,
9497,4,0,13,2025-03-04 14:00:00.000,,,2025-03-04 14:00:36.448,2025-03-04 14:00:36.448,13,0.94444436,8.97,0.6,UTC+0100,r7FYwmiDQH,com.sec.android.app.shealth,2025-03-04 14:01:00.000,9600b3e4-0560-4c2e-825c-db1b7a625cd2,
7241,4,0,12,2025-03-04 14:01:00.000,,,2025-03-04 14:01:48.310,2025-03-04 14:01:48.310,12,1.1944444,8.65,0.47,UTC+0100,r7FYwmiDQH,com.sec.android.app.shealth,2025-03-04 14:02:00.000,c6017532-ffd5-4dde-822a-88c867ea32b2,
34981,4,0,62,2025-03-04 14:02:00.000,,,2025-03-04 14:08:02.376,2025-03-04 14:02:51.278,62,1.3212577,46.219997,2.62,UTC+0100,r7FYwmiDQH,com.sec.android.app.shealth,2025-03-04 14:03:00.000,e7a9025b-8d8e-4007-91b9-16f5d5115b27,
6948,4,2,13,2025-03-04 14:03:00.000,,,2025-03-04 14:08:02.465,2025-03-04 14:08:02.465,15,1.75,12.16,0.79,UTC+0100,r7FYwmiDQH,com.sec.android.app.shealth,2025-03-04 14:04:00.000,62b3149b-8954-4a8a-aaa0-f77d3a1c87ed,
7180,4,0,14,2025-03-04 14:04:00.000,,,2025-03-04 14:08:02.554,2025-03-04 14:08:02.554,14,1.5277778,10.97,0.57,UTC+0100,r7FYwmiDQH,com.sec.android.app.shealth,2025-03-04 14:05:00.000,27e62ab4-0aa4-4bbf-86cc-9e21bcb2698a,
37764,4,0,58,2025-03-04 14:06:00.000,,,2025-03-04 14:08:02.609,2025-03-04 14:08:02.609,58,1.1111112,41.96,2.31,UTC+0100,r7FYwmiDQH,com.sec.android.app.shealth,2025-03-04 14:07:00.000,45273f18-e1cc-42c6-aa47-7b78872a9968,
7474,4,0,12,2025-03-04 14:07:00.000,,,2025-03-04 14:08:02.651,2025-03-04 14:08:02.651,12,1.1666666,8.72,0.5,UTC+0100,r7FYwmiDQH,com.sec.android.app.shealth,2025-03-04 14:08:00.000,2ae15703-259b-4d4e-a7dc-483171137517,
9280,4,0,17,2025-03-04 14:09:00.000,,,2025-03-04 14:10:27.339,2025-03-04 14:10:27.339,17,1.3888888,12.89,0.7,UTC+0100,r7FYwmiDQH,com.sec.android.app.shealth,2025-03-04 14:10:00.000,d9c61f3e-3abe-4399-82da-c67dafe3d072,
18630,4,0,33,2025-03-04 14:18:00.000,,,2025-03-04 14:19:07.436,2025-03-04 14:19:07.436,33,1.3333334,24.84,1.31,UTC+0100,r7FYwmiDQH,com.sec.android.app.shealth,2025-03-04 14:19:00.000,0987d813-4afc-49fb-b905-688f77ba9eb8,
38382,4,0,71,2025-03-04 14:19:00.000,,,2025-03-04 14:20:09.659,2025-03-04 14:19:07.822,71,1.4009167,53.77,2.86,UTC+0100,r7FYwmiDQH,com.sec.android.app.shealth,2025-03-04 14:20:00.000,291328c0-94fe-4e4b-bd02-0192336d94a6,
563,4,0,1,2025-03-04 14:20:00.000,,,2025-03-04 14:20:09.870,2025-03-04 14:20:09.870,1,1.2777778,0.72,0.04,UTC+0100,r7FYwmiDQH,com.sec.android.app.shealth,2025-03-04 14:21:00.000,6c0dbff1-0fc4-4886-af90-cbe08bb05582,
9820,4,0,14,2025-03-04 15:01:00.000,,,2025-03-04 15:01:55.156,2025-03-04 15:01:55.156,14,1.0,9.82,0.56,UTC+0100,r7FYwmiDQH,com.sec.android.app.shealth,2025-03-04 15:02:00.000,35cdfece-3a20-4949-b7f1-164ef557c271,
10020,4,0,17,2025-03-04 15:02:00.000,,,2025-03-04 15:05:51.255,2025-03-04 15:02:30.342,17,1.22546,12.280001,0.66999996,UTC+0100,r7FYwmiDQH,com.sec.android.app.shealth,2025-03-04 15:03:00.000,485b9206-8f1a-4574-9cea-bd3c43fadf7d,
10100,4,0,14,2025-03-04 15:03:00.000,,,2025-03-04 15:05:51.400,2025-03-04 15:05:51.400,14,0.9722222,9.82,0.56,UTC+0100,r7FYwmiDQH,com.sec.android.app.shealth,2025-03-04 15:04:00.000,9aa1feb6-ec18-4c4c-aab7-dcd2f6c6f28b,
35517,4,0,60,2025-03-04 15:05:00.000,,,2025-03-04 15:05:51.442,2025-03-04 15:05:51.442,60,1.2222222,43.41,2.43,UTC+0100,r7FYwmiDQH,com.sec.android.app.shealth,2025-03-04 15:06:00.000,5e321581-07e1-4b6a-bc13-f5052b9024a8,
4685,4,0,11,2025-03-04 15:07:00.000,,,2025-03-04 15:07:55.188,2025-03-04 15:07:55.188,11,1.9166665,8.98,0.38,UTC+0100,r7FYwmiDQH,com.sec.android.app.shealth,2025-03-04 15:08:00.000,3ac38144-3a3f-4700-95aa-debe90e6532a,
31950,4,0,49,2025-03-04 15:09:00.000,,,2025-03-04 15:11:46.427,2025-03-04 15:11:46.427,49,1.1111112,35.5,1.96,UTC+0100,r7FYwmiDQH,com.sec.android.app.shealth,2025-03-04 15:10:00.000,039ba4cb-df47-4e26-91af-2756c14bd010,
59005,4,0,95,2025-03-04 15:10:00.000,,,2025-03-04 15:11:46.498,2025-03-04 15:11:46.498,95,1.1666666,68.84,3.75,UTC+0100,r7FYwmiDQH,com.sec.android.app.shealth,2025-03-04 15:11:00.000,47f80b5b-c67a-4604-bdd8-2ddfb3f6f0b4,
36193,4,0,55,2025-03-04 15:11:00.000,,,2025-03-04 15:11:46.541,2025-03-04 15:11:46.541,55,1.0833334,39.21,2.2,UTC+0100,r7FYwmiDQH,com.sec.android.app.shealth,2025-03-04 15:12:00.000,28786f08-462f-4f7b-8127-96699ba55c8d,
24152,4,0,38,2025-03-04 15:12:00.000,,,2025-03-04 15:14:04.272,2025-03-04 15:12:21.396,38,1.1352723,27.419998,1.52,UTC+0100,r7FYwmiDQH,com.sec.android.app.shealth,2025-03-04 15:13:00.000,839bd541-d229-421f-97f1-fe133c469b5a,
15216,4,0,22,2025-03-04 15:14:00.000,,,2025-03-04 15:15:00.032,2025-03-04 15:14:04.506,22,1.0087467,15.35,0.89,UTC+0100,r7FYwmiDQH,com.sec.android.app.shealth,2025-03-04 15:15:00.000,ee9226b0-2b34-4357-b410-5ed8c9f78d53,
13686,4,17,11,2025-03-04 15:16:00.000,,,2025-03-04 15:18:36.382,2025-03-04 15:18:36.382,28,1.6111112,22.05,1.8,UTC+0100,r7FYwmiDQH,com.sec.android.app.shealth,2025-03-04 15:17:00.000,ded16e1f-961c-4d40-a61f-4bdc8f43234d,
1052,4,0,2,2025-03-04 15:17:00.000,,,2025-03-04 15:18:36.429,2025-03-04 15:18:36.429,2,1.4444444,1.52,0.08,UTC+0100,r7FYwmiDQH,com.sec.android.app.shealth,2025-03-04 15:18:00.000,bf5d1ffa-675b-400e-9feb-8f53ae0f9451,
3803,4,0,10,2025-03-04 15:18:00.000,,,2025-03-04 15:18:36.471,2025-03-04 15:18:36.471,10,2.1666667,8.24,0.35,UTC+0100,r7FYwmiDQH,com.sec.android.app.shealth,2025-03-04 15:19:00.000,2fffe69d-6897-499b-a71b-a5b8e997634c,
37018,4,0,58,2025-03-04 15:22:00.000,,,2025-03-04 15:28:46.478,2025-03-04 15:28:46.478,58,1.1388888,42.16,2.35,UTC+0100,r7FYwmiDQH,com.sec.android.app.shealth,2025-03-04 15:23:00.000,c6fc6f43-a3f5-48b6-b52c-0deb20f57f10,
17125,4,0,31,2025-03-04 15:23:00.000,,,2025-03-04 15:28:46.635,2025-03-04 15:28:46.635,31,1.3611112,23.31,1.19,UTC+0100,r7FYwmiDQH,com.sec.android.app.shealth,2025-03-04 15:24:00.000,afcaa1c3-d899-4f95-915f-596a35c7876d,
57685,4,0,93,2025-03-04 15:24:00.000,,,2025-03-04 15:28:46.697,2025-03-04 15:28:46.697,93,1.1666666,67.3,3.8,UTC+0100,r7FYwmiDQH,com.sec.android.app.shealth,2025-03-04 15:25:00.000,1197a502-fe1b-42a8-b6c7-260d7a8177a7,
43603,4,0,69,2025-03-04 15:25:00.000,,,2025-03-04 15:28:46.775,2025-03-04 15:28:46.775,69,1.1388888,49.66,2.74,UTC+0100,r7FYwmiDQH,com.sec.android.app.shealth,2025-03-04 15:26:00.000,5938c751-1b00-4c91-aeff-df8b7667360d,
50438,4,0,73,2025-03-04 15:26:00.000,,,2025-03-04 15:28:46.838,2025-03-04 15:28:46.838,73,1.0277778,51.84,2.87,UTC+0100,r7FYwmiDQH,com.sec.android.app.shealth,2025-03-04 15:27:00.000,02e609e5-918e-4b06-9169-a4302792396d,
55181,4,0,84,2025-03-04 15:27:00.000,,,2025-03-04 15:28:46.889,2025-03-04 15:28:46.889,84,1.0833334,59.78,3.36,UTC+0100,r7FYwmiDQH,com.sec.android.app.shealth,2025-03-04 15:28:00.000,fe802ecb-e159-4334-9c53-29ac0d702a64,
48621,4,0,74,2025-03-04 15:28:00.000,,,2025-03-04 15:28:48.023,2025-03-04 15:28:46.938,74,1.084084,52.71,4.9100003,UTC+0100,r7FYwmiDQH,com.sec.android.app.shealth,2025-03-04 15:29:00.000,a4b562f7-34b3-469d-9737-de7439bbc657,
11388,4,0,29,2025-03-04 15:29:00.000,,,2025-03-04 15:30:01.315,2025-03-04 15:30:01.315,29,1.9722222,22.46,1.16,UTC+0100,r7FYwmiDQH,com.sec.android.app.shealth,2025-03-04 15:30:00.000,5fd4b9b2-b22f-4951-a67f-7300d72f0fa8,
18226,4,0,30,2025-03-04 15:30:00.000,,,2025-03-04 15:31:08.394,2025-03-04 15:31:08.394,30,1.1944444,21.77,1.17,UTC+0100,r7FYwmiDQH,com.sec.android.app.shealth,2025-03-04 15:31:00.000,5c8ed5fb-60e8-494b-aef2-547bd08c27c2,
30870,4,0,44,2025-03-04 15:31:00.000,,,2025-03-04 15:32:00.109,2025-03-04 15:31:08.512,44,1.0524579,32.489998,1.8299999,UTC+0100,r7FYwmiDQH,com.sec.android.app.shealth,2025-03-04 15:32:00.000,2dd381be-1299-4b40-8d9c-ff8e94d05d97,
8219,4,0,21,2025-03-04 15:32:00.000,,,2025-03-04 15:32:46.420,2025-03-04 15:32:23.083,21,2.0974925,17.239998,0.73,UTC+0100,r7FYwmiDQH,com.sec.android.app.shealth,2025-03-04 15:33:00.000,f2be38ba-8bd8-4ab9-a8a9-7e585053ca19,
19188,4,0,30,2025-03-04 15:34:00.000,,,2025-03-04 15:34:34.110,2025-03-04 15:34:28.702,30,1.1376878,21.83,1.1899999,UTC+0100,r7FYwmiDQH,com.sec.android.app.shealth,2025-03-04 15:35:00.000,7319a019-e483-400d-8177-c6ff9ce59f4a,
38141,4,0,62,2025-03-04 15:35:00.000,,,2025-03-04 15:36:08.206,2025-03-04 15:35:29.368,62,1.2102323,46.160004,2.62,UTC+0100,r7FYwmiDQH,com.sec.android.app.shealth,2025-03-04 15:36:00.000,45625704-e556-40d4-b30a-b02c56baf7f2,
22557,4,0,36,2025-03-04 15:37:00.000,,,2025-03-04 15:54:59.053,2025-03-04 15:54:59.053,36,1.1388888,25.69,1.48,UTC+0100,r7FYwmiDQH,com.sec.android.app.shealth,2025-03-04 15:38:00.000,0add1e07-c764-4929-9a70-4a2add14549a,
53733,4,0,101,2025-03-04 16:00:00.000,,,2025-03-04 16:01:10.155,2025-03-04 16:00:23.745,101,1.4491854,77.869995,3.9699998,UTC+0100,r7FYwmiDQH,com.sec.android.app.shealth,2025-03-04 16:01:00.000,f6bc5cdd-76c2-4884-af42-8b407be94e3f,
50143,4,0,88,2025-03-04 16:01:00.000,,,2025-03-04 16:07:52.503,2025-03-04 16:01:10.337,88,1.308444,65.61001,3.4699998,UTC+0100,r7FYwmiDQH,com.sec.android.app.shealth,2025-03-04 16:02:00.000,65a7fa70-0154-412a-aee2-9b36fb61e98c,
52389,4,0,81,2025-03-04 16:02:00.000,,,2025-03-04 16:07:52.851,2025-03-04 16:07:52.851,81,1.1111112,58.21,3.24,UTC+0100,r7FYwmiDQH,com.sec.android.app.shealth,2025-03-04 16:03:00.000,64417153-e550-429e-9f85-8f31a453264f,
10907,4,0,16,2025-03-04 16:03:00.000,,,2025-03-04 16:11:33.121,2025-03-04 16:11:33.121,16,1.0277777,11.21,0.65,UTC+0100,r7FYwmiDQH,com.sec.android.app.shealth,2025-03-04 16:04:00.000,8a23e727-04a9-4031-8c90-c7f46fb3d469,
52503,4,0,78,2025-03-04 16:04:00.000,,,2025-03-04 16:11:33.240,2025-03-04 16:11:33.240,78,1.0555556,55.42,4.11,UTC+0100,r7FYwmiDQH,com.sec.android.app.shealth,2025-03-04 16:05:00.000,43ba9c34-c65d-4119-a400-5d976b7004dc,
22764,4,0,31,2025-03-04 16:05:00.000,,,2025-03-04 16:11:33.780,2025-03-04 16:11:33.780,31,0.9444444,21.5,1.78,UTC+0100,r7FYwmiDQH,com.sec.android.app.shealth,2025-03-04 16:06:00.000,622a25f2-0a57-4a8c-a8ae-e7cd0743dc22,
16115,4,0,22,2025-03-04 16:07:00.000,,,2025-03-04 16:11:33.938,2025-03-04 16:11:33.938,22,0.9444444,15.22,0.97,UTC+0100,r7FYwmiDQH,com.sec.android.app.shealth,2025-03-04 16:08:00.000,028c76ec-8fe9-4e16-b7cb-1f8e269cf1b4,
6791,4,0,10,2025-03-04 16:08:00.000,,,2025-03-04 16:11:34.148,2025-03-04 16:11:34.148,10,1.0277778,6.98,0.39,UTC+0100,r7FYwmiDQH,com.sec.android.app.shealth,2025-03-04 16:09:00.000,f6eb6b91-2599-4a6c-9352-a047a0a3cfcb,
39574,4,0,64,2025-03-04 16:10:00.000,,,2025-03-04 16:11:34.182,2025-03-04 16:11:34.182,64,1.1666666,46.17,2.57,UTC+0100,r7FYwmiDQH,com.sec.android.app.shealth,2025-03-04 16:11:00.000,8c87177a-e744-49c7-8bc8-1d3a68c21042,
24535,4,0,37,2025-03-04 16:11:00.000,,,2025-03-04 16:14:59.066,2025-03-04 16:11:34.218,37,1.0613198,26.04,1.52,UTC+0100,r7FYwmiDQH,com.sec.android.app.shealth,2025-03-04 16:12:00.000,ba9820d9-4da5-4aaf-a44b-9f3bfd36f982,
60000,4,0,101,2025-03-04 16:12:00.000,,,2025-03-04 16:14:59.166,2025-03-04 16:14:59.166,101,1.2156667,72.94,5.84,UTC+0100,r7FYwmiDQH,com.sec.android.app.shealth,2025-03-04 16:13:00.000,80e694a2-7c96-45d2-9de8-410ec750c28d,
18376,4,0,30,2025-03-04 16:13:00.000,,,2025-03-04 16:14:59.197,2025-03-04 16:14:59.197,30,1.1944444,21.95,1.25,UTC+0100,r7FYwmiDQH,com.sec.android.app.shealth,2025-03-04 16:14:00.000,db0102ac-0a4d-4ca4-8efc-e8ad7ab6d24b,
9476,4,0,13,2025-03-04 16:14:00.000,,,2025-03-04 16:14:59.227,2025-03-04 16:14:59.227,13,0.94444454,8.95,0.51,UTC+0100,r7FYwmiDQH,com.sec.android.app.shealth,2025-03-04 16:15:00.000,6f305117-bd33-4c1c-8ddb-f65d597c7ad0,
18553,4,0,28,2025-03-04 16:30:00.000,,,2025-03-04 16:32:26.589,2025-03-04 16:32:26.589,28,1.0833334,20.1,1.12,UTC+0100,r7FYwmiDQH,com.sec.android.app.shealth,2025-03-04 16:31:00.000,6f0a626d-cc89-40f1-89c6-c00957bde927,
11795,4,0,16,2025-03-04 16:31:00.000,,,2025-03-04 16:32:26.711,2025-03-04 16:32:26.711,16,0.9444444,11.14,0.66,UTC+0100,r7FYwmiDQH,com.sec.android.app.shealth,2025-03-04 16:32:00.000,73e6fd3e-e457-4f8a-b928-a6af9713969d,
6480,4,0,11,2025-03-04 16:34:00.000,,,2025-03-04 16:34:59.090,2025-03-04 16:34:59.090,11,1.25,8.1,0.43,UTC+0100,r7FYwmiDQH,com.sec.android.app.shealth,2025-03-04 16:35:00.000,a10faed0-c2da-4a31-bcdd-857c10ea011c,
6602,4,0,11,2025-03-04 16:35:00.000,,,2025-03-04 16:38:25.220,2025-03-04 16:38:25.220,11,1.2222222,8.07,0.42,UTC+0100,r7FYwmiDQH,com.sec.android.app.shealth,2025-03-04 16:36:00.000,3f84a63f-9046-4cd9-8f13-77b15567640e,
23383,4,0,39,2025-03-04 16:40:00.000,,,2025-03-04 16:55:00.073,2025-03-04 16:55:00.073,39,1.2222222,28.58,1.53,UTC+0100,r7FYwmiDQH,com.sec.android.app.shealth,2025-03-04 16:41:00.000,80e9b096-6f46-4da6-b299-a3173a113457,
15629,4,0,25,2025-03-04 16:41:00.000,,,2025-03-04 16:55:00.177,2025-03-04 16:55:00.177,25,1.1388888,17.8,1.06,UTC+0100,r7FYwmiDQH,com.sec.android.app.shealth,2025-03-04 16:42:00.000,db542016-47cb-4739-ae79-6b0d11cd9e09,
17859,4,0,28,2025-03-04 17:09:00.000,,,2025-03-04 17:15:00.081,2025-03-04 17:15:00.081,28,1.1388888,20.34,1.11,UTC+0100,r7FYwmiDQH,com.sec.android.app.shealth,2025-03-04 17:10:00.000,590c7b0b-dcdc-491d-acca-7d2bb1227726,
33774,4,0,57,2025-03-04 17:15:00.000,,,2025-03-04 17:21:06.596,2025-03-04 17:21:06.596,57,1.2222222,41.28,2.27,UTC+0100,r7FYwmiDQH,com.sec.android.app.shealth,2025-03-04 17:16:00.000,1d286b45-fa2c-4421-b168-af31037e20bc,
10486,4,0,16,2025-03-04 17:16:00.000,,,2025-03-04 17:21:06.627,2025-03-04 17:21:06.627,16,1.0833334,11.36,0.65,UTC+0100,r7FYwmiDQH,com.sec.android.app.shealth,2025-03-04 17:17:00.000,8220c857-fd02-440f-862a-3771e4606961,
14376,4,0,25,2025-03-04 17:17:00.000,,,2025-03-04 17:21:06.675,2025-03-04 17:21:06.675,25,1.2777778,18.37,0.93,UTC+0100,r7FYwmiDQH,com.sec.android.app.shealth,2025-03-04 17:18:00.000,0b86efbb-4d45-41b1-808c-9c191653dae7,
38643,4,0,54,2025-03-04 17:18:00.000,,,2025-03-04 17:21:06.717,2025-03-04 17:21:06.717,54,0.97222215,37.57,2.31,UTC+0100,r7FYwmiDQH,com.sec.android.app.shealth,2025-03-04 17:19:00.000,53b07ffe-4d92-47be-9d94-4e12eaacc51e,
27840,4,0,47,2025-03-04 17:19:00.000,,,2025-03-04 17:21:06.783,2025-03-04 17:21:06.783,47,1.25,34.8,1.87,UTC+0100,r7FYwmiDQH,com.sec.android.app.shealth,2025-03-04 17:20:00.000,1faf6316-10f2-4c64-94c6-d2c7b8794380,
36762,4,0,59,2025-03-04 17:20:00.000,,,2025-03-04 17:21:06.823,2025-03-04 17:21:06.823,59,1.1666666,42.89,2.39,UTC+0100,r7FYwmiDQH,com.sec.android.app.shealth,2025-03-04 17:21:00.000,1440de83-4237-4b80-8de6-0556ffefe996,
30677,4,0,50,2025-03-04 17:21:00.000,,,2025-03-04 17:22:33.453,2025-03-04 17:21:06.854,50,1.1920619,36.57,1.99,UTC+0100,r7FYwmiDQH,com.sec.android.app.shealth,2025-03-04 17:22:00.000,112907ee-7bbd-444c-9b12-3dfcf960b572,
15578,4,0,26,2025-03-04 17:22:00.000,,,2025-03-04 17:22:33.618,2025-03-04 17:22:33.618,26,1.2222222,19.04,1.04,UTC+0100,r7FYwmiDQH,com.sec.android.app.shealth,2025-03-04 17:23:00.000,8013b51f-0707-4ff0-96d9-1421d2dfea36,
22732,4,0,36,2025-03-04 17:23:00.000,,,2025-03-04 17:28:26.122,2025-03-04 17:28:26.122,36,1.1388888,25.89,1.43,UTC+0100,r7FYwmiDQH,com.sec.android.app.shealth,2025-03-04 17:24:00.000,461e09a7-020e-43e7-a1e3-6adcc957c31c,
42423,4,0,63,2025-03-04 17:24:00.000,,,2025-03-04 17:28:26.206,2025-03-04 17:28:26.206,63,1.0555556,44.78,2.94,UTC+0100,r7FYwmiDQH,com.sec.android.app.shealth,2025-03-04 17:25:00.000,728d7706-1491-41ca-8f8a-ffa0a39f12f3,
43740,4,0,65,2025-03-04 17:25:00.000,,,2025-03-04 17:28:26.301,2025-03-04 17:28:26.301,65,1.0555556,46.17,2.61,UTC+0100,r7FYwmiDQH,com.sec.android.app.shealth,2025-03-04 17:26:00.000,2445f855-1ba8-4af0-bb25-87c208c15504,
38382,4,0,62,2025-03-04 17:26:00.000,,,2025-03-04 17:28:26.352,2025-03-04 17:28:26.352,62,1.1666666,44.78,2.51,UTC+0100,r7FYwmiDQH,com.sec.android.app.shealth,2025-03-04 17:27:00.000,3994baed-4224-4abe-988f-2302f3673adc,
12784,4,0,20,2025-03-04 17:27:00.000,,,2025-03-04 17:28:26.389,2025-03-04 17:28:26.389,20,1.1388888,14.56,0.8,UTC+0100,r7FYwmiDQH,com.sec.android.app.shealth,2025-03-04 17:28:00.000,ee1833c1-a968-4eac-a3b5-26fdb853175c,
11727,4,0,22,2025-03-04 17:28:00.000,,,2025-03-04 17:28:26.436,2025-03-04 17:28:26.436,22,1.4444444,16.94,0.85,UTC+0100,r7FYwmiDQH,com.sec.android.app.shealth,2025-03-04 17:29:00.000,2faa15da-feac-42e0-91d2-fff259d73510,
11020,4,0,14,2025-03-04 17:29:00.000,,,2025-03-04 17:35:00.063,2025-03-04 17:35:00.063,14,0.8611111,9.49,0.65,UTC+0100,r7FYwmiDQH,com.sec.android.app.shealth,2025-03-04 17:30:00.000,71e34ada-07c3-4d52-8c15-fe30590180cb,
7840,4,0,11,2025-03-04 17:30:00.000,,,2025-03-04 17:35:00.206,2025-03-04 17:35:00.206,11,1.0,7.84,0.4,UTC+0100,r7FYwmiDQH,com.sec.android.app.shealth,2025-03-04 17:31:00.000,9503e593-27d3-480e-9fee-1dea5a417688,
5298,4,0,10,2025-03-04 17:31:00.000,,,2025-03-04 17:35:00.249,2025-03-04 17:35:00.249,10,1.4722222,7.8,0.32,UTC+0100,r7FYwmiDQH,com.sec.android.app.shealth,2025-03-04 17:32:00.000,35d2e1ac-8bc8-4858-8570-e698ff75db41,
26800,4,0,38,2025-03-04 17:37:00.000,,,2025-03-04 17:40:07.394,2025-03-04 17:40:07.394,38,1.0,26.8,1.59,UTC+0100,r7FYwmiDQH,com.sec.android.app.shealth,2025-03-04 17:38:00.000,ee56c505-67a8-449a-ad4d-6e4d3178942e,
31457,4,0,56,2025-03-04 17:38:00.000,,,2025-03-04 17:40:07.467,2025-03-04 17:40:07.467,56,1.3055556,41.07,2.52,UTC+0100,r7FYwmiDQH,com.sec.android.app.shealth,2025-03-04 17:39:00.000,9b8a09c7-1f63-45ee-ab1d-bb51da38e04d,
30582,4,0,48,2025-03-04 17:39:00.000,,,2025-03-04 17:40:07.565,2025-03-04 17:40:07.565,48,1.1388888,34.83,2.13,UTC+0100,r7FYwmiDQH,com.sec.android.app.shealth,2025-03-04 17:40:00.000,860ff001-09c7-477e-b427-4dc270aff8d0,
10908,4,0,20,2025-03-04 19:57:00.000,,,2025-03-04 19:57:59.177,2025-03-04 19:57:59.177,20,1.3888888,15.15,0.79,UTC+0100,r7FYwmiDQH,com.sec.android.app.shealth,2025-03-04 19:58:00.000,045d83a7-cf87-4402-86d7-e90091e6d4e1,
16882,4,0,25,2025-03-04 19:58:00.000,,,2025-03-04 19:59:07.273,2025-03-04 19:59:07.273,25,1.0555556,17.82,1.03,UTC+0100,r7FYwmiDQH,com.sec.android.app.shealth,2025-03-04 19:59:00.000,1f354768-745f-4393-839e-54d86d384503,
39785,4,0,61,2025-03-04 19:59:00.000,,,2025-03-04 20:00:23.199,2025-03-04 19:59:07.593,61,1.106947,44.04,3.1299999,UTC+0100,r7FYwmiDQH,com.sec.android.app.shealth,2025-03-04 20:00:00.000,d08e1f5b-501d-4748-a56f-c383a30d4ec8,
17566,4,0,29,2025-03-04 22:52:00.000,,,2025-03-04 22:54:59.043,2025-03-04 22:54:59.043,29,1.2222222,21.47,1.14,UTC+0100,r7FYwmiDQH,com.sec.android.app.shealth,2025-03-04 22:53:00.000,81193cf3-7d23-4822-b8bf-b3fa655b3cc9,
18400,4,0,31,2025-03-05 04:32:00.000,,,2025-03-05 04:35:00.263,2025-03-05 04:35:00.263,31,1.2222222,22.49,1.26,UTC+0100,r7FYwmiDQH,com.sec.android.app.shealth,2025-03-05 04:33:00.000,50a17979-f816-4b9e-9b7e-09bdcd8305e7,
15752,4,0,25,2025-03-05 04:33:00.000,,,2025-03-05 04:35:00.423,2025-03-05 04:35:00.423,25,1.1388888,17.94,0.99,UTC+0100,r7FYwmiDQH,com.sec.android.app.shealth,2025-03-05 04:34:00.000,7e245e22-0a48-4e05-a640-b77c2ca8096b,
7560,4,0,14,2025-03-05 04:34:00.000,,,2025-03-05 04:35:00.631,2025-03-05 04:35:00.631,14,1.3888888,10.5,0.55,UTC+0100,r7FYwmiDQH,com.sec.android.app.shealth,2025-03-05 04:35:00.000,119aa6fc-2010-40ea-9a84-cf52549c1ba8,
51351,4,6,76,2025-03-05 04:35:00.000,,,2025-03-05 04:54:59.066,2025-03-05 04:54:59.066,82,1.1666666,59.91,3.81,UTC+0100,r7FYwmiDQH,com.sec.android.app.shealth,2025-03-05 04:36:00.000,0476bff8-4369-4588-a38c-c35096751380,
23240,4,0,38,2025-03-05 15:54:00.000,,,2025-03-05 15:55:00.515,2025-03-05 15:55:00.515,38,1.1944444,27.76,1.52,UTC+0100,r7FYwmiDQH,com.sec.android.app.shealth,2025-03-05 15:55:00.000,9b44723a-8893-4bd5-8c47-666c35d709ce,
24179,4,0,41,2025-03-05 15:55:00.000,,,2025-03-05 15:55:22.714,2025-03-05 15:55:13.639,41,1.2543436,30.329998,1.6399995,UTC+0100,r7FYwmiDQH,com.sec.android.app.shealth,2025-03-05 15:56:00.000,f53a930f-6e31-44bc-baad-bb80acac3852,
12725,4,0,21,2025-03-06 18:27:00.000,,,2025-03-06 18:28:29.689,2025-03-06 18:28:29.689,21,1.1944444,15.2,0.81,UTC+0100,NA9l677+ml,com.sec.android.app.shealth,2025-03-06 18:28:00.000,7019b5fc-b1c9-4acd-9ea9-6fb21161687a,
9429,4,0,12,2025-03-06 18:28:00.000,,,2025-03-06 18:29:41.195,2025-03-06 18:29:41.195,12,0.8611111,8.12,0.58,UTC+0100,NA9l677+ml,com.sec.android.app.shealth,2025-03-06 18:29:00.000,1cec6999-76e2-4a81-b0a7-6c3ce646e721,
46339,4,0,70,2025-03-06 18:29:00.000,,,2025-03-06 18:30:37.463,2025-03-06 18:29:41.415,70,1.1148063,51.659996,2.71,UTC+0100,NA9l677+ml,com.sec.android.app.shealth,2025-03-06 18:30:00.000,efdb6d0e-0252-4ed7-911a-27fdb769f4e9,
11695,4,0,19,2025-03-06 18:30:00.000,,,2025-03-06 18:31:51.388,2025-03-06 18:31:51.388,19,1.1944444,13.970001,0.7199998,UTC+0100,NA9l677+ml,com.sec.android.app.shealth,2025-03-06 18:31:00.000,bc791f7f-7174-4be7-8f98-e7b13cef5720,
9072,4,0,14,2025-03-06 18:31:00.000,,,2025-03-06 18:31:51.489,2025-03-06 18:31:51.489,14,1.111111,10.080002,0.55999994,UTC+0100,NA9l677+ml,com.sec.android.app.shealth,2025-03-06 18:32:00.000,70ff7f25-1b5b-4434-b1ed-51a4eab3ca91,
6304,4,0,10,2025-03-06 19:03:00.000,,,2025-03-06 19:05:36.292,2025-03-06 19:05:36.292,10,1.1388888,7.1800003,0.4000001,UTC+0100,NA9l677+ml,com.sec.android.app.shealth,2025-03-06 19:04:00.000,0012d8ec-adce-48db-bb58-160c67b12652,
16322,4,0,27,2025-03-06 19:04:00.000,,,2025-03-06 19:05:36.362,2025-03-06 19:05:36.362,27,1.2222222,19.950005,1.0299997,UTC+0100,NA9l677+ml,com.sec.android.app.shealth,2025-03-06 19:05:00.000,17491a53-60c2-44f4-a163-ef192ba68995,
8164,4,0,13,2025-03-06 19:15:00.000,,,2025-03-06 19:15:59.116,2025-03-06 19:15:59.038,13,1.1708535,9.559998,0.5499997,UTC+0100,NA9l677+ml,com.sec.android.app.shealth,2025-03-06 19:16:00.000,cf2590ae-16b6-416e-bd01-341d4543cf71,
31528,4,0,52,2025-03-06 19:16:00.000,,,2025-03-06 19:16:56.529,2025-03-06 19:16:47.389,52,1.2147924,38.299988,2.4599996,UTC+0100,NA9l677+ml,com.sec.android.app.shealth,2025-03-06 19:17:00.000,2e280877-f21e-42f1-a376-4f655b4e587b,
4529,4,0,11,2025-03-06 19:17:00.000,,,2025-03-06 19:17:00.683,2025-03-06 19:17:00.683,11,2.0,9.059998,0.35999966,UTC+0100,NA9l677+ml,com.sec.android.app.shealth,2025-03-06 19:18:00.000,532d0247-22b3-498f-a761-8c171e6f5a84,
8614,4,0,15,2025-03-06 22:35:00.000,,,2025-03-06 22:37:25.625,2025-03-06 22:35:45.820,15,1.3129561,11.309998,0.5699997,UTC+0100,NA9l677+ml,com.sec.android.app.shealth,2025-03-06 22:36:00.000,f931e39b-1722-42a8-9f6f-cab895a48e17,
22573,4,0,34,2025-03-06 22:37:00.000,,,2025-03-06 22:37:31.183,2025-03-06 22:37:25.750,34,1.0853223,24.5,1.3799992,UTC+0100,NA9l677+ml,com.sec.android.app.shealth,2025-03-06 22:38:00.000,9e012683-4013-4cc5-be79-91821311f0e8,
6993,4,0,11,2025-03-06 23:31:00.000,,,2025-03-06 23:31:03.461,2025-03-06 23:31:03.461,11,1.1111112,7.77,0.41,UTC+0100,NA9l677+ml,com.sec.android.app.shealth,2025-03-06 23:32:00.000,047eb008-4b03-423e-92bc-2803f1905aeb,
15738,4,0,24,2025-03-07 00:52:00.000,,,2025-03-07 00:54:52.404,2025-03-07 00:54:52.404,24,1.0833333,17.05,0.98,UTC+0100,NA9l677+ml,com.sec.android.app.shealth,2025-03-07 00:53:00.000,601f152b-42b9-4bbb-bd77-320e280a7dc7,
7421,4,0,11,2025-03-07 00:53:00.000,,,2025-03-07 00:54:52.519,2025-03-07 00:54:52.519,11,1.0833334,8.040001,0.42999995,UTC+0100,NA9l677+ml,com.sec.android.app.shealth,2025-03-07 00:54:00.000,149ed35f-2240-4115-8573-af6c800dfd84,
11097,4,0,19,2025-03-07 00:56:00.000,,,2025-03-07 00:57:36.950,2025-03-07 00:57:36.950,19,1.2777778,14.18,0.71000004,UTC+0100,NA9l677+ml,com.sec.android.app.shealth,2025-03-07 00:57:00.000,e23c8ea9-d2c3-4da9-8be0-1929a0a42224,
26827,4,0,42,2025-03-07 00:57:00.000,,,2025-03-07 00:57:41.500,2025-03-07 00:57:37.044,42,1.1290817,30.29,1.7099998,UTC+0100,NA9l677+ml,com.sec.android.app.shealth,2025-03-07 00:58:00.000,8aa92a63-1273-438b-9fde-ddc7250f26bc,
16137,4,0,25,2025-03-07 07:36:00.000,,,2025-03-07 07:45:02.124,2025-03-07 07:45:02.124,25,1.1111112,17.93,1.02,UTC+0100,NA9l677+ml,com.sec.android.app.shealth,2025-03-07 07:37:00.000,3549e49d-4a5f-4320-9125-fe5cb7909c0b,
5640,4,0,8,2025-03-07 07:37:00.000,,,2025-03-07 07:45:02.518,2025-03-07 07:45:02.518,8,1.0,5.64,0.32,UTC+0100,NA9l677+ml,com.sec.android.app.shealth,2025-03-07 07:38:00.000,8617572d-a9a6-4f3c-bf78-5f63b093d499,
12357,4,0,24,2025-03-07 07:38:00.000,,,2025-03-07 07:45:02.617,2025-03-07 07:45:02.617,24,1.4444444,17.85,0.97,UTC+0100,NA9l677+ml,com.sec.android.app.shealth,2025-03-07 07:39:00.000,56065340-5d98-4e19-bc54-9394030255f2,
15585,4,0,28,2025-03-07 07:39:00.000,,,2025-03-07 07:45:02.711,2025-03-07 07:45:02.711,28,1.3333334,20.78,1.09,UTC+0100,NA9l677+ml,com.sec.android.app.shealth,2025-03-07 07:40:00.000,eca3a09e-287b-41f6-bed5-4765b38e9f06,
15624,4,0,24,2025-03-07 07:41:00.000,,,2025-03-07 07:45:02.821,2025-03-07 07:45:02.821,24,1.1111112,17.36,0.94,UTC+0100,NA9l677+ml,com.sec.android.app.shealth,2025-03-07 07:42:00.000,85fbad60-2a7c-4fc2-90ed-5deaef13046e,
12971,4,0,17,2025-03-07 07:43:00.000,,,2025-03-07 07:45:02.879,2025-03-07 07:45:02.879,17,0.8888889,11.53,0.72,UTC+0100,NA9l677+ml,com.sec.android.app.shealth,2025-03-07 07:44:00.000,b78ad99f-8fc1-4fd2-a331-6a931dc9ba99,
11821,4,0,15,2025-03-07 07:47:00.000,,,2025-03-07 07:51:50.242,2025-03-07 07:51:50.242,15,0.8611111,10.18,0.62,UTC+0100,NA9l677+ml,com.sec.android.app.shealth,2025-03-07 07:48:00.000,135e18d1-9d80-4440-80a9-962d36e9d846,
11345,4,0,15,2025-03-07 07:51:00.000,,,2025-03-07 07:51:50.284,2025-03-07 07:51:50.284,15,0.9166667,10.4,0.65,UTC+0100,NA9l677+ml,com.sec.android.app.shealth,2025-03-07 07:52:00.000,63a782f6-3d67-4ce1-bb56-1888e2967c53,
5269,4,0,7,2025-03-07 07:53:00.000,,,2025-03-07 07:55:00.437,2025-03-07 07:55:00.437,7,0.9166667,4.83,0.27,UTC+0100,NA9l677+ml,com.sec.android.app.shealth,2025-03-07 07:54:00.000,4435f7d2-1606-458f-8649-d6c58628569e,
17338,4,0,22,2025-03-07 07:55:00.000,,,2025-03-07 08:12:40.619,2025-03-07 08:12:40.619,22,0.86111116,14.93,0.91,UTC+0100,NA9l677+ml,com.sec.android.app.shealth,2025-03-07 07:56:00.000,cfbcbf36-dde2-4719-9ef5-91e2cb1a98c3,
8269,4,0,11,2025-03-07 07:56:00.000,,,2025-03-07 08:12:40.725,2025-03-07 08:12:40.725,11,0.9166667,7.58,0.43,UTC+0100,NA9l677+ml,com.sec.android.app.shealth,2025-03-07 07:57:00.000,34cdb802-219b-422f-9de1-7d4034336ee5,
11810,4,0,15,2025-03-07 07:58:00.000,,,2025-03-07 08:12:40.818,2025-03-07 08:12:40.818,15,0.8611111,10.17,0.65,UTC+0100,NA9l677+ml,com.sec.android.app.shealth,2025-03-07 07:59:00.000,abbd7568-839c-4abf-a136-7898f239ce05,
7068,4,0,11,2025-03-07 07:59:00.000,,,2025-03-07 08:12:40.905,2025-03-07 08:12:40.905,11,1.1388888,8.05,0.4,UTC+0100,NA9l677+ml,com.sec.android.app.shealth,2025-03-07 08:00:00.000,07258622-cdaa-458f-b93c-e77a8cb7a7b0,
7041,4,0,11,2025-03-07 08:10:00.000,,,2025-03-07 08:12:40.946,2025-03-07 08:12:40.946,11,1.1388888,8.02,0.43,UTC+0100,NA9l677+ml,com.sec.android.app.shealth,2025-03-07 08:11:00.000,b324d208-4b18-49c9-8f15-89b70f0d12bc,
13389,4,0,17,2025-03-07 08:13:00.000,,,2025-03-07 08:15:00.436,2025-03-07 08:15:00.436,17,0.8611111,11.53,0.73,UTC+0100,NA9l677+ml,com.sec.android.app.shealth,2025-03-07 08:14:00.000,a714c469-b746-4bd7-82d3-1ecaee019238,
24491,4,0,32,2025-03-07 08:14:00.000,,,2025-03-07 08:15:00.574,2025-03-07 08:15:00.574,32,0.8888889,21.77,1.29,UTC+0100,NA9l677+ml,com.sec.android.app.shealth,2025-03-07 08:15:00.000,2691cce2-886e-4d4e-a77b-224c2de90ff3,
7033,4,0,11,2025-03-07 08:15:00.000,,,2025-03-07 08:17:06.643,2025-03-07 08:17:06.643,11,1.1388888,8.01,0.41,UTC+0100,NA9l677+ml,com.sec.android.app.shealth,2025-03-07 08:16:00.000,1d525c9f-a839-4734-80ea-f466595b5bc1,
17043,4,0,22,2025-03-07 08:16:00.000,,,2025-03-07 08:17:06.765,2025-03-07 08:17:06.765,22,0.88888884,15.15,0.89,UTC+0100,NA9l677+ml,com.sec.android.app.shealth,2025-03-07 08:17:00.000,72a890f9-d942-4d17-a93b-963e2564794f,
21377,4,0,29,2025-03-07 08:17:00.000,,,2025-03-07 08:17:51.830,2025-03-07 08:17:51.830,29,0.9444444,20.19,1.15,UTC+0100,NA9l677+ml,com.sec.android.app.shealth,2025-03-07 08:18:00.000,f6cc7d1c-9850-4d58-8a9a-fb582a85b644,
16074,4,0,27,2025-03-07 08:18:00.000,,,2025-03-07 08:19:18.231,2025-03-07 08:18:10.355,27,1.2392684,19.92,1.06,UTC+0100,NA9l677+ml,com.sec.android.app.shealth,2025-03-07 08:19:00.000,2827bd93-9b4a-4f0d-b7c3-769fbfb8502e,
15848,4,0,26,2025-03-07 08:20:00.000,,,2025-03-07 08:20:39.761,2025-03-07 08:20:39.761,26,1.1944444,18.93,1.1,UTC+0100,NA9l677+ml,com.sec.android.app.shealth,2025-03-07 08:21:00.000,3bbcf771-af2c-411b-8677-02150bdc0e17,
10816,4,0,18,2025-03-07 08:21:00.000,,,2025-03-07 08:22:05.129,2025-03-07 08:22:05.129,18,1.2222222,13.22,0.73,UTC+0100,NA9l677+ml,com.sec.android.app.shealth,2025-03-07 08:22:00.000,96ad80c7-59a1-4449-b148-188db3c218e5,
13661,4,0,23,2025-03-07 08:22:00.000,,,2025-03-07 08:22:09.878,2025-03-07 08:22:05.245,23,1.2524172,17.11,0.88,UTC+0100,NA9l677+ml,com.sec.android.app.shealth,2025-03-07 08:23:00.000,8158633e-d08d-4782-a7f4-09a859e7223e,
11228,4,0,18,2025-03-07 08:37:00.000,,,2025-03-07 08:38:57.022,2025-03-07 08:38:57.022,18,1.1666666,13.1,0.71,UTC+0100,NA9l677+ml,com.sec.android.app.shealth,2025-03-07 08:38:00.000,b6c89d83-77bd-4748-ba18-b2ca2dd16e2b,
39836,4,0,56,2025-03-07 08:38:00.000,,,2025-03-07 08:38:57.112,2025-03-07 08:38:57.112,56,0.9722222,38.73,2.28,UTC+0100,NA9l677+ml,com.sec.android.app.shealth,2025-03-07 08:39:00.000,f121c901-fec6-4a91-9cc7-fa5c5aad52cc,
22865,4,0,34,2025-03-07 08:39:00.000,,,2025-03-07 08:55:00.260,2025-03-07 08:39:02.969,34,1.0636344,24.32,1.3499999,UTC+0100,NA9l677+ml,com.sec.android.app.shealth,2025-03-07 08:40:00.000,779222a0-6597-4963-90ab-a51f13cce27e,
13709,4,0,20,2025-03-07 08:40:00.000,,,2025-03-07 08:55:00.384,2025-03-07 08:55:00.384,20,1.0277778,14.09,0.79,UTC+0100,NA9l677+ml,com.sec.android.app.shealth,2025-03-07 08:41:00.000,ceafc17b-6db7-4a14-a753-849082611299,
32914,4,0,46,2025-03-07 08:41:00.000,,,2025-03-07 08:55:00.417,2025-03-07 08:55:00.417,46,0.9722222,32.0,1.85,UTC+0100,NA9l677+ml,com.sec.android.app.shealth,2025-03-07 08:42:00.000,c13a0196-f0aa-4161-9eaa-b69f13c6073a,
28328,4,0,45,2025-03-07 08:42:00.000,,,2025-03-07 08:55:00.440,2025-03-07 08:55:00.440,45,1.1666666,33.05,1.79,UTC+0100,NA9l677+ml,com.sec.android.app.shealth,2025-03-07 08:43:00.000,8a2ab548-5362-4b84-8f41-a4b0bfdbe749,
7650,4,0,10,2025-03-07 08:54:00.000,,,2025-03-07 08:55:00.466,2025-03-07 08:55:00.466,10,0.8888889,6.8,0.4,UTC+0100,NA9l677+ml,com.sec.android.app.shealth,2025-03-07 08:55:00.000,ee15f09e-7dd1-418a-b57e-4cb58edb5696,
39913,4,0,60,2025-03-07 08:55:00.000,,,2025-03-07 08:58:29.610,2025-03-07 08:58:29.610,60,1.0833334,43.24,2.37,UTC+0100,NA9l677+ml,com.sec.android.app.shealth,2025-03-07 08:56:00.000,6ba566cf-1234-4267-a02b-5886918903ed,
15872,4,0,21,2025-03-07 08:56:00.000,,,2025-03-07 08:58:29.705,2025-03-07 08:58:29.705,21,0.9166667,14.55,0.9,UTC+0100,NA9l677+ml,com.sec.android.app.shealth,2025-03-07 08:57:00.000,b410c02c-f993-4575-bf45-305d70c88289,
26490,4,0,41,2025-03-07 08:57:00.000,,,2025-03-07 08:58:29.777,2025-03-07 08:58:29.777,41,1.1388888,30.17,1.56,UTC+0100,NA9l677+ml,com.sec.android.app.shealth,2025-03-07 08:58:00.000,4fe133de-1027-4b23-8749-314fb0e1b80d,
2066,4,0,4,2025-03-07 08:58:00.000,,,2025-03-07 08:58:29.846,2025-03-07 08:58:29.846,4,1.5,3.1,0.16,UTC+0100,NA9l677+ml,com.sec.android.app.shealth,2025-03-07 08:59:00.000,c4d9e3bb-c726-41c3-8c58-05b014dd58e6,
25621,4,0,40,2025-03-07 09:01:00.000,,,2025-03-07 09:06:27.243,2025-03-07 09:06:27.243,40,1.1388888,29.18,1.72,UTC+0100,NA9l677+ml,com.sec.android.app.shealth,2025-03-07 09:02:00.000,8e52c9ad-dc29-42fd-b9e1-adadb63d9a2b,
7621,4,0,12,2025-03-07 09:08:00.000,,,2025-03-07 09:09:33.825,2025-03-07 09:09:33.825,12,1.1388888,8.68,0.47,UTC+0100,NA9l677+ml,com.sec.android.app.shealth,2025-03-07 09:09:00.000,e9e02261-2b4f-4c22-a161-5fd1d86bfd1e,
3912,4,0,12,2025-03-07 09:11:00.000,,,2025-03-07 09:15:00.249,2025-03-07 09:15:00.249,12,2.5277777,9.89,0.33,UTC+0100,NA9l677+ml,com.sec.android.app.shealth,2025-03-07 09:12:00.000,25a14e9f-6f6a-49a9-8136-b4485812bee8,
18437,4,0,41,2025-03-07 09:13:00.000,,,2025-03-07 09:15:00.373,2025-03-07 09:15:00.373,41,1.8055556,33.29,1.68,UTC+0100,NA9l677+ml,com.sec.android.app.shealth,2025-03-07 09:14:00.000,c4af53e9-18e8-47f4-ada2-81fe53791717,
4877,4,0,12,2025-03-07 09:21:00.000,,,2025-03-07 09:35:00.276,2025-03-07 09:35:00.276,12,2.0277777,9.89,0.39,UTC+0100,NA9l677+ml,com.sec.android.app.shealth,2025-03-07 09:22:00.000,6381c109-1709-45d7-a39e-8d2e5c18d94d,
8258,4,0,11,2025-03-07 09:58:00.000,,,2025-03-07 10:07:33.143,2025-03-07 10:07:33.143,11,0.91666675,7.57,0.44,UTC+0100,NA9l677+ml,com.sec.android.app.shealth,2025-03-07 09:59:00.000,caf03fdc-5695-426c-809d-171620945966,
24507,4,0,37,2025-03-07 09:59:00.000,,,2025-03-07 10:07:33.223,2025-03-07 10:07:33.223,37,1.0833334,26.55,1.47,UTC+0100,NA9l677+ml,com.sec.android.app.shealth,2025-03-07 10:00:00.000,50e04e70-03e3-4930-85ec-838cf743647b,
10690,4,0,14,2025-03-07 10:00:00.000,,,2025-03-07 10:07:33.268,2025-03-07 10:07:33.268,14,0.9166667,9.8,0.58,UTC+0100,NA9l677+ml,com.sec.android.app.shealth,2025-03-07 10:01:00.000,72b33716-8fdb-49e3-9218-b7a2db0b97fa,
38457,4,0,66,2025-03-07 10:01:00.000,,,2025-03-07 10:07:33.300,2025-03-07 10:07:33.300,66,1.2777778,49.14,2.63,UTC+0100,NA9l677+ml,com.sec.android.app.shealth,2025-03-07 10:02:00.000,bcb36bdd-34d2-4a6e-a777-4474bcf13e7d,
35803,4,0,59,2025-03-07 10:02:00.000,,,2025-03-07 10:07:33.343,2025-03-07 10:07:33.343,59,1.2222222,43.76,2.32,UTC+0100,NA9l677+ml,com.sec.android.app.shealth,2025-03-07 10:03:00.000,89e40565-12bf-4555-a750-2299f348b95e,
49285,4,0,79,2025-03-07 10:03:00.000,,,2025-03-07 10:07:33.407,2025-03-07 10:07:33.407,79,1.1666666,57.5,3.31,UTC+0100,NA9l677+ml,com.sec.android.app.shealth,2025-03-07 10:04:00.000,4f4f1067-c31d-4473-995f-2b44b82ce439,
18493,4,0,32,2025-03-07 10:04:00.000,,,2025-03-07 10:07:33.445,2025-03-07 10:07:33.445,32,1.2777778,23.63,1.29,UTC+0100,NA9l677+ml,com.sec.android.app.shealth,2025-03-07 10:05:00.000,95d28716-6f5f-4388-afb5-15a8716eff59,
8622,4,0,14,2025-03-07 10:05:00.000,,,2025-03-07 10:07:33.474,2025-03-07 10:07:33.474,14,1.1388888,9.82,0.59,UTC+0100,NA9l677+ml,com.sec.android.app.shealth,2025-03-07 10:06:00.000,c4a6b94a-4616-4674-aa63-d461f466f0d0,
10281,4,0,14,2025-03-07 10:07:00.000,,,2025-03-07 10:10:04.597,2025-03-07 10:10:04.597,14,0.94444454,9.71,0.55,UTC+0100,NA9l677+ml,com.sec.android.app.shealth,2025-03-07 10:08:00.000,56f744b9-7cab-46fc-954a-7d844fa7f23b,
8482,4,0,11,2025-03-07 10:09:00.000,,,2025-03-07 10:10:04.687,2025-03-07 10:10:04.687,11,0.8888889,7.54,0.46,UTC+0100,NA9l677+ml,com.sec.android.app.shealth,2025-03-07 10:10:00.000,8b40d467-da52-4cf3-9faf-93baacc5c14a,
6250,4,0,11,2025-03-07 10:13:00.000,,,2025-03-07 10:15:00.267,2025-03-07 10:15:00.267,11,1.3055556,8.16,0.4,UTC+0100,NA9l677+ml,com.sec.android.app.shealth,2025-03-07 10:14:00.000,26840d24-ffda-484a-8ce8-428276347f13,
13459,4,0,17,2025-03-07 10:17:00.000,,,2025-03-07 10:17:58.514,2025-03-07 10:17:58.514,17,0.8611111,11.59,0.69,UTC+0100,NA9l677+ml,com.sec.android.app.shealth,2025-03-07 10:18:00.000,bda23c26-aefe-4eed-b0f4-e7f0702199e1,
7414,4,0,15,2025-03-07 10:18:00.000,,,2025-03-07 10:18:21.653,2025-03-07 10:18:07.655,15,1.5563836,11.54,0.59,UTC+0100,NA9l677+ml,com.sec.android.app.shealth,2025-03-07 10:19:00.000,2522c47b-e71a-4a28-8a7e-07aacfc133e6,
6186,4,0,12,2025-03-07 10:20:00.000,,,2025-03-07 10:24:09.261,2025-03-07 10:24:09.261,12,1.5,9.28,0.45,UTC+0100,NA9l677+ml,com.sec.android.app.shealth,2025-03-07 10:21:00.000,72cadf70-1c9b-4fa7-a4c4-053e7c09581b,
6576,4,0,11,2025-03-07 10:21:00.000,,,2025-03-07 10:24:09.365,2025-03-07 10:24:09.365,11,1.25,8.22,0.45,UTC+0100,NA9l677+ml,com.sec.android.app.shealth,2025-03-07 10:22:00.000,c1e4f748-0da6-47e6-b793-3c29ee1b9efc,
3857,4,0,10,2025-03-07 10:22:00.000,,,2025-03-07 10:24:09.418,2025-03-07 10:24:09.418,10,2.1388888,8.25,0.29,UTC+0100,NA9l677+ml,com.sec.android.app.shealth,2025-03-07 10:23:00.000,3b1626ac-d03f-4aaa-979f-cedd9e5fc536,
9452,4,0,12,2025-03-07 10:26:00.000,,,2025-03-07 10:29:34.154,2025-03-07 10:29:34.154,12,0.86111104,8.14,0.55,UTC+0100,NA9l677+ml,com.sec.android.app.shealth,2025-03-07 10:27:00.000,267780d7-d007-42c9-8845-ec8c4ab7fade,
16060,4,0,20,2025-03-07 10:44:00.000,,,2025-03-07 10:45:01.839,2025-03-07 10:45:01.839,20,0.8611111,13.83,0.82,UTC+0100,NA9l677+ml,com.sec.android.app.shealth,2025-03-07 10:45:00.000,3fc99822-3748-4ffa-824e-38c3c71bed60,
19701,4,0,33,2025-03-07 10:46:00.000,,,2025-03-07 10:47:03.019,2025-03-07 10:47:03.019,33,1.2222222,24.08,1.29,UTC+0100,NA9l677+ml,com.sec.android.app.shealth,2025-03-07 10:47:00.000,9a6d11c7-8407-41a9-8903-92be6a7faaca,
14193,4,0,22,2025-03-07 10:47:00.000,,,2025-03-07 10:47:31.624,2025-03-07 10:47:31.624,22,1.1111112,15.77,0.88,UTC+0100,NA9l677+ml,com.sec.android.app.shealth,2025-03-07 10:48:00.000,9adaf1b4-8627-4418-9e41-1d5515d580c6,
8118,4,0,12,2025-03-07 10:49:00.000,,,2025-03-07 10:49:44.791,2025-03-07 10:49:44.791,12,1.0555556,8.57,0.5,UTC+0100,NA9l677+ml,com.sec.android.app.shealth,2025-03-07 10:50:00.000,3cf527ba-cdfa-46bd-bfa3-5fb8e4f81fd4,
14568,4,0,19,2025-03-07 10:53:00.000,,,2025-03-07 10:55:00.258,2025-03-07 10:55:00.258,19,0.8888889,12.95,0.79,UTC+0100,NA9l677+ml,com.sec.android.app.shealth,2025-03-07 10:54:00.000,ca7d6df8-e926-4094-b3a1-e978015e006b,
20104,4,0,34,2025-03-07 10:54:00.000,,,2025-03-07 10:55:00.373,2025-03-07 10:55:00.373,34,1.25,25.13,1.33,UTC+0100,NA9l677+ml,com.sec.android.app.shealth,2025-03-07 10:55:00.000,7b5d0d45-68e9-44f4-932f-0f2af9791ac7,
6725,4,0,11,2025-03-07 10:55:00.000,,,2025-03-07 11:00:31.490,2025-03-07 11:00:31.490,11,1.2222222,8.22,0.42,UTC+0100,NA9l677+ml,com.sec.android.app.shealth,2025-03-07 10:56:00.000,f1c6eb06-8bb7-4597-8c39-26bef31c6011,
21528,4,0,33,2025-03-07 11:23:00.000,,,2025-03-07 11:24:39.632,2025-03-07 11:24:39.632,33,1.1111112,23.92,1.31,UTC+0100,NA9l677+ml,com.sec.android.app.shealth,2025-03-07 11:24:00.000,1b45fe79-8beb-40ab-90a6-eab333a63d48,
17290,4,0,22,2025-03-07 11:24:00.000,,,2025-03-07 11:24:39.804,2025-03-07 11:24:39.750,22,0.8623401,14.91,0.92,UTC+0100,NA9l677+ml,com.sec.android.app.shealth,2025-03-07 11:25:00.000,379387cd-012d-40fa-bbd8-22b5e928f599,
12010,4,0,16,2025-03-07 11:25:00.000,,,2025-03-07 11:35:00.368,2025-03-07 11:35:00.368,16,0.9166667,11.01,0.63,UTC+0100,NA9l677+ml,com.sec.android.app.shealth,2025-03-07 11:26:00.000,989bae6e-fdc7-4fb6-b100-c9cd5d7001b5,
13512,4,0,22,2025-03-07 11:26:00.000,,,2025-03-07 11:35:00.416,2025-03-07 11:35:00.416,22,1.1944444,16.14,0.84,UTC+0100,NA9l677+ml,com.sec.android.app.shealth,2025-03-07 11:27:00.000,d3859e1e-96b5-4676-bc22-1b7e9be34d3e,
2986,4,0,5,2025-03-07 11:27:00.000,,,2025-03-07 11:35:00.447,2025-03-07 11:35:00.447,5,1.2222222,3.65,0.2,UTC+0100,NA9l677+ml,com.sec.android.app.shealth,2025-03-07 11:28:00.000,15e71862-972d-4a8b-9953-be88af2fb86e,
40840,4,0,58,2025-03-07 11:29:00.000,,,2025-03-07 11:35:00.480,2025-03-07 11:35:00.480,58,1.0,40.84,2.34,UTC+0100,NA9l677+ml,com.sec.android.app.shealth,2025-03-07 11:30:00.000,ccc6f9ec-9dd1-47c1-b460-f42553b604c3,
17299,4,0,25,2025-03-07 11:30:00.000,,,2025-03-07 11:35:00.516,2025-03-07 11:35:00.516,25,1.0277778,17.78,0.96,UTC+0100,NA9l677+ml,com.sec.android.app.shealth,2025-03-07 11:31:00.000,58cb9777-a83e-4d75-9c61-d2bc50665cdc,
15757,4,0,22,2025-03-07 11:33:00.000,,,2025-03-07 11:35:00.547,2025-03-07 11:35:00.547,22,0.9722222,15.32,0.93,UTC+0100,NA9l677+ml,com.sec.android.app.shealth,2025-03-07 11:34:00.000,af6f888e-b50c-402b-981e-95efc7025d75,
6534,4,0,11,2025-03-07 11:35:00.000,,,2025-03-07 11:39:44.073,2025-03-07 11:39:44.073,11,1.2777778,8.35,0.41,UTC+0100,NA9l677+ml,com.sec.android.app.shealth,2025-03-07 11:36:00.000,a655c769-44a7-412a-986a-6d41a0579d9e,
4825,4,0,7,2025-03-07 11:44:00.000,,,2025-03-07 11:49:12.874,2025-03-07 11:49:12.874,7,1.0277778,4.96,0.28,UTC+0100,NA9l677+ml,com.sec.android.app.shealth,2025-03-07 11:45:00.000,ef464375-206e-4e9a-ae33-d7962f763a94,
8181,4,0,11,2025-03-07 11:45:00.000,,,2025-03-07 11:49:12.969,2025-03-07 11:49:12.969,11,0.9166667,7.5,0.47,UTC+0100,NA9l677+ml,com.sec.android.app.shealth,2025-03-07 11:46:00.000,198f383e-31b4-4814-8eb5-7c4a148ceb61,
9900,4,0,14,2025-03-07 11:47:00.000,,,2025-03-07 11:49:13.044,2025-03-07 11:49:13.044,14,1.0,9.9,0.54,UTC+0100,NA9l677+ml,com.sec.android.app.shealth,2025-03-07 11:48:00.000,dd18c5aa-9f9a-4dd7-be09-ecbcee5df9c1,
6516,4,0,10,2025-03-07 11:48:00.000,,,2025-03-07 11:49:13.094,2025-03-07 11:49:13.094,10,1.111111,7.24,0.4,UTC+0100,NA9l677+ml,com.sec.android.app.shealth,2025-03-07 11:49:00.000,ac45f80f-807b-45ef-8262-e42a9a790fb2,
7257,4,0,12,2025-03-07 11:49:00.000,,,2025-03-07 11:50:00.352,2025-03-07 11:50:00.352,12,1.2222222,8.87,0.45,UTC+0100,NA9l677+ml,com.sec.android.app.shealth,2025-03-07 11:50:00.000,d3b3fa1b-6117-4211-aa76-a765810545de,
30116,4,0,42,2025-03-07 11:50:00.000,,,2025-03-07 11:50:59.239,2025-03-07 11:50:59.239,42,0.9722222,29.28,1.74,UTC+0100,NA9l677+ml,com.sec.android.app.shealth,2025-03-07 11:51:00.000,caa8ea31-396d-4c59-8a8d-e25df88fe134,
7295,4,0,10,2025-03-07 11:51:00.000,,,2025-03-07 11:53:43.721,2025-03-07 11:53:43.721,10,0.9444444,6.89,0.4,UTC+0100,NA9l677+ml,com.sec.android.app.shealth,2025-03-07 11:52:00.000,c497a931-73fe-4637-9d8c-62dea440b07f,
31725,4,0,49,2025-03-07 11:52:00.000,,,2025-03-07 11:53:43.808,2025-03-07 11:53:43.808,49,1.1111112,35.25,1.98,UTC+0100,NA9l677+ml,com.sec.android.app.shealth,2025-03-07 11:53:00.000,498958a0-bbbd-4f90-a358-4f497ca52aa1,
22201,4,0,36,2025-03-07 11:53:00.000,,,2025-03-07 11:55:00.247,2025-03-07 11:53:43.839,36,1.1778443,26.150002,1.4499998,UTC+0100,NA9l677+ml,com.sec.android.app.shealth,2025-03-07 11:54:00.000,2960a163-bc3e-474b-8044-9520b0666ffb,
27012,4,0,46,2025-03-07 11:56:00.000,,,2025-03-07 11:58:19.931,2025-03-07 11:56:31.488,46,1.2686749,34.27,1.8499999,UTC+0100,NA9l677+ml,com.sec.android.app.shealth,2025-03-07 11:57:00.000,2e2d4a46-ddb8-461a-93ad-f0ab5ba7bb15,
18171,4,0,29,2025-03-07 11:57:00.000,,,2025-03-07 11:58:20.029,2025-03-07 11:58:20.029,29,1.1666666,21.2,1.13,UTC+0100,NA9l677+ml,com.sec.android.app.shealth,2025-03-07 11:58:00.000,5cb06f2a-83b6-4543-ab95-4b0a033dc998,
16521,4,0,24,2025-03-07 11:58:00.000,,,2025-03-07 11:58:20.115,2025-03-07 11:58:20.115,24,1.0277778,16.98,0.99,UTC+0100,NA9l677+ml,com.sec.android.app.shealth,2025-03-07 11:59:00.000,6b159301-80a9-4665-9cf8-bbad24e64e1f,
5072,4,0,10,2025-03-07 12:13:00.000,,,2025-03-07 12:15:00.266,2025-03-07 12:15:00.266,10,1.5555556,7.89,0.33,UTC+0100,NA9l677+ml,com.sec.android.app.shealth,2025-03-07 12:14:00.000,02637f7e-ce76-4490-8c27-a3b5161050f3,
14503,4,0,25,2025-03-07 12:34:00.000,,,2025-03-07 12:35:00.253,2025-03-07 12:35:00.253,25,1.25,18.13,0.98,UTC+0100,NA9l677+ml,com.sec.android.app.shealth,2025-03-07 12:35:00.000,ad7ea484-0daf-4cd8-9caa-66a2f46b944b,
16209,4,0,25,2025-03-07 12:39:00.000,,,2025-03-07 12:44:16.725,2025-03-07 12:44:16.725,25,1.1111112,18.01,1.0,UTC+0100,NA9l677+ml,com.sec.android.app.shealth,2025-03-07 12:40:00.000,5fbf2fed-fa18-4301-b0fa-0686446bc503,
53449,4,0,73,2025-03-07 12:41:00.000,,,2025-03-07 12:44:16.789,2025-03-07 12:44:16.789,73,0.9444444,50.48,3.01,UTC+0100,NA9l677+ml,com.sec.android.app.shealth,2025-03-07 12:42:00.000,bc629e92-65dc-4d2d-95a1-25a3f02b924d,
30520,4,0,48,2025-03-07 12:42:00.000,,,2025-03-07 12:44:16.866,2025-03-07 12:44:16.866,48,1.1388888,34.76,1.86,UTC+0100,NA9l677+ml,com.sec.android.app.shealth,2025-03-07 12:43:00.000,5efe815f-df93-4e4c-a44f-d58b9e496021,
6839,4,0,12,2025-03-07 12:43:00.000,,,2025-03-07 12:44:16.919,2025-03-07 12:44:16.919,12,1.3333334,9.12,0.49,UTC+0100,NA9l677+ml,com.sec.android.app.shealth,2025-03-07 12:44:00.000,b178f4cc-472f-4992-be73-18eba01ac0b4,
15595,4,0,26,2025-03-07 12:44:00.000,,,2025-03-07 12:44:54.455,2025-03-07 12:44:50.871,26,1.2196088,19.019999,0.99000007,UTC+0100,NA9l677+ml,com.sec.android.app.shealth,2025-03-07 12:45:00.000,916da993-4b9f-4e3a-8e51-880034418aa5,
5587,4,0,10,2025-03-07 12:45:00.000,,,2025-03-07 12:45:58.339,2025-03-07 12:45:58.339,10,1.3888888,7.76,0.33,UTC+0100,NA9l677+ml,com.sec.android.app.shealth,2025-03-07 12:46:00.000,146b7563-2962-4113-a55f-8035aad4aa83,
23857,4,0,35,2025-03-07 12:46:00.000,,,2025-03-07 12:50:42.736,2025-03-07 12:50:42.736,35,1.0277778,24.52,1.56,UTC+0100,NA9l677+ml,com.sec.android.app.shealth,2025-03-07 12:47:00.000,4fc60426-f58a-4365-b0e4-0abf5182c025,
25007,4,0,41,2025-03-07 12:48:00.000,,,2025-03-07 12:50:42.808,2025-03-07 12:50:42.808,41,1.1944444,29.87,1.61,UTC+0100,NA9l677+ml,com.sec.android.app.shealth,2025-03-07 12:49:00.000,41104293-2320-4a46-b8b9-d801152f95e7,
19080,4,0,26,2025-03-07 12:51:00.000,,,2025-03-07 12:52:06.607,2025-03-07 12:52:06.607,26,0.9444444,18.02,1.02,UTC+0100,NA9l677+ml,com.sec.android.app.shealth,2025-03-07 12:52:00.000,c00a6db3-e872-4764-872d-64f18783d713,
24388,4,0,37,2025-03-07 12:52:00.000,,,2025-03-07 12:55:00.188,2025-03-07 12:52:06.708,37,1.0984911,26.79,1.46,UTC+0100,NA9l677+ml,com.sec.android.app.shealth,2025-03-07 12:53:00.000,60a909f8-23e2-4750-8b51-5d88eb06c0db,
39912,4,0,59,2025-03-07 12:53:00.000,,,2025-03-07 12:55:00.233,2025-03-07 12:55:00.233,59,1.0555556,42.13,2.4,UTC+0100,NA9l677+ml,com.sec.android.app.shealth,2025-03-07 12:54:00.000,59bc4afa-2967-42d7-a431-005b6a0647fc,
37250,4,0,52,2025-03-07 12:54:00.000,,,2025-03-07 12:55:00.281,2025-03-07 12:55:00.281,52,1.0,37.25,2.19,UTC+0100,NA9l677+ml,com.sec.android.app.shealth,2025-03-07 12:55:00.000,7e1a3277-0ee2-4b7c-8b0f-480d9fb5ff30,
25562,4,0,46,2025-03-07 12:55:00.000,,,2025-03-07 12:55:34.894,2025-03-07 12:55:19.658,46,1.3507978,34.530003,1.8100001,UTC+0100,NA9l677+ml,com.sec.android.app.shealth,2025-03-07 12:56:00.000,17604158-3496-4fc9-8017-11056fc15078,
13455,4,0,24,2025-03-07 12:57:00.000,,,2025-03-07 12:59:16.520,2025-03-07 12:59:16.520,24,1.3333334,17.94,0.96,UTC+0100,NA9l677+ml,com.sec.android.app.shealth,2025-03-07 12:58:00.000,575ea9d6-877b-4d70-b254-87c35ad1b55c,
13190,4,0,20,2025-03-07 12:58:00.000,,,2025-03-07 12:59:16.611,2025-03-07 12:59:16.611,20,1.0833334,14.29,0.82,UTC+0100,NA9l677+ml,com.sec.android.app.shealth,2025-03-07 12:59:00.000,5b236e88-cef5-49b1-b7cf-c76b164bf2f4,
11230,4,0,16,2025-03-07 12:59:00.000,,,2025-03-07 12:59:38.449,2025-03-07 12:59:38.449,16,1.0,11.23,0.62,UTC+0100,NA9l677+ml,com.sec.android.app.shealth,2025-03-07 13:00:00.000,e1a7680b-b6fe-4c45-b35b-0793aa59e1a8,
5085,4,0,10,2025-03-07 13:02:00.000,,,2025-03-07 13:05:47.800,2025-03-07 13:05:47.800,10,1.5277778,7.77,0.38,UTC+0100,NA9l677+ml,com.sec.android.app.shealth,2025-03-07 13:03:00.000,a574c429-1a59-42f6-966f-58277d4c6067,
29407,4,0,38,2025-03-07 13:04:00.000,,,2025-03-07 13:05:47.921,2025-03-07 13:05:47.921,38,0.8888889,26.14,1.58,UTC+0100,NA9l677+ml,com.sec.android.app.shealth,2025-03-07 13:05:00.000,5aca3055-e134-42a2-b75b-2d1e08366274,
10067,4,0,21,2025-03-07 13:05:00.000,,,2025-03-07 13:05:48.025,2025-03-07 13:05:48.025,21,1.6388887,16.5,0.79,UTC+0100,NA9l677+ml,com.sec.android.app.shealth,2025-03-07 13:06:00.000,d533dfb2-17fb-4664-a383-89fdae935074,
18607,4,0,24,2025-03-07 13:06:00.000,,,2025-03-07 13:07:18.509,2025-03-07 13:07:18.509,24,0.88888896,16.54,1.02,UTC+0100,NA9l677+ml,com.sec.android.app.shealth,2025-03-07 13:07:00.000,3edc51d4-9abc-4fae-839a-6782f88b29c7,
29299,4,0,45,2025-03-07 13:07:00.000,,,2025-03-07 13:10:09.885,2025-03-07 13:07:18.546,45,1.1112913,32.56,1.8799999,UTC+0100,NA9l677+ml,com.sec.android.app.shealth,2025-03-07 13:08:00.000,a235c530-56f0-4839-85ab-665d9c33661d,
41643,4,0,56,2025-03-07 13:08:00.000,,,2025-03-07 13:10:10.065,2025-03-07 13:10:10.065,56,0.9444444,39.33,2.19,UTC+0100,NA9l677+ml,com.sec.android.app.shealth,2025-03-07 13:09:00.000,8c888245-71b0-4ffa-a687-4fc9a5b97bc4,
29490,4,0,42,2025-03-07 13:09:00.000,,,2025-03-07 13:10:10.126,2025-03-07 13:10:10.126,42,1.0,29.49,1.69,UTC+0100,NA9l677+ml,com.sec.android.app.shealth,2025-03-07 13:10:00.000,02e99e91-1f94-412b-ba77-10905efdc4d7,
19574,4,0,30,2025-03-07 13:10:00.000,,,2025-03-07 13:11:57.368,2025-03-07 13:10:10.216,30,1.0953003,21.439999,2.5,UTC+0100,NA9l677+ml,com.sec.android.app.shealth,2025-03-07 13:11:00.000,5fdbf3e1-dd56-46ea-8120-f989b7edbfcb,
4723,4,0,10,2025-03-07 13:12:00.000,,,2025-03-07 13:12:52.535,2025-03-07 13:12:52.535,10,1.6111112,7.61,0.45,UTC+0100,NA9l677+ml,com.sec.android.app.shealth,2025-03-07 13:13:00.000,bc96e492-2d9c-4991-bf87-598e71557d61,
9489,4,0,21,2025-03-07 13:13:00.000,,,2025-03-07 13:14:57.662,2025-03-07 13:14:57.662,21,1.7777778,16.87,0.76,UTC+0100,NA9l677+ml,com.sec.android.app.shealth,2025-03-07 13:14:00.000,daff9d25-82e2-4640-b823-d44e6c1e44d3,
9169,4,2,15,2025-03-07 13:14:00.000,,,2025-03-07 13:14:57.730,2025-03-07 13:14:57.730,17,1.4166666,12.99,0.92,UTC+0100,NA9l677+ml,com.sec.android.app.shealth,2025-03-07 13:15:00.000,b00c26ff-c7a2-4ea3-9ce0-0e480b6f092c,
6464,4,0,15,2025-03-07 13:15:00.000,,,2025-03-07 13:15:36.300,2025-03-07 13:15:36.300,15,1.8888888,12.21,0.59,UTC+0100,NA9l677+ml,com.sec.android.app.shealth,2025-03-07 13:16:00.000,22c4f708-c8a1-4c63-93e4-71d6229f5100,
19858,4,0,36,2025-03-07 13:16:00.000,,,2025-03-07 13:16:27.698,2025-03-07 13:16:27.698,36,1.3611112,27.03,1.41,UTC+0100,NA9l677+ml,com.sec.android.app.shealth,2025-03-07 13:17:00.000,5075826d-f8ec-4945-afa0-570e4234f23d,
13301,4,0,20,2025-03-07 13:17:00.000,,,2025-03-07 13:18:08.787,2025-03-07 13:18:08.787,20,1.0833334,14.41,0.85,UTC+0100,NA9l677+ml,com.sec.android.app.shealth,2025-03-07 13:18:00.000,991429f4-30aa-43c9-b0e8-8e8d8a3ee2e4,
15423,4,0,24,2025-03-07 13:18:00.000,,,2025-03-07 13:18:28.245,2025-03-07 13:18:08.860,24,1.1411427,17.6,0.96000004,UTC+0100,NA9l677+ml,com.sec.android.app.shealth,2025-03-07 13:19:00.000,de457f4f-7e19-4165-84de-0166fd26b96c,
14184,4,0,20,2025-03-07 13:19:00.000,,,2025-03-07 13:19:44.887,2025-03-07 13:19:44.887,20,0.9722222,13.79,0.87,UTC+0100,NA9l677+ml,com.sec.android.app.shealth,2025-03-07 13:20:00.000,250cf6e4-aa67-4b37-8cc7-8b3dd645574f,
6746,4,0,13,2025-03-07 13:20:00.000,,,2025-03-07 13:35:00.278,2025-03-07 13:35:00.278,13,1.5,10.12,0.47,UTC+0100,NA9l677+ml,com.sec.android.app.shealth,2025-03-07 13:21:00.000,094223d7-9789-4ec9-90db-232ef399e062,
33900,4,0,48,2025-03-07 13:21:00.000,,,2025-03-07 13:35:00.385,2025-03-07 13:35:00.385,48,0.99999994,33.9,1.97,UTC+0100,NA9l677+ml,com.sec.android.app.shealth,2025-03-07 13:22:00.000,4a50dda2-ac76-493d-a003-218b0bdfffb6,
15048,4,0,21,2025-03-07 13:22:00.000,,,2025-03-07 13:35:00.435,2025-03-07 13:35:00.435,21,0.9722222,14.63,0.88,UTC+0100,NA9l677+ml,com.sec.android.app.shealth,2025-03-07 13:23:00.000,5d194348-284f-4d49-bd02-6ab2c85b29f6,
59238,4,0,87,2025-03-07 13:23:00.000,,,2025-03-07 13:35:00.468,2025-03-07 13:35:00.468,87,1.0555556,62.53,3.44,UTC+0100,NA9l677+ml,com.sec.android.app.shealth,2025-03-07 13:24:00.000,64bb9c8b-6c69-414a-b2f8-94991d8ed962,
3762,4,0,6,2025-03-07 13:24:00.000,,,2025-03-07 13:35:00.501,2025-03-07 13:35:00.501,6,1.1666666,4.39,0.24,UTC+0100,NA9l677+ml,com.sec.android.app.shealth,2025-03-07 13:25:00.000,59f0b4fa-9518-4357-b221-d0b82dac45e2,
16641,4,0,28,2025-03-07 13:52:00.000,,,2025-03-07 13:54:03.402,2025-03-07 13:54:03.402,28,1.2222222,20.34,1.25,UTC+0100,NA9l677+ml,com.sec.android.app.shealth,2025-03-07 13:53:00.000,796e35fd-5ce8-4b76-8b62-e0c3ff978229,
19107,4,0,30,2025-03-07 13:53:00.000,,,2025-03-07 13:54:03.625,2025-03-07 13:54:03.625,30,1.1111112,21.23,1.35,UTC+0100,NA9l677+ml,com.sec.android.app.shealth,2025-03-07 13:54:00.000,d563a3ee-b202-406f-871a-8c609ab44aac,
35374,4,0,63,2025-03-07 13:54:00.000,,,2025-03-07 13:55:00.158,2025-03-07 13:54:33.080,63,1.3368478,47.29,2.8400002,UTC+0100,NA9l677+ml,com.sec.android.app.shealth,2025-03-07 13:55:00.000,c468b12b-987c-41fb-bd41-aa3a6ba16fee,
24578,4,0,41,2025-03-07 13:55:00.000,,,2025-03-07 13:55:54.934,2025-03-07 13:55:54.934,41,1.2222222,30.04,1.82,UTC+0100,NA9l677+ml,com.sec.android.app.shealth,2025-03-07 13:56:00.000,6b4f6b24-ba52-4bba-bd7a-2fb7a82a76c1,
7117,4,0,10,2025-03-07 13:58:00.000,,,2025-03-07 13:58:36.689,2025-03-07 13:58:36.689,10,0.9722222,6.92,0.47,UTC+0100,NA9l677+ml,com.sec.android.app.shealth,2025-03-07 13:59:00.000,e7068705-3776-41e1-84da-26ca2630697b,
36646,4,0,56,2025-03-07 13:59:00.000,,,2025-03-07 13:59:38.683,2025-03-07 13:59:38.683,56,1.0833334,39.7,2.42,UTC+0100,NA9l677+ml,com.sec.android.app.shealth,2025-03-07 14:00:00.000,7170d38f-5702-4efd-903d-12c6a338968b,
35941,4,7,52,2025-03-07 14:01:00.000,,,2025-03-07 14:02:22.698,2025-03-07 14:02:22.698,59,1.1944444,42.93,3.25,UTC+0100,NA9l677+ml,com.sec.android.app.shealth,2025-03-07 14:02:00.000,97b33596-220e-4b50-8a23-49e64404c7d4,
32025,4,0,51,2025-03-07 14:02:00.000,,,2025-03-07 14:02:51.202,2025-03-07 14:02:22.843,51,1.1456577,36.69,2.27,UTC+0100,NA9l677+ml,com.sec.android.app.shealth,2025-03-07 14:03:00.000,4ba68771-60b4-44a2-aac2-4d1207d4032a,
12704,4,0,19,2025-03-07 14:03:00.000,,,2025-03-07 14:03:13.129,2025-03-07 14:03:13.129,19,1.0555556,13.41,0.87,UTC+0100,NA9l677+ml,com.sec.android.app.shealth,2025-03-07 14:04:00.000,0447147b-66c2-4147-ae50-a24b69a80ff1,
9406,4,0,16,2025-03-07 14:04:00.000,,,2025-03-07 14:11:31.514,2025-03-07 14:11:31.514,16,1.2777778,12.02,0.67,UTC+0100,NA9l677+ml,com.sec.android.app.shealth,2025-03-07 14:05:00.000,72f86383-783e-4351-a26b-67566cf26e55,
10149,4,0,13,2025-03-07 14:09:00.000,,,2025-03-07 14:11:31.576,2025-03-07 14:11:31.576,13,0.8611111,8.74,0.62,UTC+0100,NA9l677+ml,com.sec.android.app.shealth,2025-03-07 14:10:00.000,b1112de8-d62c-4a67-b4f0-0c794aef8921,
9535,4,0,15,2025-03-07 14:10:00.000,,,2025-03-07 14:11:31.645,2025-03-07 14:11:31.645,15,1.1388888,10.86,0.69,UTC+0100,NA9l677+ml,com.sec.android.app.shealth,2025-03-07 14:11:00.000,6948d0a8-3ca6-4215-ad77-ef8a23699bd7,
6004,4,0,11,2025-03-07 14:11:00.000,,,2025-03-07 14:11:31.741,2025-03-07 14:11:31.710,11,1.3888888,8.34,0.42000002,UTC+0100,NA9l677+ml,com.sec.android.app.shealth,2025-03-07 14:12:00.000,819cc700-d41c-462a-ac22-dd630b3eee27,
26838,4,0,40,2025-03-07 14:14:00.000,,,2025-03-07 14:14:47.847,2025-03-07 14:14:47.847,40,1.0555556,28.33,1.79,UTC+0100,NA9l677+ml,com.sec.android.app.shealth,2025-03-07 14:15:00.000,560c5c3c-2608-4787-a0b1-56ce57333c96,
12484,4,0,25,2025-03-07 14:16:00.000,,,2025-03-07 14:28:24.303,2025-03-07 14:28:24.303,25,1.5555556,19.42,1.08,UTC+0100,NA9l677+ml,com.sec.android.app.shealth,2025-03-07 14:17:00.000,2ca14d62-fa01-4e5b-aa0b-da605124b57f,
7407,4,0,10,2025-03-07 14:17:00.000,,,2025-03-07 14:28:24.419,2025-03-07 14:28:24.419,10,0.9166667,6.79,0.56,UTC+0100,NA9l677+ml,com.sec.android.app.shealth,2025-03-07 14:18:00.000,e5dfccde-d8cc-4544-97cb-974829bfc9b4,
14160,4,0,20,2025-03-07 14:18:00.000,,,2025-03-07 14:28:24.469,2025-03-07 14:28:24.469,20,1.0,14.16,0.94,UTC+0100,NA9l677+ml,com.sec.android.app.shealth,2025-03-07 14:19:00.000,d5a0fcef-ec6a-4cf3-83d1-825e2ce07b93,
21442,4,0,28,2025-03-07 14:20:00.000,,,2025-03-07 14:28:24.513,2025-03-07 14:28:24.513,28,0.88888884,19.06,1.38,UTC+0100,NA9l677+ml,com.sec.android.app.shealth,2025-03-07 14:21:00.000,66918a2a-0d07-4c34-bf52-6709cd7c79a4,
25614,4,0,40,2025-03-07 14:21:00.000,,,2025-03-07 14:28:24.548,2025-03-07 14:28:24.548,40,1.111111,28.46,1.82,UTC+0100,NA9l677+ml,com.sec.android.app.shealth,2025-03-07 14:22:00.000,f9f4dadf-3e53-4cac-95d3-85ffa17366e3,
10720,4,0,16,2025-03-07 15:17:00.000,,,2025-03-07 15:17:12.117,2025-03-07 15:17:09.387,16,1.0624523,11.389999,0.70000005,UTC+0100,NA9l677+ml,com.sec.android.app.shealth,2025-03-07 15:18:00.000,7f7f5c40-cddc-4158-a656-22fdcc36ed30,
8722,4,0,12,2025-03-07 15:31:00.000,,,2025-03-07 15:34:59.842,2025-03-07 15:34:59.842,12,0.9722222,8.48,0.56,UTC+0100,NA9l677+ml,com.sec.android.app.shealth,2025-03-07 15:32:00.000,a94053cd-8303-49b5-af59-0880bb4a9bbf,
13447,4,0,17,2025-03-07 15:36:00.000,,,2025-03-07 15:40:04.606,2025-03-07 15:40:04.606,17,0.8611111,11.58,0.79,UTC+0100,NA9l677+ml,com.sec.android.app.shealth,2025-03-07 15:37:00.000,c3836fec-de7b-41a3-8daf-7700c30ab3ff,
7295,4,0,10,2025-03-07 15:42:00.000,,,2025-03-07 15:54:59.843,2025-03-07 15:54:59.843,10,0.9444444,6.89,0.45,UTC+0100,NA9l677+ml,com.sec.android.app.shealth,2025-03-07 15:43:00.000,30c189a8-b43b-4730-ba72-71d825f79d0a,
8381,4,0,11,2025-03-07 15:51:00.000,,,2025-03-07 15:54:59.982,2025-03-07 15:54:59.982,11,0.88888884,7.45,0.51,UTC+0100,NA9l677+ml,com.sec.android.app.shealth,2025-03-07 15:52:00.000,35b7bc14-1632-4d49-bc11-03f85b7bfbf0,
4920,4,0,10,2025-03-07 15:58:00.000,,,2025-03-07 16:14:59.837,2025-03-07 16:14:59.837,10,1.5833334,7.79,0.4,UTC+0100,NA9l677+ml,com.sec.android.app.shealth,2025-03-07 15:59:00.000,4f2ee470-f051-49f2-9a73-0da49451fe05,
20628,4,0,34,2025-03-07 16:38:00.000,,,2025-03-07 16:44:49.920,2025-03-07 16:44:49.920,34,1.1944444,24.64,1.54,UTC+0100,NA9l677+ml,com.sec.android.app.shealth,2025-03-07 16:39:00.000,a6ab13b1-fe5a-4710-95f4-66c3adc663b7,
12729,4,0,19,2025-03-07 16:39:00.000,,,2025-03-07 16:44:49.993,2025-03-07 16:44:49.993,19,1.0833334,13.79,0.87,UTC+0100,NA9l677+ml,com.sec.android.app.shealth,2025-03-07 16:40:00.000,618814d7-578a-4d9a-bf1c-3a9223acd127,
7252,4,0,10,2025-03-07 16:41:00.000,,,2025-03-07 16:44:50.101,2025-03-07 16:44:50.101,10,0.9444444,6.85,0.49,UTC+0100,NA9l677+ml,com.sec.android.app.shealth,2025-03-07 16:42:00.000,24d846dc-1bbf-4505-980f-f5d4abeaee8e,
7638,4,0,10,2025-03-07 16:44:00.000,,,2025-03-07 16:44:50.193,2025-03-07 16:44:50.193,10,0.8888889,6.79,0.46,UTC+0100,NA9l677+ml,com.sec.android.app.shealth,2025-03-07 16:45:00.000,ed05a196-3785-4051-b5a6-da2095fd137b,
59305,4,0,96,2025-03-07 16:45:00.000,,,2025-03-07 16:54:59.716,2025-03-07 16:54:59.716,96,1.1666666,69.19,4.42,UTC+0100,NA9l677+ml,com.sec.android.app.shealth,2025-03-07 16:46:00.000,618093be-ca14-4bb1-9817-a41c826af32f,
55000,4,0,87,2025-03-07 16:46:00.000,,,2025-03-07 16:54:59.828,2025-03-07 16:54:59.828,87,1.1388888,62.64,3.91,UTC+0100,NA9l677+ml,com.sec.android.app.shealth,2025-03-07 16:47:00.000,13152922-ff95-4612-b7c5-904cb1360b22,
16240,4,0,27,2025-03-07 16:47:00.000,,,2025-03-07 16:54:59.864,2025-03-07 16:54:59.864,27,1.2222222,19.85,1.15,UTC+0100,NA9l677+ml,com.sec.android.app.shealth,2025-03-07 16:48:00.000,944fe8da-3bd4-4cea-b235-9ef083dfe353,
7146,4,0,11,2025-03-07 16:59:00.000,,,2025-03-07 17:02:47.652,2025-03-07 17:02:47.652,11,1.1111112,7.94,0.48,UTC+0100,NA9l677+ml,com.sec.android.app.shealth,2025-03-07 17:00:00.000,fff7bd5f-9436-4fab-ab9a-df0de337f6c4,
5392,4,0,10,2025-03-07 17:26:00.000,,,2025-03-07 17:34:59.843,2025-03-07 17:34:59.843,10,1.4166666,7.64,0.38,UTC+0100,NA9l677+ml,com.sec.android.app.shealth,2025-03-07 17:27:00.000,b3783f13-d5b4-4691-93cb-ae97f309b469,
7341,4,0,10,2025-03-07 17:28:00.000,,,2025-03-07 17:34:59.966,2025-03-07 17:34:59.966,10,0.9166667,6.73,0.57,UTC+0100,NA9l677+ml,com.sec.android.app.shealth,2025-03-07 17:29:00.000,dac3a4c3-4c41-41e5-a448-fdac726bba53,
27331,4,0,48,2025-03-13 13:15:00.000,,,2025-03-13 13:15:59.636,2025-03-13 13:15:48.383,48,1.3102224,35.810005,1.8999996,UTC+0100,NA9l677+ml,com.sec.android.app.shealth,2025-03-13 13:16:00.000,3c78aa6d-aaad-4119-9738-be31467b7fa9,
4614,4,0,8,2025-03-13 13:16:00.000,,,2025-03-13 13:16:06.957,2025-03-13 13:16:02.867,8,1.3284167,6.1299996,0.28,UTC+0100,NA9l677+ml,com.sec.android.app.shealth,2025-03-13 13:17:00.000,c7863985-d43a-4b3d-982c-29ad495e5b5a,
28770,4,0,41,2025-03-13 13:17:00.000,,,2025-03-13 13:21:23.265,2025-03-13 13:17:37.685,41,1.0000001,28.77,1.6400001,UTC+0100,NA9l677+ml,com.sec.android.app.shealth,2025-03-13 13:18:00.000,0790d300-4ed0-4a78-acd7-b96207120bab,
28465,4,0,46,2025-03-13 13:18:00.000,,,2025-03-13 13:21:23.313,2025-03-13 13:21:23.313,46,1.1666666,33.21,1.83,UTC+0100,NA9l677+ml,com.sec.android.app.shealth,2025-03-13 13:19:00.000,9daeab22-3fb8-4477-a824-69924f9462aa,
21660,4,0,38,2025-03-13 13:21:00.000,,,2025-03-13 13:24:59.776,2025-03-13 13:21:23.340,38,1.3162308,28.509998,1.41,UTC+0100,NA9l677+ml,com.sec.android.app.shealth,2025-03-13 13:22:00.000,761defe6-7ca2-4c44-9165-0fc487e9d729,
15881,4,0,26,2025-03-13 13:23:00.000,,,2025-03-13 13:24:59.831,2025-03-13 13:24:59.831,26,1.1944444,18.97,1.03,UTC+0100,NA9l677+ml,com.sec.android.app.shealth,2025-03-13 13:24:00.000,7c609e44-d7e9-471e-a7b0-8434ed48bc1c,
21503,4,0,31,2025-03-13 13:24:00.000,,,2025-03-13 13:24:59.886,2025-03-13 13:24:59.865,31,1.0286589,22.119999,1.27,UTC+0100,NA9l677+ml,com.sec.android.app.shealth,2025-03-13 13:25:00.000,36f53422-f05c-4224-a563-a34b373fec79,
1345,4,0,2,2025-03-13 13:25:00.000,,,2025-03-13 13:26:43.666,2025-03-13 13:25:00.512,2,1.0555555,1.42,0.08,UTC+0100,NA9l677+ml,com.sec.android.app.shealth,2025-03-13 13:26:00.000,d7436790-034d-4cea-9472-557b6732fe31,
8186,4,0,16,2025-03-13 13:26:00.000,,,2025-03-13 13:26:43.817,2025-03-13 13:26:43.817,16,1.5,12.28,0.6,UTC+0100,NA9l677+ml,com.sec.android.app.shealth,2025-03-13 13:27:00.000,cd663d52-b856-408c-b6d2-ed79f9cdf7e9,
17494,4,0,28,2025-03-13 13:27:00.000,,,2025-03-13 13:34:59.887,2025-03-13 13:34:59.887,28,1.1666666,20.41,1.13,UTC+0100,NA9l677+ml,com.sec.android.app.shealth,2025-03-13 13:28:00.000,b436245b-44f5-4b23-baec-95fba9bbc2e7,
5896,4,0,10,2025-03-13 13:35:00.000,,,2025-03-13 13:37:51.928,2025-03-13 13:37:51.928,10,1.25,7.37,0.39,UTC+0100,NA9l677+ml,com.sec.android.app.shealth,2025-03-13 13:36:00.000,d03a1441-e283-4f33-8d66-df6f47ed77b5,
6396,4,0,12,2025-03-13 13:36:00.000,,,2025-03-13 13:37:51.963,2025-03-13 13:37:51.963,12,1.4444444,9.24,0.47,UTC+0100,NA9l677+ml,com.sec.android.app.shealth,2025-03-13 13:37:00.000,dcf9926c-7045-4d3d-9e02-99320a655f62,
6329,4,0,8,2025-03-13 13:37:00.000,,,2025-03-13 13:37:52.007,2025-03-13 13:37:52.007,8,0.8611111,5.45,0.36,UTC+0100,NA9l677+ml,com.sec.android.app.shealth,2025-03-13 13:38:00.000,d8e809b4-dff7-4a68-95a5-817c0988a870,
37761,4,0,66,2025-03-13 13:38:00.000,,,2025-03-13 13:38:55.946,2025-03-13 13:38:55.946,66,1.3055556,49.3,2.63,UTC+0100,NA9l677+ml,com.sec.android.app.shealth,2025-03-13 13:39:00.000,bfad5452-eb4a-4910-91d5-c5b96a93b088,
16859,4,0,28,2025-03-13 13:39:00.000,,,2025-03-13 13:40:04.381,2025-03-13 13:39:03.483,28,1.2082039,20.37,1.0899999,UTC+0100,NA9l677+ml,com.sec.android.app.shealth,2025-03-13 13:40:00.000,da664d07-3055-4bae-b1b1-ff2bc6f25378,
18443,4,0,30,2025-03-13 13:42:00.000,,,2025-03-13 13:43:08.827,2025-03-13 13:43:08.827,30,1.1944444,22.03,1.23,UTC+0100,NA9l677+ml,com.sec.android.app.shealth,2025-03-13 13:43:00.000,7f64461c-ed07-4875-b35d-5a0b9934f281,
4956,4,0,8,2025-03-13 13:43:00.000,,,2025-03-13 13:43:08.901,2025-03-13 13:43:08.901,8,1.1944444,5.92,0.32,UTC+0100,NA9l677+ml,com.sec.android.app.shealth,2025-03-13 13:44:00.000,f94091f6-2fd9-4201-a388-208d9c1c3eb3,
15384,4,0,28,2025-03-13 14:06:00.000,,,2025-03-13 14:07:08.839,2025-03-13 14:07:08.839,28,1.3611112,20.94,1.09,UTC+0100,NA9l677+ml,com.sec.android.app.shealth,2025-03-13 14:07:00.000,19fde417-ef71-4828-9daf-301f77c6c967,
27874,4,0,50,2025-03-13 14:07:00.000,,,2025-03-13 14:08:28.796,2025-03-13 14:07:08.879,50,1.3611113,37.940002,1.97,UTC+0100,NA9l677+ml,com.sec.android.app.shealth,2025-03-13 14:08:00.000,f33d883d-0753-4152-9463-199acea5ad56,
6324,4,0,13,2025-03-13 14:09:00.000,,,2025-03-13 14:09:31.743,2025-03-13 14:09:30.418,13,1.6492405,10.43,0.48,UTC+0100,NA9l677+ml,com.sec.android.app.shealth,2025-03-13 14:10:00.000,5622d8e6-f9e3-40c6-ae1f-99a3a0946a75,
8382,4,0,13,2025-03-13 14:10:00.000,,,2025-03-13 14:10:48.348,2025-03-13 14:10:46.913,13,1.1153883,9.35,0.55,UTC+0100,NA9l677+ml,com.sec.android.app.shealth,2025-03-13 14:11:00.000,cda2723a-c2a4-4254-9f58-6c31fdcfaf9b,
21883,4,0,38,2025-03-13 14:25:00.000,,,2025-03-13 14:26:01.444,2025-03-13 14:26:01.444,38,1.3055556,28.57,1.5,UTC+0100,NA9l677+ml,com.sec.android.app.shealth,2025-03-13 14:26:00.000,3b5c793d-115d-47ee-9973-69e860045535,
5045,4,0,9,2025-03-13 14:26:00.000,,,2025-03-13 14:27:16.000,2025-03-13 14:26:01.511,9,1.3238366,6.6800003,0.35999998,UTC+0100,NA9l677+ml,com.sec.android.app.shealth,2025-03-13 14:27:00.000,b071440d-ade4-43a6-9f01-700cf00940a5,
14593,4,0,23,2025-03-13 14:27:00.000,,,2025-03-13 14:28:51.212,2025-03-13 14:28:51.212,23,1.1388888,16.62,0.93,UTC+0100,NA9l677+ml,com.sec.android.app.shealth,2025-03-13 14:28:00.000,ecc7fd86-a744-48ae-8fde-79b8271ce584,
17786,4,0,32,2025-03-13 14:28:00.000,,,2025-03-13 14:28:51.296,2025-03-13 14:28:51.296,32,1.3611112,24.21,1.28,UTC+0100,NA9l677+ml,com.sec.android.app.shealth,2025-03-13 14:29:00.000,33aec999-fd9a-44eb-b457-871acce57f0f,
24013,4,0,37,2025-03-13 14:29:00.000,,,2025-03-13 14:29:50.344,2025-03-13 14:29:12.559,37,1.1118543,26.699999,1.52,UTC+0100,NA9l677+ml,com.sec.android.app.shealth,2025-03-13 14:30:00.000,87a030c0-aeaa-4fc5-8e94-920849cc6d3d,
52660,4,0,92,2025-03-13 14:30:00.000,,,2025-03-13 14:31:01.656,2025-03-13 14:30:33.584,92,1.2983164,68.369995,3.75,UTC+0100,NA9l677+ml,com.sec.android.app.shealth,2025-03-13 14:31:00.000,ce980816-d873-4b36-a0b1-5bf5ed629e0d,
26389,4,0,44,2025-03-13 14:41:00.000,,,2025-03-13 14:42:03.346,2025-03-13 14:41:17.424,44,1.2391098,32.7,1.73,UTC+0100,NA9l677+ml,com.sec.android.app.shealth,2025-03-13 14:42:00.000,971a3b57-3a67-4f77-b5a5-cd7faae030ba,
1210,4,0,2,2025-03-13 14:42:00.000,,,2025-03-13 14:42:03.433,2025-03-13 14:42:03.433,2,1.2222222,1.48,0.08,UTC+0100,NA9l677+ml,com.sec.android.app.shealth,2025-03-13 14:43:00.000,4073290d-2f1a-41a9-a0bb-145d802538fb,
6384,4,0,14,2025-03-13 15:02:00.000,,,2025-03-13 15:03:06.251,2025-03-13 15:03:06.251,14,1.7777778,11.35,0.53,UTC+0100,NA9l677+ml,com.sec.android.app.shealth,2025-03-13 15:03:00.000,5fb1f916-de12-4a05-947c-6d35afcc577f,
5322,4,0,10,2025-03-13 15:49:00.000,,,2025-03-13 15:54:01.956,2025-03-13 15:54:01.956,10,1.4166666,7.54,0.36,UTC+0100,NA9l677+ml,com.sec.android.app.shealth,2025-03-13 15:50:00.000,3d7a4325-4fee-4070-8c38-42d48357915b,
31033,4,0,47,2025-03-13 15:50:00.000,,,2025-03-13 15:54:02.039,2025-03-13 15:54:02.039,47,1.0833334,33.62,1.97,UTC+0100,NA9l677+ml,com.sec.android.app.shealth,2025-03-13 15:51:00.000,84f36b87-5415-4507-a6b7-6398b57e5883,
7200,4,0,10,2025-03-13 15:51:00.000,,,2025-03-13 15:54:02.106,2025-03-13 15:54:02.106,10,0.9722222,7.0,0.42,UTC+0100,NA9l677+ml,com.sec.android.app.shealth,2025-03-13 15:52:00.000,7a2c7c01-5d76-49fb-895c-72ce4edaceec,
8923,4,0,12,2025-03-13 16:08:00.000,,,2025-03-13 16:08:05.365,2025-03-13 16:08:04.781,12,0.92121345,8.22,0.52,UTC+0100,NA9l677+ml,com.sec.android.app.shealth,2025-03-13 16:09:00.000,a603dcee-fe60-41bb-9658-1d626c098b10,
13618,4,0,22,2025-03-13 16:22:00.000,,,2025-03-13 16:23:10.818,2025-03-13 16:22:50.213,22,1.1660751,15.88,0.81,UTC+0100,NA9l677+ml,com.sec.android.app.shealth,2025-03-13 16:23:00.000,703aec02-b82c-4f6f-a770-c6187193f477,
11528,4,0,19,2025-03-13 16:23:00.000,,,2025-03-13 16:23:30.871,2025-03-13 16:23:10.943,19,1.2031188,13.870001,0.79,UTC+0100,NA9l677+ml,com.sec.android.app.shealth,2025-03-13 16:24:00.000,c6b5a286-616a-4550-8ae2-c4671ab90a5f,
4746,4,0,10,2025-03-13 16:38:00.000,,,2025-03-13 16:45:23.074,2025-03-13 16:45:23.074,10,1.6666666,7.91,0.31,UTC+0100,NA9l677+ml,com.sec.android.app.shealth,2025-03-13 16:39:00.000,d0306357-9657-4dc6-ae1d-67ec5ed4fef4,
5700,4,0,13,2025-03-13 16:45:00.000,,,2025-03-13 16:54:00.018,2025-03-13 16:54:00.018,13,1.8611112,10.61,0.41,UTC+0100,NA9l677+ml,com.sec.android.app.shealth,2025-03-13 16:46:00.000,90c00361-aa52-48d3-ba2b-c942e263ee4d,
26820,4,0,46,2025-03-13 17:17:00.000,,,2025-03-13 17:18:56.241,2025-03-13 17:18:56.241,46,1.2777778,34.27,1.79,UTC+0100,NA9l677+ml,com.sec.android.app.shealth,2025-03-13 17:18:00.000,3469fc91-8de4-4b3a-bdf6-330b4067c317,
11894,4,0,21,2025-03-13 17:18:00.000,,,2025-03-13 17:18:56.293,2025-03-13 17:18:56.293,21,1.3333334,15.86,0.83,UTC+0100,NA9l677+ml,com.sec.android.app.shealth,2025-03-13 17:19:00.000,37c84630-9d86-4db8-8175-097d7174614c,
6618,4,0,10,2025-03-13 17:39:00.000,,,2025-03-13 17:39:54.162,2025-03-13 17:39:54.162,10,1.0833334,7.17,0.43,UTC+0100,NA9l677+ml,com.sec.android.app.shealth,2025-03-13 17:40:00.000,0d54cc3d-a9e8-4de8-951b-c94e3e84407c,
35840,4,0,61,2025-03-13 17:40:00.000,,,2025-03-13 17:43:55.287,2025-03-13 17:43:55.287,61,1.25,44.8,2.44,UTC+0100,NA9l677+ml,com.sec.android.app.shealth,2025-03-13 17:41:00.000,430f522c-b354-49ba-8fb3-9170d9f1e252,
6627,4,0,11,2025-03-13 17:41:00.000,,,2025-03-13 17:43:55.317,2025-03-13 17:43:55.317,11,1.2222222,8.1,0.44,UTC+0100,NA9l677+ml,com.sec.android.app.shealth,2025-03-13 17:42:00.000,461d8d67-b39a-4441-8d0a-6aa0cc670dc6,
58531,4,0,101,2025-03-13 17:42:00.000,,,2025-03-13 17:43:55.416,2025-03-13 17:43:55.416,101,1.2777778,74.79,4.01,UTC+0100,NA9l677+ml,com.sec.android.app.shealth,2025-03-13 17:43:00.000,79ed1446-8408-4003-a577-ed4ac9740470,
42480,4,0,70,2025-03-13 17:43:00.000,,,2025-03-13 17:43:55.446,2025-03-13 17:43:55.446,70,1.1944444,50.74,3.39,UTC+0100,NA9l677+ml,com.sec.android.app.shealth,2025-03-13 17:44:00.000,cd03066a-9e20-4cbf-9cc2-17436b0fe81b,
11563,4,0,21,2025-03-13 17:44:00.000,,,2025-03-13 17:44:52.479,2025-03-13 17:44:52.479,21,1.3888888,16.06,0.82,UTC+0100,NA9l677+ml,com.sec.android.app.shealth,2025-03-13 17:45:00.000,bbb7a6a6-9984-4361-98a8-2c639e62aa8b,
5904,4,1,12,2025-03-13 17:46:00.000,,,2025-03-13 17:47:31.373,2025-03-13 17:47:31.373,13,1.8055556,10.66,0.55,UTC+0100,NA9l677+ml,com.sec.android.app.shealth,2025-03-13 17:47:00.000,249071be-5436-4fb5-842c-ce268ddf619d,
6105,4,0,11,2025-03-13 17:47:00.000,,,2025-03-13 17:49:41.774,2025-03-13 17:49:41.774,11,1.3888888,8.48,0.37,UTC+0100,NA9l677+ml,com.sec.android.app.shealth,2025-03-13 17:48:00.000,2fe9c403-1a33-4079-a8b3-87df7a76d4cf,
12951,4,0,20,2025-03-13 17:48:00.000,,,2025-03-13 17:49:41.876,2025-03-13 17:49:41.876,20,1.1111112,14.39,0.81,UTC+0100,NA9l677+ml,com.sec.android.app.shealth,2025-03-13 17:49:00.000,5bb64f88-ae15-4e73-8df7-907ec2eaf85d,
29350,4,0,49,2025-03-13 17:49:00.000,,,2025-03-13 17:49:55.655,2025-03-13 17:49:41.935,49,1.2442621,36.52,1.89,UTC+0100,NA9l677+ml,com.sec.android.app.shealth,2025-03-13 17:50:00.000,3973b315-4324-41cf-b269-8ac2d69a0e61,
21664,4,0,33,2025-03-13 17:50:00.000,,,2025-03-13 17:51:28.232,2025-03-13 17:51:28.232,33,1.0833334,23.47,1.38,UTC+0100,NA9l677+ml,com.sec.android.app.shealth,2025-03-13 17:51:00.000,79c2254b-2ce0-48a7-9236-c962a9aa7223,
18174,4,0,27,2025-03-13 17:51:00.000,,,2025-03-13 17:51:28.344,2025-03-13 17:51:28.281,27,1.0800779,19.63,1.0799999,UTC+0100,NA9l677+ml,com.sec.android.app.shealth,2025-03-13 17:52:00.000,25b13bfc-87ed-42be-b735-86211881c0ac,
14945,4,0,20,2025-03-13 17:52:00.000,,,2025-03-13 17:53:32.612,2025-03-13 17:53:32.612,20,0.9166667,13.7,0.85,UTC+0100,NA9l677+ml,com.sec.android.app.shealth,2025-03-13 17:53:00.000,87addc36-5e48-401e-b49f-3c5f339d8762,
40581,4,0,66,2025-03-13 17:53:00.000,,,2025-03-13 17:54:26.581,2025-03-13 17:53:32.640,66,1.204004,48.860004,2.6,UTC+0100,NA9l677+ml,com.sec.android.app.shealth,2025-03-13 17:54:00.000,9840451d-a0f9-406e-a86b-af6238485987,
4120,4,0,7,2025-03-13 17:54:00.000,,,2025-03-13 17:54:26.672,2025-03-13 17:54:26.672,7,1.25,5.15,0.28,UTC+0100,NA9l677+ml,com.sec.android.app.shealth,2025-03-13 17:55:00.000,ed2f1b6a-7a1a-40e4-a811-a14f504dc9a2,
12400,4,0,21,2025-03-13 17:55:00.000,,,2025-03-13 17:56:37.403,2025-03-13 17:56:37.403,21,1.25,15.5,0.82,UTC+0100,NA9l677+ml,com.sec.android.app.shealth,2025-03-13 17:56:00.000,7df903fa-4847-4fd4-ab90-6578b3cc6ea6,
15537,4,0,26,2025-03-13 17:56:00.000,,,2025-03-13 17:58:06.988,2025-03-13 17:58:06.988,26,1.2222222,18.99,1.02,UTC+0100,NA9l677+ml,com.sec.android.app.shealth,2025-03-13 17:57:00.000,2ec0982c-488a-43a0-b788-77f37ca13776,
28755,4,0,44,2025-03-13 17:57:00.000,,,2025-03-13 17:58:07.015,2025-03-13 17:58:07.015,44,1.1111112,31.95,1.73,UTC+0100,NA9l677+ml,com.sec.android.app.shealth,2025-03-13 17:58:00.000,ec99cd74-c15f-48b6-ab17-3fca89129ed9,
22810,4,0,34,2025-03-13 17:58:00.000,,,2025-03-13 18:00:05.311,2025-03-13 17:58:44.208,34,1.0797586,24.630001,1.37,UTC+0100,NA9l677+ml,com.sec.android.app.shealth,2025-03-13 17:59:00.000,2ea50bbc-c033-419b-9298-51cf737f5e24,
10840,4,0,18,2025-03-13 17:59:00.000,,,2025-03-13 18:00:05.402,2025-03-13 18:00:05.402,18,1.2222222,13.25,0.68,UTC+0100,NA9l677+ml,com.sec.android.app.shealth,2025-03-13 18:00:00.000,8515e9a2-6e79-47d2-bb4b-1f9959ca0334,
4460,4,0,7,2025-03-13 18:00:00.000,,,2025-03-13 18:00:05.440,2025-03-13 18:00:05.440,7,1.1388888,5.08,0.28,UTC+0100,NA9l677+ml,com.sec.android.app.shealth,2025-03-13 18:01:00.000,434b545d-60ce-41ff-acfe-f72f905fd420,
7179,4,0,10,2025-03-13 18:10:00.000,,,2025-03-13 18:12:39.595,2025-03-13 18:12:39.595,10,0.9722222,6.98,0.39,UTC+0100,NA9l677+ml,com.sec.android.app.shealth,2025-03-13 18:11:00.000,8a1946e2-fd51-4644-8387-aece6ae86f80,
35622,4,0,56,2025-03-13 18:16:00.000,,,2025-03-13 18:20:10.824,2025-03-13 18:20:10.824,56,1.1388888,40.57,2.27,UTC+0100,NA9l677+ml,com.sec.android.app.shealth,2025-03-13 18:17:00.000,a1db176d-4041-4175-bd91-fe46d0a82e42,
7245,4,0,14,2025-03-13 19:08:00.000,,,2025-03-13 19:11:50.021,2025-03-13 19:08:12.757,14,1.483703,10.75,0.53999996,UTC+0100,NA9l677+ml,com.sec.android.app.shealth,2025-03-13 19:09:00.000,7912ca7b-5f4c-4bfe-9ea2-7b3e9e927316,
16755,4,0,30,2025-03-13 19:09:00.000,,,2025-03-13 19:11:50.151,2025-03-13 19:11:50.151,30,1.3333334,22.34,1.15,UTC+0100,NA9l677+ml,com.sec.android.app.shealth,2025-03-13 19:10:00.000,5321d53a-73f3-4348-88a3-8bba4124a97a,
15800,4,0,27,2025-03-13 20:18:00.000,,,2025-03-13 20:19:19.700,2025-03-13 20:19:19.700,27,1.25,19.75,1.06,UTC+0100,NA9l677+ml,com.sec.android.app.shealth,2025-03-13 20:19:00.000,a6b25e00-f797-41d5-8edc-ce7da60eb162,
11649,4,0,26,2025-03-13 20:25:00.000,,,2025-03-13 20:25:58.715,2025-03-13 20:25:58.715,26,1.7777778,20.71,0.86,UTC+0100,NA9l677+ml,com.sec.android.app.shealth,2025-03-13 20:26:00.000,99b911cd-c098-480c-9248-b737c96bbbe2,
15211,4,0,23,2025-03-13 20:26:00.000,,,2025-03-13 20:27:44.464,2025-03-13 20:26:38.617,23,1.0892735,16.57,0.93,UTC+0100,NA9l677+ml,com.sec.android.app.shealth,2025-03-13 20:27:00.000,2236e390-87f8-43c1-8594-c8ba7ee06209,
38559,4,0,57,2025-03-13 20:27:00.000,,,2025-03-13 20:31:08.225,2025-03-13 20:27:44.523,57,1.0645921,41.050003,2.25,UTC+0100,NA9l677+ml,com.sec.android.app.shealth,2025-03-13 20:28:00.000,c92433f8-84c7-4724-a84a-146d09bf3b7a,
5995,4,0,11,2025-03-13 20:34:00.000,,,2025-03-13 20:34:59.897,2025-03-13 20:34:59.897,11,1.4444444,8.66,0.36,UTC+0100,NA9l677+ml,com.sec.android.app.shealth,2025-03-13 20:35:00.000,c4c66d98-5247-4537-961a-7725653b1e28,
22518,4,0,35,2025-03-13 23:03:00.000,,,2025-03-13 23:14:59.893,2025-03-13 23:14:59.893,35,1.1111112,25.02,1.45,UTC+0100,NA9l677+ml,com.sec.android.app.shealth,2025-03-13 23:04:00.000,1fd7f3a0-1845-4f49-9a49-11badc5b3d3e,
49177,4,0,72,2025-03-13 23:04:00.000,,,2025-03-13 23:15:00.078,2025-03-13 23:15:00.078,72,1.0555556,51.91,3.27,UTC+0100,NA9l677+ml,com.sec.android.app.shealth,2025-03-13 23:05:00.000,e50d9d80-2d39-43c2-b575-c7571099b93f,
19610,4,0,29,2025-03-14 01:03:00.000,,,2025-03-14 01:05:52.503,2025-03-14 01:05:52.503,29,1.0555556,20.7,1.32,UTC+0100,NA9l677+ml,com.sec.android.app.shealth,2025-03-14 01:04:00.000,30a1ae4b-40d6-40ac-9c0a-b6ab4292d82a,
13260,4,0,21,2025-03-14 01:04:00.000,,,2025-03-14 01:05:52.670,2025-03-14 01:05:52.670,21,1.1666666,15.47,0.88,UTC+0100,NA9l677+ml,com.sec.android.app.shealth,2025-03-14 01:05:00.000,ef4eb3cf-43b2-4e6c-92e3-6fd18ec5d2a9,
16658,4,0,28,2025-03-14 01:06:00.000,,,2025-03-14 01:07:16.847,2025-03-14 01:06:29.335,28,1.2635952,21.050001,1.11,UTC+0100,NA9l677+ml,com.sec.android.app.shealth,2025-03-14 01:07:00.000,5f4208ef-3f83-4cc6-8497-30485ff2332e,
33660,4,0,50,2025-03-14 06:57:00.000,,,2025-03-14 07:14:59.898,2025-03-14 07:14:59.898,50,1.0555556,35.53,2.08,UTC+0100,NA9l677+ml,com.sec.android.app.shealth,2025-03-14 06:58:00.000,8c36e715-a14f-4632-a4a3-8a40d18804e2,
24563,4,0,39,2025-03-14 06:58:00.000,,,2025-03-14 07:15:00.020,2025-03-14 07:15:00.020,39,1.1944444,29.34,1.6,UTC+0100,NA9l677+ml,com.sec.android.app.shealth,2025-03-14 06:59:00.000,7e097bf6-cd8a-4ebf-9e06-16ba3247f6b1,
11280,4,0,16,2025-03-14 06:59:00.000,,,2025-03-14 07:15:00.061,2025-03-14 07:15:00.061,16,1.0,11.28,0.65,UTC+0100,NA9l677+ml,com.sec.android.app.shealth,2025-03-14 07:00:00.000,27748b4c-23df-4004-8e4e-3622618bfbf7,
31451,4,0,49,2025-03-14 07:42:00.000,,,2025-03-14 07:43:45.702,2025-03-14 07:43:45.702,49,1.1388888,35.82,2.03,UTC+0100,NA9l677+ml,com.sec.android.app.shealth,2025-03-14 07:43:00.000,e8f7182d-5a95-46a3-adf6-e72d49740c81,
11837,4,0,19,2025-03-14 07:43:00.000,,,2025-03-14 07:43:45.964,2025-03-14 07:43:45.964,19,1.1666666,13.81,0.78,UTC+0100,NA9l677+ml,com.sec.android.app.shealth,2025-03-14 07:44:00.000,dd216606-1b48-4145-8456-4029faeac8dd,
18684,4,0,30,2025-03-14 07:44:00.000,,,2025-03-14 07:49:56.473,2025-03-14 07:49:56.473,30,1.1388888,21.28,1.24,UTC+0100,NA9l677+ml,com.sec.android.app.shealth,2025-03-14 07:45:00.000,3b215062-b7b6-4e6e-8836-99bcde18e1de,
22337,4,0,35,2025-03-14 07:45:00.000,,,2025-03-14 07:49:56.741,2025-03-14 07:49:56.741,35,1.1388888,25.44,1.38,UTC+0100,NA9l677+ml,com.sec.android.app.shealth,2025-03-14 07:46:00.000,a793114b-0918-4520-b3f6-6950ad22f6c1,
7047,4,0,11,2025-03-14 07:49:00.000,,,2025-03-14 07:50:24.580,2025-03-14 07:50:24.580,11,1.1111112,7.83,0.42,UTC+0100,NA9l677+ml,com.sec.android.app.shealth,2025-03-14 07:50:00.000,4ba3e1b9-c635-4fa8-9a5e-78b871b8e45d,
1935,4,0,3,2025-03-14 07:50:00.000,,,2025-03-14 07:50:24.683,2025-03-14 07:50:24.683,3,1.1111112,2.15,0.12,UTC+0100,NA9l677+ml,com.sec.android.app.shealth,2025-03-14 07:51:00.000,373fa337-162b-4fc1-92c7-86bcc4e0ea28,
15534,4,0,24,2025-03-14 07:51:00.000,,,2025-03-14 07:51:51.894,2025-03-14 07:51:39.286,24,1.1072416,17.2,0.91,UTC+0100,NA9l677+ml,com.sec.android.app.shealth,2025-03-14 07:52:00.000,7adba496-1e23-4591-ad3b-8db851d9715a,
13038,4,0,17,2025-03-14 07:52:00.000,,,2025-03-14 07:54:59.884,2025-03-14 07:54:59.884,17,0.8888889,11.59,0.7,UTC+0100,NA9l677+ml,com.sec.android.app.shealth,2025-03-14 07:53:00.000,f41227f3-e945-4453-b8ee-6109717362b5,
27065,4,0,35,2025-03-14 07:55:00.000,,,2025-03-14 07:57:42.731,2025-03-14 07:55:11.256,35,0.88340986,23.91,1.41,UTC+0100,NA9l677+ml,com.sec.android.app.shealth,2025-03-14 07:56:00.000,f740bca6-3b6d-4a8d-b0fd-1f43d65df358,
10230,4,0,13,2025-03-14 08:02:00.000,,,2025-03-14 08:04:53.245,2025-03-14 08:04:53.245,13,0.8611111,8.81,0.53,UTC+0100,NA9l677+ml,com.sec.android.app.shealth,2025-03-14 08:03:00.000,9b722107-9f7f-4ae6-b825-557ab6214681,
8040,4,0,12,2025-03-14 08:05:00.000,,,2025-03-14 08:05:13.471,2025-03-14 08:05:13.471,12,1.0833334,8.71,0.44,UTC+0100,NA9l677+ml,com.sec.android.app.shealth,2025-03-14 08:06:00.000,0602b4a1-a223-4f38-8133-f35d79b062ad,
8516,4,0,12,2025-03-14 08:16:00.000,,,2025-03-14 08:18:40.291,2025-03-14 08:18:40.291,12,0.9722222,8.28,0.53,UTC+0100,NA9l677+ml,com.sec.android.app.shealth,2025-03-14 08:17:00.000,29464a4b-7ff6-45f4-9aa6-50585a9a540f,
7350,4,0,12,2025-03-14 08:17:00.000,,,2025-03-14 08:18:40.411,2025-03-14 08:18:40.411,12,1.1944444,8.78,0.48,UTC+0100,NA9l677+ml,com.sec.android.app.shealth,2025-03-14 08:18:00.000,5caa430a-9215-4f07-b1aa-bec3739a5948,
22030,4,0,36,2025-03-14 08:18:00.000,,,2025-03-14 08:19:57.883,2025-03-14 08:18:40.456,36,1.200132,26.439999,1.39,UTC+0100,NA9l677+ml,com.sec.android.app.shealth,2025-03-14 08:19:00.000,eb39d5c0-d47a-41ee-bd3f-90e31d2026d2,
22654,4,0,37,2025-03-14 08:19:00.000,,,2025-03-14 08:19:57.996,2025-03-14 08:19:57.996,37,1.1944444,27.06,1.47,UTC+0100,NA9l677+ml,com.sec.android.app.shealth,2025-03-14 08:20:00.000,82b32538-f76f-428a-9563-ac9ad7b644a5,
19471,4,0,28,2025-03-14 08:22:00.000,,,2025-03-14 08:25:40.127,2025-03-14 08:22:21.269,28,1.0101718,19.67,1.2,UTC+0100,NA9l677+ml,com.sec.android.app.shealth,2025-03-14 08:23:00.000,2c1dc4da-7f19-437f-8a8f-7828bb04eb48,
13200,4,0,21,2025-03-14 08:23:00.000,,,2025-03-14 08:25:40.175,2025-03-14 08:25:40.175,21,1.1666666,15.4,0.78,UTC+0100,NA9l677+ml,com.sec.android.app.shealth,2025-03-14 08:24:00.000,72e67b8d-17ea-400a-9328-5ec86c77a3b7,
3064,4,0,5,2025-03-14 08:24:00.000,,,2025-03-14 08:25:40.212,2025-03-14 08:25:40.212,5,1.1944444,3.66,0.2,UTC+0100,NA9l677+ml,com.sec.android.app.shealth,2025-03-14 08:25:00.000,f949895f-dcef-4663-881a-1315c8d60da5,
9464,4,0,14,2025-03-14 08:59:00.000,,,2025-03-14 08:59:49.523,2025-03-14 08:59:49.523,14,1.0555556,9.99,0.57,UTC+0100,NA9l677+ml,com.sec.android.app.shealth,2025-03-14 09:00:00.000,38af6e23-59dd-4138-b10b-3f1e5796fea6,
28555,4,0,40,2025-03-14 09:07:00.000,,,2025-03-14 09:07:58.416,2025-03-14 09:07:58.268,40,0.9970232,28.470001,1.5999999,UTC+0100,NA9l677+ml,com.sec.android.app.shealth,2025-03-14 09:08:00.000,208a9908-b831-43ea-946a-c0d9a5bb2102,
8941,4,0,16,2025-03-14 09:08:00.000,,,2025-03-14 09:09:40.926,2025-03-14 09:09:40.926,16,1.3611112,12.17,0.55,UTC+0100,NA9l677+ml,com.sec.android.app.shealth,2025-03-14 09:09:00.000,963aa96e-004e-4b29-859f-45add2c85726,
13297,4,0,20,2025-03-14 09:09:00.000,,,2025-03-14 09:15:00.887,2025-03-14 09:09:40.965,20,1.0769299,14.32,0.83000004,UTC+0100,NA9l677+ml,com.sec.android.app.shealth,2025-03-14 09:10:00.000,843917d7-15a4-40cb-a39e-9e383f6da3fc,
20846,4,0,27,2025-03-14 09:10:00.000,,,2025-03-14 09:15:01.009,2025-03-14 09:15:01.009,27,0.8888889,18.53,1.07,UTC+0100,NA9l677+ml,com.sec.android.app.shealth,2025-03-14 09:11:00.000,2758ada5-c58b-4cf5-9922-b50b0c1171a2,
14507,4,0,21,2025-03-14 09:12:00.000,,,2025-03-14 09:15:01.037,2025-03-14 09:15:01.037,21,1.0277778,14.91,0.9,UTC+0100,NA9l677+ml,com.sec.android.app.shealth,2025-03-14 09:13:00.000,9314ad97-e6ca-48bf-b69b-47d19200e25c,
8305,4,0,13,2025-03-14 09:14:00.000,,,2025-03-14 09:15:01.063,2025-03-14 09:15:01.063,13,1.1666666,9.69,0.54,UTC+0100,NA9l677+ml,com.sec.android.app.shealth,2025-03-14 09:15:00.000,5ada3b96-8f95-48d9-9eb5-81eaabd321c9,
12560,4,0,18,2025-03-14 09:15:00.000,,,2025-03-14 09:25:14.629,2025-03-14 09:25:14.629,18,1.0,12.56,0.73,UTC+0100,NA9l677+ml,com.sec.android.app.shealth,2025-03-14 09:16:00.000,67e882ba-303f-4721-ac9b-7b0088ac2f43,
6111,4,0,10,2025-03-14 09:16:00.000,,,2025-03-14 09:25:14.725,2025-03-14 09:25:14.725,10,1.1944444,7.3,0.34,UTC+0100,NA9l677+ml,com.sec.android.app.shealth,2025-03-14 09:17:00.000,35b3b94c-0541-42f1-ad40-6a2a0d06d389,
7117,4,0,10,2025-03-14 09:24:00.000,,,2025-03-14 09:25:14.778,2025-03-14 09:25:14.778,10,0.9722222,6.92,0.42,UTC+0100,NA9l677+ml,com.sec.android.app.shealth,2025-03-14 09:25:00.000,6d0aa984-ee83-4293-9e24-7b9464a9bdeb,
6578,4,0,19,2025-03-14 09:32:00.000,,,2025-03-14 09:34:47.063,2025-03-14 09:34:47.063,19,2.3333333,15.35,0.61,UTC+0100,NA9l677+ml,com.sec.android.app.shealth,2025-03-14 09:33:00.000,7d6fd077-cc89-4220-8c90-b7897db7cc24,
8713,4,0,13,2025-03-14 09:39:00.000,,,2025-03-14 09:39:10.938,2025-03-14 09:39:10.938,13,1.0833334,9.44,0.48,UTC+0100,NA9l677+ml,com.sec.android.app.shealth,2025-03-14 09:40:00.000,374d3372-11f9-4582-adad-ecb4e2e8c079,
20612,4,0,31,2025-03-14 09:40:00.000,,,2025-03-14 09:44:21.618,2025-03-14 09:44:21.618,31,1.0833334,22.33,1.22,UTC+0100,NA9l677+ml,com.sec.android.app.shealth,2025-03-14 09:41:00.000,de16f5f6-e13f-4731-83ef-6bfd5195a439,
26088,4,0,34,2025-03-14 09:41:00.000,,,2025-03-14 09:44:21.724,2025-03-14 09:44:21.724,34,0.8888889,23.19,1.41,UTC+0100,NA9l677+ml,com.sec.android.app.shealth,2025-03-14 09:42:00.000,50ccbe5d-af9c-43ca-a438-78d4969fb886,
10530,4,0,16,2025-03-14 10:12:00.000,,,2025-03-14 10:14:59.887,2025-03-14 10:14:59.887,16,1.1111112,11.7,0.66,UTC+0100,NA9l677+ml,com.sec.android.app.shealth,2025-03-14 10:13:00.000,0ae4e03e-f7ac-4639-b74c-46191062e75a,
15456,4,0,26,2025-03-14 10:28:00.000,,,2025-03-14 10:29:29.319,2025-03-14 10:29:29.319,26,1.25,19.32,1.02,UTC+0100,NA9l677+ml,com.sec.android.app.shealth,2025-03-14 10:29:00.000,93ea7595-e739-419d-8139-4acf8f4c5087,
37601,4,0,59,2025-03-14 10:29:00.000,,,2025-03-14 10:31:08.339,2025-03-14 10:29:29.384,59,1.1318628,42.560005,2.75,UTC+0100,NA9l677+ml,com.sec.android.app.shealth,2025-03-14 10:30:00.000,7de99861-a4cc-47be-b4e3-3fb9067defc2,
7627,4,0,10,2025-03-14 10:30:00.000,,,2025-03-14 10:31:08.385,2025-03-14 10:31:08.385,10,0.8888889,6.78,0.46,UTC+0100,NA9l677+ml,com.sec.android.app.shealth,2025-03-14 10:31:00.000,bfef05f7-422e-4091-b210-066e229db86a,
8651,4,0,11,2025-03-14 10:31:00.000,,,2025-03-14 10:32:43.284,2025-03-14 10:32:43.284,11,0.86111104,7.45,0.45,UTC+0100,NA9l677+ml,com.sec.android.app.shealth,2025-03-14 10:32:00.000,f207562e-a1f5-4212-b2eb-0a865e72636c,
17933,4,0,32,2025-03-14 10:32:00.000,,,2025-03-14 10:32:59.408,2025-03-14 10:32:58.894,32,1.3449843,24.119999,1.28,UTC+0100,NA9l677+ml,com.sec.android.app.shealth,2025-03-14 10:33:00.000,45f44fcc-aa9d-42d6-9179-a0de4ff83523,
20699,4,0,35,2025-03-14 10:33:00.000,,,2025-03-14 10:34:05.586,2025-03-14 10:33:00.239,35,1.2488377,25.85,1.4,UTC+0100,NA9l677+ml,com.sec.android.app.shealth,2025-03-14 10:34:00.000,9ae45bf0-1f1e-40da-aef8-a131e3354bca,
49026,4,0,82,2025-03-14 10:38:00.000,,,2025-03-14 10:40:47.631,2025-03-14 10:38:46.253,82,1.2256752,60.090004,3.21,UTC+0100,NA9l677+ml,com.sec.android.app.shealth,2025-03-14 10:39:00.000,a81b85c7-f97d-4981-8c0b-64398d146654,
4794,4,0,8,2025-03-14 10:39:00.000,,,2025-03-14 10:40:47.685,2025-03-14 10:40:47.685,8,1.2222222,5.86,0.32,UTC+0100,NA9l677+ml,com.sec.android.app.shealth,2025-03-14 10:40:00.000,40553c4b-ad2f-4105-a09c-494e3f930fe1,
13294,4,0,21,2025-03-14 10:42:00.000,,,2025-03-14 10:43:21.182,2025-03-14 10:43:21.182,21,1.1666666,15.51,0.81,UTC+0100,NA9l677+ml,com.sec.android.app.shealth,2025-03-14 10:43:00.000,5c025240-0a10-4518-b810-4cb028d298b6,
29581,4,0,48,2025-03-14 10:43:00.000,,,2025-03-14 10:47:10.425,2025-03-14 10:43:31.546,48,1.2007456,35.52,1.88,UTC+0100,NA9l677+ml,com.sec.android.app.shealth,2025-03-14 10:44:00.000,ab7e0152-ba77-431f-9e36-4d8f7a67c862,
35751,4,1,56,2025-03-14 10:44:00.000,,,2025-03-14 10:47:10.537,2025-03-14 10:47:10.537,57,1.1666666,41.71,2.42,UTC+0100,NA9l677+ml,com.sec.android.app.shealth,2025-03-14 10:45:00.000,4a4e8c8a-ac55-42a1-8da9-e5bf50b5af43,
12745,4,0,24,2025-03-14 10:45:00.000,,,2025-03-14 10:47:10.567,2025-03-14 10:47:10.567,24,1.4444444,18.41,0.96,UTC+0100,NA9l677+ml,com.sec.android.app.shealth,2025-03-14 10:46:00.000,8ca2ab6d-65f0-476d-9349-75345002490a,
6405,4,0,13,2025-03-14 10:47:00.000,,,2025-03-14 10:53:19.327,2025-03-14 10:53:19.327,13,1.6111112,10.32,0.64,UTC+0100,NA9l677+ml,com.sec.android.app.shealth,2025-03-14 10:48:00.000,34d4a928-66c4-4b5b-879b-13bb1b486f44,
30393,4,0,53,2025-03-14 10:48:00.000,,,2025-03-14 10:53:19.359,2025-03-14 10:53:19.359,53,1.3055556,39.68,2.11,UTC+0100,NA9l677+ml,com.sec.android.app.shealth,2025-03-14 10:49:00.000,96dd0098-61e3-4e11-9a66-1497e898d169,
21919,4,0,37,2025-03-14 10:49:00.000,,,2025-03-14 10:53:19.404,2025-03-14 10:53:19.404,37,1.2222222,26.79,1.5,UTC+0100,NA9l677+ml,com.sec.android.app.shealth,2025-03-14 10:50:00.000,ea525ae6-b6b8-4264-bb66-cea1c5ff3692,
13187,4,0,24,2025-03-14 10:50:00.000,,,2025-03-14 10:53:19.442,2025-03-14 10:53:19.442,24,1.3611112,17.95,0.91,UTC+0100,NA9l677+ml,com.sec.android.app.shealth,2025-03-14 10:51:00.000,6ee39da5-3f4d-4a4d-9751-d2120df034f8,
32896,4,0,48,2025-03-14 10:51:00.000,,,2025-03-14 10:53:19.473,2025-03-14 10:53:19.473,48,1.0277777,33.81,1.98,UTC+0100,NA9l677+ml,com.sec.android.app.shealth,2025-03-14 10:52:00.000,c1d4aa94-abdb-420b-ad3c-14ce7c8d7e94,
16092,4,7,27,2025-03-14 10:52:00.000,,,2025-03-14 10:53:19.521,2025-03-14 10:53:19.521,34,1.6666666,26.82,1.52,UTC+0100,NA9l677+ml,com.sec.android.app.shealth,2025-03-14 10:53:00.000,40b29d24-fe66-4c96-b83a-e28299a2975a,
22716,4,0,41,2025-03-14 10:54:00.000,,,2025-03-14 10:54:59.893,2025-03-14 10:54:59.893,41,1.3611112,30.92,1.6,UTC+0100,NA9l677+ml,com.sec.android.app.shealth,2025-03-14 10:55:00.000,7a5a97bf-f25c-4bd1-b56b-a559db04476d,
4481,4,0,8,2025-03-14 10:56:00.000,,,2025-03-14 10:56:25.142,2025-03-14 10:56:21.308,8,1.367849,6.13,0.32999998,UTC+0100,NA9l677+ml,com.sec.android.app.shealth,2025-03-14 10:57:00.000,4c5cf657-44fa-4781-8ddd-10741e8d16b4,
19780,4,0,28,2025-03-14 10:58:00.000,,,2025-03-14 11:00:33.262,2025-03-14 11:00:33.262,28,0.99999994,19.78,1.18,UTC+0100,NA9l677+ml,com.sec.android.app.shealth,2025-03-14 10:59:00.000,51f68d79-a8cf-46dd-af00-d5fb7fab692c,
12158,4,0,21,2025-03-14 10:59:00.000,,,2025-03-14 11:00:33.298,2025-03-14 11:00:33.298,21,1.2222222,14.86,0.91,UTC+0100,NA9l677+ml,com.sec.android.app.shealth,2025-03-14 11:00:00.000,da76e8e9-9ba0-47de-a17c-385167553a21,
12960,4,0,24,2025-03-14 11:03:00.000,,,2025-03-14 11:05:07.972,2025-03-14 11:05:07.972,24,1.4166666,18.36,0.9,UTC+0100,NA9l677+ml,com.sec.android.app.shealth,2025-03-14 11:04:00.000,494a3ea7-6758-4f1d-92d3-fd201d8b5f27,
20565,4,0,36,2025-03-14 11:04:00.000,,,2025-03-14 11:05:08.018,2025-03-14 11:05:08.018,36,1.3055556,26.85,1.45,UTC+0100,NA9l677+ml,com.sec.android.app.shealth,2025-03-14 11:05:00.000,5e33bcd7-4732-466f-9432-c9dbd86cc081,
14058,4,0,22,2025-03-14 11:05:00.000,,,2025-03-14 11:13:49.633,2025-03-14 11:05:08.044,22,1.1060882,15.549999,0.90999997,UTC+0100,NA9l677+ml,com.sec.android.app.shealth,2025-03-14 11:06:00.000,26cf3b72-9cc3-48ce-b7cd-b53e717f4f18,
7670,4,0,11,2025-03-14 11:09:00.000,,,2025-03-14 11:13:49.717,2025-03-14 11:13:49.717,11,1.0,7.67,0.52,UTC+0100,NA9l677+ml,com.sec.android.app.shealth,2025-03-14 11:10:00.000,82d2accf-df51-4ce0-b420-d6caded27e12,
6664,4,0,11,2025-03-14 11:10:00.000,,,2025-03-14 11:13:49.758,2025-03-14 11:13:49.758,11,1.1944444,7.96,0.43,UTC+0100,NA9l677+ml,com.sec.android.app.shealth,2025-03-14 11:11:00.000,6396a6de-1098-4ca1-8096-6d46ba6346fb,
17922,4,0,26,2025-03-14 11:11:00.000,,,2025-03-14 11:13:49.794,2025-03-14 11:13:49.794,26,1.0277778,18.42,1.08,UTC+0100,NA9l677+ml,com.sec.android.app.shealth,2025-03-14 11:12:00.000,370237fa-7ae5-468f-b0d8-c1c7f453e14c,
26517,4,10,36,2025-03-14 11:12:00.000,,,2025-03-14 11:13:49.827,2025-03-14 11:13:49.827,46,1.3055556,34.62,2.1,UTC+0100,NA9l677+ml,com.sec.android.app.shealth,2025-03-14 11:13:00.000,8d1c48e9-b3b9-4db3-8e9a-6a8ebdf69d87,
8264,4,0,14,2025-03-14 11:14:00.000,,,2025-03-14 11:14:59.859,2025-03-14 11:14:59.859,14,1.25,10.33,0.54,UTC+0100,NA9l677+ml,com.sec.android.app.shealth,2025-03-14 11:15:00.000,79019f65-dd53-4090-97d8-9a9cc991fb3a,
15435,4,0,25,2025-03-14 11:15:00.000,,,2025-03-14 11:16:54.015,2025-03-14 11:15:55.127,25,1.1797861,18.21,1.02,UTC+0100,NA9l677+ml,com.sec.android.app.shealth,2025-03-14 11:16:00.000,0f7dd0ab-0990-406e-9397-b36b633adb45,
34411,4,0,59,2025-03-14 11:16:00.000,,,2025-03-14 11:16:54.097,2025-03-14 11:16:54.097,59,1.2777778,43.97,2.33,UTC+0100,NA9l677+ml,com.sec.android.app.shealth,2025-03-14 11:17:00.000,6c35e0e5-86db-43ed-9926-eaa85a58b514,
14066,4,0,22,2025-03-14 11:17:00.000,,,2025-03-14 11:21:49.550,2025-03-14 11:21:49.550,22,1.1388888,16.02,0.92,UTC+0100,NA9l677+ml,com.sec.android.app.shealth,2025-03-14 11:18:00.000,a2725463-cd84-456e-86d1-d3c8478e7326,
43850,4,0,62,2025-03-14 11:18:00.000,,,2025-03-14 11:21:49.586,2025-03-14 11:21:49.586,62,1.0,43.85,2.55,UTC+0100,NA9l677+ml,com.sec.android.app.shealth,2025-03-14 11:19:00.000,b9c172ce-cdfe-4aba-8e30-36c6f526e4b2,
15867,4,2,28,2025-03-14 11:19:00.000,,,2025-03-14 11:21:49.619,2025-03-14 11:21:49.619,30,1.4722222,23.36,1.38,UTC+0100,NA9l677+ml,com.sec.android.app.shealth,2025-03-14 11:20:00.000,b03d2481-d495-4127-903d-cd6c2040fafc,
2107,4,0,5,2025-03-14 11:20:00.000,,,2025-03-14 11:21:49.646,2025-03-14 11:21:49.646,5,1.9166667,4.04,0.2,UTC+0100,NA9l677+ml,com.sec.android.app.shealth,2025-03-14 11:21:00.000,4505b035-24a2-42af-8c84-3037c24d18be,
14183,4,0,20,2025-03-14 11:21:00.000,,,2025-03-14 11:24:26.517,2025-03-14 11:21:49.682,20,0.9884612,14.02,0.79,UTC+0100,NA9l677+ml,com.sec.android.app.shealth,2025-03-14 11:22:00.000,1907481a-0f72-4aae-842f-62eb69d078c6,
34864,4,0,53,2025-03-14 11:22:00.000,,,2025-03-14 11:24:26.566,2025-03-14 11:24:26.566,53,1.0833334,37.77,2.17,UTC+0100,NA9l677+ml,com.sec.android.app.shealth,2025-03-14 11:23:00.000,42b9c370-cf45-4ffe-b419-079b5734138f,
22587,4,0,37,2025-03-14 11:23:00.000,,,2025-03-14 11:24:26.609,2025-03-14 11:24:26.609,37,1.1944444,26.98,1.48,UTC+0100,NA9l677+ml,com.sec.android.app.shealth,2025-03-14 11:24:00.000,ddb2c983-2f20-4e92-90ed-ea8f93c721ea,
36487,4,0,61,2025-03-14 11:24:00.000,,,2025-03-14 11:27:41.949,2025-03-14 11:24:26.637,61,1.2343909,45.04,2.42,UTC+0100,NA9l677+ml,com.sec.android.app.shealth,2025-03-14 11:25:00.000,c655ae62-fc70-4391-91aa-17a734831a22,
34349,4,0,54,2025-03-14 11:26:00.000,,,2025-03-14 11:27:42.059,2025-03-14 11:27:42.059,54,1.1388888,39.12,2.12,UTC+0100,NA9l677+ml,com.sec.android.app.shealth,2025-03-14 11:27:00.000,1593922a-6cc8-4ab8-a1c8-695c39c76495,
31623,4,0,47,2025-03-14 11:27:00.000,,,2025-03-14 11:28:13.388,2025-03-14 11:27:42.090,47,1.0672557,33.75,1.8599999,UTC+0100,NA9l677+ml,com.sec.android.app.shealth,2025-03-14 11:28:00.000,95a9de37-f390-448f-b110-4c8a25d74f96,
26849,4,0,34,2025-03-14 11:28:00.000,,,2025-03-14 11:29:57.399,2025-03-14 11:29:57.399,34,0.8611111,23.12,1.42,UTC+0100,NA9l677+ml,com.sec.android.app.shealth,2025-03-14 11:29:00.000,a0681471-acfd-40e1-8383-ad2f9d561637,
14740,4,0,21,2025-03-14 11:29:00.000,,,2025-03-14 11:29:57.481,2025-03-14 11:29:57.481,21,1.0,14.74,0.84,UTC+0100,NA9l677+ml,com.sec.android.app.shealth,2025-03-14 11:30:00.000,0febdabb-b970-463d-b6ea-ee77b4301974,
18573,4,0,24,2025-03-14 11:30:00.000,,,2025-03-14 11:35:00.220,2025-03-14 11:35:00.220,24,0.8888889,16.51,0.98,UTC+0100,NA9l677+ml,com.sec.android.app.shealth,2025-03-14 11:31:00.000,a2667950-5136-4308-be09-771cf72f08f7,
1420,4,0,2,2025-03-14 11:31:00.000,,,2025-03-14 11:35:00.287,2025-03-14 11:35:00.287,2,1.0,1.42,0.08,UTC+0100,NA9l677+ml,com.sec.android.app.shealth,2025-03-14 11:32:00.000,9a17e0f7-ab29-4926-8090-4ca2b7e4cfc0,
13495,4,0,21,2025-03-14 11:32:00.000,,,2025-03-14 11:35:00.338,2025-03-14 11:35:00.338,21,1.1388888,15.37,0.84,UTC+0100,NA9l677+ml,com.sec.android.app.shealth,2025-03-14 11:33:00.000,6e757163-fa34-4a16-b55e-385e13bae227,
37652,4,0,57,2025-03-14 11:33:00.000,,,2025-03-14 11:35:00.384,2025-03-14 11:35:00.384,57,1.0833334,40.79,2.26,UTC+0100,NA9l677+ml,com.sec.android.app.shealth,2025-03-14 11:34:00.000,8a17408c-e344-4b7b-91b2-dbdfa8d90fe1,
34815,4,0,44,2025-03-14 11:34:00.000,,,2025-03-14 11:35:00.412,2025-03-14 11:35:00.412,44,0.8611111,29.98,1.88,UTC+0100,NA9l677+ml,com.sec.android.app.shealth,2025-03-14 11:35:00.000,e8fec0d4-8bfd-4712-8ae4-c7959164ff17,
29988,4,0,46,2025-03-14 11:35:00.000,,,2025-03-14 11:44:44.033,2025-03-14 11:44:44.033,46,1.1111112,33.32,1.82,UTC+0100,NA9l677+ml,com.sec.android.app.shealth,2025-03-14 11:36:00.000,eb39175d-772c-4ae9-9bb6-5228235662d5,
15966,4,0,25,2025-03-14 12:01:00.000,,,2025-03-14 12:02:24.081,2025-03-14 12:02:24.081,25,1.1111112,17.74,1.02,UTC+0100,NA9l677+ml,com.sec.android.app.shealth,2025-03-14 12:02:00.000,732a340b-475c-4afb-b767-211657c848e3,
17938,4,0,32,2025-03-14 12:02:00.000,,,2025-03-14 12:03:51.624,2025-03-14 12:02:24.118,32,1.3479453,24.18,1.25,UTC+0100,NA9l677+ml,com.sec.android.app.shealth,2025-03-14 12:03:00.000,e236135d-36b2-41b0-a200-4264b350ead3,
24082,4,0,34,2025-03-14 12:04:00.000,,,2025-03-14 12:07:15.360,2025-03-14 12:04:13.990,34,1.0057011,24.22,1.35,UTC+0100,NA9l677+ml,com.sec.android.app.shealth,2025-03-14 12:05:00.000,195fc052-4c54-4049-af2b-88b9b9d6b4d7,
23233,4,0,35,2025-03-14 12:05:00.000,,,2025-03-14 12:07:15.440,2025-03-14 12:07:15.440,35,1.0833334,25.17,1.4,UTC+0100,NA9l677+ml,com.sec.android.app.shealth,2025-03-14 12:06:00.000,49db4b04-7597-46f3-959c-254670769510,
20560,4,0,29,2025-03-14 12:06:00.000,,,2025-03-14 12:07:15.476,2025-03-14 12:07:15.476,29,1.0,20.56,1.16,UTC+0100,NA9l677+ml,com.sec.android.app.shealth,2025-03-14 12:07:00.000,c1790fbd-a671-4d97-bcbd-e9a26c04fa89,
7348,4,0,10,2025-03-14 12:09:00.000,,,2025-03-14 12:12:16.457,2025-03-14 12:12:16.457,10,0.9444444,6.94,0.42,UTC+0100,NA9l677+ml,com.sec.android.app.shealth,2025-03-14 12:10:00.000,ddc8f606-5004-4cd6-aa0a-f42c7b3d8e4e,
8650,4,0,12,2025-03-14 12:15:00.000,,,2025-03-14 12:21:35.440,2025-03-14 12:21:35.440,12,0.97222227,8.41,0.46,UTC+0100,NA9l677+ml,com.sec.android.app.shealth,2025-03-14 12:16:00.000,8e82e16f-897e-4838-9558-e93947f7478b,
3880,4,0,7,2025-03-14 12:17:00.000,,,2025-03-14 12:21:35.548,2025-03-14 12:21:35.548,7,1.3888888,5.39,0.22,UTC+0100,NA9l677+ml,com.sec.android.app.shealth,2025-03-14 12:18:00.000,906a0c94-c1b9-4240-bed1-d3a8b5e95d6d,
19260,4,0,25,2025-03-14 12:23:00.000,,,2025-03-14 12:24:07.774,2025-03-14 12:24:07.774,25,0.8888889,17.12,1.03,UTC+0100,NA9l677+ml,com.sec.android.app.shealth,2025-03-14 12:24:00.000,8f11d68f-b4c0-4006-8036-762b9874f86a,
23203,4,0,36,2025-03-14 12:24:00.000,,,2025-03-14 12:26:29.592,2025-03-14 12:24:07.919,36,1.1351852,26.34,1.49,UTC+0100,NA9l677+ml,com.sec.android.app.shealth,2025-03-14 12:25:00.000,1571d519-5000-4f47-860a-02db54518c4d,
48272,4,0,63,2025-03-14 12:25:00.000,,,2025-03-14 12:26:29.723,2025-03-14 12:26:29.723,63,0.9166667,44.25,2.58,UTC+0100,NA9l677+ml,com.sec.android.app.shealth,2025-03-14 12:26:00.000,36d07275-f6c7-464f-bbcd-1e05d5559338,
9350,4,0,14,2025-03-14 12:26:00.000,,,2025-03-14 12:27:59.565,2025-03-14 12:27:59.565,14,1.0833333,10.13,0.55,UTC+0100,NA9l677+ml,com.sec.android.app.shealth,2025-03-14 12:27:00.000,288a5cf7-cbda-4ab0-abf1-d08918f4f9d0,
25163,4,0,38,2025-03-14 12:27:00.000,,,2025-03-14 12:27:59.624,2025-03-14 12:27:59.624,38,1.0833334,27.26,1.49,UTC+0100,NA9l677+ml,com.sec.android.app.shealth,2025-03-14 12:28:00.000,7555047d-18e8-4be1-8ae1-f1a10d26daab,
21010,4,0,28,2025-03-14 12:30:00.000,,,2025-03-14 12:33:27.274,2025-03-14 12:33:27.274,28,0.9166667,19.26,1.13,UTC+0100,NA9l677+ml,com.sec.android.app.shealth,2025-03-14 12:31:00.000,febae9bd-9b0f-4f70-97f3-25ec69b3cfde,
17850,4,0,28,2025-03-14 12:31:00.000,,,2025-03-14 12:33:27.319,2025-03-14 12:33:27.319,28,1.1388888,20.33,1.11,UTC+0100,NA9l677+ml,com.sec.android.app.shealth,2025-03-14 12:32:00.000,e43ac17e-2398-4702-b410-2b74f3a2725d,
22145,4,0,31,2025-03-14 12:32:00.000,,,2025-03-14 12:33:27.382,2025-03-14 12:33:27.382,31,0.97222215,21.53,1.39,UTC+0100,NA9l677+ml,com.sec.android.app.shealth,2025-03-14 12:33:00.000,1830b11a-fac1-4095-8bff-9a592f39fe8f,
28699,4,0,42,2025-03-14 12:33:00.000,,,2025-03-14 12:34:45.999,2025-03-14 12:33:27.415,42,1.0376498,29.78,1.6899999,UTC+0100,NA9l677+ml,com.sec.android.app.shealth,2025-03-14 12:34:00.000,27c0ac8a-72b2-4423-994c-ec90cf9973d5,
7181,4,0,11,2025-03-14 12:34:00.000,,,2025-03-14 12:35:00.887,2025-03-14 12:35:00.887,11,1.0833334,7.78,0.47,UTC+0100,NA9l677+ml,com.sec.android.app.shealth,2025-03-14 12:35:00.000,96c9d4d9-d002-47bc-8851-2698987f2fb4,
6992,4,0,12,2025-03-14 12:36:00.000,,,2025-03-14 12:39:41.455,2025-03-14 12:39:41.455,12,1.25,8.74,0.46,UTC+0100,NA9l677+ml,com.sec.android.app.shealth,2025-03-14 12:37:00.000,2ebcc555-2d93-4a47-be24-334b36eadbc4,
2300,4,0,4,2025-03-14 12:37:00.000,,,2025-03-14 12:39:41.523,2025-03-14 12:39:41.523,4,1.2777778,2.94,0.16,UTC+0100,NA9l677+ml,com.sec.android.app.shealth,2025-03-14 12:38:00.000,0f283aa9-2b61-46a6-a8f1-0d54d860f105,
6395,4,0,11,2025-03-14 12:38:00.000,,,2025-03-14 12:39:41.567,2025-03-14 12:39:41.567,11,1.3055556,8.35,0.43,UTC+0100,NA9l677+ml,com.sec.android.app.shealth,2025-03-14 12:39:00.000,a863e19c-80e6-4ae5-920b-51d1b1156602,
20478,4,0,29,2025-03-14 12:39:00.000,,,2025-03-14 12:39:41.595,2025-03-14 12:39:41.595,29,0.9722222,19.91,1.16,UTC+0100,NA9l677+ml,com.sec.android.app.shealth,2025-03-14 12:40:00.000,84866ea8-5320-4662-bbb3-f9b2ce34e6ee,
12600,4,0,16,2025-03-14 12:40:00.000,,,2025-03-14 12:41:26.675,2025-03-14 12:41:26.675,16,0.8611111,10.85,0.65,UTC+0100,NA9l677+ml,com.sec.android.app.shealth,2025-03-14 12:41:00.000,14cbbfe5-61c8-4f3f-be05-21e8f034d524,
21321,4,0,27,2025-03-14 12:41:00.000,,,2025-03-14 12:43:03.404,2025-03-14 12:41:26.799,27,0.8611111,18.36,1.0799999,UTC+0100,NA9l677+ml,com.sec.android.app.shealth,2025-03-14 12:42:00.000,a1e28a7e-98e1-4d53-b1fd-5aa55586c1cb,
21938,4,0,29,2025-03-14 12:42:00.000,,,2025-03-14 12:43:03.464,2025-03-14 12:43:03.464,29,0.9166666,20.11,1.16,UTC+0100,NA9l677+ml,com.sec.android.app.shealth,2025-03-14 12:43:00.000,61aa0a88-150b-45fa-a162-5caca8183d1c,
9322,4,0,14,2025-03-14 12:56:00.000,,,2025-03-14 12:57:52.266,2025-03-14 12:57:52.266,14,1.0555556,9.84,0.57,UTC+0100,NA9l677+ml,com.sec.android.app.shealth,2025-03-14 12:57:00.000,63fc176b-f575-4e0c-9d0a-86032c28b88f,
6813,4,0,13,2025-03-14 13:01:00.000,,,2025-03-14 13:01:33.777,2025-03-14 13:01:33.777,13,1.5,10.22,0.5,UTC+0100,NA9l677+ml,com.sec.android.app.shealth,2025-03-14 13:02:00.000,cea7741c-2982-4143-83bd-49d2db6457f7,
7873,4,0,10,2025-03-14 13:03:00.000,,,2025-03-14 13:06:00.031,2025-03-14 13:06:00.031,10,0.8611111,6.78,0.48,UTC+0100,NA9l677+ml,com.sec.android.app.shealth,2025-03-14 13:04:00.000,8f8b3507-e3a7-46ee-87bd-db9e6ff39698,
60000,4,0,101,2025-03-14 13:04:00.000,,,2025-03-14 13:06:00.130,2025-03-14 13:06:00.130,101,1.2185,73.11,5.8,UTC+0100,NA9l677+ml,com.sec.android.app.shealth,2025-03-14 13:05:00.000,37a5cf85-08a6-48cd-a194-71ecd2cfd102,
53978,4,0,88,2025-03-14 13:05:00.000,,,2025-03-14 13:06:00.215,2025-03-14 13:06:00.194,88,1.1965951,64.59,4.8,UTC+0100,NA9l677+ml,com.sec.android.app.shealth,2025-03-14 13:06:00.000,210e10fa-500f-41cd-82d5-55e39e0d210d,
25099,4,0,44,2025-03-14 13:06:00.000,,,2025-03-14 13:06:31.665,2025-03-14 13:06:00.312,44,1.308004,32.83,1.74,UTC+0100,NA9l677+ml,com.sec.android.app.shealth,2025-03-14 13:07:00.000,cbad1c63-1257-4bf8-8639-e113e3c3ab11,
13153,4,0,21,2025-03-14 13:07:00.000,,,2025-03-14 13:08:00.830,2025-03-14 13:08:00.830,21,1.1388888,14.98,0.83,UTC+0100,NA9l677+ml,com.sec.android.app.shealth,2025-03-14 13:08:00.000,fdd8de28-e876-4e0b-8662-6aa61d13eb39,
37290,4,10,60,2025-03-14 13:08:00.000,,,2025-03-14 13:12:01.989,2025-03-14 13:08:36.507,70,1.4593554,54.42,3.1,UTC+0100,NA9l677+ml,com.sec.android.app.shealth,2025-03-14 13:09:00.000,f0f1ed60-f13e-4a1e-9795-a20794f8e411,
35647,4,19,47,2025-03-14 13:09:00.000,,,2025-03-14 13:12:02.059,2025-03-14 13:12:02.059,66,1.4166666,50.5,3.17,UTC+0100,NA9l677+ml,com.sec.android.app.shealth,2025-03-14 13:10:00.000,4c8aeb9e-5188-4a38-8f07-c7137408cbed,
16304,4,0,29,2025-03-14 13:11:00.000,,,2025-03-14 13:12:02.088,2025-03-14 13:12:02.088,29,1.3333334,21.74,1.17,UTC+0100,NA9l677+ml,com.sec.android.app.shealth,2025-03-14 13:12:00.000,793caa7c-a9d0-428b-abcd-7664993f5153,
24451,4,0,36,2025-03-14 13:23:00.000,,,2025-03-14 13:24:19.979,2025-03-14 13:24:19.979,36,1.0555556,25.81,1.47,UTC+0100,NA9l677+ml,com.sec.android.app.shealth,2025-03-14 13:24:00.000,96ecd0af-3c01-43be-9e7b-1d1afdf22d5b,
14128,4,0,24,2025-03-14 13:24:00.000,,,2025-03-14 13:25:00.387,2025-03-14 13:25:00.387,24,1.25,17.66,0.95,UTC+0100,NA9l677+ml,com.sec.android.app.shealth,2025-03-14 13:25:00.000,76746cdf-9d52-4435-bea1-0f02581bbd33,
20498,4,0,34,2025-03-14 13:25:00.000,,,2025-03-14 13:26:14.063,2025-03-14 13:25:01.376,34,1.2205886,25.02,1.36,UTC+0100,NA9l677+ml,com.sec.android.app.shealth,2025-03-14 13:26:00.000,65cd22bb-346d-4e5c-8182-b62a8cfe0380,
15570,4,0,28,2025-03-14 13:26:00.000,,,2025-03-14 13:27:03.887,2025-03-14 13:26:14.152,28,1.3897814,21.64,1.22,UTC+0100,NA9l677+ml,com.sec.android.app.shealth,2025-03-14 13:27:00.000,8c9bace0-f65c-4585-b5e9-07eabe04a785,
8334,4,0,13,2025-03-14 13:36:00.000,,,2025-03-14 13:37:55.018,2025-03-14 13:37:55.018,13,1.1111112,9.26,0.62,UTC+0100,NA9l677+ml,com.sec.android.app.shealth,2025-03-14 13:37:00.000,6418236c-725d-4e70-9262-4b4d3b1496d5,
13760,4,4,19,2025-03-14 13:37:00.000,,,2025-03-14 13:37:55.142,2025-03-14 13:37:55.142,23,1.25,17.2,1.03,UTC+0100,NA9l677+ml,com.sec.android.app.shealth,2025-03-14 13:38:00.000,5c620bc1-45ef-4882-8e11-a2fbc4ac8dee,
7232,4,0,12,2025-03-14 13:38:00.000,,,2025-03-14 13:38:28.653,2025-03-14 13:38:28.653,12,1.2222222,8.84,0.65,UTC+0100,NA9l677+ml,com.sec.android.app.shealth,2025-03-14 13:39:00.000,e348df4b-f7c1-422b-9163-3f01b543c53b,
6681,4,0,12,2025-03-14 13:40:00.000,,,2025-03-14 13:40:24.950,2025-03-14 13:40:24.950,12,1.3888888,9.28,0.49,UTC+0100,NA9l677+ml,com.sec.android.app.shealth,2025-03-14 13:41:00.000,588b2296-6f0c-4cb7-b4b9-db0fe3d20170,
12239,4,0,20,2025-03-14 13:41:00.000,,,2025-03-14 13:44:30.437,2025-03-14 13:44:30.437,20,1.1944444,14.62,0.81,UTC+0100,NA9l677+ml,com.sec.android.app.shealth,2025-03-14 13:42:00.000,f9d61b28-a3f8-4a3e-b1bf-9a61141da5cc,
53754,4,0,85,2025-03-14 13:42:00.000,,,2025-03-14 13:44:30.485,2025-03-14 13:44:30.485,85,1.1388888,61.22,3.45,UTC+0100,NA9l677+ml,com.sec.android.app.shealth,2025-03-14 13:43:00.000,eb0f9e7e-91ee-433f-86a6-37249e0e2712,
28988,4,0,47,2025-03-14 13:43:00.000,,,2025-03-14 13:44:30.527,2025-03-14 13:44:30.527,47,1.1666666,33.82,1.89,UTC+0100,NA9l677+ml,com.sec.android.app.shealth,2025-03-14 13:44:00.000,5186aacb-6519-4706-a5b8-de6bc5098f27,
33679,4,0,46,2025-03-14 13:44:00.000,,,2025-03-14 13:45:23.464,2025-03-14 13:44:30.558,46,0.9504282,32.010002,1.85,UTC+0100,NA9l677+ml,com.sec.android.app.shealth,2025-03-14 13:45:00.000,d3467473-6859-4437-9a1f-c82ca4bb5694,
19255,4,0,28,2025-03-14 13:45:00.000,,,2025-03-14 13:45:23.524,2025-03-14 13:45:23.524,28,1.0277777,19.79,1.45,UTC+0100,NA9l677+ml,com.sec.android.app.shealth,2025-03-14 13:46:00.000,c77b4e83-c7e8-4fcd-a2e8-f7d287a3cfd3,
19009,4,2,28,2025-03-14 13:46:00.000,,,2025-03-14 13:48:28.504,2025-03-14 13:48:28.504,30,1.1388888,21.65,1.34,UTC+0100,NA9l677+ml,com.sec.android.app.shealth,2025-03-14 13:47:00.000,c7993ff3-2b17-4d1e-acc9-83878172f3ed,
22239,4,0,34,2025-03-14 13:47:00.000,,,2025-03-14 13:48:28.552,2025-03-14 13:48:28.552,34,1.111111,24.71,1.38,UTC+0100,NA9l677+ml,com.sec.android.app.shealth,2025-03-14 13:48:00.000,91e416ac-f35f-4886-bfb4-0efadddd3e71,
19764,4,0,31,2025-03-14 13:48:00.000,,,2025-03-14 13:48:28.601,2025-03-14 13:48:28.601,31,1.1388888,22.51,1.24,UTC+0100,NA9l677+ml,com.sec.android.app.shealth,2025-03-14 13:49:00.000,0b962e8e-0812-4964-ba0c-0ef9e60d91ee,
32225,4,0,45,2025-03-14 14:22:00.000,,,2025-03-14 14:23:28.807,2025-03-14 14:22:57.565,45,0.99578875,32.09,1.76,UTC+0100,NA9l677+ml,com.sec.android.app.shealth,2025-03-14 14:23:00.000,9f0322e1-be8a-4923-8687-61eaa04852b3,
6383,4,0,10,2025-03-14 14:23:00.000,,,2025-03-14 14:23:28.934,2025-03-14 14:23:28.934,10,1.1388888,7.27,0.42,UTC+0100,NA9l677+ml,com.sec.android.app.shealth,2025-03-14 14:24:00.000,0efca9be-e42d-4d48-9d25-a00a4077c1a1,
25020,4,0,32,2025-03-14 14:24:00.000,,,2025-03-14 14:24:51.037,2025-03-14 14:24:51.037,32,0.8888889,22.24,1.3,UTC+0100,NA9l677+ml,com.sec.android.app.shealth,2025-03-14 14:25:00.000,d39107b2-5c1a-453a-bd57-aa2e9ccd2332,
20676,4,0,31,2025-03-14 14:25:00.000,,,2025-03-14 14:31:49.054,2025-03-14 14:31:49.054,31,1.0833334,22.4,1.2,UTC+0100,NA9l677+ml,com.sec.android.app.shealth,2025-03-14 14:26:00.000,f713d71a-50da-4ddb-9e83-814aab688979,
7342,4,0,12,2025-03-14 15:00:00.000,,,2025-03-14 15:01:00.820,2025-03-14 15:01:00.820,12,1.1944444,8.77,0.46,UTC+0100,NA9l677+ml,com.sec.android.app.shealth,2025-03-14 15:01:00.000,768da9f9-e584-4b8a-be98-45493e506f2a,
39560,4,6,67,2025-03-14 15:01:00.000,,,2025-03-14 15:03:25.519,2025-03-14 15:01:00.884,73,1.41023,55.79,3.3200002,UTC+0100,NA9l677+ml,com.sec.android.app.shealth,2025-03-14 15:02:00.000,5465304e-baed-4fc9-911f-702104c3257e,
19189,4,0,33,2025-03-14 15:02:00.000,,,2025-03-14 15:03:25.618,2025-03-14 15:03:25.618,33,1.2777778,24.52,1.28,UTC+0100,NA9l677+ml,com.sec.android.app.shealth,2025-03-14 15:03:00.000,3f62eaef-5c93-4e59-a0bb-a55677d5e8d5,
11857,4,0,21,2025-03-14 15:03:00.000,,,2025-03-14 15:03:34.089,2025-03-14 15:03:25.648,21,1.3164709,15.61,0.86,UTC+0100,NA9l677+ml,com.sec.android.app.shealth,2025-03-14 15:04:00.000,579314cc-597b-462d-a312-3064251501fd,
42822,4,0,77,2025-03-14 15:04:00.000,,,2025-03-14 15:06:22.411,2025-03-14 15:04:40.434,77,1.3411134,57.43,3.6,UTC+0100,NA9l677+ml,com.sec.android.app.shealth,2025-03-14 15:05:00.000,e3157b5c-9387-4ed1-8c6f-40831109d2a8,
56986,4,0,96,2025-03-14 15:05:00.000,,,2025-03-14 15:06:22.511,2025-03-14 15:06:22.511,96,1.2222222,69.65,3.85,UTC+0100,NA9l677+ml,com.sec.android.app.shealth,2025-03-14 15:06:00.000,17a5caa1-a48f-4317-8781-87b0a59e439e,
21656,4,0,38,2025-03-14 15:06:00.000,,,2025-03-14 15:06:59.695,2025-03-14 15:06:22.561,38,1.2965899,28.08,1.5,UTC+0100,NA9l677+ml,com.sec.android.app.shealth,2025-03-14 15:07:00.000,a9131f8b-f187-476d-bdc2-06a582b1d4a1,
50137,4,0,85,2025-03-14 15:07:00.000,,,2025-03-14 15:11:05.206,2025-03-14 15:07:00.714,85,1.2531501,62.829998,3.96,UTC+0100,NA9l677+ml,com.sec.android.app.shealth,2025-03-14 15:08:00.000,98d4d58d-6035-48e5-91e9-40ad56eae326,
60000,4,0,98,2025-03-14 15:08:00.000,,,2025-03-14 15:11:05.300,2025-03-14 15:11:05.300,98,1.1751668,70.51,3.92,UTC+0100,NA9l677+ml,com.sec.android.app.shealth,2025-03-14 15:09:00.000,5227894e-7586-418f-80b0-0a38f829a39f,
16767,4,0,26,2025-03-14 15:09:00.000,,,2025-03-14 15:11:05.332,2025-03-14 15:11:05.332,26,1.111111,18.63,1.03,UTC+0100,NA9l677+ml,com.sec.android.app.shealth,2025-03-14 15:10:00.000,eb57dd7e-4c6d-4cf7-926a-2b264f032418,
9860,4,0,14,2025-03-14 15:11:00.000,,,2025-03-14 15:12:44.334,2025-03-14 15:12:44.334,14,1.0,9.86,0.59,UTC+0100,NA9l677+ml,com.sec.android.app.shealth,2025-03-14 15:12:00.000,7c56e246-35bc-44b5-8cce-890291eadbe3,
52513,4,0,85,2025-03-14 15:12:00.000,,,2025-03-14 15:13:53.827,2025-03-14 15:12:44.370,85,1.1865559,62.309998,3.3600001,UTC+0100,NA9l677+ml,com.sec.android.app.shealth,2025-03-14 15:13:00.000,eddc73cd-5f77-4831-9056-8d132c271754,
55402,4,3,87,2025-03-14 15:13:00.000,,,2025-03-14 15:15:00.157,2025-03-14 15:13:53.884,90,1.1873022,65.78001,3.7199998,UTC+0100,NA9l677+ml,com.sec.android.app.shealth,2025-03-14 15:14:00.000,2144f824-8e57-4c84-ad5f-25887f40e1d4,
23174,4,4,39,2025-03-14 15:14:00.000,,,2025-03-14 15:15:00.275,2025-03-14 15:15:00.275,43,1.4166666,32.83,1.77,UTC+0100,NA9l677+ml,com.sec.android.app.shealth,2025-03-14 15:15:00.000,50b665a7-9085-4aa7-a856-5cba88bfab95,
40090,4,0,68,2025-03-14 15:15:00.000,,,2025-03-14 15:17:37.496,2025-03-14 15:15:00.700,68,1.2474344,50.01,2.73,UTC+0100,NA9l677+ml,com.sec.android.app.shealth,2025-03-14 15:16:00.000,ea83855a-7ead-4eed-9886-1fdc141a58e5,
46080,4,0,77,2025-03-14 15:16:00.000,,,2025-03-14 15:17:37.620,2025-03-14 15:17:37.620,77,1.2222222,56.32,3.08,UTC+0100,NA9l677+ml,com.sec.android.app.shealth,2025-03-14 15:17:00.000,e372c8ba-5b20-4de5-82e6-7d33a1e23ac3,
6018,4,0,12,2025-03-14 15:27:00.000,,,2025-03-14 15:28:06.200,2025-03-14 15:28:06.200,12,1.5833334,9.53,0.48,UTC+0100,NA9l677+ml,com.sec.android.app.shealth,2025-03-14 15:28:00.000,44c9387b-62ac-4f0c-a100-3f5941cbb0be,
532,4,0,1,2025-03-14 15:28:00.000,,,2025-03-14 15:28:06.242,2025-03-14 15:28:06.242,1,1.3888888,0.74,0.04,UTC+0100,NA9l677+ml,com.sec.android.app.shealth,2025-03-14 15:29:00.000,06711d34-c2fc-4993-9691-b7d120e38d3b,
13389,4,0,17,2025-03-14 15:29:00.000,,,2025-03-14 15:29:34.035,2025-03-14 15:29:33.705,17,0.8611111,11.530001,0.70000005,UTC+0100,NA9l677+ml,com.sec.android.app.shealth,2025-03-14 15:30:00.000,2059b0c0-9c53-4d45-8809-30ee29d4543d,
13402,4,0,24,2025-03-14 15:30:00.000,,,2025-03-14 15:34:13.588,2025-03-14 15:34:13.588,24,1.3333334,17.87,0.95,UTC+0100,NA9l677+ml,com.sec.android.app.shealth,2025-03-14 15:31:00.000,279921e5-7f22-4323-a9a2-69aebde6933a,
7020,4,0,10,2025-03-14 15:31:00.000,,,2025-03-14 15:34:13.637,2025-03-14 15:34:13.637,10,1.0,7.02,0.4,UTC+0100,NA9l677+ml,com.sec.android.app.shealth,2025-03-14 15:32:00.000,b344ddaa-2c9a-4634-96e7-c673c82e23db,
6417,4,0,10,2025-03-14 15:44:00.000,,,2025-03-14 15:53:01.985,2025-03-14 15:53:01.985,10,1.1111112,7.13,0.41,UTC+0100,NA9l677+ml,com.sec.android.app.shealth,2025-03-14 15:45:00.000,289c6161-1726-4af0-8ac4-7078f45cca85,
38082,4,0,61,2025-03-14 15:45:00.000,,,2025-03-14 15:53:02.062,2025-03-14 15:53:02.062,61,1.1666666,44.43,2.46,UTC+0100,NA9l677+ml,com.sec.android.app.shealth,2025-03-14 15:46:00.000,b8f0ae52-8771-4b48-be01-38e402cfbc64,
22848,4,0,40,2025-03-14 15:46:00.000,,,2025-03-14 15:53:02.122,2025-03-14 15:53:02.122,40,1.3055556,29.83,1.59,UTC+0100,NA9l677+ml,com.sec.android.app.shealth,2025-03-14 15:47:00.000,2d008e10-da8b-4054-be3d-904bc98295e5,
4721,4,0,10,2025-03-14 15:49:00.000,,,2025-03-14 15:53:02.154,2025-03-14 15:53:02.154,10,1.6944444,8.0,0.43,UTC+0100,NA9l677+ml,com.sec.android.app.shealth,2025-03-14 15:50:00.000,999895c7-5395-484c-94a3-ea0618e64e9f,
7647,4,0,12,2025-03-14 15:51:00.000,,,2025-03-14 15:53:02.187,2025-03-14 15:53:02.187,12,1.1388888,8.71,0.51,UTC+0100,NA9l677+ml,com.sec.android.app.shealth,2025-03-14 15:52:00.000,d9a4caad-e0e6-4e55-ad5f-8981bcbd4823,
5092,4,0,10,2025-03-14 15:52:00.000,,,2025-03-14 15:53:02.288,2025-03-14 15:53:02.288,10,1.5277778,7.78,0.31,UTC+0100,NA9l677+ml,com.sec.android.app.shealth,2025-03-14 15:53:00.000,8485f0dc-e4d6-4470-9c53-140ce0a3c95b,
14690,4,0,21,2025-03-14 16:01:00.000,,,2025-03-14 16:05:09.644,2025-03-14 16:05:09.644,21,1.0,14.69,0.85,UTC+0100,NA9l677+ml,com.sec.android.app.shealth,2025-03-14 16:02:00.000,b7a3cf3c-2d21-49f7-93fb-b8c566f094f4,
39865,4,0,64,2025-03-14 16:02:00.000,,,2025-03-14 16:05:09.698,2025-03-14 16:05:09.698,64,1.1666666,46.51,2.59,UTC+0100,NA9l677+ml,com.sec.android.app.shealth,2025-03-14 16:03:00.000,f6a5b96a-118c-463a-834c-a090ab911d6f,
56765,4,0,90,2025-03-14 16:03:00.000,,,2025-03-14 16:05:09.771,2025-03-14 16:05:09.771,90,1.1388888,64.65,3.66,UTC+0100,NA9l677+ml,com.sec.android.app.shealth,2025-03-14 16:04:00.000,d62dfbcd-f76c-48ee-b30e-0cd8e5a27f37,
50979,4,0,81,2025-03-14 16:04:00.000,,,2025-03-14 16:05:09.845,2025-03-14 16:05:09.845,81,1.1388888,58.06,3.22,UTC+0100,NA9l677+ml,com.sec.android.app.shealth,2025-03-14 16:05:00.000,4998c67e-2d3c-4ee4-8954-adb57f0a07d6,
8715,4,0,13,2025-03-14 16:05:00.000,,,2025-03-14 16:05:09.888,2025-03-14 16:05:09.888,13,1.0555556,9.2,0.52,UTC+0100,NA9l677+ml,com.sec.android.app.shealth,2025-03-14 16:06:00.000,52e99f9c-3e21-481c-b0a1-cf0a571662bd,
5308,4,0,11,2025-03-14 16:06:00.000,,,2025-03-14 16:06:18.181,2025-03-14 16:06:18.181,11,1.6388887,8.7,0.45,UTC+0100,NA9l677+ml,com.sec.android.app.shealth,2025-03-14 16:07:00.000,65419230-5234-40ad-b56d-4cd337d9ed3a,
10982,4,0,14,2025-03-14 16:07:00.000,,,2025-03-14 16:08:45.293,2025-03-14 16:07:26.185,14,0.8668269,9.5199995,0.66,UTC+0100,NA9l677+ml,com.sec.android.app.shealth,2025-03-14 16:08:00.000,47bacca3-106b-4bab-a3ce-de1c2c63a254,
7861,4,0,10,2025-03-14 16:08:00.000,,,2025-03-14 16:08:45.342,2025-03-14 16:08:45.342,10,0.8611111,6.77,0.41,UTC+0100,NA9l677+ml,com.sec.android.app.shealth,2025-03-14 16:09:00.000,bea77353-1bd8-4f6d-9e15-6f78dabfcff2,
14423,4,0,18,2025-03-14 16:09:00.000,,,2025-03-14 16:11:14.020,2025-03-14 16:11:14.020,18,0.8611111,12.42,0.77,UTC+0100,NA9l677+ml,com.sec.android.app.shealth,2025-03-14 16:10:00.000,512ac4b4-153e-43e1-8804-9397b1fbfd4c,
37060,4,0,53,2025-03-14 16:10:00.000,,,2025-03-14 16:11:14.057,2025-03-14 16:11:14.057,53,0.99999994,37.06,2.12,UTC+0100,NA9l677+ml,com.sec.android.app.shealth,2025-03-14 16:11:00.000,f13d96dd-bc84-4f6a-bebe-2f6f36cdaeba,
34847,4,0,56,2025-03-14 16:11:00.000,,,2025-03-14 16:13:37.656,2025-03-14 16:11:14.082,56,1.1610533,40.46,2.23,UTC+0100,NA9l677+ml,com.sec.android.app.shealth,2025-03-14 16:12:00.000,0066bc3b-0030-47d0-a126-81253d357cd6,
27214,4,0,44,2025-03-14 16:12:00.000,,,2025-03-14 16:13:37.732,2025-03-14 16:13:37.732,44,1.1666666,31.75,1.76,UTC+0100,NA9l677+ml,com.sec.android.app.shealth,2025-03-14 16:13:00.000,e81e1027-a893-4b3e-bfb6-5215745b504c,
30431,4,0,50,2025-03-14 16:13:00.000,,,2025-03-14 16:14:48.051,2025-03-14 16:13:37.785,50,1.190543,36.23,2.05,UTC+0100,NA9l677+ml,com.sec.android.app.shealth,2025-03-14 16:14:00.000,f870ccdc-a85e-4163-bf14-77fd620c7000,
43571,4,0,56,2025-03-14 16:15:00.000,,,2025-03-14 16:17:14.226,2025-03-14 16:17:14.226,56,0.8888889,38.73,2.49,UTC+0100,NA9l677+ml,com.sec.android.app.shealth,2025-03-14 16:16:00.000,401e7227-22db-4f72-8f13-6336bd45f845,
39816,4,5,62,2025-03-14 16:16:00.000,,,2025-03-14 16:17:14.335,2025-03-14 16:17:14.335,67,1.25,49.77,2.83,UTC+0100,NA9l677+ml,com.sec.android.app.shealth,2025-03-14 16:17:00.000,025766bb-ea17-46f5-bda5-95fe7f4c8fd1,
40970,4,0,64,2025-03-14 16:17:00.000,,,2025-03-14 16:18:14.862,2025-03-14 16:17:14.419,64,1.1261724,46.139996,2.6,UTC+0100,NA9l677+ml,com.sec.android.app.shealth,2025-03-14 16:18:00.000,e9076dcb-9a10-4f89-95d3-7f40cc0b0fa4,
5444,4,0,10,2025-03-14 16:18:00.000,,,2025-03-14 16:18:56.909,2025-03-14 16:18:56.909,10,1.3611112,7.41,0.43,UTC+0100,NA9l677+ml,com.sec.android.app.shealth,2025-03-14 16:19:00.000,4833b04f-8d76-4cd4-9824-f4c6ee9e3c38,
24346,4,0,35,2025-03-14 16:19:00.000,,,2025-03-14 16:25:17.093,2025-03-14 16:19:05.014,35,1.0137037,24.68,1.4300001,UTC+0100,NA9l677+ml,com.sec.android.app.shealth,2025-03-14 16:20:00.000,51b8fabd-4cd1-4ef8-b38e-8d59d1ad400d,
20601,4,0,32,2025-03-14 16:20:00.000,,,2025-03-14 16:25:17.196,2025-03-14 16:25:17.196,32,1.1111112,22.89,1.22,UTC+0100,NA9l677+ml,com.sec.android.app.shealth,2025-03-14 16:21:00.000,532afc1d-f865-408e-a3ee-5a3df5280dc0,
29957,4,0,48,2025-03-14 16:23:00.000,,,2025-03-14 16:25:17.265,2025-03-14 16:25:17.265,48,1.1666666,34.95,1.93,UTC+0100,NA9l677+ml,com.sec.android.app.shealth,2025-03-14 16:24:00.000,019ecfcb-3a3a-43a8-b2c3-c86fc8d56544,
53086,4,0,84,2025-03-14 16:24:00.000,,,2025-03-14 16:25:17.305,2025-03-14 16:25:17.305,84,1.1388888,60.46,3.44,UTC+0100,NA9l677+ml,com.sec.android.app.shealth,2025-03-14 16:25:00.000,31a424d6-ca9d-4a4b-9f21-5eb9904b110c,
20620,4,0,33,2025-03-14 16:25:00.000,,,2025-03-14 16:28:14.276,2025-03-14 16:25:17.348,33,1.157595,23.869999,1.29,UTC+0100,NA9l677+ml,com.sec.android.app.shealth,2025-03-14 16:26:00.000,e30dbaaa-03b0-4971-a129-d31070a27af6,
21952,4,0,38,2025-03-14 16:26:00.000,,,2025-03-14 16:28:14.338,2025-03-14 16:28:14.338,38,1.2777778,28.05,1.51,UTC+0100,NA9l677+ml,com.sec.android.app.shealth,2025-03-14 16:27:00.000,d28535d8-e22e-4641-a21b-36eba3de3395,
18747,4,0,29,2025-03-14 16:27:00.000,,,2025-03-14 16:28:14.365,2025-03-14 16:28:14.365,29,1.1111112,20.83,1.14,UTC+0100,NA9l677+ml,com.sec.android.app.shealth,2025-03-14 16:28:00.000,70aab0ca-08fd-44d3-b003-3816750fbd51,
2478,4,0,4,2025-03-14 16:28:00.000,,,2025-03-14 16:28:14.393,2025-03-14 16:28:14.393,4,1.1944444,2.96,0.16,UTC+0100,NA9l677+ml,com.sec.android.app.shealth,2025-03-14 16:29:00.000,8e0fae06-54a9-4ac7-94e5-eed930173ec0,
11598,4,0,20,2025-03-14 16:29:00.000,,,2025-03-14 16:29:33.871,2025-03-14 16:29:33.871,20,1.2777778,14.82,0.77,UTC+0100,NA9l677+ml,com.sec.android.app.shealth,2025-03-14 16:30:00.000,a6c71dae-b3a4-42b6-b635-2da476e55205,
20512,4,0,36,2025-03-14 16:30:00.000,,,2025-03-14 16:31:13.144,2025-03-14 16:31:13.144,36,1.3055556,26.78,1.41,UTC+0100,NA9l677+ml,com.sec.android.app.shealth,2025-03-14 16:31:00.000,3db181d0-43bc-427b-aaaf-35ff22b685d4,
14205,4,0,22,2025-03-14 16:32:00.000,,,2025-03-14 16:32:28.792,2025-03-14 16:32:06.271,22,1.1234998,15.959999,0.87,UTC+0100,NA9l677+ml,com.sec.android.app.shealth,2025-03-14 16:33:00.000,5d9e53ea-ec50-4ff8-91c0-e5b3916a4e08,
25561,4,0,40,2025-03-14 16:34:00.000,,,2025-03-14 16:35:00.143,2025-03-14 16:34:42.854,40,1.1431268,29.22,1.5699999,UTC+0100,NA9l677+ml,com.sec.android.app.shealth,2025-03-14 16:35:00.000,a8c626e0-6c53-403c-bf59-f8a98e8090f3,
36725,4,0,55,2025-03-14 16:35:00.000,,,2025-03-14 16:37:11.376,2025-03-14 16:35:06.533,55,1.0624759,39.019997,2.1599998,UTC+0100,NA9l677+ml,com.sec.android.app.shealth,2025-03-14 16:36:00.000,5259a81d-f51c-44a0-a5cd-230f6f1a5cbc,
17266,4,0,34,2025-03-14 16:36:00.000,,,2025-03-14 16:37:11.446,2025-03-14 16:37:11.446,34,1.5,25.9,1.31,UTC+0100,NA9l677+ml,com.sec.android.app.shealth,2025-03-14 16:37:00.000,51117b6c-5f0f-4f8c-8a46-9399866987e8,
17901,4,0,23,2025-03-14 16:37:00.000,,,2025-03-14 16:55:00.144,2025-03-14 16:37:28.506,23,0.87422085,15.65,0.96999997,UTC+0100,NA9l677+ml,com.sec.android.app.shealth,2025-03-14 16:38:00.000,b3cb3afd-410f-47cd-86e7-e186d0d219ec,
31370,4,0,44,2025-03-14 16:38:00.000,,,2025-03-14 16:55:00.246,2025-03-14 16:55:00.246,44,1.0,31.37,1.76,UTC+0100,NA9l677+ml,com.sec.android.app.shealth,2025-03-14 16:39:00.000,57e9baac-215e-49e5-b95c-8874a3f26740,
10597,4,0,17,2025-03-14 16:55:00.000,,,2025-03-14 16:55:31.609,2025-03-14 16:55:30.403,17,1.1616353,12.31,0.68000007,UTC+0100,NA9l677+ml,com.sec.android.app.shealth,2025-03-14 16:56:00.000,3f05d8f5-0930-4001-9bd6-8f2c2e2e0a1b,
23085,4,0,36,2025-03-14 16:56:00.000,,,2025-03-14 16:57:27.614,2025-03-14 16:56:20.917,36,1.123206,25.93,1.4,UTC+0100,NA9l677+ml,com.sec.android.app.shealth,2025-03-14 16:57:00.000,6501cd2a-8ce3-47e4-97d2-7e51428000f3,
24399,4,0,38,2025-03-14 17:01:00.000,,,2025-03-14 17:06:27.302,2025-03-14 17:06:27.302,38,1.1111112,27.11,1.53,UTC+0100,NA9l677+ml,com.sec.android.app.shealth,2025-03-14 17:02:00.000,f42335fa-9475-4bdc-9a12-7fc972b0024c,
16459,4,0,27,2025-03-14 17:02:00.000,,,2025-03-14 17:06:27.362,2025-03-14 17:06:27.362,27,1.1944444,19.66,1.08,UTC+0100,NA9l677+ml,com.sec.android.app.shealth,2025-03-14 17:03:00.000,5cf04720-f35c-4436-a3cb-a96fff5d0773,
14269,4,0,30,2025-03-14 17:03:00.000,,,2025-03-14 17:06:27.413,2025-03-14 17:06:27.413,30,1.6111112,22.99,1.1,UTC+0100,NA9l677+ml,com.sec.android.app.shealth,2025-03-14 17:04:00.000,e3613109-b9b7-4964-b53f-5e2899f74319,
11043,4,0,15,2025-03-14 17:04:00.000,,,2025-03-14 17:06:27.459,2025-03-14 17:06:27.459,15,0.9444444,10.43,0.59,UTC+0100,NA9l677+ml,com.sec.android.app.shealth,2025-03-14 17:05:00.000,83de0962-aa94-4e36-a173-2feff8f2317b,
8977,4,0,16,2025-03-14 17:05:00.000,,,2025-03-14 17:06:27.499,2025-03-14 17:06:27.499,16,1.3333334,11.97,0.57,UTC+0100,NA9l677+ml,com.sec.android.app.shealth,2025-03-14 17:06:00.000,21b28ae2-1b4a-45a6-b9b4-21b43487fdf5,
5775,4,0,10,2025-03-14 17:06:00.000,,,2025-03-14 17:07:55.746,2025-03-14 17:07:55.746,10,1.2777778,7.38,0.39,UTC+0100,NA9l677+ml,com.sec.android.app.shealth,2025-03-14 17:07:00.000,0b899a46-5045-4c3b-b7f2-556e0900fde5,
51376,4,0,87,2025-03-14 17:07:00.000,,,2025-03-14 17:07:55.824,2025-03-14 17:07:55.824,87,1.25,64.22,3.45,UTC+0100,NA9l677+ml,com.sec.android.app.shealth,2025-03-14 17:08:00.000,aa03fdf7-f294-4050-9c5c-2146bc78b15f,
11271,4,0,18,2025-03-14 17:08:00.000,,,2025-03-14 17:09:15.490,2025-03-14 17:09:15.490,18,1.1666666,13.15,0.7,UTC+0100,NA9l677+ml,com.sec.android.app.shealth,2025-03-14 17:09:00.000,c6b52108-a478-430e-ab9f-509ff56b2741,
23963,4,0,39,2025-03-14 17:09:00.000,,,2025-03-14 17:15:00.165,2025-03-14 17:09:15.585,39,1.1830634,28.349998,2.0000002,UTC+0100,NA9l677+ml,com.sec.android.app.shealth,2025-03-14 17:10:00.000,df034ac5-395e-49be-9ec0-aa59be6852d2,
12173,4,0,20,2025-03-14 17:11:00.000,,,2025-03-14 17:15:00.288,2025-03-14 17:15:00.288,20,1.1944444,14.54,0.8,UTC+0100,NA9l677+ml,com.sec.android.app.shealth,2025-03-14 17:12:00.000,14908bec-ebd6-407e-bc08-c58759fa109a,
19090,4,0,27,2025-03-14 17:12:00.000,,,2025-03-14 17:15:00.319,2025-03-14 17:15:00.319,27,1.0000001,19.09,1.08,UTC+0100,NA9l677+ml,com.sec.android.app.shealth,2025-03-14 17:13:00.000,da0be836-d2b9-4092-a801-5b877316a2d3,
9170,4,0,13,2025-03-14 17:14:00.000,,,2025-03-14 17:15:00.361,2025-03-14 17:15:00.361,13,1.0000001,9.17,0.54,UTC+0100,NA9l677+ml,com.sec.android.app.shealth,2025-03-14 17:15:00.000,e85457e3-38fe-4c30-9c51-e0e411565952,
27744,4,0,46,2025-03-14 17:15:00.000,,,2025-03-14 17:18:03.050,2025-03-14 17:18:03.050,46,1.2222222,33.91,1.84,UTC+0100,NA9l677+ml,com.sec.android.app.shealth,2025-03-14 17:16:00.000,df23235e-32f1-41be-a71b-8f711e95530a,
43520,4,0,62,2025-03-14 17:16:00.000,,,2025-03-14 17:18:03.131,2025-03-14 17:18:03.131,62,1.0000001,43.52,2.5,UTC+0100,NA9l677+ml,com.sec.android.app.shealth,2025-03-14 17:17:00.000,af69d49d-4889-40ae-81eb-df0f681f3baf,
33228,4,0,54,2025-03-14 17:17:00.000,,,2025-03-14 17:18:03.234,2025-03-14 17:18:03.234,54,1.1944444,39.69,2.17,UTC+0100,NA9l677+ml,com.sec.android.app.shealth,2025-03-14 17:18:00.000,3aa1b1e3-4876-473f-bfc4-f75f8ba32a76,
16501,4,0,24,2025-03-14 17:18:00.000,,,2025-03-14 17:23:35.271,2025-03-14 17:23:35.271,24,1.0277777,16.96,1.04,UTC+0100,NA9l677+ml,com.sec.android.app.shealth,2025-03-14 17:19:00.000,7b893f88-e599-4c46-b2cb-b92b7e4e6f1d,
10086,4,0,19,2025-03-14 17:19:00.000,,,2025-03-14 17:23:35.466,2025-03-14 17:23:35.466,19,1.4444444,14.57,0.67,UTC+0100,NA9l677+ml,com.sec.android.app.shealth,2025-03-14 17:20:00.000,dffa9f25-ae45-432f-8869-b7ef2178733c,
7861,4,0,10,2025-03-14 17:24:00.000,,,2025-03-14 17:24:35.675,2025-03-14 17:24:35.675,10,0.8611111,6.77,0.45,UTC+0100,NA9l677+ml,com.sec.android.app.shealth,2025-03-14 17:25:00.000,54ff7549-0b50-4c9e-b623-1bf1d2f1ab5f,
8856,4,0,15,2025-03-14 17:54:00.000,,,2025-03-14 17:55:00.039,2025-03-14 17:55:00.039,15,1.25,11.07,0.55,UTC+0100,NA9l677+ml,com.sec.android.app.shealth,2025-03-14 17:55:00.000,76d55c52-cb3c-4f27-9003-c88d49e761d9,
13680,4,0,24,2025-03-14 17:55:00.000,,,2025-03-14 18:00:54.044,2025-03-14 18:00:54.044,24,1.3611112,18.62,0.93,UTC+0100,NA9l677+ml,com.sec.android.app.shealth,2025-03-14 17:56:00.000,3764123d-7402-4bc6-ae9a-54fdb495af44,
35040,4,0,55,2025-03-14 18:23:00.000,,,2025-03-14 18:25:09.521,2025-03-14 18:25:09.521,55,1.1666666,40.88,2.09,UTC+0100,NA9l677+ml,com.sec.android.app.shealth,2025-03-14 18:24:00.000,c6a10adc-946e-49ab-9c78-b5bde8725309,
17224,4,0,29,2025-03-14 18:24:00.000,,,2025-03-14 18:25:09.606,2025-03-14 18:25:09.606,29,1.25,21.53,1.15,UTC+0100,NA9l677+ml,com.sec.android.app.shealth,2025-03-14 18:25:00.000,7c998085-9250-4e7c-8a57-3d9de77d01fe,
8588,4,0,12,2025-03-14 18:27:00.000,,,2025-03-14 18:31:08.461,2025-03-14 18:31:08.461,12,0.97222215,8.35,0.47,UTC+0100,NA9l677+ml,com.sec.android.app.shealth,2025-03-14 18:28:00.000,351cf1ff-5fc2-448b-98d7-cc581e318368,
26785,4,0,43,2025-03-14 18:37:00.000,,,2025-03-14 18:55:00.048,2025-03-14 18:55:00.048,43,1.1666666,31.25,1.63,UTC+0100,NA9l677+ml,com.sec.android.app.shealth,2025-03-14 18:38:00.000,e80f0c57-efd6-4a85-a990-7ca9842a85ac,
5130,4,0,9,2025-03-14 18:38:00.000,,,2025-03-14 18:55:00.146,2025-03-14 18:55:00.146,9,1.3333334,6.84,0.33,UTC+0100,NA9l677+ml,com.sec.android.app.shealth,2025-03-14 18:39:00.000,9580051c-a9d5-456f-9b28-81f981781810,
6372,4,0,10,2025-03-14 19:33:00.000,,,2025-03-14 19:33:18.019,2025-03-14 19:33:18.019,10,1.1111112,7.08,0.44,UTC+0100,NA9l677+ml,com.sec.android.app.shealth,2025-03-14 19:34:00.000,735ff696-e1a5-4a16-90a0-0473dae04a9a,
8172,4,0,12,2025-03-14 19:47:00.000,,,2025-03-14 19:48:20.719,2025-03-14 19:48:20.719,12,1.0277778,8.4,0.5,UTC+0100,NA9l677+ml,com.sec.android.app.shealth,2025-03-14 19:48:00.000,d2e102f7-9490-4eac-bbb2-0344174d7671,
40144,4,0,68,2025-03-14 19:48:00.000,,,2025-03-14 19:49:28.564,2025-03-14 19:48:20.844,68,1.2527246,50.29,2.7399998,UTC+0100,NA9l677+ml,com.sec.android.app.shealth,2025-03-14 19:49:00.000,1d6cb75a-f4e4-4a82-b9ca-48f021f43232,
37760,4,0,67,2025-03-14 19:49:00.000,,,2025-03-14 19:49:55.924,2025-03-14 19:49:28.639,67,1.3416145,50.66,3.15,UTC+0100,NA9l677+ml,com.sec.android.app.shealth,2025-03-14 19:50:00.000,1240b612-beb8-47bc-b5b5-22f61a9cbb3e,
3528,4,0,10,2025-03-14 22:11:00.000,,,2025-03-14 22:13:37.936,2025-03-14 22:13:37.936,10,2.3611112,8.33,0.34,UTC+0100,NA9l677+ml,com.sec.android.app.shealth,2025-03-14 22:12:00.000,d12165fd-ff3e-4f1a-8973-7dd18fe000c8,
10152,4,0,17,2025-03-14 22:14:00.000,,,2025-03-14 22:14:59.917,2025-03-14 22:14:59.917,17,1.25,12.69,0.65,UTC+0100,NA9l677+ml,com.sec.android.app.shealth,2025-03-14 22:15:00.000,6b939fcf-84b7-4f8d-9e70-e110d01a6a48,
7150,4,0,18,2025-03-14 22:15:00.000,,,2025-03-14 22:15:07.639,2025-03-14 22:15:07.107,18,2.0570846,14.709999,0.77000004,UTC+0100,NA9l677+ml,com.sec.android.app.shealth,2025-03-14 22:16:00.000,948afded-c7d8-4257-928a-c695f5fc4a4a,
15509,4,0,28,2025-03-14 22:16:00.000,,,2025-03-14 22:17:10.144,2025-03-14 22:16:36.328,28,1.3611112,21.11,1.13,UTC+0100,NA9l677+ml,com.sec.android.app.shealth,2025-03-14 22:17:00.000,a2784007-eb9c-4f91-94a9-9106daac49a0,
18532,4,0,34,2025-03-14 22:17:00.000,,,2025-03-14 22:17:29.060,2025-03-14 22:17:10.223,34,1.3931954,25.82,1.3299999,UTC+0100,NA9l677+ml,com.sec.android.app.shealth,2025-03-14 22:18:00.000,3dcb4341-8d78-4374-a6f4-0eaf82cfba4c,
6980,4,0,11,2025-03-15 00:09:00.000,,,2025-03-15 00:13:47.898,2025-03-15 00:13:47.898,11,1.1388888,7.95,0.42,UTC+0100,NA9l677+ml,com.sec.android.app.shealth,2025-03-15 00:10:00.000,ec3ee69d-1ee9-49eb-88fc-8ffcc71ed8fa,
9236,4,0,12,2025-03-15 00:10:00.000,,,2025-03-15 00:13:48.027,2025-03-15 00:13:48.027,12,0.8888889,8.21,0.49,UTC+0100,NA9l677+ml,com.sec.android.app.shealth,2025-03-15 00:11:00.000,a5770bfd-c351-472f-b706-9fd3e79f8e12,
13436,4,0,17,2025-03-15 00:11:00.000,,,2025-03-15 00:13:48.298,2025-03-15 00:13:48.298,17,0.8611111,11.57,0.69,UTC+0100,NA9l677+ml,com.sec.android.app.shealth,2025-03-15 00:12:00.000,3dbde702-7acb-43ca-8079-e5ac0a573afd,
14175,4,0,22,2025-03-15 00:12:00.000,,,2025-03-15 00:13:48.599,2025-03-15 00:13:48.599,22,1.1111112,15.75,0.87,UTC+0100,NA9l677+ml,com.sec.android.app.shealth,2025-03-15 00:13:00.000,e04a0153-d40b-4c4e-af9d-0e302d31b4ac,
16496,4,0,36,2025-03-15 00:13:00.000,,,2025-03-15 00:13:48.780,2025-03-15 00:13:48.780,36,1.7222222,28.41,1.37,UTC+0100,NA9l677+ml,com.sec.android.app.shealth,2025-03-15 00:14:00.000,a5f00b64-e224-460f-86ab-ff552ce9b294,
21452,4,0,35,2025-03-15 00:14:00.000,,,2025-03-15 00:14:59.756,2025-03-15 00:14:24.163,35,1.2021782,25.79,1.39,UTC+0100,NA9l677+ml,com.sec.android.app.shealth,2025-03-15 00:15:00.000,4935c6f7-e128-455a-91ce-81e8b7e48eb3,
6700,4,0,9,2025-03-15 00:15:00.000,,,2025-03-15 00:15:15.167,2025-03-15 00:15:13.899,9,0.91032416,6.0999994,0.39999998,UTC+0100,NA9l677+ml,com.sec.android.app.shealth,2025-03-15 00:16:00.000,01888d70-d24d-4ec8-adaf-20941b460361,
28910,4,0,50,2025-03-21 11:59:00.000,,,2025-03-21 11:59:59.464,2025-03-21 11:59:58.091,50,1.2988379,37.55,2.32,UTC+0100,NA9l677+ml,com.sec.android.app.shealth,2025-03-21 12:00:00.000,bc7c6845-aa63-4e5f-9c06-fc269f54ce5d,
3313,4,0,5,2025-03-21 12:00:00.000,,,2025-03-21 12:00:05.857,2025-03-21 12:00:05.857,5,1.0833334,3.59,0.2,UTC+0100,NA9l677+ml,com.sec.android.app.shealth,2025-03-21 12:01:00.000,5c16d4c8-f4a5-4fd8-b8fa-b3974bb7fade,
28925,4,0,47,2025-03-21 12:01:00.000,,,2025-03-21 12:02:56.861,2025-03-21 12:02:56.861,47,1.1944444,34.55,2.05,UTC+0100,NA9l677+ml,com.sec.android.app.shealth,2025-03-21 12:02:00.000,9df280a8-3a13-4035-b827-1d37112437fc,
29487,4,0,49,2025-03-21 12:03:00.000,,,2025-03-21 12:04:38.207,2025-03-21 12:04:38.207,49,1.2222222,36.04,2.17,UTC+0100,NA9l677+ml,com.sec.android.app.shealth,2025-03-21 12:04:00.000,48dbb788-e12a-493b-a0c3-d7adf1f32c51,
20872,4,0,39,2025-03-21 12:04:00.000,,,2025-03-21 12:09:47.867,2025-03-21 12:04:38.270,39,1.4305892,29.86,1.77,UTC+0100,NA9l677+ml,com.sec.android.app.shealth,2025-03-21 12:05:00.000,7d8427ee-63db-4475-96ee-de7c729404cd,
23992,4,0,33,2025-03-21 12:06:00.000,,,2025-03-21 12:09:47.964,2025-03-21 12:09:47.964,33,0.94444454,22.66,1.65,UTC+0100,NA9l677+ml,com.sec.android.app.shealth,2025-03-21 12:07:00.000,d089146f-384f-4556-9d0c-61897d179f80,
9120,4,0,12,2025-03-21 12:08:00.000,,,2025-03-21 12:09:47.997,2025-03-21 12:09:47.997,12,0.9166667,8.36,0.55,UTC+0100,NA9l677+ml,com.sec.android.app.shealth,2025-03-21 12:09:00.000,ff1885cd-9aeb-4ab0-9a80-17e3a31fab47,
16629,4,0,31,2025-03-21 12:10:00.000,,,2025-03-21 12:10:26.569,2025-03-21 12:10:19.692,31,1.4251738,23.700003,1.3299999,UTC+0100,NA9l677+ml,com.sec.android.app.shealth,2025-03-21 12:11:00.000,6a7932ff-1ab4-4756-b1d9-33ed7cb80551,
7728,4,0,14,2025-03-21 12:11:00.000,,,2025-03-21 12:12:06.289,2025-03-21 12:12:06.289,14,1.3611112,10.52,0.64,UTC+0100,NA9l677+ml,com.sec.android.app.shealth,2025-03-21 12:12:00.000,8ba06368-f5e8-456f-83ca-08e65fb8f97d,
1675,4,0,3,2025-03-21 12:12:00.000,,,2025-03-21 12:12:06.384,2025-03-21 12:12:06.384,3,1.3611112,2.28,0.12,UTC+0100,NA9l677+ml,com.sec.android.app.shealth,2025-03-21 12:13:00.000,2cdac5f2-e75f-4e0e-be7f-82c453cf3415,
6573,4,0,12,2025-03-21 12:37:00.000,,,2025-03-21 12:39:53.917,2025-03-21 12:39:53.917,12,1.3888888,9.13,0.51,UTC+0100,NA9l677+ml,com.sec.android.app.shealth,2025-03-21 12:38:00.000,5825131f-8140-4d15-95fa-a6bff57b1bb2,
39533,4,0,72,2025-03-21 12:38:00.000,,,2025-03-21 12:39:54.009,2025-03-21 12:39:54.009,72,1.3611112,53.81,3.04,UTC+0100,NA9l677+ml,com.sec.android.app.shealth,2025-03-21 12:39:00.000,11b91a6a-c580-4e29-9b83-7850e385ad3c,
22416,4,0,37,2025-03-21 12:39:00.000,,,2025-03-21 12:41:46.704,2025-03-21 12:39:54.050,37,1.1924269,26.73,1.7999998,UTC+0100,NA9l677+ml,com.sec.android.app.shealth,2025-03-21 12:40:00.000,0a5e8d9f-3330-490b-b364-d7ce85b8e679,
7960,4,0,14,2025-03-21 12:40:00.000,,,2025-03-21 12:41:46.800,2025-03-21 12:41:46.800,14,1.2222222,9.73,0.65,UTC+0100,NA9l677+ml,com.sec.android.app.shealth,2025-03-21 12:41:00.000,5f42c770-1756-4493-819f-a8a1d078fd01,
4221,4,0,7,2025-03-21 12:41:00.000,,,2025-03-21 12:41:56.397,2025-03-21 12:41:56.397,7,1.2222222,5.16,0.29,UTC+0100,NA9l677+ml,com.sec.android.app.shealth,2025-03-21 12:42:00.000,a72676f9-c91a-41fb-84e3-cd9cc86d6c5d,
34236,4,0,63,2025-03-21 12:51:00.000,,,2025-03-21 12:52:49.182,2025-03-21 12:52:49.182,63,1.3888888,47.55,2.62,UTC+0100,NA9l677+ml,com.sec.android.app.shealth,2025-03-21 12:52:00.000,8579d8b8-c274-45d7-842d-faf4668d3199,
39849,4,0,70,2025-03-21 12:52:00.000,,,2025-03-21 12:52:50.049,2025-03-21 12:52:49.340,70,1.3021475,51.89,5.06,UTC+0100,NA9l677+ml,com.sec.android.app.shealth,2025-03-21 12:53:00.000,9d1ea1f7-f4f8-43a5-88cd-cd089557bbf8,
6645,4,4,10,2025-03-21 12:59:00.000,,,2025-03-21 13:01:07.943,2025-03-21 13:01:07.943,14,1.6944444,11.26,1.02,UTC+0100,NA9l677+ml,com.sec.android.app.shealth,2025-03-21 13:00:00.000,d185f01d-b40e-40eb-83ab-6322086c374d,
4731,4,4,10,2025-03-21 13:01:00.000,,,2025-03-21 13:01:11.135,2025-03-21 13:01:08.076,14,2.5909936,12.26,0.9900001,UTC+0100,NA9l677+ml,com.sec.android.app.shealth,2025-03-21 13:02:00.000,0093dd80-4262-4624-be06-389985560c6c,
5108,4,4,10,2025-03-21 13:02:00.000,,,2025-03-21 13:06:40.756,2025-03-21 13:06:40.756,14,2.3333333,11.92,1.06,UTC+0100,NA9l677+ml,com.sec.android.app.shealth,2025-03-21 13:03:00.000,cfe2a047-d079-4fac-b538-b6f3def1a228,
13798,4,2,31,2025-03-21 13:03:00.000,,,2025-03-21 13:06:40.838,2025-03-21 13:06:40.838,33,1.9444444,26.83,1.98,UTC+0100,NA9l677+ml,com.sec.android.app.shealth,2025-03-21 13:04:00.000,8fa6d99f-95b7-4d3b-aade-dd4c06bbf0d8,
8823,4,0,17,2025-03-21 13:11:00.000,,,2025-03-21 13:12:03.002,2025-03-21 13:12:03.002,17,1.4722222,12.99,0.72,UTC+0100,NA9l677+ml,com.sec.android.app.shealth,2025-03-21 13:12:00.000,d5cae635-b0a9-4263-a9bd-5bab9c7efe9f,
10560,4,5,22,2025-03-21 13:13:00.000,,,2025-03-21 13:14:59.328,2025-03-21 13:14:59.328,27,2.0,21.12,1.43,UTC+0100,NA9l677+ml,com.sec.android.app.shealth,2025-03-21 13:14:00.000,2c974df4-f5f9-485d-b62d-d298f34d1671,
4577,4,1,10,2025-03-21 13:14:00.000,,,2025-03-21 13:14:59.435,2025-03-21 13:14:59.435,11,2.0555553,9.41,0.68,UTC+0100,NA9l677+ml,com.sec.android.app.shealth,2025-03-21 13:15:00.000,fb3c02e5-d749-4234-948c-854972fb3057,
11005,4,0,20,2025-03-21 13:24:00.000,,,2025-03-21 13:25:49.508,2025-03-21 13:25:49.508,20,1.3611112,14.98,0.85,UTC+0100,NA9l677+ml,com.sec.android.app.shealth,2025-03-21 13:25:00.000,6e87ec04-c009-4161-aabf-2761e0312df8,
7669,4,10,10,2025-03-21 13:30:00.000,,,2025-03-21 13:31:33.887,2025-03-21 13:31:33.887,20,2.1944444,16.83,1.55,UTC+0100,NA9l677+ml,com.sec.android.app.shealth,2025-03-21 13:31:00.000,8664e210-1ea9-47ee-878f-2db5ae47fc84,
12260,4,0,30,2025-03-21 13:31:00.000,,,2025-03-21 13:32:15.805,2025-03-21 13:31:34.114,30,1.9860781,24.349998,1.27,UTC+0100,NA9l677+ml,com.sec.android.app.shealth,2025-03-21 13:32:00.000,ad1e29f3-f6c6-4041-86b8-97cd68ddb8b6,
14638,4,0,33,2025-03-21 13:32:00.000,,,2025-03-21 13:32:18.214,2025-03-21 13:32:15.947,33,1.7871202,26.16,1.53,UTC+0100,NA9l677+ml,com.sec.android.app.shealth,2025-03-21 13:33:00.000,65cbb901-0ebd-4f90-abb6-30a7b98ca896,
13208,4,8,25,2025-03-21 13:36:00.000,,,2025-03-21 13:38:57.172,2025-03-21 13:38:57.172,33,2.0555556,27.15,2.02,UTC+0100,NA9l677+ml,com.sec.android.app.shealth,2025-03-21 13:37:00.000,ef3dd63b-a0b6-4c7a-94f7-a8e2c3239909,
30501,4,0,60,2025-03-21 13:41:00.000,,,2025-03-21 13:48:03.372,2025-03-21 13:48:03.372,60,1.5277778,46.6,2.42,UTC+0100,NA9l677+ml,com.sec.android.app.shealth,2025-03-21 13:42:00.000,17435d10-91a2-436d-b117-306baeecbe2f,
31644,4,0,59,2025-03-21 13:42:00.000,,,2025-03-21 13:48:03.442,2025-03-21 13:48:03.442,59,1.4166666,44.83,2.56,UTC+0100,NA9l677+ml,com.sec.android.app.shealth,2025-03-21 13:43:00.000,51bbff84-4a7c-4e81-992a-9371fd34e50c,
19633,4,0,37,2025-03-21 13:47:00.000,,,2025-03-21 13:48:03.498,2025-03-21 13:48:03.498,37,1.4444444,28.36,1.51,UTC+0100,NA9l677+ml,com.sec.android.app.shealth,2025-03-21 13:48:00.000,eba03dba-f7fa-4a20-a8e6-df0d9ce00464,
46570,4,0,87,2025-03-21 13:48:00.000,,,2025-03-21 13:51:51.979,2025-03-21 13:48:03.545,87,1.4227889,66.26,4.63,UTC+0100,NA9l677+ml,com.sec.android.app.shealth,2025-03-21 13:49:00.000,a806a7be-c039-496c-a00a-8b22c1da62e1,
5437,4,0,11,2025-03-21 13:49:00.000,,,2025-03-21 13:51:52.110,2025-03-21 13:51:52.110,11,1.5833334,8.61,0.46,UTC+0100,NA9l677+ml,com.sec.android.app.shealth,2025-03-21 13:50:00.000,bdcb7c8a-e9b0-4cb8-a8b0-4c361b2f572b,
5546,4,0,10,2025-03-21 13:53:00.000,,,2025-03-21 13:54:59.324,2025-03-21 13:54:59.324,10,1.3611112,7.55,0.72,UTC+0100,NA9l677+ml,com.sec.android.app.shealth,2025-03-21 13:54:00.000,998b5f16-9915-42a8-afae-80f664b64d30,
7661,4,0,10,2025-03-21 13:54:00.000,,,2025-03-21 13:54:59.431,2025-03-21 13:54:59.431,10,0.8888889,6.81,0.47,UTC+0100,NA9l677+ml,com.sec.android.app.shealth,2025-03-21 13:55:00.000,18f2a3ff-e37e-41f6-8955-07ac96bcdde8,
25283,4,0,42,2025-03-21 13:58:00.000,,,2025-03-21 14:00:39.088,2025-03-21 14:00:39.088,42,1.1944444,30.2,1.8,UTC+0100,NA9l677+ml,com.sec.android.app.shealth,2025-03-21 13:59:00.000,33fc2935-26d2-4b87-9444-5acfaab90452,
2368,4,0,4,2025-03-21 13:59:00.000,,,2025-03-21 14:00:39.148,2025-03-21 14:00:39.148,4,1.25,2.96,0.16,UTC+0100,NA9l677+ml,com.sec.android.app.shealth,2025-03-21 14:00:00.000,f596e362-6ce8-43a5-b387-750686f91c68,
26619,4,0,37,2025-03-21 14:02:00.000,,,2025-03-21 14:04:41.321,2025-03-21 14:04:41.321,37,0.9722222,25.88,1.75,UTC+0100,NA9l677+ml,com.sec.android.app.shealth,2025-03-21 14:03:00.000,c4f6900e-24e0-4649-94e6-f2544a923d3e,
35210,4,0,50,2025-03-21 14:03:00.000,,,2025-03-21 14:04:41.380,2025-03-21 14:04:41.380,50,1.0,35.21,2.35,UTC+0100,NA9l677+ml,com.sec.android.app.shealth,2025-03-21 14:04:00.000,08db1a79-64f8-458d-bd06-795e0b94d487,
45737,4,0,78,2025-03-21 14:04:00.000,,,2025-03-21 14:04:50.525,2025-03-21 14:04:41.453,78,1.2477831,57.07,3.3600001,UTC+0100,NA9l677+ml,com.sec.android.app.shealth,2025-03-21 14:05:00.000,fe03815f-d60c-48a4-bcb9-aaa1825c2dbf,
13130,4,5,28,2025-03-21 14:06:00.000,,,2025-03-21 14:08:25.415,2025-03-21 14:08:25.415,33,2.0000002,26.26,2.26,UTC+0100,NA9l677+ml,com.sec.android.app.shealth,2025-03-21 14:07:00.000,f1be0329-cd5f-4535-be73-5a4b7e3f155d,
17464,4,0,28,2025-03-21 14:07:00.000,,,2025-03-21 14:08:25.466,2025-03-21 14:08:25.466,28,1.1388888,19.89,1.35,UTC+0100,NA9l677+ml,com.sec.android.app.shealth,2025-03-21 14:08:00.000,a2b49fe6-528e-46df-9150-b4cc3b372553,
4523,4,0,12,2025-03-21 14:08:00.000,,,2025-03-21 14:14:20.069,2025-03-21 14:14:20.069,12,2.1666667,9.8,0.48,UTC+0100,NA9l677+ml,com.sec.android.app.shealth,2025-03-21 14:09:00.000,4a660d3b-6022-4d18-abe2-7162511033a1,
22817,4,0,40,2025-03-21 14:09:00.000,,,2025-03-21 14:14:20.164,2025-03-21 14:14:20.164,40,1.3055556,29.79,1.73,UTC+0100,NA9l677+ml,com.sec.android.app.shealth,2025-03-21 14:10:00.000,cdff94c5-fe2b-44e7-a39b-773ae12df3a9,
30083,4,0,52,2025-03-21 14:10:00.000,,,2025-03-21 14:14:20.195,2025-03-21 14:14:20.195,52,1.2777778,38.44,2.29,UTC+0100,NA9l677+ml,com.sec.android.app.shealth,2025-03-21 14:11:00.000,f2fe7718-f82e-4fc4-81f5-a07c0d686546,
17584,4,0,30,2025-03-21 14:11:00.000,,,2025-03-21 14:14:20.234,2025-03-21 14:14:20.234,30,1.25,21.98,1.26,UTC+0100,NA9l677+ml,com.sec.android.app.shealth,2025-03-21 14:12:00.000,3161dc77-f977-4127-a30e-c2eb3eb008f6,
24440,4,0,35,2025-03-21 14:12:00.000,,,2025-03-21 14:14:20.267,2025-03-21 14:14:20.267,35,1.0,24.44,1.69,UTC+0100,NA9l677+ml,com.sec.android.app.shealth,2025-03-21 14:13:00.000,523db7a6-3315-46f1-a2ff-289f87ccd7b4,
7803,4,0,10,2025-03-21 14:13:00.000,,,2025-03-21 14:14:20.303,2025-03-21 14:14:20.303,10,0.8611111,6.72,0.52,UTC+0100,NA9l677+ml,com.sec.android.app.shealth,2025-03-21 14:14:00.000,732633bb-a0a7-4e96-aef0-5c930d8c40fb,
39134,4,0,62,2025-03-21 14:14:00.000,,,2025-03-21 14:15:00.305,2025-03-21 14:14:20.367,62,1.1383699,44.55,2.7199998,UTC+0100,NA9l677+ml,com.sec.android.app.shealth,2025-03-21 14:15:00.000,714b2eb7-d6ac-4584-b300-90c0c20df7e1,
38286,4,0,59,2025-03-21 14:15:00.000,,,2025-03-21 14:15:45.860,2025-03-21 14:15:45.860,59,1.1111112,42.54,3.76,UTC+0100,NA9l677+ml,com.sec.android.app.shealth,2025-03-21 14:16:00.000,b3355347-ee31-4230-9bd5-4bbce84cedff,
5014,4,0,9,2025-03-21 14:16:00.000,,,2025-03-21 14:21:38.452,2025-03-21 14:16:56.063,9,1.352079,6.7799997,0.35999998,UTC+0100,NA9l677+ml,com.sec.android.app.shealth,2025-03-21 14:17:00.000,de6d86e4-52a5-41b8-ace0-2aaff52339fd,
4514,4,0,13,2025-03-21 14:21:00.000,,,2025-03-21 14:21:38.821,2025-03-21 14:21:38.603,13,2.3611112,10.66,0.49,UTC+0100,NA9l677+ml,com.sec.android.app.shealth,2025-03-21 14:22:00.000,726d153f-cb28-4557-a4e4-e2222ad89cda,
13350,4,0,24,2025-03-21 14:24:00.000,,,2025-03-21 14:24:57.874,2025-03-21 14:24:25.563,24,1.3333333,17.8,1.06,UTC+0100,NA9l677+ml,com.sec.android.app.shealth,2025-03-21 14:25:00.000,71a6760c-78e5-435a-832d-45a43145f94b,
12256,4,0,21,2025-03-21 14:25:00.000,,,2025-03-21 14:26:13.631,2025-03-21 14:26:13.631,21,1.25,15.32,0.96,UTC+0100,NA9l677+ml,com.sec.android.app.shealth,2025-03-21 14:26:00.000,74a8bf11-7d2d-44ac-b100-186aa9897f70,
6806,4,0,13,2025-03-21 14:28:00.000,,,2025-03-21 14:31:24.216,2025-03-21 14:31:24.216,13,1.4722222,10.02,0.55,UTC+0100,NA9l677+ml,com.sec.android.app.shealth,2025-03-21 14:29:00.000,a657fa07-b16c-4686-94ec-9d2aa38f1253,
4344,4,0,11,2025-03-21 14:32:00.000,,,2025-03-21 14:35:00.306,2025-03-21 14:35:00.306,11,2.0833333,9.05,0.47,UTC+0100,NA9l677+ml,com.sec.android.app.shealth,2025-03-21 14:33:00.000,13a78c0a-ace8-4c74-9cea-d6bd5e93d56d,
10615,4,0,17,2025-03-21 14:35:00.000,,,2025-03-21 14:40:30.838,2025-03-21 14:40:30.838,17,1.1388888,12.09,0.73,UTC+0100,NA9l677+ml,com.sec.android.app.shealth,2025-03-21 14:36:00.000,6efeed32-c8bf-433f-b4d1-76a8d3d7d5df,
7024,4,0,12,2025-03-21 14:37:00.000,,,2025-03-21 14:40:30.962,2025-03-21 14:40:30.962,12,1.25,8.78,0.52,UTC+0100,NA9l677+ml,com.sec.android.app.shealth,2025-03-21 14:38:00.000,030970d1-eccb-445c-a297-6fb2c4df4204,
28299,4,0,49,2025-03-21 14:38:00.000,,,2025-03-21 14:40:31.054,2025-03-21 14:40:31.054,49,1.2777778,36.16,2.21,UTC+0100,NA9l677+ml,com.sec.android.app.shealth,2025-03-21 14:39:00.000,e19746b2-aca7-4838-be24-d9989ae865b8,
23647,4,0,44,2025-03-21 14:42:00.000,,,2025-03-21 14:43:58.787,2025-03-21 14:43:58.787,44,1.4166666,33.5,1.79,UTC+0100,NA9l677+ml,com.sec.android.app.shealth,2025-03-21 14:43:00.000,2035ed90-edfe-41de-8416-2e0dd60570c5,
50083,4,0,92,2025-03-21 14:43:00.000,,,2025-03-21 14:43:58.865,2025-03-21 14:43:58.865,92,1.3888888,69.56,3.9,UTC+0100,NA9l677+ml,com.sec.android.app.shealth,2025-03-21 14:44:00.000,a3d4f4ac-7a44-44c3-845b-cae7f5169743,
14923,4,0,25,2025-03-21 14:58:00.000,,,2025-03-21 15:15:00.313,2025-03-21 15:15:00.313,25,1.2222222,18.24,1.06,UTC+0100,NA9l677+ml,com.sec.android.app.shealth,2025-03-21 14:59:00.000,b1b94437-f19d-41bb-9849-1b569637f557,
9621,4,0,16,2025-03-21 15:01:00.000,,,2025-03-21 15:15:00.424,2025-03-21 15:15:00.424,16,1.2222222,11.76,0.66,UTC+0100,NA9l677+ml,com.sec.android.app.shealth,2025-03-21 15:02:00.000,86ff500e-0789-4b43-9665-5217f07b6de6,
18424,4,0,28,2025-03-21 15:02:00.000,,,2025-03-21 15:15:00.461,2025-03-21 15:15:00.461,28,1.0833334,19.96,1.19,UTC+0100,NA9l677+ml,com.sec.android.app.shealth,2025-03-21 15:03:00.000,8cedc7ef-2372-4601-8fd2-ab8ceb227e80,
3912,4,0,11,2025-03-21 15:24:00.000,,,2025-03-21 15:24:09.684,2025-03-21 15:24:09.472,11,2.3055556,9.0199995,0.35,UTC+0100,NA9l677+ml,com.sec.android.app.shealth,2025-03-21 15:25:00.000,de2d7f4d-c8d1-48ef-8386-93851b62eaf2,
8581,4,0,11,2025-03-21 16:42:00.000,,,2025-03-21 16:42:41.292,2025-03-21 16:42:41.292,11,0.8611111,7.39,0.52,UTC+0100,NA9l677+ml,com.sec.android.app.shealth,2025-03-21 16:43:00.000,ea694da0-8e82-4699-b61f-f5fdd9be9ecc,
27835,4,0,50,2025-03-21 16:43:00.000,,,2025-03-21 16:43:48.281,2025-03-21 16:43:32.706,50,1.3533115,37.670002,2.07,UTC+0100,NA9l677+ml,com.sec.android.app.shealth,2025-03-21 16:44:00.000,96830a55-36e2-43ac-9936-dbf576aa6abf,
22835,4,0,39,2025-03-21 16:45:00.000,,,2025-03-21 16:46:36.410,2025-03-21 16:45:46.363,39,1.2550435,28.66,1.6400001,UTC+0100,NA9l677+ml,com.sec.android.app.shealth,2025-03-21 16:46:00.000,4a9f2a0f-52e8-4359-842c-47e47cea4e78,
42671,4,0,75,2025-03-21 16:46:00.000,,,2025-03-21 16:46:47.909,2025-03-21 16:46:36.457,75,1.3165607,56.180004,3.0599997,UTC+0100,NA9l677+ml,com.sec.android.app.shealth,2025-03-21 16:47:00.000,4302ac9c-2739-4e98-abd7-cd684a9cf516,
6840,4,0,11,2025-03-21 17:36:00.000,,,2025-03-21 17:37:17.774,2025-03-21 17:37:17.774,11,1.1388888,7.79,0.49,UTC+0100,NA9l677+ml,com.sec.android.app.shealth,2025-03-21 17:37:00.000,07295bcd-baae-4c8c-ad6b-64bbf188f18a,
6788,4,0,11,2025-03-21 17:37:00.000,,,2025-03-21 17:37:17.827,2025-03-21 17:37:17.827,11,1.1666666,7.92,0.47,UTC+0100,NA9l677+ml,com.sec.android.app.shealth,2025-03-21 17:38:00.000,a620672c-63f1-4c73-8039-5f2e559f2c9a,
17815,4,0,29,2025-03-21 17:38:00.000,,,2025-03-21 17:39:27.659,2025-03-21 17:39:27.659,29,1.1944444,21.28,1.34,UTC+0100,NA9l677+ml,com.sec.android.app.shealth,2025-03-21 17:39:00.000,0433157e-d736-4719-a282-150ea9afa653,
44770,4,0,75,2025-03-21 17:39:00.000,,,2025-03-21 17:40:17.550,2025-03-21 17:39:27.747,75,1.2222222,54.719997,3.27,UTC+0100,NA9l677+ml,com.sec.android.app.shealth,2025-03-21 17:40:00.000,ee8ef42a-0aad-461e-95f2-5f29f6d2b5fd,
18039,4,0,33,2025-03-21 17:40:00.000,,,2025-03-21 17:41:52.687,2025-03-21 17:40:17.630,33,1.3941859,25.150002,1.48,UTC+0100,NA9l677+ml,com.sec.android.app.shealth,2025-03-21 17:41:00.000,ffb8ba64-db27-4ede-9f33-5736361c630c,
36360,4,0,62,2025-03-21 17:41:00.000,,,2025-03-21 17:41:52.772,2025-03-21 17:41:52.772,62,1.25,45.45,2.74,UTC+0100,NA9l677+ml,com.sec.android.app.shealth,2025-03-21 17:42:00.000,3e7d0d85-4920-40c5-8206-2dff0387572b,
54602,4,0,85,2025-03-21 17:43:00.000,,,2025-03-21 17:44:07.314,2025-03-21 17:43:22.064,85,1.1211894,61.219997,4.39,UTC+0100,NA9l677+ml,com.sec.android.app.shealth,2025-03-21 17:44:00.000,ea1498bd-230a-41ff-8240-52c0c9e4e83a,
11000,4,0,17,2025-03-21 17:44:00.000,,,2025-03-21 17:46:36.983,2025-03-21 17:44:07.376,17,1.1190711,12.31,0.79,UTC+0100,NA9l677+ml,com.sec.android.app.shealth,2025-03-21 17:45:00.000,b327a31a-76a6-43b3-9ed6-b5b96e0c00bb,
8581,4,0,14,2025-03-21 17:46:00.000,,,2025-03-21 17:46:37.039,2025-03-21 17:46:37.039,14,1.1944444,10.25,0.61,UTC+0100,NA9l677+ml,com.sec.android.app.shealth,2025-03-21 17:47:00.000,5f3d1734-e4d6-4ae0-bb0e-cf1c7b476ae3,
24910,4,0,39,2025-03-21 17:47:00.000,,,2025-03-21 17:48:02.923,2025-03-21 17:48:02.923,39,1.1388888,28.37,1.68,UTC+0100,NA9l677+ml,com.sec.android.app.shealth,2025-03-21 17:48:00.000,bbd34902-6da3-4b68-a9fb-9ecdb6edad1f,
9536,4,0,16,2025-03-21 17:50:00.000,,,2025-03-21 17:54:59.325,2025-03-21 17:54:59.325,16,1.25,11.92,0.71,UTC+0100,NA9l677+ml,com.sec.android.app.shealth,2025-03-21 17:51:00.000,ba58c144-0d96-4d6b-a20e-8f64a73a8a7f,
15128,4,0,25,2025-03-21 18:28:00.000,,,2025-03-21 18:32:12.547,2025-03-21 18:32:12.547,25,1.1944444,18.07,1.06,UTC+0100,NA9l677+ml,com.sec.android.app.shealth,2025-03-21 18:29:00.000,f64f5ef6-348a-4f9d-b505-bfca296b9588,
4956,4,0,10,2025-03-21 18:32:00.000,,,2025-03-21 18:32:41.764,2025-03-21 18:32:41.764,10,1.5555556,7.71,0.42,UTC+0100,NA9l677+ml,com.sec.android.app.shealth,2025-03-21 18:33:00.000,e72cc94f-e949-43c8-b41f-ce1d92f07eaa,
8581,4,0,11,2025-03-21 18:35:00.000,,,2025-03-21 18:35:03.100,2025-03-21 18:35:03.100,11,0.8611111,7.39,0.57,UTC+0100,NA9l677+ml,com.sec.android.app.shealth,2025-03-21 18:36:00.000,c8a1d97d-4cef-44cc-8c5a-31b76ae7edfa,
9308,4,0,13,2025-03-21 18:40:00.000,,,2025-03-21 18:41:49.466,2025-03-21 18:41:49.466,13,0.97222227,9.05,0.63,UTC+0100,NA9l677+ml,com.sec.android.app.shealth,2025-03-21 18:41:00.000,4129e31f-957b-4da6-a5eb-06a9696809ef,
6618,4,0,10,2025-03-21 18:42:00.000,,,2025-03-21 18:44:32.447,2025-03-21 18:44:32.447,10,1.0833334,7.17,0.45,UTC+0100,NA9l677+ml,com.sec.android.app.shealth,2025-03-21 18:43:00.000,889fff0d-f9cf-4a12-91d2-582d4c0acb5f,
7365,4,0,18,2025-03-21 18:43:00.000,,,2025-03-21 18:44:32.500,2025-03-21 18:44:32.500,18,2.0,14.73,0.8,UTC+0100,NA9l677+ml,com.sec.android.app.shealth,2025-03-21 18:44:00.000,bf9543b9-be6f-4984-98f3-2c862ae79697,
11458,4,0,18,2025-03-21 18:45:00.000,,,2025-03-21 18:54:05.820,2025-03-21 18:54:05.820,18,1.1388888,13.05,0.86,UTC+0100,NA9l677+ml,com.sec.android.app.shealth,2025-03-21 18:46:00.000,747f5d80-4391-40db-ad62-b3a79a3b6dc8,
10950,4,2,18,2025-03-21 19:02:00.000,,,2025-03-21 19:07:09.565,2025-03-21 19:07:09.565,20,1.3333334,14.6,1.07,UTC+0100,NA9l677+ml,com.sec.android.app.shealth,2025-03-21 19:03:00.000,d422ed79-b946-494f-95eb-23a6beb4fa87,
3936,4,0,10,2025-03-21 19:03:00.000,,,2025-03-21 19:07:09.652,2025-03-21 19:07:09.652,10,2.0833333,8.2,0.32,UTC+0100,NA9l677+ml,com.sec.android.app.shealth,2025-03-21 19:04:00.000,c49e2abf-c305-4182-92a6-e802b676a06d,
7141,4,0,14,2025-03-21 19:07:00.000,,,2025-03-21 19:08:11.188,2025-03-21 19:08:11.188,14,1.5277778,10.91,0.61,UTC+0100,NA9l677+ml,com.sec.android.app.shealth,2025-03-21 19:08:00.000,d6d3ef30-9156-413f-a284-866b5ee5c8e3,
51416,4,0,76,2025-03-21 19:08:00.000,,,2025-03-21 19:09:33.422,2025-03-21 19:08:11.237,76,1.0541319,54.199997,3.65,UTC+0100,NA9l677+ml,com.sec.android.app.shealth,2025-03-21 19:09:00.000,3995fc33-a774-437c-90aa-869fc7440830,
19760,4,0,28,2025-03-21 19:09:00.000,,,2025-03-21 19:09:55.331,2025-03-21 19:09:33.543,28,0.9898721,19.560001,1.8799999,UTC+0100,NA9l677+ml,com.sec.android.app.shealth,2025-03-21 19:10:00.000,3b79b4f7-b3ad-442c-8066-cdacad5534ab,
15773,4,0,26,2025-03-21 19:45:00.000,,,2025-03-21 19:48:52.854,2025-03-21 19:48:52.854,26,1.1944444,18.84,1.21,UTC+0100,NA9l677+ml,com.sec.android.app.shealth,2025-03-21 19:46:00.000,c5a89d39-beee-4fce-a1d4-7a10fd25ba6a,
7605,4,0,10,2025-03-21 19:46:00.000,,,2025-03-21 19:48:52.937,2025-03-21 19:48:52.937,10,0.8888889,6.76,0.48,UTC+0100,NA9l677+ml,com.sec.android.app.shealth,2025-03-21 19:47:00.000,bf6b9510-9bbb-4fc7-a912-1f10d71438d0,
31762,4,0,44,2025-03-21 19:47:00.000,,,2025-03-21 19:48:53.026,2025-03-21 19:48:53.026,44,0.9722222,30.88,2.1,UTC+0100,NA9l677+ml,com.sec.android.app.shealth,2025-03-21 19:48:00.000,2a4d44d5-0a79-4272-8b20-f3c4e63f6614,
41123,4,0,62,2025-03-21 19:48:00.000,,,2025-03-21 19:48:53.114,2025-03-21 19:48:53.114,62,1.0833334,44.55,3.39,UTC+0100,NA9l677+ml,com.sec.android.app.shealth,2025-03-21 19:49:00.000,00b54d30-6ca3-4045-8ec3-37220b9c0d90,
16296,4,0,26,2025-03-22 17:41:00.000,,,2025-03-22 17:42:32.528,2025-03-22 17:42:32.528,26,1.1388888,18.56,1.13,UTC+0100,NA9l677+ml,com.sec.android.app.shealth,2025-03-22 17:42:00.000,64c7d0ff-d860-4abb-9c34-c15f21d51bf3,
12939,4,0,20,2025-03-22 17:42:00.000,,,2025-03-22 17:43:41.090,2025-03-22 17:42:32.573,20,1.1105518,14.37,0.87,UTC+0100,NA9l677+ml,com.sec.android.app.shealth,2025-03-22 17:43:00.000,ef7d496c-fa57-45d6-95c1-e3cefa08a532,
15710,4,0,24,2025-03-22 17:43:00.000,,,2025-03-22 17:43:41.211,2025-03-22 17:43:41.211,24,1.0833334,17.02,1.02,UTC+0100,NA9l677+ml,com.sec.android.app.shealth,2025-03-22 17:44:00.000,ff862f39-1c37-4f69-8ab7-3e6a03623fe2,
5481,4,0,7,2025-03-22 17:49:00.000,,,2025-03-22 17:55:00.596,2025-03-22 17:55:00.596,7,0.8611111,4.72,0.38,UTC+0100,NA9l677+ml,com.sec.android.app.shealth,2025-03-22 17:50:00.000,a5c72e11-2af0-40ff-983f-bcbf668b648a,
26304,4,0,47,2025-03-22 17:57:00.000,,,2025-03-22 18:04:11.490,2025-03-22 17:57:21.930,47,1.3309393,35.01,2.02,UTC+0100,NA9l677+ml,com.sec.android.app.shealth,2025-03-22 17:58:00.000,ca0cdd53-76da-4f9b-a1bc-16f072a8d9b4,
5157,4,0,8,2025-03-22 18:03:00.000,,,2025-03-22 18:04:11.698,2025-03-22 18:04:11.698,8,1.1111112,5.73,0.34,UTC+0100,NA9l677+ml,com.sec.android.app.shealth,2025-03-22 18:04:00.000,0a0e7466-d14e-418a-ba33-1e285024f868,
10835,4,0,17,2025-03-22 18:04:00.000,,,2025-03-22 18:06:27.245,2025-03-22 18:04:15.696,17,1.1019721,11.940001,0.78,UTC+0100,NA9l677+ml,com.sec.android.app.shealth,2025-03-22 18:05:00.000,5413cdef-19bf-461d-8dd1-7103903e36ed,
6859,4,0,10,2025-03-22 18:06:00.000,,,2025-03-22 18:06:27.408,2025-03-22 18:06:27.408,10,1.0277778,7.05,0.47,UTC+0100,NA9l677+ml,com.sec.android.app.shealth,2025-03-22 18:07:00.000,4ee7963a-69a5-4dac-9742-f68329861446,
6164,4,0,11,2025-03-22 18:07:00.000,,,2025-03-22 18:15:00.629,2025-03-22 18:15:00.629,11,1.3611112,8.39,0.41,UTC+0100,NA9l677+ml,com.sec.android.app.shealth,2025-03-22 18:08:00.000,95dc6c17-0445-4c2f-9743-ec9758e3961f,
30173,4,0,50,2025-03-22 18:08:00.000,,,2025-03-22 18:15:00.750,2025-03-22 18:15:00.750,50,1.1944444,36.04,2.29,UTC+0100,NA9l677+ml,com.sec.android.app.shealth,2025-03-22 18:09:00.000,730a70b9-547a-43fe-9383-ef96b223f22f,
42270,4,0,60,2025-03-22 18:09:00.000,,,2025-03-22 18:15:00.781,2025-03-22 18:15:00.781,60,1.0000001,42.27,2.8,UTC+0100,NA9l677+ml,com.sec.android.app.shealth,2025-03-22 18:10:00.000,4a36b42a-442c-4e15-b152-383dd7cbfe1f,
25760,4,0,44,2025-03-22 18:19:00.000,,,2025-03-22 18:19:43.501,2025-03-22 18:19:43.501,44,1.25,32.2,1.88,UTC+0100,NA9l677+ml,com.sec.android.app.shealth,2025-03-22 18:20:00.000,d60c33a1-5cef-42bf-9a75-ec080be472cf,
32156,4,0,41,2025-03-22 18:20:00.000,,,2025-03-22 18:29:00.348,2025-03-22 18:29:00.348,41,0.8611111,27.69,2.04,UTC+0100,NA9l677+ml,com.sec.android.app.shealth,2025-03-22 18:21:00.000,1921b46b-bcab-42a5-a9be-5ee7b5395e8b,
8651,4,0,11,2025-03-22 18:21:00.000,,,2025-03-22 18:29:00.443,2025-03-22 18:29:00.443,11,0.86111104,7.45,0.51,UTC+0100,NA9l677+ml,com.sec.android.app.shealth,2025-03-22 18:22:00.000,64f499f2-4334-45d5-981c-3b59c658bd2e,
10916,4,0,14,2025-03-22 18:29:00.000,,,2025-03-22 18:30:46.389,2025-03-22 18:30:46.389,14,0.8611111,9.4,0.67,UTC+0100,NA9l677+ml,com.sec.android.app.shealth,2025-03-22 18:30:00.000,e874fdac-fdf3-4e07-8164-39a10e4d406d,
20273,4,0,28,2025-03-22 18:30:00.000,,,2025-03-22 18:30:46.433,2025-03-22 18:30:46.433,28,0.9722222,19.71,1.24,UTC+0100,NA9l677+ml,com.sec.android.app.shealth,2025-03-22 18:31:00.000,9ef3a368-bdd9-4a10-bb63-7a8178744b09,
8118,4,0,12,2025-03-22 18:31:00.000,,,2025-03-22 18:32:33.204,2025-03-22 18:32:33.204,12,1.0555556,8.57,0.63,UTC+0100,NA9l677+ml,com.sec.android.app.shealth,2025-03-22 18:32:00.000,6c656ab4-f291-4678-bc3e-a3976e471b41,
9142,4,0,15,2025-03-22 22:21:00.000,,,2025-03-22 22:22:27.643,2025-03-22 22:22:27.643,15,1.1944444,10.92,0.68,UTC+0100,NA9l677+ml,com.sec.android.app.shealth,2025-03-22 22:22:00.000,7ba4003c-7ea3-4af2-9440-efd082a4b318,
17341,4,0,27,2025-03-22 22:22:00.000,,,2025-03-22 22:25:45.555,2025-03-22 22:22:27.777,27,1.1117814,19.279999,1.7,UTC+0100,NA9l677+ml,com.sec.android.app.shealth,2025-03-22 22:23:00.000,19a09f8e-6028-4439-84e1-451504e1d6fd,
11520,4,0,19,2025-03-22 22:23:00.000,,,2025-03-22 22:25:45.658,2025-03-22 22:25:45.658,19,1.1944444,13.76,0.83,UTC+0100,NA9l677+ml,com.sec.android.app.shealth,2025-03-22 22:24:00.000,36bc62c2-beea-4a74-b23e-32db2ede9f77,
6345,4,0,10,2025-03-22 22:28:00.000,,,2025-03-22 22:29:37.320,2025-03-22 22:29:37.320,10,1.1111112,7.05,0.46,UTC+0100,NA9l677+ml,com.sec.android.app.shealth,2025-03-22 22:29:00.000,ca86a1e1-b05d-4381-b95b-4bd5f8952db6,
17711,4,0,29,2025-03-22 22:29:00.000,,,2025-03-22 22:29:56.366,2025-03-22 22:29:37.401,29,1.1783391,20.869999,1.6,UTC+0100,NA9l677+ml,com.sec.android.app.shealth,2025-03-22 22:30:00.000,8e6569b8-6a3d-4bf3-8fb1-b2eb71a185a8,
21312,4,0,28,2025-03-22 22:30:00.000,,,2025-03-22 22:34:40.190,2025-03-22 22:30:07.653,28,0.8924521,19.02,1.34,UTC+0100,NA9l677+ml,com.sec.android.app.shealth,2025-03-22 22:31:00.000,84d04d46-a749-4c07-80d7-edaf27349587,
11540,4,0,16,2025-03-23 06:24:00.000,,,2025-03-23 06:25:00.147,2025-03-23 06:25:00.147,16,0.97222227,11.22,0.75,UTC+0100,NA9l677+ml,com.sec.android.app.shealth,2025-03-23 06:25:00.000,c291a49f-a206-486f-b48b-811621e4911d,
15460,4,0,22,2025-03-23 06:26:00.000,,,2025-03-23 06:27:14.026,2025-03-23 06:27:14.026,22,1.0,15.46,0.97,UTC+0100,NA9l677+ml,com.sec.android.app.shealth,2025-03-23 06:27:00.000,0d19ddef-be8a-4266-8b91-576f06aade97,
8221,4,0,12,2025-03-23 07:12:00.000,,,2025-03-23 07:15:00.148,2025-03-23 07:15:00.148,12,1.0277778,8.45,0.56,UTC+0100,NA9l677+ml,com.sec.android.app.shealth,2025-03-23 07:13:00.000,269a702d-0dc6-460f-9fd0-ce15d17a65d1,
42829,4,0,59,2025-03-23 07:13:00.000,,,2025-03-23 07:15:00.263,2025-03-23 07:15:00.263,59,0.9722222,41.64,2.86,UTC+0100,NA9l677+ml,com.sec.android.app.shealth,2025-03-23 07:14:00.000,0e86c564-9d0f-4ee1-9b78-72d22fa3fa7e,
11520,4,0,21,2025-03-23 07:14:00.000,,,2025-03-23 07:15:00.291,2025-03-23 07:15:00.291,21,1.3888888,16.0,0.87,UTC+0100,NA9l677+ml,com.sec.android.app.shealth,2025-03-23 07:15:00.000,5cbeb756-306d-4edf-a8bc-199621e35445,
16383,4,0,30,2025-03-23 07:15:00.000,,,2025-03-23 07:17:16.605,2025-03-23 07:17:16.605,30,1.3611112,22.3,1.39,UTC+0100,NA9l677+ml,com.sec.android.app.shealth,2025-03-23 07:16:00.000,fb67441b-f35f-498e-850a-50befec29ca8,
11694,4,0,15,2025-03-23 07:16:00.000,,,2025-03-23 07:17:16.918,2025-03-23 07:17:16.918,15,0.8611111,10.07,0.77,UTC+0100,NA9l677+ml,com.sec.android.app.shealth,2025-03-23 07:17:00.000,2991dc0f-4086-401b-886b-7d88bb35ae5f,
17163,4,0,25,2025-03-23 07:17:00.000,,,2025-03-23 07:18:04.968,2025-03-23 07:17:17.095,25,1.0277778,17.64,1.09,UTC+0100,NA9l677+ml,com.sec.android.app.shealth,2025-03-23 07:18:00.000,a330ee32-e1dc-4153-ba3e-5f1d6fd44125,
14829,4,0,19,2025-03-23 07:18:00.000,,,2025-03-23 07:21:13.690,2025-03-23 07:18:05.086,19,0.86111116,12.77,0.97,UTC+0100,NA9l677+ml,com.sec.android.app.shealth,2025-03-23 07:19:00.000,6c5a004c-cd35-48ad-abf6-44f2c28a7a80,
23909,4,0,38,2025-03-23 07:19:00.000,,,2025-03-23 07:21:13.791,2025-03-23 07:21:13.791,38,1.1388888,27.23,1.69,UTC+0100,NA9l677+ml,com.sec.android.app.shealth,2025-03-23 07:20:00.000,f7044960-348b-4ae2-a6b4-15de5deea4fb,
5539,4,0,10,2025-03-23 07:33:00.000,,,2025-03-23 07:35:00.139,2025-03-23 07:35:00.139,10,1.3611112,7.54,0.43,UTC+0100,NA9l677+ml,com.sec.android.app.shealth,2025-03-23 07:34:00.000,67ee0fac-5fec-4b6b-a19d-3dec5bfa051e,
19013,4,0,31,2025-03-23 07:34:00.000,,,2025-03-23 07:35:00.254,2025-03-23 07:35:00.254,31,1.1944444,22.71,1.39,UTC+0100,NA9l677+ml,com.sec.android.app.shealth,2025-03-23 07:35:00.000,58bd235b-1af4-4022-b538-580881e8ed55,
20381,4,0,31,2025-03-23 07:40:00.000,,,2025-03-23 07:41:18.995,2025-03-23 07:41:18.995,31,1.0833334,22.08,1.46,UTC+0100,NA9l677+ml,com.sec.android.app.shealth,2025-03-23 07:41:00.000,4bd7735d-0f85-4337-bc44-3d89ed7d2078,
33151,4,0,50,2025-03-23 07:41:00.000,,,2025-03-23 07:41:51.169,2025-03-23 07:41:19.051,50,1.0654027,35.320004,2.3799999,UTC+0100,NA9l677+ml,com.sec.android.app.shealth,2025-03-23 07:42:00.000,6d86e263-5b8b-4f34-9cb1-3135c1f79201,
9554,4,0,14,2025-03-23 07:42:00.000,,,2025-03-23 07:44:24.525,2025-03-23 07:44:24.525,14,1.0277778,9.82,0.63,UTC+0100,NA9l677+ml,com.sec.android.app.shealth,2025-03-23 07:43:00.000,f6f8b02e-4182-4bf7-9be1-560a36adbbe6,
7803,4,0,10,2025-03-23 07:44:00.000,,,2025-03-23 07:44:32.201,2025-03-23 07:44:32.201,10,0.8611111,6.72,0.47,UTC+0100,NA9l677+ml,com.sec.android.app.shealth,2025-03-23 07:45:00.000,e3b59e52-5eba-4d07-8d20-331d1a55bf2a,
10267,4,0,18,2025-03-23 07:47:00.000,,,2025-03-23 07:48:58.922,2025-03-23 07:48:58.922,18,1.3333334,13.69,0.73,UTC+0100,NA9l677+ml,com.sec.android.app.shealth,2025-03-23 07:48:00.000,a78534e0-dc70-4d34-9f93-8dc07b557b74,
27535,4,0,47,2025-03-23 08:12:00.000,,,2025-03-23 08:13:00.705,2025-03-23 08:13:00.705,47,1.25,34.42,2.05,UTC+0100,NA9l677+ml,com.sec.android.app.shealth,2025-03-23 08:13:00.000,bcd9042b-948a-4dca-adb8-cb82c9c7709c,
7030,4,0,10,2025-03-23 08:13:00.000,,,2025-03-23 08:13:29.702,2025-03-23 08:13:29.702,10,1.0,7.03,0.47,UTC+0100,NA9l677+ml,com.sec.android.app.shealth,2025-03-23 08:14:00.000,2b3f2c41-31a8-47df-b5ca-30bef8d1022b,
12314,4,0,18,2025-03-23 08:14:00.000,,,2025-03-23 08:14:25.957,2025-03-23 08:14:19.406,18,1.0312954,12.700001,0.81999993,UTC+0100,NA9l677+ml,com.sec.android.app.shealth,2025-03-23 08:15:00.000,431f7f59-838d-4daf-a073-60ee2b5663e9,
6849,4,0,10,2025-03-23 08:15:00.000,,,2025-03-23 08:15:53.801,2025-03-23 08:15:53.801,10,1.0277778,7.04,0.46,UTC+0100,NA9l677+ml,com.sec.android.app.shealth,2025-03-23 08:16:00.000,895a5b3d-3558-4fdc-b9f9-e6d16087e337,
33323,4,0,58,2025-03-23 08:16:00.000,,,2025-03-23 08:16:36.349,2025-03-23 08:16:36.349,58,1.2777778,42.58,2.43,UTC+0100,NA9l677+ml,com.sec.android.app.shealth,2025-03-23 08:17:00.000,a14f2e27-e4d0-4e83-aaa9-4c666c375c44,
14788,4,0,22,2025-03-23 08:17:00.000,,,2025-03-23 08:20:40.333,2025-03-23 08:20:40.333,22,1.0555556,15.61,0.98,UTC+0100,NA9l677+ml,com.sec.android.app.shealth,2025-03-23 08:18:00.000,cfd5bd23-087c-4a8f-832f-310b1110175c,
10153,4,0,17,2025-03-23 08:18:00.000,,,2025-03-23 08:20:40.435,2025-03-23 08:20:40.435,17,1.2222222,12.41,0.7,UTC+0100,NA9l677+ml,com.sec.android.app.shealth,2025-03-23 08:19:00.000,b04b1269-1d78-44e6-8d05-20b9fe767655,
36102,4,0,58,2025-03-23 08:19:00.000,,,2025-03-23 08:20:40.464,2025-03-23 08:20:40.464,58,1.1666666,42.12,3.45,UTC+0100,NA9l677+ml,com.sec.android.app.shealth,2025-03-23 08:20:00.000,b1957a1e-27c6-43f4-8941-d9a89d4f70b9,
8613,4,0,20,2025-03-23 08:20:00.000,,,2025-03-23 08:20:40.535,2025-03-23 08:20:40.492,20,1.8888888,16.27,0.8,UTC+0100,NA9l677+ml,com.sec.android.app.shealth,2025-03-23 08:21:00.000,37ef1a73-6202-429a-9b04-30a17d49ad1f,
8381,4,0,11,2025-03-23 08:21:00.000,,,2025-03-23 08:25:48.754,2025-03-23 08:25:48.754,11,0.88888884,7.45,0.69,UTC+0100,NA9l677+ml,com.sec.android.app.shealth,2025-03-23 08:22:00.000,fd15d00d-a6ed-4f28-ab8d-1311ab793e58,
13361,4,0,22,2025-03-23 08:22:00.000,,,2025-03-23 08:25:48.845,2025-03-23 08:25:48.845,22,1.1944444,15.96,0.96,UTC+0100,NA9l677+ml,com.sec.android.app.shealth,2025-03-23 08:23:00.000,3b92b104-17f2-40ea-8544-610d1d253aa5,
8590,4,0,14,2025-03-23 08:23:00.000,,,2025-03-23 08:25:48.881,2025-03-23 08:25:48.881,14,1.2222222,10.5,0.64,UTC+0100,NA9l677+ml,com.sec.android.app.shealth,2025-03-23 08:24:00.000,50e0ba84-b4dd-42b8-98d8-edab40450518,
10203,4,0,15,2025-03-23 08:25:00.000,,,2025-03-23 08:25:48.922,2025-03-23 08:25:48.922,15,1.0555556,10.77,0.72,UTC+0100,NA9l677+ml,com.sec.android.app.shealth,2025-03-23 08:26:00.000,1c264291-0d46-4e55-a35a-4790a853f792,
9143,4,0,14,2025-03-23 08:26:00.000,,,2025-03-23 08:29:51.767,2025-03-23 08:26:13.202,14,1.0969466,10.03,0.65,UTC+0100,NA9l677+ml,com.sec.android.app.shealth,2025-03-23 08:27:00.000,ff06ba28-7046-4c8f-a9e6-cfc0ab24a3f5,
17883,4,0,26,2025-03-23 08:28:00.000,,,2025-03-23 08:29:51.876,2025-03-23 08:29:51.876,26,1.0277778,18.38,1.34,UTC+0100,NA9l677+ml,com.sec.android.app.shealth,2025-03-23 08:29:00.000,f7cbef92-6c27-4d85-8f12-e16303ef5ce9,
15919,4,0,25,2025-03-23 08:29:00.000,,,2025-03-23 08:29:51.929,2025-03-23 08:29:51.929,25,1.1388888,18.13,1.13,UTC+0100,NA9l677+ml,com.sec.android.app.shealth,2025-03-23 08:30:00.000,6ae0255f-1d14-4914-82ef-30bb6a7a93a3,
15772,4,0,29,2025-03-23 08:33:00.000,,,2025-03-23 08:34:00.028,2025-03-23 08:33:41.793,29,1.3872635,21.880001,1.27,UTC+0100,NA9l677+ml,com.sec.android.app.shealth,2025-03-23 08:34:00.000,80211cc1-dfa9-4323-86fa-c43377b48ef3,
11725,4,0,24,2025-03-23 08:34:00.000,,,2025-03-23 08:34:59.022,2025-03-23 08:34:00.629,24,1.5828458,18.56,1.0999999,UTC+0100,NA9l677+ml,com.sec.android.app.shealth,2025-03-23 08:35:00.000,32d02686-01a1-42d3-9c11-28db53c057d7,
6461,4,0,10,2025-03-23 08:36:00.000,,,2025-03-23 08:38:06.871,2025-03-23 08:38:06.871,10,1.0555556,6.82,0.48,UTC+0100,NA9l677+ml,com.sec.android.app.shealth,2025-03-23 08:37:00.000,0b66aefb-91a4-479c-a24a-2630ae6b62e6,
12466,4,0,24,2025-03-23 08:37:00.000,,,2025-03-23 08:38:06.949,2025-03-23 08:38:06.949,24,1.5,18.7,0.99,UTC+0100,NA9l677+ml,com.sec.android.app.shealth,2025-03-23 08:38:00.000,df8e248d-52f9-47af-afed-adf6b7dd3764,
17908,4,5,28,2025-03-23 08:38:00.000,,,2025-03-23 08:39:38.550,2025-03-23 08:38:24.737,33,1.418861,25.41,1.77,UTC+0100,NA9l677+ml,com.sec.android.app.shealth,2025-03-23 08:39:00.000,2c429aae-2d07-4b6a-9e44-8d9b5e459bb3,
11915,4,0,22,2025-03-23 08:39:00.000,,,2025-03-23 08:39:38.654,2025-03-23 08:39:38.654,22,1.4166666,16.88,0.91,UTC+0100,NA9l677+ml,com.sec.android.app.shealth,2025-03-23 08:40:00.000,ec4431fc-17a1-4bc7-b0d9-07603628f5fc,
43031,4,0,79,2025-03-23 09:18:00.000,,,2025-03-23 09:20:07.114,2025-03-23 09:18:27.783,79,1.3913051,59.87,3.2400002,UTC+0100,NA9l677+ml,com.sec.android.app.shealth,2025-03-23 09:19:00.000,84a9ac5e-fb12-480a-8a57-e5b9d245f187,
29604,4,0,55,2025-03-23 09:19:00.000,,,2025-03-23 09:20:07.233,2025-03-23 09:20:07.233,55,1.4166666,41.94,2.24,UTC+0100,NA9l677+ml,com.sec.android.app.shealth,2025-03-23 09:20:00.000,13bae38f-e843-49f9-937b-cd71d5579c53,
28925,4,2,44,2025-03-23 09:20:00.000,,,2025-03-23 09:27:24.178,2025-03-23 09:20:12.599,46,1.1661133,33.73,2.33,UTC+0100,NA9l677+ml,com.sec.android.app.shealth,2025-03-23 09:21:00.000,f370439d-f4bd-4786-a102-92f81eb142c5,
13067,4,12,23,2025-03-23 09:38:00.000,,,2025-03-23 09:38:41.704,2025-03-23 09:38:27.568,35,2.2017052,28.77,2.18,UTC+0100,NA9l677+ml,com.sec.android.app.shealth,2025-03-23 09:39:00.000,a7982715-9742-42f9-b3cc-9130d18c556c,
8696,4,0,13,2025-03-23 09:41:00.000,,,2025-03-23 09:45:59.213,2025-03-23 09:45:59.213,13,1.0555556,9.18,0.62,UTC+0100,NA9l677+ml,com.sec.android.app.shealth,2025-03-23 09:42:00.000,d5bf18d6-3d21-4a38-b275-ebd35fb40ecf,
7815,4,0,10,2025-03-23 10:03:00.000,,,2025-03-23 10:03:53.617,2025-03-23 10:03:53.617,10,0.8611111,6.73,0.47,UTC+0100,NA9l677+ml,com.sec.android.app.shealth,2025-03-23 10:04:00.000,2c49d694-f959-42fe-b225-3016a58a814d,
5175,4,0,10,2025-03-23 10:05:00.000,,,2025-03-23 10:14:59.802,2025-03-23 10:14:59.802,10,1.5555556,8.05,0.55,UTC+0100,NA9l677+ml,com.sec.android.app.shealth,2025-03-23 10:06:00.000,313f5304-c2f3-4c21-bb2b-2bf21ef5b61c,
10506,4,0,17,2025-03-23 10:23:00.000,,,2025-03-23 10:24:04.951,2025-03-23 10:24:04.951,17,1.1944444,12.55,0.76,UTC+0100,NA9l677+ml,com.sec.android.app.shealth,2025-03-23 10:24:00.000,336fbd9d-2495-4b48-8ed6-502b7447b3fd,
3784,4,0,6,2025-03-23 10:24:00.000,,,2025-03-23 10:24:05.084,2025-03-23 10:24:05.084,6,1.1388888,4.31,0.29,UTC+0100,NA9l677+ml,com.sec.android.app.shealth,2025-03-23 10:25:00.000,b8582843-df68-4f83-8655-9765beaa576e,
6111,4,0,10,2025-03-23 10:42:00.000,,,2025-03-23 10:45:43.359,2025-03-23 10:45:43.359,10,1.1666666,7.13,0.46,UTC+0100,NA9l677+ml,com.sec.android.app.shealth,2025-03-23 10:43:00.000,2bc9fe32-bb61-4210-8551-65aa50bc7b4f,
11377,4,1,22,2025-03-23 12:09:00.000,,,2025-03-23 12:09:55.643,2025-03-23 12:09:53.832,23,1.575008,17.92,1.0600001,UTC+0100,NA9l677+ml,com.sec.android.app.shealth,2025-03-23 12:10:00.000,882a554a-7f31-43b2-9bd0-58adbbebbce4,
28011,4,0,45,2025-03-23 12:10:00.000,,,2025-03-23 12:11:14.414,2025-03-23 12:11:14.414,45,1.1666666,32.68,2.1,UTC+0100,NA9l677+ml,com.sec.android.app.shealth,2025-03-23 12:11:00.000,98f52a1b-5533-4295-8f43-ff002c5967c8,
60000,4,0,106,2025-03-23 12:11:00.000,,,2025-03-23 12:12:11.405,2025-03-23 12:11:14.535,106,1.3185,79.11,4.38,UTC+0100,NA9l677+ml,com.sec.android.app.shealth,2025-03-23 12:12:00.000,d6834944-e1cf-4077-b6d2-097bcca5378a,
14380,4,0,25,2025-03-23 12:12:00.000,,,2025-03-23 12:12:18.974,2025-03-23 12:12:11.517,25,1.284416,18.47,1.0200001,UTC+0100,NA9l677+ml,com.sec.android.app.shealth,2025-03-23 12:13:00.000,6d1499ed-0363-4e45-8190-1e8a341c3196,
20969,4,0,37,2025-03-23 12:45:00.000,,,2025-03-23 12:46:05.585,2025-03-23 12:46:05.585,37,1.3333334,27.96,1.54,UTC+0100,NA9l677+ml,com.sec.android.app.shealth,2025-03-23 12:46:00.000,6dc8d9b4-83e4-46d5-b150-3ee2add0a08c,
7040,4,0,10,2025-03-23 12:47:00.000,,,2025-03-23 12:48:16.940,2025-03-23 12:48:16.940,10,1.0,7.04,0.46,UTC+0100,NA9l677+ml,com.sec.android.app.shealth,2025-03-23 12:48:00.000,dd6ca891-432e-47ed-9aa5-32e0ef314f10,
38407,4,0,53,2025-03-23 12:48:00.000,,,2025-03-23 12:49:32.125,2025-03-23 12:48:16.992,53,0.95138735,36.54,2.4399998,UTC+0100,NA9l677+ml,com.sec.android.app.shealth,2025-03-23 12:49:00.000,58617a76-4110-42c7-a515-f9365646a918,
32589,4,0,50,2025-03-23 12:49:00.000,,,2025-03-23 12:54:59.804,2025-03-23 12:49:32.248,50,1.0914704,35.57,2.21,UTC+0100,NA9l677+ml,com.sec.android.app.shealth,2025-03-23 12:50:00.000,8a255340-19fc-4011-8612-8615aa7590bc,
7332,4,3,10,2025-03-23 12:50:00.000,,,2025-03-23 12:54:59.925,2025-03-23 12:54:59.925,13,1.3611112,9.98,0.89,UTC+0100,NA9l677+ml,com.sec.android.app.shealth,2025-03-23 12:51:00.000,18b9d38d-d342-4630-82f3-61ddab756d52,
12591,4,0,20,2025-03-23 12:51:00.000,,,2025-03-23 12:54:59.960,2025-03-23 12:54:59.960,20,1.1388888,14.34,0.95,UTC+0100,NA9l677+ml,com.sec.android.app.shealth,2025-03-23 12:52:00.000,6a2ee43e-200e-4053-8c11-53d244713793,
12687,4,0,17,2025-03-23 12:54:00.000,,,2025-03-23 12:54:59.998,2025-03-23 12:54:59.998,17,0.9166667,11.63,0.77,UTC+0100,NA9l677+ml,com.sec.android.app.shealth,2025-03-23 12:55:00.000,b8203de4-41fc-49d7-af38-8d622984f24b,
4266,4,0,12,2025-03-23 13:09:00.000,,,2025-03-23 13:10:40.092,2025-03-23 13:10:40.092,12,2.4166667,10.31,0.57,UTC+0100,NA9l677+ml,com.sec.android.app.shealth,2025-03-23 13:10:00.000,931f386e-7907-4d10-8a44-1cc506fe8ddb,
11307,4,0,19,2025-03-23 13:10:00.000,,,2025-03-23 13:10:40.136,2025-03-23 13:10:40.136,19,1.2222222,13.82,0.8,UTC+0100,NA9l677+ml,com.sec.android.app.shealth,2025-03-23 13:11:00.000,26713f57-af38-4d9c-81e1-b9f366641099,
22500,4,0,38,2025-03-23 13:11:00.000,,,2025-03-23 13:12:31.598,2025-03-23 13:12:31.598,38,1.2222222,27.5,1.68,UTC+0100,NA9l677+ml,com.sec.android.app.shealth,2025-03-23 13:12:00.000,e5db6699-c4ab-4c52-b631-634f472e1cb2,
19959,4,0,33,2025-03-23 13:12:00.000,,,2025-03-23 13:13:30.636,2025-03-23 13:13:30.636,33,1.1944444,23.84,1.46,UTC+0100,NA9l677+ml,com.sec.android.app.shealth,2025-03-23 13:13:00.000,95002800-ab5c-4d44-a4b5-64a2adec2a57,
21564,4,0,34,2025-03-23 13:13:00.000,,,2025-03-23 13:13:30.737,2025-03-23 13:13:30.737,34,1.1388888,24.56,1.5,UTC+0100,NA9l677+ml,com.sec.android.app.shealth,2025-03-23 13:14:00.000,775a3d27-9918-41df-82f2-39f79238454b,
6879,4,0,12,2025-03-23 13:14:00.000,,,2025-03-23 13:14:59.804,2025-03-23 13:14:59.804,12,1.2777778,8.79,0.5,UTC+0100,NA9l677+ml,com.sec.android.app.shealth,2025-03-23 13:15:00.000,89e81505-541d-4536-82a8-8f960a71ad8e,
48029,4,0,76,2025-03-23 13:15:00.000,,,2025-03-23 13:15:51.400,2025-03-23 13:15:51.400,76,1.1388888,54.7,4.12,UTC+0100,NA9l677+ml,com.sec.android.app.shealth,2025-03-23 13:16:00.000,af15f7fb-50ad-4218-9f8f-e06b1ee0830b,
17707,4,0,24,2025-03-23 13:16:00.000,,,2025-03-23 13:19:57.326,2025-03-23 13:16:33.383,24,0.92503273,16.38,1.15,UTC+0100,NA9l677+ml,com.sec.android.app.shealth,2025-03-23 13:17:00.000,5f151629-89a6-47bd-9c4e-67a054e966e3,
2334,4,0,3,2025-03-23 13:17:00.000,,,2025-03-23 13:19:57.412,2025-03-23 13:19:57.412,3,0.8611111,2.01,0.15,UTC+0100,NA9l677+ml,com.sec.android.app.shealth,2025-03-23 13:18:00.000,4f5601c3-4ede-4c27-adc6-2bf353d628d8,
21820,4,0,31,2025-03-23 13:18:00.000,,,2025-03-23 13:19:57.469,2025-03-23 13:19:57.469,31,1.0,21.82,1.38,UTC+0100,NA9l677+ml,com.sec.android.app.shealth,2025-03-23 13:19:00.000,d1cbecae-bab6-4f2b-957f-1599690e9642,
13956,4,0,27,2025-03-23 13:19:00.000,,,2025-03-23 13:19:57.500,2025-03-23 13:19:57.500,27,1.4444444,20.16,1.37,UTC+0100,NA9l677+ml,com.sec.android.app.shealth,2025-03-23 13:20:00.000,40d976ae-000d-4e86-8521-ba1f0b14e7c1,
25161,4,0,36,2025-03-23 13:20:00.000,,,2025-03-23 13:23:07.296,2025-03-23 13:20:34.089,36,0.9951593,25.039999,1.78,UTC+0100,NA9l677+ml,com.sec.android.app.shealth,2025-03-23 13:21:00.000,ab3a81e5-7022-45f5-a35c-66137877def7,
42510,4,0,59,2025-03-23 13:22:00.000,,,2025-03-23 13:23:07.394,2025-03-23 13:23:07.394,59,0.9722222,41.33,2.67,UTC+0100,NA9l677+ml,com.sec.android.app.shealth,2025-03-23 13:23:00.000,a64b84fd-7729-48db-8b60-d7be172fdbf7,
21946,4,0,34,2025-03-23 13:23:00.000,,,2025-03-23 13:25:29.885,2025-03-23 13:23:07.452,34,1.1208869,24.599998,1.6400001,UTC+0100,NA9l677+ml,com.sec.android.app.shealth,2025-03-23 13:24:00.000,88975eb5-3c7d-486b-92e0-410c71cdaf49,
7806,4,0,11,2025-03-23 13:24:00.000,,,2025-03-23 13:25:29.963,2025-03-23 13:25:29.963,11,0.9722222,7.59,0.48,UTC+0100,NA9l677+ml,com.sec.android.app.shealth,2025-03-23 13:25:00.000,02b8faae-61f2-4cd5-82ff-7d0d92daff17,
19873,4,0,30,2025-03-23 13:25:00.000,,,2025-03-23 13:33:28.021,2025-03-23 13:25:30.037,30,1.0833333,21.529999,1.41,UTC+0100,NA9l677+ml,com.sec.android.app.shealth,2025-03-23 13:26:00.000,26f18254-a55f-443a-95c4-c43775222b95,
7491,4,0,12,2025-03-23 13:26:00.000,,,2025-03-23 13:33:28.148,2025-03-23 13:33:28.148,12,1.1666666,8.74,0.52,UTC+0100,NA9l677+ml,com.sec.android.app.shealth,2025-03-23 13:27:00.000,57baf5d7-68be-4a40-befc-2e5d334d8487,
8991,4,0,14,2025-03-23 13:27:00.000,,,2025-03-23 13:33:28.196,2025-03-23 13:33:28.196,14,1.1111112,9.99,0.59,UTC+0100,NA9l677+ml,com.sec.android.app.shealth,2025-03-23 13:28:00.000,f6121563-f627-4b05-9d92-deaa72e424db,
18720,4,0,29,2025-03-23 13:28:00.000,,,2025-03-23 13:33:28.238,2025-03-23 13:33:28.238,29,1.111111,20.8,1.36,UTC+0100,NA9l677+ml,com.sec.android.app.shealth,2025-03-23 13:29:00.000,63e17489-840a-4086-bcc3-9fb57384b2de,
7910,4,0,12,2025-03-23 13:35:00.000,,,2025-03-23 13:37:34.722,2025-03-23 13:37:34.722,12,1.0833334,8.57,0.54,UTC+0100,NA9l677+ml,com.sec.android.app.shealth,2025-03-23 13:36:00.000,fd441767-d63e-46b2-aa02-b0485e2bd44f,
15746,4,0,27,2025-04-13 15:20:00.000,,,2025-04-13 15:23:04.133,2025-04-13 15:23:04.133,27,1.2777778,20.12,1.27,UTC+0200,NA9l677+ml,com.sec.android.app.shealth,2025-04-13 15:21:00.000,5ba46598-8abd-4e71-a9c8-ddaf4839396e,
14165,4,0,25,2025-04-13 21:01:00.000,,,2025-04-13 21:02:02.594,2025-04-13 21:02:02.594,25,1.2777778,18.1,1.31,UTC+0200,NA9l677+ml,com.sec.android.app.shealth,2025-04-13 21:02:00.000,0de6cd2b-958f-4b33-88c8-1c55d39cb24b,
7910,4,0,14,2025-04-22 14:38:00.000,,,2025-04-22 14:39:00.018,2025-04-22 14:38:55.357,14,1.3213387,10.452613,0.62833875,UTC+0200,64Z1605Zgy,com.sec.android.app.shealth,2025-04-22 14:39:00.000,a4fdb928-c7e3-4239-afef-a45f0a2fefda,
10515,4,0,19,2025-04-22 14:39:00.000,,,2025-04-22 14:39:11.705,2025-04-22 14:39:00.980,19,1.3618994,14.321347,0.8489036,UTC+0200,64Z1605Zgy,com.sec.android.app.shealth,2025-04-22 14:40:00.000,63ff4717-2a05-450a-934f-8db28dd7da27,
7197,4,0,14,2025-04-24 16:50:00.000,,,2025-04-24 16:50:29.542,2025-04-24 16:50:29.542,14,1.4940765,10.753983,0.62133104,UTC+0200,64Z1605Zgy,com.sec.android.app.shealth,2025-04-24 16:51:00.000,55403cb2-e73c-4030-b105-03e98967467c,
51105,4,0,95,2025-04-24 03:37:00.000,,,2025-04-24 03:38:27.206,2025-04-24 03:38:27.206,95,1.4166666,72.4,3.94,UTC+0200,NA9l677+ml,com.sec.android.app.shealth,2025-04-24 03:38:00.000,13dc5b51-5843-4139-b57c-17532716422f,
46522,4,0,81,2025-04-24 03:38:00.000,,,2025-04-24 03:47:52.256,2025-04-24 03:38:27.299,81,1.2903514,60.03,3.49,UTC+0200,NA9l677+ml,com.sec.android.app.shealth,2025-04-24 03:39:00.000,bcc47f25-788e-4072-aea1-12e1b3430e27,
60000,4,0,112,2025-04-24 03:39:00.000,,,2025-04-24 03:47:52.363,2025-04-24 03:47:52.363,112,1.4178332,85.07,4.48,UTC+0200,NA9l677+ml,com.sec.android.app.shealth,2025-04-24 03:40:00.000,cec89487-83b6-48c0-9aad-ac0527a4786f,
44722,4,0,78,2025-04-24 03:40:00.000,,,2025-04-24 03:47:52.459,2025-04-24 03:47:52.459,78,1.3333334,59.63,3.61,UTC+0200,NA9l677+ml,com.sec.android.app.shealth,2025-04-24 03:41:00.000,590baf9e-c9ce-4396-ab49-414458c5a280,
60000,4,0,109,2025-04-24 03:43:00.000,,,2025-04-24 03:47:52.563,2025-04-24 03:47:52.563,109,1.352,81.12,4.59,UTC+0200,NA9l677+ml,com.sec.android.app.shealth,2025-04-24 03:44:00.000,26eae7ae-ada0-4e23-af53-8e0fe26cace6,
60000,4,0,113,2025-04-24 03:44:00.000,,,2025-04-24 03:47:52.617,2025-04-24 03:47:52.617,113,1.4330001,85.98,4.52,UTC+0200,NA9l677+ml,com.sec.android.app.shealth,2025-04-24 03:45:00.000,9e4a668d-7af1-413e-94ad-a1d9ef5a9787,
50297,4,0,91,2025-04-24 03:45:00.000,,,2025-04-24 03:47:52.650,2025-04-24 03:47:52.650,91,1.3611112,68.46,3.75,UTC+0200,NA9l677+ml,com.sec.android.app.shealth,2025-04-24 03:46:00.000,0a181607-7722-40b0-9061-5599e014dce3,
44948,4,0,81,2025-04-24 03:46:00.000,,,2025-04-24 03:47:52.689,2025-04-24 03:47:52.689,81,1.3611112,61.18,3.35,UTC+0200,NA9l677+ml,com.sec.android.app.shealth,2025-04-24 03:47:00.000,4d023cc5-254a-4d7f-8d66-2b31a0ed8f47,
14076,4,0,27,2025-04-24 03:47:00.000,,,2025-04-24 03:48:20.281,2025-04-24 03:47:52.723,27,1.4641675,20.61,1.18,UTC+0200,NA9l677+ml,com.sec.android.app.shealth,2025-04-24 03:48:00.000,bed48b7e-8429-4e3b-8c22-f6245ff5fadf,
23390,4,0,36,2025-04-24 03:48:00.000,,,2025-04-24 03:50:34.761,2025-04-24 03:50:34.761,36,1.0833333,25.34,1.77,UTC+0200,NA9l677+ml,com.sec.android.app.shealth,2025-04-24 03:49:00.000,0a4739fc-1aa1-4372-8f35-555ad88067d4,
7995,4,0,12,2025-04-24 03:51:00.000,,,2025-04-24 03:54:16.231,2025-04-24 03:54:16.231,12,1.0555556,8.44,0.54,UTC+0200,NA9l677+ml,com.sec.android.app.shealth,2025-04-24 03:52:00.000,12f34fde-7ec0-4eef-b50f-f79ec8ca90db,
53632,4,0,94,2025-04-24 03:54:00.000,,,2025-04-24 03:55:00.090,2025-04-24 03:54:16.342,94,1.3036815,69.92,3.8999996,UTC+0200,NA9l677+ml,com.sec.android.app.shealth,2025-04-24 03:55:00.000,ec8ab299-2800-456c-9825-75e25930dd55,
60000,4,0,107,2025-04-24 03:55:00.000,,,2025-04-24 04:05:54.444,2025-04-24 04:05:54.444,107,1.3178333,79.07,4.28,UTC+0200,NA9l677+ml,com.sec.android.app.shealth,2025-04-24 03:56:00.000,78a74327-7f23-4c79-8b20-60f6dbea893c,
60000,4,0,107,2025-04-24 03:56:00.000,,,2025-04-24 04:05:54.492,2025-04-24 04:05:54.492,107,1.3213333,79.28,4.28,UTC+0200,NA9l677+ml,com.sec.android.app.shealth,2025-04-24 03:57:00.000,dac08070-db85-4b8d-9995-be8961befa63,
60000,4,0,109,2025-04-24 03:57:00.000,,,2025-04-24 04:05:54.552,2025-04-24 04:05:54.552,109,1.3806666,82.84,4.42,UTC+0200,NA9l677+ml,com.sec.android.app.shealth,2025-04-24 03:58:00.000,deb163b5-8034-4b8e-91c7-8005153babe3,
60000,4,0,110,2025-04-24 03:58:00.000,,,2025-04-24 04:05:54.599,2025-04-24 04:05:54.599,110,1.3930001,83.58,4.4,UTC+0200,NA9l677+ml,com.sec.android.app.shealth,2025-04-24 03:59:00.000,13f89409-11bc-491a-a005-67fbde2d5a88,
44084,4,0,78,2025-04-24 03:59:00.000,,,2025-04-24 04:05:54.641,2025-04-24 04:05:54.641,78,1.3333334,58.78,3.21,UTC+0200,NA9l677+ml,com.sec.android.app.shealth,2025-04-24 04:00:00.000,b5b0f995-d09e-4a35-a84b-7839fd94cb48,
58444,4,0,105,2025-04-24 04:00:00.000,,,2025-04-24 04:05:54.707,2025-04-24 04:05:54.707,105,1.3611112,79.55,4.31,UTC+0200,NA9l677+ml,com.sec.android.app.shealth,2025-04-24 04:01:00.000,6c7dfabe-d8ce-4e28-be9f-7ce9977498b1,
33839,4,0,56,2025-04-24 04:01:00.000,,,2025-04-24 04:05:54.748,2025-04-24 04:05:54.748,56,1.1944444,40.42,2.43,UTC+0200,NA9l677+ml,com.sec.android.app.shealth,2025-04-24 04:02:00.000,170e15fe-8b16-4d60-ae8a-81b90cfc1962,
1345,4,0,2,2025-04-24 04:02:00.000,,,2025-04-24 04:05:54.783,2025-04-24 04:05:54.783,2,1.0555555,1.42,0.08,UTC+0200,NA9l677+ml,com.sec.android.app.shealth,2025-04-24 04:03:00.000,3c720273-67e8-4b1a-a0f6-65a2f5581495,
7811,4,0,13,2025-04-24 04:03:00.000,,,2025-04-24 04:05:54.888,2025-04-24 04:05:54.888,13,1.1944444,9.33,0.55,UTC+0200,NA9l677+ml,com.sec.android.app.shealth,2025-04-24 04:04:00.000,af83ed89-9d55-413f-bcb4-fe7bd85f7a73,
6545,4,0,11,2025-04-24 04:04:00.000,,,2025-04-24 04:05:54.957,2025-04-24 04:05:54.957,11,1.2222222,8.0,0.46,UTC+0200,NA9l677+ml,com.sec.android.app.shealth,2025-04-24 04:05:00.000,ae188ce0-05f1-4ccf-8998-1f8aeb092417,
20177,4,0,35,2025-04-24 04:05:00.000,,,2025-04-24 04:07:00.979,2025-04-24 04:05:55.001,35,1.2861092,25.95,1.5,UTC+0200,NA9l677+ml,com.sec.android.app.shealth,2025-04-24 04:06:00.000,9484631c-6563-43be-9836-90ef4a3b417f,
34192,4,0,63,2025-04-24 04:06:00.000,,,2025-04-24 04:07:01.103,2025-04-24 04:07:01.103,63,1.3888888,47.49,2.76,UTC+0200,NA9l677+ml,com.sec.android.app.shealth,2025-04-24 04:07:00.000,a63c3060-2580-4ddd-aa2a-805c3d1cdb7e,
19936,4,0,34,2025-04-24 04:20:00.000,,,2025-04-24 04:31:38.107,2025-04-24 04:31:38.107,34,1.25,24.92,1.45,UTC+0200,NA9l677+ml,com.sec.android.app.shealth,2025-04-24 04:21:00.000,b38dec8b-cc2f-46c7-a768-792fafe40b81,
16896,4,0,29,2025-04-24 04:21:00.000,,,2025-04-24 04:31:38.195,2025-04-24 04:31:38.195,29,1.2777778,21.59,1.47,UTC+0200,NA9l677+ml,com.sec.android.app.shealth,2025-04-24 04:22:00.000,6f32bc93-6ae5-46d8-b47c-a9e2081cd469,
22336,4,0,38,2025-04-24 04:23:00.000,,,2025-04-24 04:31:38.234,2025-04-24 04:31:38.234,38,1.25,27.92,1.62,UTC+0200,NA9l677+ml,com.sec.android.app.shealth,2025-04-24 04:24:00.000,19c85755-87ce-4636-8b66-866d76a0b64a,
44050,4,0,63,2025-04-24 04:31:00.000,,,2025-04-24 04:35:00.105,2025-04-24 04:31:38.265,63,1.0020369,44.14,2.76,UTC+0200,NA9l677+ml,com.sec.android.app.shealth,2025-04-24 04:32:00.000,f506bb18-382c-44ba-8cad-366e511cfe62,
8906,4,0,16,2025-04-24 04:32:00.000,,,2025-04-24 04:35:00.216,2025-04-24 04:35:00.216,16,1.3888887,12.37,0.61,UTC+0200,NA9l677+ml,com.sec.android.app.shealth,2025-04-24 04:33:00.000,3a456093-747b-4590-a90e-997fe9631f0b,
9383,4,0,12,2025-04-24 04:34:00.000,,,2025-04-24 04:35:00.251,2025-04-24 04:35:00.251,12,0.86111116,8.08,0.61,UTC+0200,NA9l677+ml,com.sec.android.app.shealth,2025-04-24 04:35:00.000,992e479d-bd2e-49fb-88d9-f6d09c7de173,
9288,4,0,17,2025-04-24 06:39:00.000,,,2025-04-24 06:53:25.236,2025-04-24 06:53:25.236,17,1.3888888,12.9,0.76,UTC+0200,NA9l677+ml,com.sec.android.app.shealth,2025-04-24 06:40:00.000,857a74fd-d19e-4c82-afdd-b531dda0797b,
5392,4,0,10,2025-04-24 06:40:00.000,,,2025-04-24 06:53:25.544,2025-04-24 06:53:25.544,10,1.4166666,7.64,0.43,UTC+0200,NA9l677+ml,com.sec.android.app.shealth,2025-04-24 06:41:00.000,81d29383-d57a-4a15-bc23-4a7887ad7649,
23326,4,0,39,2025-04-24 06:41:00.000,,,2025-04-24 06:53:25.563,2025-04-24 06:53:25.563,39,1.2222222,28.51,1.62,UTC+0200,NA9l677+ml,com.sec.android.app.shealth,2025-04-24 06:42:00.000,3e45b4b8-69d5-4be2-a8f1-1be2dd2b4f6a,
50073,4,0,82,2025-04-24 06:52:00.000,,,2025-04-24 06:53:25.578,2025-04-24 06:53:25.578,82,1.1944444,59.81,3.71,UTC+0200,NA9l677+ml,com.sec.android.app.shealth,2025-04-24 06:53:00.000,9e435578-cf5b-43ba-b16c-d78ca7b0ff4e,
9870,4,0,14,2025-04-24 06:53:00.000,,,2025-04-24 06:53:25.603,2025-04-24 06:53:25.603,14,1.0,9.87,0.68,UTC+0200,NA9l677+ml,com.sec.android.app.shealth,2025-04-24 06:54:00.000,b01eb9e3-830e-4831-8a26-b67f9a821746,
51608,4,0,88,2025-04-24 06:54:00.000,,,2025-04-24 06:55:00.100,2025-04-24 06:55:00.100,88,1.25,64.51,3.6,UTC+0200,NA9l677+ml,com.sec.android.app.shealth,2025-04-24 06:55:00.000,ecbde82f-c3f8-4bec-8936-8843484e85c8,
35577,4,0,55,2025-04-24 06:55:00.000,,,2025-04-24 06:58:52.133,2025-04-24 06:58:52.133,55,1.111111,39.53,2.39,UTC+0200,NA9l677+ml,com.sec.android.app.shealth,2025-04-24 06:56:00.000,446f911f-48f1-4480-8ba1-b7a13c9d06aa,
60000,4,0,99,2025-04-24 06:56:00.000,,,2025-04-24 06:58:52.295,2025-04-24 06:58:52.295,99,1.2025,72.15,4.14,UTC+0200,NA9l677+ml,com.sec.android.app.shealth,2025-04-24 06:57:00.000,8eaff0cd-0b42-4977-aa99-d36fbd325ff0,
48272,4,0,81,2025-04-24 06:57:00.000,,,2025-04-24 06:58:52.380,2025-04-24 06:58:52.380,81,1.2222222,59.0,3.32,UTC+0200,NA9l677+ml,com.sec.android.app.shealth,2025-04-24 06:58:00.000,d563c931-e09a-47b7-afb0-4145a56feed0,
35133,4,0,54,2025-04-24 06:58:00.000,,,2025-04-24 07:05:53.897,2025-04-24 06:58:52.417,54,1.104659,38.81,2.45,UTC+0200,NA9l677+ml,com.sec.android.app.shealth,2025-04-24 06:59:00.000,017f3b4e-a81f-4ac0-961d-e6771bf27deb,
16252,4,0,26,2025-04-24 06:59:00.000,,,2025-04-24 07:05:54.066,2025-04-24 07:05:54.066,26,1.1388888,18.51,1.31,UTC+0200,NA9l677+ml,com.sec.android.app.shealth,2025-04-24 07:00:00.000,5f7bb186-f660-4b05-a428-c7060549fe1b,
18768,4,0,32,2025-04-24 07:17:00.000,,,2025-04-24 07:21:53.158,2025-04-24 07:21:53.158,32,1.25,23.46,1.38,UTC+0200,NA9l677+ml,com.sec.android.app.shealth,2025-04-24 07:18:00.000,faf7e9dc-c672-408b-999a-edaa9f816abe,
49335,4,0,87,2025-04-24 07:18:00.000,,,2025-04-24 07:21:53.199,2025-04-24 07:21:53.199,87,1.3055556,64.41,3.57,UTC+0200,NA9l677+ml,com.sec.android.app.shealth,2025-04-24 07:19:00.000,77ea2aba-0f67-4607-9645-a89ecf82a2cd,
50054,4,0,93,2025-04-24 07:20:00.000,,,2025-04-24 07:21:53.443,2025-04-24 07:21:53.443,93,1.4166666,70.91,3.97,UTC+0200,NA9l677+ml,com.sec.android.app.shealth,2025-04-24 07:21:00.000,888b5f08-faf5-43c7-bf38-1df9cebdbfba,
57745,4,0,103,2025-04-24 07:21:00.000,,,2025-04-24 07:21:59.443,2025-04-24 07:21:53.525,103,1.3337748,77.02003,4.2699995,UTC+0200,NA9l677+ml,com.sec.android.app.shealth,2025-04-24 07:22:00.000,4683f044-eb68-433b-a0de-09fb5907d677,
60000,4,0,110,2025-04-24 07:22:00.000,,,2025-04-24 07:35:00.117,2025-04-24 07:22:00.061,110,1.3885,83.31,4.4500003,UTC+0200,NA9l677+ml,com.sec.android.app.shealth,2025-04-24 07:23:00.000,b2425c81-d29a-4a70-91ce-73e5c73851fe,
39217,4,0,69,2025-04-24 07:23:00.000,,,2025-04-24 07:35:00.198,2025-04-24 07:35:00.198,69,1.3055556,51.2,2.83,UTC+0200,NA9l677+ml,com.sec.android.app.shealth,2025-04-24 07:24:00.000,67dc69fe-e6b1-42ab-9320-2ddd00121ab5,
10187,4,0,18,2025-04-24 07:24:00.000,,,2025-04-24 07:35:00.272,2025-04-24 07:35:00.272,18,1.3055556,13.3,0.76,UTC+0200,NA9l677+ml,com.sec.android.app.shealth,2025-04-24 07:25:00.000,bec9d385-ab9b-40c6-8091-d0b97528db7d,
29888,4,0,49,2025-04-24 07:25:00.000,,,2025-04-24 07:35:00.305,2025-04-24 07:35:00.305,49,1.1944444,35.7,2.25,UTC+0200,NA9l677+ml,com.sec.android.app.shealth,2025-04-24 07:26:00.000,df04215d-21e3-45b0-83f2-810bf8ded59f,
41022,4,0,66,2025-04-24 07:26:00.000,,,2025-04-24 07:35:00.336,2025-04-24 07:35:00.336,66,1.1666666,47.86,2.82,UTC+0200,NA9l677+ml,com.sec.android.app.shealth,2025-04-24 07:27:00.000,fec4f7ab-5b5b-445a-bbcd-1281ce876954,
31748,4,0,51,2025-04-24 07:27:00.000,,,2025-04-24 07:35:00.367,2025-04-24 07:35:00.367,51,1.1666666,37.04,2.33,UTC+0200,NA9l677+ml,com.sec.android.app.shealth,2025-04-24 07:28:00.000,c48cc76a-d8ef-4e33-9782-43f59b98193d,
20182,4,0,26,2025-04-24 07:37:00.000,,,2025-04-24 07:54:52.381,2025-04-24 07:54:52.381,26,0.8888889,17.94,1.23,UTC+0200,NA9l677+ml,com.sec.android.app.shealth,2025-04-24 07:38:00.000,c96f1dae-db01-4534-b110-4503f07a764d,
7803,4,0,10,2025-04-24 07:55:00.000,,,2025-04-24 08:15:00.184,2025-04-24 08:15:00.184,10,0.8611111,6.72,0.55,UTC+0200,NA9l677+ml,com.sec.android.app.shealth,2025-04-24 07:56:00.000,92fda32c-f9a6-4903-8c8e-27e5d66b2f35,
7803,4,0,10,2025-04-24 07:59:00.000,,,2025-04-24 08:15:00.224,2025-04-24 08:15:00.224,10,0.8611111,6.72,0.47,UTC+0200,NA9l677+ml,com.sec.android.app.shealth,2025-04-24 08:00:00.000,19cd24f1-e496-4e3f-b8ad-210fab452cb8,
7056,4,0,11,2025-04-24 08:06:00.000,,,2025-04-24 08:15:00.262,2025-04-24 08:15:00.262,11,1.1111112,7.84,0.47,UTC+0200,NA9l677+ml,com.sec.android.app.shealth,2025-04-24 08:07:00.000,12bd1cf8-6f71-4ef1-8395-25d47c249229,
9976,4,0,17,2025-04-24 11:47:00.000,,,2025-04-24 11:47:14.475,2025-04-24 11:47:14.475,17,1.25,12.47,0.72,UTC+0200,NA9l677+ml,com.sec.android.app.shealth,2025-04-24 11:48:00.000,29339153-d595-4299-ac0b-80bea2c17bfa,
6772,4,0,15,2025-04-24 13:07:00.000,,,2025-04-24 13:15:00.100,2025-04-24 13:15:00.100,15,1.7777778,12.04,0.57,UTC+0200,NA9l677+ml,com.sec.android.app.shealth,2025-04-24 13:08:00.000,0a498c6e-31ee-463e-b7ee-bd97dae7213a,
6720,4,0,10,2025-04-24 14:58:00.000,,,2025-04-24 15:15:00.120,2025-04-24 15:15:00.120,10,1.0,6.72,0.64,UTC+0200,NA9l677+ml,com.sec.android.app.shealth,2025-04-24 14:59:00.000,7b1138d3-cc75-4503-bdfe-1b8fe0786f37,
7710,4,0,11,2025-04-24 14:59:00.000,,,2025-04-24 15:15:00.258,2025-04-24 15:15:00.258,11,1.0,7.71,0.6,UTC+0200,NA9l677+ml,com.sec.android.app.shealth,2025-04-24 15:00:00.000,5842316d-03df-4973-93c2-cb9616823444,
15572,4,0,25,2025-04-24 15:01:00.000,,,2025-04-24 15:15:00.326,2025-04-24 15:15:00.326,25,1.1944444,18.6,1.08,UTC+0200,NA9l677+ml,com.sec.android.app.shealth,2025-04-24 15:02:00.000,7702806b-bfba-4d59-bed1-a501651d7488,
12914,4,0,23,2025-04-24 15:49:00.000,,,2025-04-24 15:51:10.253,2025-04-24 15:51:10.253,23,1.3055556,16.86,1.03,UTC+0200,NA9l677+ml,com.sec.android.app.shealth,2025-04-24 15:50:00.000,6012feab-879c-4180-ac55-1816548a0f96,
26390,4,0,43,2025-04-24 16:44:00.000,,,2025-04-24 16:50:28.311,2025-04-24 16:44:55.683,43,1.1977767,31.61,1.8499999,UTC+0200,NA9l677+ml,com.sec.android.app.shealth,2025-04-24 16:45:00.000,956f3d84-f009-48fc-a606-098b810fff06,
60000,4,0,111,2025-04-24 16:45:00.000,,,2025-04-24 16:50:28.369,2025-04-24 16:50:28.369,111,1.4003333,84.02,4.52,UTC+0200,NA9l677+ml,com.sec.android.app.shealth,2025-04-24 16:46:00.000,8ccc8c95-d96d-481b-b830-0547696d55d4,
60000,4,0,108,2025-04-24 16:46:00.000,,,2025-04-24 16:50:28.413,2025-04-24 16:50:28.413,108,1.3486665,80.92,4.34,UTC+0200,NA9l677+ml,com.sec.android.app.shealth,2025-04-24 16:47:00.000,b2671efa-78d2-4004-8d01-4eda6cac9928,
17967,4,0,30,2025-04-24 16:47:00.000,,,2025-04-24 16:50:28.446,2025-04-24 16:50:28.446,30,1.2222222,21.96,1.31,UTC+0200,NA9l677+ml,com.sec.android.app.shealth,2025-04-24 16:48:00.000,6988e3e9-fdf8-4c47-a817-e846504cfc3d,
6910,4,0,12,2025-04-24 16:49:00.000,,,2025-04-24 16:50:28.479,2025-04-24 16:50:28.479,12,1.2777778,8.83,0.52,UTC+0200,NA9l677+ml,com.sec.android.app.shealth,2025-04-24 16:50:00.000,4468a062-078f-4469-83be-0a20b4082866,
31008,4,0,55,2025-04-24 16:50:00.000,,,2025-04-24 16:51:47.570,2025-04-24 16:50:28.511,55,1.3392972,41.53,2.28,UTC+0200,NA9l677+ml,com.sec.android.app.shealth,2025-04-24 16:51:00.000,77b6a5d2-5c9b-4830-bd2b-bd570da463c8,
9364,4,0,16,2025-04-24 17:05:00.000,,,2025-04-24 17:05:59.412,2025-04-24 17:05:59.412,16,1.3002778,12.176472,0.7126648,UTC+0200,64Z1605Zgy,com.sec.android.app.shealth,2025-04-24 17:06:00.000,06955cf5-3562-465d-8644-68e1a37b16da,
20605,4,0,36,2025-04-24 16:51:00.000,,,2025-04-24 16:53:56.050,2025-04-24 16:51:47.627,36,1.304475,26.880001,1.56,UTC+0200,NA9l677+ml,com.sec.android.app.shealth,2025-04-24 16:52:00.000,d796dbb5-2c43-4f0a-aeab-019ba0964aad,
21188,4,0,39,2025-04-24 16:52:00.000,,,2025-04-24 16:53:56.096,2025-04-24 16:53:56.096,39,1.3611112,28.84,1.79,UTC+0200,NA9l677+ml,com.sec.android.app.shealth,2025-04-24 16:53:00.000,5e84b9a9-df0d-4758-aab5-7c1e9797d361,
7497,4,0,13,2025-04-24 16:56:00.000,,,2025-04-24 17:10:02.579,2025-04-24 17:10:02.579,13,1.2777778,9.58,0.56,UTC+0200,NA9l677+ml,com.sec.android.app.shealth,2025-04-24 16:57:00.000,d29156cc-6a48-4d44-8b2c-f0719c4714a9,
39802,4,0,71,2025-04-24 16:58:00.000,,,2025-04-24 17:10:02.673,2025-04-24 17:10:02.673,71,1.3333334,53.07,2.98,UTC+0200,NA9l677+ml,com.sec.android.app.shealth,2025-04-24 16:59:00.000,0eddbc36-a081-4195-945a-1a936d9f5649,
53077,4,0,95,2025-04-24 16:59:00.000,,,2025-04-24 17:10:02.742,2025-04-24 17:10:02.742,95,1.3333334,70.77,4.13,UTC+0200,NA9l677+ml,com.sec.android.app.shealth,2025-04-24 17:00:00.000,fc24c397-8a47-40a2-ab98-c2e8a5fdd0f4,
3240,4,0,5,2025-04-24 17:00:00.000,,,2025-04-24 17:10:02.815,2025-04-24 17:10:02.815,5,1.1111112,3.6,0.25,UTC+0200,NA9l677+ml,com.sec.android.app.shealth,2025-04-24 17:01:00.000,fb9b0ca1-7ff0-4d0b-902e-0a4e3f3ab5d1,
20592,4,0,35,2025-04-24 17:01:00.000,,,2025-04-24 17:10:02.907,2025-04-24 17:10:02.907,35,1.25,25.74,1.46,UTC+0200,NA9l677+ml,com.sec.android.app.shealth,2025-04-24 17:02:00.000,2581e791-5be3-4385-a03b-b42069c50c1a,
3276,4,0,6,2025-04-24 17:02:00.000,,,2025-04-24 17:10:02.965,2025-04-24 17:10:02.965,6,1.3611112,4.46,0.29,UTC+0200,NA9l677+ml,com.sec.android.app.shealth,2025-04-24 17:03:00.000,6c99c76b-2b08-4a34-95aa-9708f7946ae8,
32768,4,0,53,2025-04-24 17:04:00.000,,,2025-04-24 17:10:03.008,2025-04-24 17:10:03.008,53,1.1666666,38.23,2.25,UTC+0200,NA9l677+ml,com.sec.android.app.shealth,2025-04-24 17:05:00.000,724d6533-2f08-4593-bc77-cdbbff7b45ea,
24439,4,0,41,2025-04-24 17:05:00.000,,,2025-04-24 17:10:03.067,2025-04-24 17:10:03.067,41,1.2222222,29.87,1.83,UTC+0200,NA9l677+ml,com.sec.android.app.shealth,2025-04-24 17:06:00.000,1148b454-f370-4009-bc8f-2afacbbd23ed,
16587,4,0,25,2025-04-24 17:06:00.000,,,2025-04-24 17:10:03.104,2025-04-24 17:10:03.104,25,1.0833334,17.97,1.17,UTC+0200,NA9l677+ml,com.sec.android.app.shealth,2025-04-24 17:07:00.000,b1d65f07-641b-489c-ac06-4545de30922b,
19768,4,0,32,2025-04-24 17:14:00.000,,,2025-04-24 17:14:41.409,2025-04-24 17:14:27.225,32,1.1862606,23.449999,1.43,UTC+0200,NA9l677+ml,com.sec.android.app.shealth,2025-04-24 17:15:00.000,7c758a4e-721a-4e61-9b4e-d1ce29f4d62a,
11830,4,0,24,2025-04-24 17:15:00.000,,,2025-04-24 17:15:43.547,2025-04-24 17:15:43.547,24,1.6111112,19.06,1.01,UTC+0200,NA9l677+ml,com.sec.android.app.shealth,2025-04-24 17:16:00.000,d6b25a76-0ecf-4769-8799-9f2c88de54ca,
14520,4,0,25,2025-04-24 17:17:00.000,,,2025-04-24 17:34:59.522,2025-04-24 17:34:59.522,25,1.25,18.15,1.16,UTC+0200,NA9l677+ml,com.sec.android.app.shealth,2025-04-24 17:18:00.000,700c87c2-3d69-4c43-acb6-c3960565fe02,
7164,4,0,11,2025-04-24 17:41:00.000,,,2025-04-24 17:42:14.055,2025-04-24 17:42:14.055,11,1.1111112,7.96,0.53,UTC+0200,NA9l677+ml,com.sec.android.app.shealth,2025-04-24 17:42:00.000,2563c338-a447-4fba-a845-4d410bbc4d5b,
5923,4,0,13,2025-04-24 17:42:00.000,,,2025-04-24 17:42:39.036,2025-04-24 17:42:39.036,13,1.7777777,10.53,0.47,UTC+0200,NA9l677+ml,com.sec.android.app.shealth,2025-04-24 17:43:00.000,34a5405d-ff52-4e66-b18b-292c30f6bef3,
55922,4,0,98,2025-04-24 17:45:00.000,,,2025-04-24 17:55:00.551,2025-04-24 17:55:00.551,98,1.3055556,73.01,4.09,UTC+0200,NA9l677+ml,com.sec.android.app.shealth,2025-04-24 17:46:00.000,648714cb-0b83-4137-b627-344f7fb3e6af,
56931,4,0,103,2025-04-24 17:46:00.000,,,2025-04-24 17:55:00.640,2025-04-24 17:55:00.640,103,1.3611112,77.49,4.24,UTC+0200,NA9l677+ml,com.sec.android.app.shealth,2025-04-24 17:47:00.000,ec723144-543d-45c0-be1c-e66479081ee1,
3291,4,0,10,2025-04-24 17:47:00.000,,,2025-04-24 17:55:00.677,2025-04-24 17:55:00.677,10,2.6944444,8.87,0.57,UTC+0200,NA9l677+ml,com.sec.android.app.shealth,2025-04-24 17:48:00.000,e44ad5cc-b387-4cee-872c-28f8ee6d886e,
18137,4,0,29,2025-04-24 17:49:00.000,,,2025-04-24 17:55:00.717,2025-04-24 17:55:00.717,29,1.1666666,21.16,1.32,UTC+0200,NA9l677+ml,com.sec.android.app.shealth,2025-04-24 17:50:00.000,6a053b8c-2c12-4db6-acf0-cd1a4890a70c,
7983,4,0,11,2025-04-24 17:50:00.000,,,2025-04-24 17:55:00.750,2025-04-24 17:55:00.750,11,0.9444444,7.54,0.51,UTC+0200,NA9l677+ml,com.sec.android.app.shealth,2025-04-24 17:51:00.000,98c7f2e8-9990-4236-b7e1-0f38268a6336,
9225,4,0,12,2025-04-24 17:53:00.000,,,2025-04-24 17:55:00.786,2025-04-24 17:55:00.786,12,0.88888884,8.2,0.57,UTC+0200,NA9l677+ml,com.sec.android.app.shealth,2025-04-24 17:54:00.000,e4ff21b8-ff7f-4039-a3fc-1518eecf6820,
9096,4,0,14,2025-04-24 17:59:00.000,,,2025-04-24 18:00:38.422,2025-04-24 17:59:25.967,14,1.1092678,10.09,0.6,UTC+0200,NA9l677+ml,com.sec.android.app.shealth,2025-04-24 18:00:00.000,f59933e6-5497-4c0f-ae7a-eb4dbd76e814,
12292,4,0,22,2025-04-24 18:00:00.000,,,2025-04-24 18:02:04.628,2025-04-24 18:02:04.628,22,1.3333334,16.39,0.93,UTC+0200,NA9l677+ml,com.sec.android.app.shealth,2025-04-24 18:01:00.000,c9e67dab-a700-4dee-b15b-beaedf9d6862,
57691,4,0,101,2025-04-24 18:01:00.000,,,2025-04-24 18:02:04.741,2025-04-24 18:02:04.741,101,1.3055556,75.32,4.14,UTC+0200,NA9l677+ml,com.sec.android.app.shealth,2025-04-24 18:02:00.000,d12eebbc-29d6-4b16-b3c1-9d951381977a,
44162,4,0,75,2025-04-24 18:02:00.000,,,2025-04-24 18:08:11.881,2025-04-24 18:02:04.867,75,1.2406595,54.79,4.12,UTC+0200,NA9l677+ml,com.sec.android.app.shealth,2025-04-24 18:03:00.000,12fddde1-10ae-48d5-82e0-1dfe30c90368,
51235,4,0,94,2025-04-24 18:03:00.000,,,2025-04-24 18:08:11.987,2025-04-24 18:08:11.987,94,1.3888888,71.16,3.8,UTC+0200,NA9l677+ml,com.sec.android.app.shealth,2025-04-24 18:04:00.000,1e1f77c1-9da3-4736-920e-00bac654e118,
59875,4,0,110,2025-04-24 18:04:00.000,,,2025-04-24 18:08:12.054,2025-04-24 18:08:12.054,110,1.3888888,83.16,5.2,UTC+0200,NA9l677+ml,com.sec.android.app.shealth,2025-04-24 18:05:00.000,94e23200-8ebc-4c5f-b87d-301633c4591d,
28754,4,0,51,2025-04-24 18:05:00.000,,,2025-04-24 18:08:12.100,2025-04-24 18:08:12.100,51,1.3333334,38.34,2.04,UTC+0200,NA9l677+ml,com.sec.android.app.shealth,2025-04-24 18:06:00.000,11d3ad91-c181-4358-b1b8-dcd395e8e36e,
8649,4,0,13,2025-04-24 18:09:00.000,,,2025-04-24 18:15:00.543,2025-04-24 18:15:00.543,13,1.0555556,9.13,0.57,UTC+0200,NA9l677+ml,com.sec.android.app.shealth,2025-04-24 18:10:00.000,f521d1e0-30f5-4ae0-a2f5-a86f744e2ba2,
13767,4,0,20,2025-04-24 18:22:00.000,,,2025-04-24 18:35:00.542,2025-04-24 18:35:00.542,20,1.0277778,14.15,1.1,UTC+0200,NA9l677+ml,com.sec.android.app.shealth,2025-04-24 18:23:00.000,312d8f15-c446-42b6-baeb-c81aa371736f,
11840,4,0,17,2025-04-24 18:23:00.000,,,2025-04-24 18:35:00.639,2025-04-24 18:35:00.639,17,1.0000001,11.84,0.81,UTC+0200,NA9l677+ml,com.sec.android.app.shealth,2025-04-24 18:24:00.000,64eb160e-8b94-4dac-8641-9bfb8143e6f9,
23604,4,0,34,2025-04-24 18:24:00.000,,,2025-04-24 18:35:00.680,2025-04-24 18:35:00.680,34,1.0277778,24.26,1.63,UTC+0200,NA9l677+ml,com.sec.android.app.shealth,2025-04-24 18:25:00.000,37c1b60f-2058-4543-8f8a-d58b4052b631,
24253,4,0,34,2025-04-24 18:26:00.000,,,2025-04-24 18:35:00.716,2025-04-24 18:35:00.716,34,0.9722222,23.58,1.73,UTC+0200,NA9l677+ml,com.sec.android.app.shealth,2025-04-24 18:27:00.000,785a4a4e-c889-47d1-bcd9-89787acff6ea,
25475,4,0,35,2025-04-24 18:30:00.000,,,2025-04-24 18:35:00.750,2025-04-24 18:35:00.750,35,0.9444444,24.06,1.8,UTC+0200,NA9l677+ml,com.sec.android.app.shealth,2025-04-24 18:31:00.000,6dcebaee-10d8-4dab-877c-e58e41a1a3f3,
13547,4,0,20,2025-04-24 18:36:00.000,,,2025-04-24 18:48:31.434,2025-04-24 18:48:31.434,20,1.0555556,14.3,0.88,UTC+0200,NA9l677+ml,com.sec.android.app.shealth,2025-04-24 18:37:00.000,414308c4-0b1a-4d9e-a925-f45c8031a852,
18260,4,0,26,2025-04-24 18:37:00.000,,,2025-04-24 18:48:31.543,2025-04-24 18:48:31.543,26,1.0000001,18.26,1.25,UTC+0200,NA9l677+ml,com.sec.android.app.shealth,2025-04-24 18:38:00.000,e0a508ca-4d33-466c-a6d2-0fdd2ec2247a,
10230,4,0,13,2025-04-24 18:47:00.000,,,2025-04-24 18:48:31.592,2025-04-24 18:48:31.592,13,0.8611111,8.81,0.62,UTC+0200,NA9l677+ml,com.sec.android.app.shealth,2025-04-24 18:48:00.000,cd6f355b-5525-4129-ad74-2327cc2617ec,
14116,4,0,23,2025-04-25 06:14:00.000,,,2025-04-25 06:15:00.014,2025-04-25 06:14:38.128,23,1.1667258,16.470001,1.02,UTC+0200,NA9l677+ml,com.sec.android.app.shealth,2025-04-25 06:15:00.000,400ae724-ec6d-4a97-9662-666475234a61,
26302,4,0,47,2025-04-25 06:15:00.000,,,2025-04-25 06:22:43.233,2025-04-25 06:22:43.233,47,1.3333334,35.07,1.92,UTC+0200,NA9l677+ml,com.sec.android.app.shealth,2025-04-25 06:16:00.000,a7f0417c-e8f4-451f-9e2c-afb7f98cbadb,
59729,4,0,105,2025-04-25 06:16:00.000,,,2025-04-25 06:22:43.316,2025-04-25 06:22:43.316,105,1.3055556,77.98,5.37,UTC+0200,NA9l677+ml,com.sec.android.app.shealth,2025-04-25 06:17:00.000,7c1b929e-6704-442d-9211-9283f668ece1,
39574,4,0,64,2025-04-25 06:17:00.000,,,2025-04-25 06:22:43.359,2025-04-25 06:22:43.359,64,1.1666666,46.17,2.84,UTC+0200,NA9l677+ml,com.sec.android.app.shealth,2025-04-25 06:18:00.000,9d3d2f81-9e37-4e3c-9425-833e842df3a5,
9411,4,0,15,2025-04-25 06:18:00.000,,,2025-04-25 06:22:43.396,2025-04-25 06:22:43.396,15,1.1666666,10.98,0.66,UTC+0200,NA9l677+ml,com.sec.android.app.shealth,2025-04-25 06:19:00.000,06eb1ad8-2138-4fe4-90c4-5a476485cf5b,
6432,4,0,11,2025-04-25 06:19:00.000,,,2025-04-25 06:22:43.433,2025-04-25 06:22:43.433,11,1.25,8.04,0.5,UTC+0200,NA9l677+ml,com.sec.android.app.shealth,2025-04-25 06:20:00.000,f5722554-39cb-4c23-8f1d-361b7e7964ce,
19373,4,0,32,2025-04-25 06:20:00.000,,,2025-04-25 06:22:43.472,2025-04-25 06:22:43.472,32,1.1944444,23.14,1.41,UTC+0200,NA9l677+ml,com.sec.android.app.shealth,2025-04-25 06:21:00.000,6039059c-16dc-45a9-85d0-02190ce36622,
9344,4,0,16,2025-04-25 06:36:00.000,,,2025-04-25 06:38:41.554,2025-04-25 06:38:41.554,16,1.25,11.68,0.68,UTC+0200,NA9l677+ml,com.sec.android.app.shealth,2025-04-25 06:37:00.000,e53f3ef0-878a-4f28-9e60-c13357152c32,
36399,4,0,63,2025-04-25 06:45:00.000,,,2025-04-25 06:55:00.073,2025-04-25 06:55:00.073,63,1.2777778,46.51,2.56,UTC+0200,NA9l677+ml,com.sec.android.app.shealth,2025-04-25 06:46:00.000,9e5df620-0d80-484c-9711-85b7c8951eb9,
60000,4,0,110,2025-04-25 06:46:00.000,,,2025-04-25 06:55:00.168,2025-04-25 06:55:00.168,110,1.3920001,83.52,4.42,UTC+0200,NA9l677+ml,com.sec.android.app.shealth,2025-04-25 06:47:00.000,0a942829-205f-43bb-b818-9b2d0a4bd9b7,
18328,4,0,32,2025-04-25 06:47:00.000,,,2025-04-25 06:55:00.203,2025-04-25 06:55:00.203,32,1.2777778,23.42,1.47,UTC+0200,NA9l677+ml,com.sec.android.app.shealth,2025-04-25 06:48:00.000,50afcd15-32cd-4528-ba33-62f298e1eecf,
9774,4,0,15,2025-04-25 06:52:00.000,,,2025-04-25 06:55:00.246,2025-04-25 06:55:00.246,15,1.111111,10.86,0.71,UTC+0200,NA9l677+ml,com.sec.android.app.shealth,2025-04-25 06:53:00.000,924f4da4-426d-46d4-99a5-a37da4d8a459,
19873,4,0,30,2025-04-25 06:53:00.000,,,2025-04-25 06:55:00.281,2025-04-25 06:55:00.281,30,1.0833334,21.53,1.41,UTC+0200,NA9l677+ml,com.sec.android.app.shealth,2025-04-25 06:54:00.000,8a37e2e0-cbe0-44f7-923b-3b6c7708dd23,
9072,4,0,14,2025-04-25 06:54:00.000,,,2025-04-25 06:55:00.317,2025-04-25 06:55:00.317,14,1.1111112,10.08,0.64,UTC+0200,NA9l677+ml,com.sec.android.app.shealth,2025-04-25 06:55:00.000,af941de9-a41f-4ec1-82df-d91de3aeea4a,
13140,4,0,24,2025-04-25 06:56:00.000,,,2025-04-25 06:58:58.776,2025-04-25 06:58:58.776,24,1.3888888,18.25,1.2,UTC+0200,NA9l677+ml,com.sec.android.app.shealth,2025-04-25 06:57:00.000,2a1378e7-6c6e-4c03-85a6-64b157b63e03,
8026,4,2,11,2025-04-25 06:57:00.000,,,2025-04-25 06:58:58.884,2025-04-25 06:58:58.884,13,1.2222222,9.81,0.99,UTC+0200,NA9l677+ml,com.sec.android.app.shealth,2025-04-25 06:58:00.000,ea17db8d-d151-42d6-8a6a-910ce039dd36,
7118,4,0,12,2025-04-25 06:58:00.000,,,2025-04-25 06:58:58.949,2025-04-25 06:58:58.949,12,1.2222222,8.7,0.56,UTC+0200,NA9l677+ml,com.sec.android.app.shealth,2025-04-25 06:59:00.000,6def820a-3296-448c-9f31-846e3cca5dbc,
6326,4,0,11,2025-04-25 06:59:00.000,,,2025-04-25 07:00:45.256,2025-04-25 07:00:45.256,11,1.3055556,8.26,0.47,UTC+0200,NA9l677+ml,com.sec.android.app.shealth,2025-04-25 07:00:00.000,147f3012-22fd-4cca-8fed-823048fa9f13,
6145,4,0,10,2025-04-25 07:01:00.000,,,2025-04-25 07:05:31.824,2025-04-25 07:05:31.824,10,1.1944444,7.34,0.57,UTC+0200,NA9l677+ml,com.sec.android.app.shealth,2025-04-25 07:02:00.000,be056858-f9a6-4566-9598-5f0438fa5f93,
6771,4,0,11,2025-04-25 07:02:00.000,,,2025-04-25 07:05:31.895,2025-04-25 07:05:31.895,11,1.1666666,7.9,0.5,UTC+0200,NA9l677+ml,com.sec.android.app.shealth,2025-04-25 07:03:00.000,819c35c6-2652-47cc-8d88-1a51b671993e,
7784,4,0,12,2025-04-25 07:03:00.000,,,2025-04-25 07:05:31.966,2025-04-25 07:05:31.966,12,1.1111112,8.65,0.54,UTC+0200,NA9l677+ml,com.sec.android.app.shealth,2025-04-25 07:04:00.000,b96e2e89-bdb5-409f-a88a-d1a4e10329c0,
15801,4,0,23,2025-04-25 07:04:00.000,,,2025-04-25 07:05:32.054,2025-04-25 07:05:32.054,23,1.0277778,16.24,1.09,UTC+0200,NA9l677+ml,com.sec.android.app.shealth,2025-04-25 07:05:00.000,dabd9372-b995-4148-a23e-ba02fe0c118e,
8232,4,0,14,2025-04-25 07:07:00.000,,,2025-04-25 07:07:23.864,2025-04-25 07:07:23.864,14,1.25,10.29,0.57,UTC+0200,NA9l677+ml,com.sec.android.app.shealth,2025-04-25 07:08:00.000,21d56f4c-2e4a-42e8-ade0-d16b7756743d,
11167,4,0,20,2025-04-25 07:08:00.000,,,2025-04-25 07:10:06.221,2025-04-25 07:10:06.221,20,1.3611112,15.2,0.84,UTC+0200,NA9l677+ml,com.sec.android.app.shealth,2025-04-25 07:09:00.000,3da1f80e-1045-4efb-bada-348541abfcf1,
14109,4,4,29,2025-04-25 07:09:00.000,,,2025-04-25 07:10:06.280,2025-04-25 07:10:06.280,33,1.8611112,26.26,2.02,UTC+0200,NA9l677+ml,com.sec.android.app.shealth,2025-04-25 07:10:00.000,ca2651f8-254f-42de-aa8b-0f9b744c86be,
33113,4,6,62,2025-04-25 07:10:00.000,,,2025-04-25 07:11:54.976,2025-04-25 07:10:06.322,68,1.598131,52.92,3.37,UTC+0200,NA9l677+ml,com.sec.android.app.shealth,2025-04-25 07:11:00.000,048baa77-debc-471b-8352-bbe2127d1980,
14396,4,0,24,2025-04-25 07:11:00.000,,,2025-04-25 07:11:59.642,2025-04-25 07:11:55.073,24,1.2266785,17.66,1.0799999,UTC+0200,NA9l677+ml,com.sec.android.app.shealth,2025-04-25 07:12:00.000,5e12b5f8-79de-4b2e-b3dc-4dcfb5006410,
7806,4,0,11,2025-04-25 07:12:00.000,,,2025-04-25 07:15:00.063,2025-04-25 07:15:00.063,11,0.9722222,7.59,0.58,UTC+0200,NA9l677+ml,com.sec.android.app.shealth,2025-04-25 07:13:00.000,b737fc42-7a2d-40d1-82b9-0c753dbf4d3a,
8696,4,0,18,2025-04-25 07:13:00.000,,,2025-04-25 07:15:00.179,2025-04-25 07:15:00.179,18,1.5833334,13.77,0.77,UTC+0200,NA9l677+ml,com.sec.android.app.shealth,2025-04-25 07:14:00.000,8bfa7b51-a8f8-48e3-8b90-da45c5c58030,
20556,4,2,29,2025-04-25 07:33:00.000,,,2025-04-25 07:35:00.061,2025-04-25 07:35:00.061,31,1.0833333,22.27,1.51,UTC+0200,NA9l677+ml,com.sec.android.app.shealth,2025-04-25 07:34:00.000,644304f8-cca5-4c94-810c-ed0b7ae35fbb,
34458,4,0,52,2025-04-25 07:34:00.000,,,2025-04-25 07:35:00.171,2025-04-25 07:35:00.171,52,1.0833334,37.33,2.48,UTC+0200,NA9l677+ml,com.sec.android.app.shealth,2025-04-25 07:35:00.000,ed882044-5ce7-42fb-a70b-d2874fc4430f,
12794,4,0,23,2025-04-25 07:36:00.000,,,2025-04-25 07:38:07.144,2025-04-25 07:38:07.144,23,1.3333334,17.06,1.11,UTC+0200,NA9l677+ml,com.sec.android.app.shealth,2025-04-25 07:37:00.000,1d73f8e4-caac-401c-bd24-305b0f6c24d3,
4455,4,0,10,2025-04-25 07:37:00.000,,,2025-04-25 07:38:07.219,2025-04-25 07:38:07.219,10,1.7777778,7.92,0.45,UTC+0200,NA9l677+ml,com.sec.android.app.shealth,2025-04-25 07:38:00.000,d018a891-96b6-481a-8dd9-9276dd01c7ee,
7803,4,0,10,2025-04-25 07:38:00.000,,,2025-04-25 07:43:18.974,2025-04-25 07:43:18.974,10,0.8611111,6.72,0.5,UTC+0200,NA9l677+ml,com.sec.android.app.shealth,2025-04-25 07:39:00.000,fb44328f-de23-4dda-8f30-945f89959a66,
16942,4,0,22,2025-04-25 07:39:00.000,,,2025-04-25 07:43:19.073,2025-04-25 07:43:19.073,22,0.8888889,15.06,1.01,UTC+0200,NA9l677+ml,com.sec.android.app.shealth,2025-04-25 07:40:00.000,2556ab50-1548-46e2-ac28-12a7a883dbc4,
6878,4,0,12,2025-04-25 07:41:00.000,,,2025-04-25 07:43:19.114,2025-04-25 07:43:19.114,12,1.3055556,8.98,0.55,UTC+0200,NA9l677+ml,com.sec.android.app.shealth,2025-04-25 07:42:00.000,8c85ddad-816b-4312-91dd-316f3df41e30,
18256,4,0,31,2025-04-25 07:42:00.000,,,2025-04-25 07:43:19.146,2025-04-25 07:43:19.146,31,1.25,22.82,1.42,UTC+0200,NA9l677+ml,com.sec.android.app.shealth,2025-04-25 07:43:00.000,91c19c14-ce28-44fc-b064-b64a32ab531a,
25528,4,0,46,2025-04-25 07:58:00.000,,,2025-04-25 07:58:54.661,2025-04-25 07:58:54.661,46,1.3674357,34.90898,2.0501347,UTC+0200,64Z1605Zgy,com.sec.android.app.shealth,2025-04-25 07:59:00.000,bda4d874-1e57-4a88-9e5f-681fe7b68954,
18669,4,0,28,2025-04-25 07:44:00.000,,,2025-04-25 07:47:30.726,2025-04-25 07:44:46.934,28,1.0712854,20.0,1.3199999,UTC+0200,NA9l677+ml,com.sec.android.app.shealth,2025-04-25 07:45:00.000,d7f8fbb1-0754-4059-94ee-48fee718cc0e,
10672,4,0,19,2025-04-25 07:45:00.000,,,2025-04-25 07:47:30.835,2025-04-25 07:47:30.835,19,1.3333334,14.23,0.89,UTC+0200,NA9l677+ml,com.sec.android.app.shealth,2025-04-25 07:46:00.000,5d3ac33d-105f-4777-a339-bbf20b6193f4,
26040,4,1,47,2025-04-25 07:48:00.000,,,2025-04-25 07:51:35.559,2025-04-25 07:51:35.559,48,1.4166666,36.89,2.46,UTC+0200,NA9l677+ml,com.sec.android.app.shealth,2025-04-25 07:49:00.000,d5cb63a8-302d-4694-98a9-49edac6fb05c,
12342,4,0,20,2025-04-25 07:49:00.000,,,2025-04-25 07:51:35.653,2025-04-25 07:51:35.653,20,1.1666666,14.4,0.97,UTC+0200,NA9l677+ml,com.sec.android.app.shealth,2025-04-25 07:50:00.000,50dbb0e2-bebf-48ca-93a7-3bc9f5ad3bb6,
6509,4,0,14,2025-04-25 07:51:00.000,,,2025-04-25 07:52:17.433,2025-04-25 07:52:17.433,14,1.7222222,11.21,0.59,UTC+0200,NA9l677+ml,com.sec.android.app.shealth,2025-04-25 07:52:00.000,36250365-41c1-4fa5-ad38-27f10c755ed0,
9176,4,0,16,2025-04-25 07:56:00.000,,,2025-04-25 07:57:08.794,2025-04-25 07:57:08.794,16,1.3055556,11.98,0.73,UTC+0200,NA9l677+ml,com.sec.android.app.shealth,2025-04-25 07:57:00.000,93d9da49-8323-4cab-8295-ac7901989cfe,
37390,4,0,63,2025-04-25 07:58:00.000,,,2025-04-25 07:58:55.977,2025-04-25 07:58:55.977,63,1.2222222,45.7,2.77,UTC+0200,NA9l677+ml,com.sec.android.app.shealth,2025-04-25 07:59:00.000,89054262-e3d3-42fe-a6a1-b079c629bb19,
49804,4,0,90,2025-04-25 07:59:00.000,,,2025-04-25 08:00:40.472,2025-04-25 08:00:40.472,90,1.3611112,67.79,4.64,UTC+0200,NA9l677+ml,com.sec.android.app.shealth,2025-04-25 08:00:00.000,e6c451b0-3b99-416f-950d-65c3048e959f,
58124,4,0,100,2025-04-25 08:00:00.000,,,2025-04-25 08:01:24.048,2025-04-25 08:00:40.608,100,1.267285,73.66,5.52,UTC+0200,NA9l677+ml,com.sec.android.app.shealth,2025-04-25 08:01:00.000,b2efd513-0b13-4e6d-b81e-640e33ff82e2,
59235,4,0,102,2025-04-25 08:01:00.000,,,2025-04-25 08:02:14.186,2025-04-25 08:01:24.185,102,1.2610611,74.7,6.04,UTC+0200,NA9l677+ml,com.sec.android.app.shealth,2025-04-25 08:02:00.000,73993155-001b-4ecc-aca5-1fa669f4c29c,
60000,4,0,106,2025-04-25 08:02:00.000,,,2025-04-25 08:03:33.071,2025-04-25 08:02:14.330,106,1.3135,78.81,5.05,UTC+0200,NA9l677+ml,com.sec.android.app.shealth,2025-04-25 08:03:00.000,1cfb4abc-c29f-4da2-8f8a-97e717d46067,
60000,4,0,109,2025-04-25 08:03:00.000,,,2025-04-25 08:04:10.020,2025-04-25 08:03:33.164,109,1.3761666,82.57,4.4199996,UTC+0200,NA9l677+ml,com.sec.android.app.shealth,2025-04-25 08:04:00.000,a0c8d78e-72ae-4807-827f-7b9183a1daf7,
60000,4,0,110,2025-04-25 08:04:00.000,,,2025-04-25 08:05:36.916,2025-04-25 08:04:10.113,110,1.3935,83.61,4.44,UTC+0200,NA9l677+ml,com.sec.android.app.shealth,2025-04-25 08:05:00.000,d313e9e9-845e-4403-a580-64495d8bc7e4,
60000,4,0,111,2025-04-25 08:05:00.000,,,2025-04-25 08:06:10.543,2025-04-25 08:05:37.028,111,1.408,84.479996,4.55,UTC+0200,NA9l677+ml,com.sec.android.app.shealth,2025-04-25 08:06:00.000,9eb9e3bf-e336-4990-8855-9991b6ada820,
60000,4,0,110,2025-04-25 08:06:00.000,,,2025-04-25 08:06:59.556,2025-04-25 08:06:10.636,110,1.391334,83.48005,4.449999,UTC+0200,NA9l677+ml,com.sec.android.app.shealth,2025-04-25 08:07:00.000,84901034-c47d-474a-96bf-49103ddced5a,
51476,4,0,94,2025-04-25 08:07:00.000,,,2025-04-25 08:08:24.471,2025-04-25 08:07:00.119,94,1.376926,70.88,4.4,UTC+0200,NA9l677+ml,com.sec.android.app.shealth,2025-04-25 08:08:00.000,f5e343aa-0bca-46ac-95bf-7be8a0b12ba5,
60000,4,0,107,2025-04-25 08:08:00.000,,,2025-04-25 08:09:11.728,2025-04-25 08:08:24.593,107,1.328,79.68,5.99,UTC+0200,NA9l677+ml,com.sec.android.app.shealth,2025-04-25 08:09:00.000,f86633b2-db36-4d85-b4ca-2274232755a4,
60000,4,0,103,2025-04-25 08:09:00.000,,,2025-04-25 08:10:20.718,2025-04-25 08:09:11.837,103,1.2556666,75.340004,4.48,UTC+0200,NA9l677+ml,com.sec.android.app.shealth,2025-04-25 08:10:00.000,09529f6f-a5b4-4b2f-aff4-2573c855678a,
60000,4,0,109,2025-04-25 08:10:00.000,,,2025-04-25 08:11:21.157,2025-04-25 08:10:20.799,109,1.3714999,82.28999,4.38,UTC+0200,NA9l677+ml,com.sec.android.app.shealth,2025-04-25 08:11:00.000,34fb5fcc-0d4a-4a65-85f2-63e68449c010,
60000,4,0,107,2025-04-25 08:11:00.000,,,2025-04-25 08:12:16.045,2025-04-25 08:11:21.311,107,1.3460001,80.76,4.31,UTC+0200,NA9l677+ml,com.sec.android.app.shealth,2025-04-25 08:12:00.000,04239abf-d743-489f-a0ff-95c32e10d2a4,
57941,4,0,103,2025-04-25 08:12:00.000,,,2025-04-25 08:14:20.222,2025-04-25 08:12:16.175,103,1.3310014,77.119995,4.37,UTC+0200,NA9l677+ml,com.sec.android.app.shealth,2025-04-25 08:13:00.000,48be6042-5704-4d36-b0cd-70e177687547,
59375,4,0,99,2025-04-25 08:13:00.000,,,2025-04-25 08:14:20.290,2025-04-25 08:14:20.290,99,1.2222222,72.57,4.15,UTC+0200,NA9l677+ml,com.sec.android.app.shealth,2025-04-25 08:14:00.000,843c2b9a-49d8-4e16-b8ed-e6bc639c84c1,
5097,4,0,13,2025-04-25 08:14:00.000,,,2025-04-25 08:14:20.362,2025-04-25 08:14:20.362,13,2.0833333,10.62,0.57,UTC+0200,NA9l677+ml,com.sec.android.app.shealth,2025-04-25 08:15:00.000,a1739b5a-7b48-45ef-b822-e55615c1931c,
12968,4,0,22,2025-04-25 08:24:00.000,,,2025-04-25 08:34:11.543,2025-04-25 08:34:11.543,22,1.2222222,15.85,0.94,UTC+0200,NA9l677+ml,com.sec.android.app.shealth,2025-04-25 08:25:00.000,3761c631-7b26-4cdb-82bc-51ee2158a867,
60000,4,0,111,2025-04-25 08:25:00.000,,,2025-04-25 08:34:11.604,2025-04-25 08:34:11.604,111,1.4006666,84.04,5.24,UTC+0200,NA9l677+ml,com.sec.android.app.shealth,2025-04-25 08:26:00.000,8c3bf051-75dc-48de-862f-dc8130611742,
55283,4,0,96,2025-04-25 08:26:00.000,,,2025-04-25 08:34:11.657,2025-04-25 08:34:11.657,96,1.2777778,70.64,7.5,UTC+0200,NA9l677+ml,com.sec.android.app.shealth,2025-04-25 08:27:00.000,7b214d57-6053-496a-a2ef-9f9a7f30630d,
25949,4,0,47,2025-04-25 08:27:00.000,,,2025-04-25 08:34:11.694,2025-04-25 08:34:11.694,47,1.3333334,34.6,2.02,UTC+0200,NA9l677+ml,com.sec.android.app.shealth,2025-04-25 08:28:00.000,c1404585-ac3d-4dae-98b9-2786f6a89205,
44514,4,0,77,2025-04-25 08:28:00.000,,,2025-04-25 08:34:11.755,2025-04-25 08:34:11.755,77,1.2777778,56.88,3.29,UTC+0200,NA9l677+ml,com.sec.android.app.shealth,2025-04-25 08:29:00.000,5eecd73b-5bae-4aa8-aa2c-8b3506e99be4,
18817,4,0,34,2025-04-25 08:29:00.000,,,2025-04-25 08:34:11.827,2025-04-25 08:34:11.827,34,1.3333334,25.09,1.48,UTC+0200,NA9l677+ml,com.sec.android.app.shealth,2025-04-25 08:30:00.000,b0c24e24-706c-45b5-8c25-c88972949e29,
16250,4,0,30,2025-04-25 08:30:00.000,,,2025-04-25 08:34:11.925,2025-04-25 08:34:11.925,30,1.3888888,22.57,1.28,UTC+0200,NA9l677+ml,com.sec.android.app.shealth,2025-04-25 08:31:00.000,8491eb73-6d7a-4f2e-8603-f6a886dc856c,
29527,4,0,55,2025-04-25 08:31:00.000,,,2025-04-25 08:34:11.967,2025-04-25 08:34:11.967,55,1.4166666,41.83,2.25,UTC+0200,NA9l677+ml,com.sec.android.app.shealth,2025-04-25 08:32:00.000,352fefcf-08c8-480a-916a-558123f73efa,
6216,4,0,10,2025-04-25 08:32:00.000,,,2025-04-25 08:34:12.012,2025-04-25 08:34:12.012,10,1.1388888,7.08,0.5,UTC+0200,NA9l677+ml,com.sec.android.app.shealth,2025-04-25 08:33:00.000,3c2d8fe7-a34c-499c-bd12-c1b3409dd4c9,
5033,4,0,10,2025-04-25 08:33:00.000,,,2025-04-25 08:34:12.061,2025-04-25 08:34:12.061,10,1.5833334,7.97,0.37,UTC+0200,NA9l677+ml,com.sec.android.app.shealth,2025-04-25 08:34:00.000,ebd81be8-c77f-465a-b170-843c524ad040,
9665,4,0,13,2025-04-25 08:34:00.000,,,2025-04-25 08:34:12.104,2025-04-25 08:34:12.104,13,0.9166667,8.86,0.65,UTC+0200,NA9l677+ml,com.sec.android.app.shealth,2025-04-25 08:35:00.000,ed406109-55e4-4cca-9971-93079064e2e3,
21952,4,0,38,2025-04-25 08:35:00.000,,,2025-04-25 08:35:55.962,2025-04-25 08:35:55.962,38,1.2777778,28.05,1.6,UTC+0200,NA9l677+ml,com.sec.android.app.shealth,2025-04-25 08:36:00.000,12ca48c0-2eb0-45c0-a17c-41ad156b5eb1,
18070,4,0,31,2025-04-25 08:36:00.000,,,2025-04-25 08:37:19.501,2025-04-25 08:37:19.501,31,1.2777778,23.09,1.31,UTC+0200,NA9l677+ml,com.sec.android.app.shealth,2025-04-25 08:37:00.000,6e4429ce-8903-4401-881a-a4d6a11babf1,
4894,4,0,10,2025-04-25 09:05:00.000,,,2025-04-25 09:05:27.559,2025-04-25 09:05:27.559,10,1.5833334,7.75,0.54,UTC+0200,NA9l677+ml,com.sec.android.app.shealth,2025-04-25 09:06:00.000,af33ffb8-3a97-4616-8543-662462e94c3c,
10957,4,0,22,2025-04-25 09:07:00.000,,,2025-04-25 09:07:55.511,2025-04-25 09:07:55.511,22,1.5833334,17.35,0.95,UTC+0200,NA9l677+ml,com.sec.android.app.shealth,2025-04-25 09:08:00.000,1c06c9f4-94c0-4353-add6-a22cd8ee66da,
17350,4,0,30,2025-04-25 09:08:00.000,,,2025-04-25 09:09:47.061,2025-04-25 09:09:47.061,30,1.2777778,22.17,1.27,UTC+0200,NA9l677+ml,com.sec.android.app.shealth,2025-04-25 09:09:00.000,2d4763b1-0492-4f6d-8b7d-401605066d18,
13680,4,0,24,2025-04-25 09:09:00.000,,,2025-04-25 09:10:39.831,2025-04-25 09:10:39.831,24,1.2777778,17.48,1.04,UTC+0200,NA9l677+ml,com.sec.android.app.shealth,2025-04-25 09:10:00.000,ea3f4ffb-3739-49f4-be2f-42ee81420c84,
51765,4,0,92,2025-04-25 09:10:00.000,,,2025-04-25 09:14:32.211,2025-04-25 09:10:39.941,92,1.326751,68.679985,3.889999,UTC+0200,NA9l677+ml,com.sec.android.app.shealth,2025-04-25 09:11:00.000,74a24a7b-510b-400c-9b09-a91cb23f662b,
60000,4,0,108,2025-04-25 09:11:00.000,,,2025-04-25 09:14:32.309,2025-04-25 09:14:32.309,108,1.3526667,81.16,4.49,UTC+0200,NA9l677+ml,com.sec.android.app.shealth,2025-04-25 09:12:00.000,c466999d-dfb4-4eba-821b-992fdaca60de,
60000,4,0,108,2025-04-25 09:12:00.000,,,2025-04-25 09:14:32.364,2025-04-25 09:14:32.364,108,1.3596667,81.58,4.37,UTC+0200,NA9l677+ml,com.sec.android.app.shealth,2025-04-25 09:13:00.000,68af2f81-6b35-4f53-809a-1bab1111ab1d,
60000,4,0,109,2025-04-25 09:13:00.000,,,2025-04-25 09:14:32.409,2025-04-25 09:14:32.409,109,1.3751667,82.51,4.41,UTC+0200,NA9l677+ml,com.sec.android.app.shealth,2025-04-25 09:14:00.000,969e9ed0-6fea-4f6b-afb2-d9af83ad84cb,
33384,4,0,57,2025-04-25 09:14:00.000,,,2025-04-25 09:14:59.997,2025-04-25 09:14:32.446,57,1.2500001,41.730003,2.35,UTC+0200,NA9l677+ml,com.sec.android.app.shealth,2025-04-25 09:15:00.000,fb8916d2-1e97-4552-bfe3-c3536f0421a4,
48719,4,0,87,2025-04-25 09:15:00.000,,,2025-04-25 09:35:00.057,2025-04-25 09:35:00.057,87,1.3333334,64.96,4.02,UTC+0200,NA9l677+ml,com.sec.android.app.shealth,2025-04-25 09:16:00.000,40aa57fa-98ad-483c-9570-c2a0d8f3b27b,
13582,4,0,24,2025-04-25 09:16:00.000,,,2025-04-25 09:35:00.144,2025-04-25 09:35:00.144,24,1.3333334,18.11,1.01,UTC+0200,NA9l677+ml,com.sec.android.app.shealth,2025-04-25 09:17:00.000,e1215ea2-7948-405f-95f2-5ca89d893ed1,
15262,4,0,23,2025-04-25 09:18:00.000,,,2025-04-25 09:35:00.182,2025-04-25 09:35:00.182,23,1.0555556,16.11,1.03,UTC+0200,NA9l677+ml,com.sec.android.app.shealth,2025-04-25 09:19:00.000,38a88568-77b6-4bb9-90f4-e431d53fb5e7,
14046,4,2,24,2025-04-25 09:19:00.000,,,2025-04-25 09:35:00.216,2025-04-25 09:35:00.216,26,1.4722222,20.68,1.5,UTC+0200,NA9l677+ml,com.sec.android.app.shealth,2025-04-25 09:20:00.000,c9d49e9b-fce0-447a-a7fb-654d76c6a4cb,
7524,4,0,12,2025-04-25 09:20:00.000,,,2025-04-25 09:35:00.250,2025-04-25 09:35:00.250,12,1.1388888,8.57,0.71,UTC+0200,NA9l677+ml,com.sec.android.app.shealth,2025-04-25 09:21:00.000,eab39743-38eb-4dc0-a1f2-e36ddf65abbe,
25082,4,0,41,2025-04-25 09:41:00.000,,,2025-04-25 09:51:00.371,2025-04-25 09:51:00.371,41,1.1944444,29.96,1.68,UTC+0200,NA9l677+ml,com.sec.android.app.shealth,2025-04-25 09:42:00.000,a8683539-e55f-44fe-8f9d-3035b6a2b358,
6984,4,0,11,2025-04-25 09:42:00.000,,,2025-04-25 09:51:00.420,2025-04-25 09:51:00.420,11,1.1111112,7.76,0.49,UTC+0200,NA9l677+ml,com.sec.android.app.shealth,2025-04-25 09:43:00.000,6acbf537-e97b-47c1-a90c-7786b1672378,
52431,4,0,85,2025-04-25 09:43:00.000,,,2025-04-25 09:51:00.472,2025-04-25 09:51:00.472,85,1.1666666,61.17,3.55,UTC+0200,NA9l677+ml,com.sec.android.app.shealth,2025-04-25 09:44:00.000,19bf6b06-e379-4c71-be90-53a41da435f5,
60000,4,0,106,2025-04-25 09:44:00.000,,,2025-04-25 09:51:00.514,2025-04-25 09:51:00.514,106,1.2961665,77.77,4.24,UTC+0200,NA9l677+ml,com.sec.android.app.shealth,2025-04-25 09:45:00.000,f3725ed2-e2e5-48bc-9f18-a0aa0228aff6,
54503,4,0,93,2025-04-25 09:45:00.000,,,2025-04-25 09:51:00.551,2025-04-25 09:51:00.551,93,1.25,68.13,3.83,UTC+0200,NA9l677+ml,com.sec.android.app.shealth,2025-04-25 09:46:00.000,24ecccce-1650-4611-a29e-d62bb025487e,
44328,4,0,76,2025-04-25 09:46:00.000,,,2025-04-25 09:51:00.588,2025-04-25 09:51:00.588,76,1.25,55.41,3.13,UTC+0200,NA9l677+ml,com.sec.android.app.shealth,2025-04-25 09:47:00.000,e0849459-bdc6-40ca-8a19-a3744d404dc8,
43246,4,0,75,2025-04-25 09:47:00.000,,,2025-04-25 09:51:00.624,2025-04-25 09:51:00.624,75,1.2777778,55.26,3.01,UTC+0200,NA9l677+ml,com.sec.android.app.shealth,2025-04-25 09:48:00.000,4cef2b07-cf2e-42db-9534-ceeeb3087291,
44388,4,0,81,2025-04-25 09:48:00.000,,,2025-04-25 09:51:00.665,2025-04-25 09:51:00.665,81,1.3888888,61.65,3.49,UTC+0200,NA9l677+ml,com.sec.android.app.shealth,2025-04-25 09:49:00.000,814e29af-4097-4b94-aa1c-91a4a376e64e,
13226,4,0,23,2025-04-25 09:50:00.000,,,2025-04-25 09:51:00.709,2025-04-25 09:51:00.709,23,1.2777778,16.9,0.97,UTC+0200,NA9l677+ml,com.sec.android.app.shealth,2025-04-25 09:51:00.000,3ad41ee2-2e75-4fb4-a4a4-09309448b553,
52568,4,0,92,2025-04-25 09:51:00.000,,,2025-04-25 09:52:09.418,2025-04-25 09:51:01.028,92,1.299643,68.32,5.16,UTC+0200,NA9l677+ml,com.sec.android.app.shealth,2025-04-25 09:52:00.000,9d92387a-95ea-4266-b161-dc412c1813ff,
11379,4,0,18,2025-04-25 09:52:00.000,,,2025-04-25 09:52:09.559,2025-04-25 09:52:09.527,18,1.1433227,13.01,0.75,UTC+0200,NA9l677+ml,com.sec.android.app.shealth,2025-04-25 09:53:00.000,930a9064-9ad4-4a0a-b4b2-02fe9a095b06,
7445,4,0,13,2025-04-25 09:53:00.000,,,2025-04-25 09:53:47.647,2025-04-25 09:53:47.647,13,1.3055556,9.72,0.55,UTC+0200,NA9l677+ml,com.sec.android.app.shealth,2025-04-25 09:54:00.000,81e1a902-540f-4385-a2c1-fd1efda983c0,
6716,4,0,10,2025-04-25 10:41:00.000,,,2025-04-25 10:42:54.854,2025-04-25 10:42:54.854,10,1.0555556,7.09,0.47,UTC+0200,NA9l677+ml,com.sec.android.app.shealth,2025-04-25 10:42:00.000,e36dfbaf-daf5-4906-8f8b-1141b6315d54,
6639,4,0,11,2025-04-25 10:42:00.000,,,2025-04-25 10:43:03.500,2025-04-25 10:43:03.500,11,1.1944444,7.93,0.52,UTC+0200,NA9l677+ml,com.sec.android.app.shealth,2025-04-25 10:43:00.000,bb58255b-2b3b-4cc8-b768-12706c59454f,
13455,4,0,24,2025-04-25 10:43:00.000,,,2025-04-25 10:43:43.208,2025-04-25 10:43:43.208,24,1.3333334,17.94,1.02,UTC+0200,NA9l677+ml,com.sec.android.app.shealth,2025-04-25 10:44:00.000,8d6c14ae-2b54-4f6e-9173-f85b227cdbdb,
6248,4,0,13,2025-04-25 10:44:00.000,,,2025-04-25 10:45:06.885,2025-04-25 10:45:06.885,13,1.6388888,10.24,0.56,UTC+0200,NA9l677+ml,com.sec.android.app.shealth,2025-04-25 10:45:00.000,3a0597d0-de5a-4d29-8c39-f6ba3440c976,
34383,4,0,56,2025-04-25 10:45:00.000,,,2025-04-25 10:45:36.836,2025-04-25 10:45:06.942,56,1.1808158,40.6,2.59,UTC+0200,NA9l677+ml,com.sec.android.app.shealth,2025-04-25 10:46:00.000,0470ba5f-20d9-4253-b7c6-b734b9d02772,
4708,4,1,11,2025-04-25 10:47:00.000,,,2025-04-25 10:47:33.697,2025-04-25 10:47:33.697,12,2.0833333,9.81,0.81,UTC+0200,NA9l677+ml,com.sec.android.app.shealth,2025-04-25 10:48:00.000,03a6048c-2109-4e8b-925f-8d956b43119d,
60000,4,7,106,2025-04-25 10:48:00.000,,,2025-04-25 10:52:39.214,2025-04-25 10:48:42.812,113,1.4371666,86.23,4.85,UTC+0200,NA9l677+ml,com.sec.android.app.shealth,2025-04-25 10:49:00.000,f0a01f54-ece0-4dd1-a04b-382b54c43edd,
60000,4,0,117,2025-04-25 10:49:00.000,,,2025-04-25 10:52:39.274,2025-04-25 10:52:39.274,117,1.5028334,90.17,4.68,UTC+0200,NA9l677+ml,com.sec.android.app.shealth,2025-04-25 10:50:00.000,6da5d4cf-0893-4dbb-87f3-64e96ae76b43,
46086,4,0,88,2025-04-25 10:50:00.000,,,2025-04-25 10:52:39.309,2025-04-25 10:52:39.309,88,1.4722222,67.85,3.58,UTC+0200,NA9l677+ml,com.sec.android.app.shealth,2025-04-25 10:51:00.000,22332bf5-288a-4870-97d6-8e86be2e1d2d,
51126,4,0,98,2025-04-25 10:51:00.000,,,2025-04-25 10:52:39.353,2025-04-25 10:52:39.353,98,1.4722222,75.27,3.99,UTC+0200,NA9l677+ml,com.sec.android.app.shealth,2025-04-25 10:52:00.000,a8c9b793-aec3-44a4-b5b1-71189c363387,
41028,4,0,75,2025-04-25 10:52:00.000,,,2025-04-25 10:52:40.353,2025-04-25 10:52:39.390,75,1.3866037,56.89,3.1999998,UTC+0200,NA9l677+ml,com.sec.android.app.shealth,2025-04-25 10:53:00.000,67de9c6f-8aaa-4a26-822b-fd188a839df1,
16210,4,0,22,2025-04-25 10:53:00.000,,,2025-04-25 10:54:15.408,2025-04-25 10:54:15.408,22,0.9444444,15.31,1.07,UTC+0200,NA9l677+ml,com.sec.android.app.shealth,2025-04-25 10:54:00.000,abba5dcc-524c-4258-a10e-667ba9eb0e87,
7810,4,0,13,2025-04-25 10:54:00.000,,,2025-04-25 10:54:18.554,2025-04-25 10:54:16.715,13,1.2200787,9.53,0.57000005,UTC+0200,NA9l677+ml,com.sec.android.app.shealth,2025-04-25 10:55:00.000,4f32c95e-17ee-4575-aa7c-132c60b38c3e,
8602,4,0,13,2025-04-25 10:57:00.000,,,2025-04-25 11:00:30.868,2025-04-25 11:00:30.868,13,1.0555556,9.08,0.63,UTC+0200,NA9l677+ml,com.sec.android.app.shealth,2025-04-25 10:58:00.000,6e61fb72-d14b-4eab-8150-2f22cb77803c,
24617,4,0,43,2025-04-25 10:58:00.000,,,2025-04-25 11:00:30.968,2025-04-25 11:00:30.968,43,1.3055556,32.14,3.26,UTC+0200,NA9l677+ml,com.sec.android.app.shealth,2025-04-25 10:59:00.000,54efc83f-1877-400c-88e0-7132fb703348,
22525,4,0,41,2025-04-25 10:59:00.000,,,2025-04-25 11:00:31.016,2025-04-25 11:00:31.016,41,1.3611112,30.66,1.79,UTC+0200,NA9l677+ml,com.sec.android.app.shealth,2025-04-25 11:00:00.000,911c75ca-a087-4179-a3b0-b4f30fb3e592,
10108,4,0,20,2025-04-25 11:00:00.000,,,2025-04-25 11:01:37.063,2025-04-25 11:00:31.053,20,1.504679,15.21,0.94,UTC+0200,NA9l677+ml,com.sec.android.app.shealth,2025-04-25 11:01:00.000,1245654d-ea9a-4846-8292-1a07b5fc9545,
11541,4,1,22,2025-04-25 11:32:00.000,,,2025-04-25 11:33:33.575,2025-04-25 11:32:19.598,23,1.5881536,18.33,1.4300001,UTC+0200,NA9l677+ml,com.sec.android.app.shealth,2025-04-25 11:33:00.000,ba9dc244-c406-47a2-9e60-1679819df590,
25064,4,0,43,2025-04-25 11:35:00.000,,,2025-04-25 11:36:00.559,2025-04-25 11:36:00.559,43,1.25,31.33,1.83,UTC+0200,NA9l677+ml,com.sec.android.app.shealth,2025-04-25 11:36:00.000,2c48c2f0-7409-4c7e-8a3f-2fedf7c366f2,
58993,4,0,101,2025-04-25 11:36:00.000,,,2025-04-25 11:41:18.420,2025-04-25 11:36:00.627,101,1.2715007,75.01,4.11,UTC+0200,NA9l677+ml,com.sec.android.app.shealth,2025-04-25 11:37:00.000,34578e78-ffd2-49b7-9888-65165d934bf2,
55026,4,0,97,2025-04-25 11:37:00.000,,,2025-04-25 11:41:18.499,2025-04-25 11:41:18.499,97,1.3055556,71.84,3.94,UTC+0200,NA9l677+ml,com.sec.android.app.shealth,2025-04-25 11:38:00.000,5b671790-22b0-4321-8c71-0b7016a47cb6,
30905,4,0,54,2025-04-25 11:38:00.000,,,2025-04-25 11:41:18.535,2025-04-25 11:41:18.535,54,1.2777778,39.49,2.33,UTC+0200,NA9l677+ml,com.sec.android.app.shealth,2025-04-25 11:39:00.000,043eb55e-f286-41a3-885e-dc480520156d,
34161,4,0,60,2025-04-25 11:39:00.000,,,2025-04-25 11:41:18.573,2025-04-25 11:41:18.573,60,1.3055556,44.6,2.54,UTC+0200,NA9l677+ml,com.sec.android.app.shealth,2025-04-25 11:40:00.000,d1167591-03cc-4d84-a35f-5f52a1d9c08b,
45544,4,0,80,2025-04-25 11:41:00.000,,,2025-04-25 11:43:00.952,2025-04-25 11:41:18.619,80,1.309701,59.65,3.3600001,UTC+0200,NA9l677+ml,com.sec.android.app.shealth,2025-04-25 11:42:00.000,02332658-1a6e-4377-b0c2-4c6b9990b090,
59675,4,0,105,2025-04-25 11:42:00.000,,,2025-04-25 11:43:01.037,2025-04-25 11:43:01.037,105,1.3055556,77.91,4.21,UTC+0200,NA9l677+ml,com.sec.android.app.shealth,2025-04-25 11:43:00.000,9f8acdd2-561e-4799-8bbc-a64599e61505,
16908,4,0,29,2025-04-25 11:43:00.000,,,2025-04-25 11:44:34.225,2025-04-25 11:43:01.082,29,1.25378,21.2,1.17,UTC+0200,NA9l677+ml,com.sec.android.app.shealth,2025-04-25 11:44:00.000,87647155-adf3-4353-a2d2-dd61b6f13a6e,
43537,4,0,78,2025-04-25 11:56:00.000,,,2025-04-25 11:59:19.906,2025-04-25 11:59:19.906,78,1.3333334,58.05,3.26,UTC+0200,NA9l677+ml,com.sec.android.app.shealth,2025-04-25 11:57:00.000,244e0d19-814a-46d1-b6bb-60283c72dea5,
60000,4,0,108,2025-04-25 11:57:00.000,,,2025-04-25 11:59:19.953,2025-04-25 11:59:19.953,108,1.3513333,81.08,4.37,UTC+0200,NA9l677+ml,com.sec.android.app.shealth,2025-04-25 11:58:00.000,5232bb3e-d108-4c53-9cc6-b6e1a105332a,
60000,4,0,108,2025-04-25 11:58:00.000,,,2025-04-25 11:59:20.000,2025-04-25 11:59:20.000,108,1.3465002,80.79,4.42,UTC+0200,NA9l677+ml,com.sec.android.app.shealth,2025-04-25 11:59:00.000,a7b978ad-70de-4609-8290-4887db90ba1f,
10956,4,0,19,2025-04-25 11:59:00.000,,,2025-04-25 11:59:20.033,2025-04-25 11:59:20.033,19,1.2777778,14.0,0.76,UTC+0200,NA9l677+ml,com.sec.android.app.shealth,2025-04-25 12:00:00.000,076e03d0-e4b0-46f6-b6ba-293e2a81fd78,
13225,4,0,21,2025-04-25 12:00:00.000,,,2025-04-25 12:01:40.633,2025-04-25 12:01:40.633,21,1.1666666,15.43,0.95,UTC+0200,NA9l677+ml,com.sec.android.app.shealth,2025-04-25 12:01:00.000,6abc2023-aa5e-413d-bca8-77921a9b1104,
35939,4,0,60,2025-04-25 12:01:00.000,,,2025-04-25 12:02:03.961,2025-04-25 12:01:40.711,60,1.2387527,44.520004,2.7899997,UTC+0200,NA9l677+ml,com.sec.android.app.shealth,2025-04-25 12:02:00.000,0c65f4aa-cec0-4ba8-9ec2-4f40416c5d07,
15917,4,0,26,2025-04-25 12:02:00.000,,,2025-04-25 12:02:34.007,2025-04-25 12:02:05.400,26,1.2080748,19.23,1.0799999,UTC+0200,NA9l677+ml,com.sec.android.app.shealth,2025-04-25 12:03:00.000,547ea15b-f2ce-42af-a5a6-7f94dcb621f7,
38782,4,0,93,2025-04-25 12:03:00.000,,,2025-04-25 12:04:00.865,2025-04-25 12:04:00.865,93,1.9444443,75.41,4.11,UTC+0200,NA9l677+ml,com.sec.android.app.shealth,2025-04-25 12:04:00.000,2769c703-c928-44c9-bd7f-b9d6a34c9e17,
14508,4,0,20,2025-04-25 12:04:00.000,,,2025-04-25 12:04:41.344,2025-04-25 12:04:00.911,20,0.9684069,14.049999,1.03,UTC+0200,NA9l677+ml,com.sec.android.app.shealth,2025-04-25 12:05:00.000,bbfdb597-7d2c-4f93-bca4-09a8ef991e06,
6998,4,0,11,2025-04-25 17:28:00.000,,,2025-04-25 17:28:52.879,2025-04-25 17:28:52.879,11,1.1388888,7.97,0.51,UTC+0200,NA9l677+ml,com.sec.android.app.shealth,2025-04-25 17:29:00.000,5e149411-9a86-425e-b134-c84d3822a9db,
15230,4,0,23,2025-04-25 17:29:00.000,,,2025-04-25 17:30:07.146,2025-04-25 17:29:38.329,23,1.0649731,16.22,1.21,UTC+0200,NA9l677+ml,com.sec.android.app.shealth,2025-04-25 17:30:00.000,2f787eb2-1808-4d21-a3bc-e7257d7c41d1,
7370,4,0,11,2025-04-25 17:30:00.000,,,2025-04-25 17:35:00.033,2025-04-25 17:35:00.033,11,1.0555556,7.78,0.51,UTC+0200,NA9l677+ml,com.sec.android.app.shealth,2025-04-25 17:31:00.000,ab3656f8-a2cd-4575-9a5c-bfddbfdd7d89,
11615,4,0,22,2025-04-25 17:31:00.000,,,2025-04-25 17:35:00.148,2025-04-25 17:35:00.148,22,1.4722222,17.1,0.83,UTC+0200,NA9l677+ml,com.sec.android.app.shealth,2025-04-25 17:32:00.000,8bb51c28-a627-4ebe-bb36-442673503081,
18596,4,0,28,2025-04-25 17:34:00.000,,,2025-04-25 17:35:00.187,2025-04-25 17:35:00.187,28,1.0555556,19.63,1.32,UTC+0200,NA9l677+ml,com.sec.android.app.shealth,2025-04-25 17:35:00.000,0390280f-1ba5-4442-9a80-741104e24949,
21368,4,0,39,2025-04-25 17:37:00.000,,,2025-04-25 17:38:51.899,2025-04-25 17:37:15.284,39,1.3809906,29.51,1.82,UTC+0200,NA9l677+ml,com.sec.android.app.shealth,2025-04-25 17:38:00.000,157c1c64-35e3-443c-9ad9-55373795f810,
13270,4,0,22,2025-04-25 17:39:00.000,,,2025-04-25 17:40:54.140,2025-04-25 17:40:54.140,22,1.2222222,16.22,0.99,UTC+0200,NA9l677+ml,com.sec.android.app.shealth,2025-04-25 17:40:00.000,3d42e6ec-4eda-425a-abb3-28925dd746b1,
50782,4,0,89,2025-04-25 17:40:00.000,,,2025-04-25 17:40:54.241,2025-04-25 17:40:54.241,89,1.3055556,66.3,3.67,UTC+0200,NA9l677+ml,com.sec.android.app.shealth,2025-04-25 17:41:00.000,c05b5983-c288-4955-9258-bdf19191c3fc,
27661,4,0,50,2025-04-25 17:41:00.000,,,2025-04-25 17:47:28.900,2025-04-25 17:47:28.900,50,1.3611112,37.65,2.08,UTC+0200,NA9l677+ml,com.sec.android.app.shealth,2025-04-25 17:42:00.000,a77129a1-ce68-43e7-b636-92cfb00d14b5,
59959,4,0,105,2025-04-25 17:42:00.000,,,2025-04-25 17:47:29.193,2025-04-25 17:47:29.193,105,1.3055556,78.28,5.27,UTC+0200,NA9l677+ml,com.sec.android.app.shealth,2025-04-25 17:43:00.000,821b23f1-7335-4467-a4c7-20d69eecdef9,
60000,4,0,106,2025-04-25 17:43:00.000,,,2025-04-25 17:47:29.310,2025-04-25 17:47:29.310,106,1.3011665,78.07,6.39,UTC+0200,NA9l677+ml,com.sec.android.app.shealth,2025-04-25 17:44:00.000,b3cb3404-13a3-4a8c-83fd-63e6c2f9c5f6,
60000,4,0,105,2025-04-25 17:44:00.000,,,2025-04-25 17:47:29.434,2025-04-25 17:47:29.434,105,1.2928333,77.57,6.61,UTC+0200,NA9l677+ml,com.sec.android.app.shealth,2025-04-25 17:45:00.000,b8119cc2-3906-4dcf-89e1-0990f9c3f5ef,
59407,4,0,103,2025-04-25 17:45:00.000,,,2025-04-25 17:47:29.532,2025-04-25 17:47:29.532,103,1.2777778,75.91,4.85,UTC+0200,NA9l677+ml,com.sec.android.app.shealth,2025-04-25 17:46:00.000,cdda4ff6-b8f9-46d7-9b33-f25dfb4f979a,
60000,4,0,105,2025-04-25 17:46:00.000,,,2025-04-25 17:47:29.625,2025-04-25 17:47:29.625,105,1.2789999,76.74,4.48,UTC+0200,NA9l677+ml,com.sec.android.app.shealth,2025-04-25 17:47:00.000,e7fbfa7b-3917-428a-ba83-51ee177962d3,
60000,4,0,103,2025-04-25 17:47:00.000,,,2025-04-25 17:49:01.664,2025-04-25 17:47:29.813,103,1.2523334,75.14001,4.9199986,UTC+0200,NA9l677+ml,com.sec.android.app.shealth,2025-04-25 17:48:00.000,b6c60931-10f6-45e6-af41-3eb0b2dc2d0f,
45086,4,0,78,2025-04-25 17:48:00.000,,,2025-04-25 17:49:01.710,2025-04-25 17:49:01.710,78,1.2777778,57.61,3.12,UTC+0200,NA9l677+ml,com.sec.android.app.shealth,2025-04-25 17:49:00.000,a114c4a4-da79-4864-882f-3ae2090c843f,
21618,4,0,40,2025-04-25 17:49:00.000,,,2025-04-25 17:53:29.834,2025-04-25 17:49:28.975,40,1.4020219,30.31,1.81,UTC+0200,NA9l677+ml,com.sec.android.app.shealth,2025-04-25 17:50:00.000,0718dbc4-86df-44f3-91c4-238070f6240a,
60000,4,0,107,2025-04-25 17:50:00.000,,,2025-04-25 17:53:29.891,2025-04-25 17:53:29.891,107,1.3335,80.01,4.4,UTC+0200,NA9l677+ml,com.sec.android.app.shealth,2025-04-25 17:51:00.000,04cc13a4-5a03-4a36-a0d2-00f5ed826c7c,
59768,4,0,102,2025-04-25 17:51:00.000,,,2025-04-25 17:53:29.938,2025-04-25 17:53:29.938,102,1.25,74.71,5.9,UTC+0200,NA9l677+ml,com.sec.android.app.shealth,2025-04-25 17:52:00.000,f0697d91-7d19-4e77-a49e-55b7eebfcea7,
60000,4,0,99,2025-04-25 17:52:00.000,,,2025-04-25 17:53:30.000,2025-04-25 17:53:30.000,99,1.1893333,71.36,7.43,UTC+0200,NA9l677+ml,com.sec.android.app.shealth,2025-04-25 17:53:00.000,531c0e2b-ff8c-461e-a406-0cb7c94a640e,
41181,4,0,69,2025-04-25 17:53:00.000,,,2025-04-25 17:55:00.028,2025-04-25 17:53:30.037,69,1.2223872,50.339996,3.54,UTC+0200,NA9l677+ml,com.sec.android.app.shealth,2025-04-25 17:54:00.000,ddb5c829-e6a3-42bc-bbb6-3bf312b60342,
57080,4,0,97,2025-04-25 17:54:00.000,,,2025-04-25 17:55:00.158,2025-04-25 17:55:00.158,97,1.25,71.35,4.11,UTC+0200,NA9l677+ml,com.sec.android.app.shealth,2025-04-25 17:55:00.000,62ab6866-27a2-4d4a-971d-323423171e4d,
60000,4,0,110,2025-04-25 17:55:00.000,,,2025-04-25 18:02:10.036,2025-04-25 18:02:10.036,110,1.3886666,83.32,4.43,UTC+0200,NA9l677+ml,com.sec.android.app.shealth,2025-04-25 17:56:00.000,761c21c5-70e5-4ae4-894f-01a50c0ad8df,
60000,4,0,112,2025-04-25 17:56:00.000,,,2025-04-25 18:02:10.092,2025-04-25 18:02:10.092,112,1.4186667,85.12,4.48,UTC+0200,NA9l677+ml,com.sec.android.app.shealth,2025-04-25 17:57:00.000,17758eac-9fd8-493d-a0e5-107c87942806,
59940,4,0,110,2025-04-25 17:57:00.000,,,2025-04-25 18:02:10.141,2025-04-25 18:02:10.141,110,1.3888888,83.25,4.58,UTC+0200,NA9l677+ml,com.sec.android.app.shealth,2025-04-25 17:58:00.000,6c300231-f5c0-4e51-ba43-1e1af5f5208b,
60000,4,0,103,2025-04-25 17:58:00.000,,,2025-04-25 18:02:10.186,2025-04-25 18:02:10.186,103,1.2698334,76.19,4.39,UTC+0200,NA9l677+ml,com.sec.android.app.shealth,2025-04-25 17:59:00.000,6aa5ee12-d059-4a7a-b099-700dd3d96f55,
60000,4,0,109,2025-04-25 17:59:00.000,,,2025-04-25 18:02:10.253,2025-04-25 18:02:10.253,109,1.3733333,82.4,4.44,UTC+0200,NA9l677+ml,com.sec.android.app.shealth,2025-04-25 18:00:00.000,b19c7d2c-6ae4-46f4-825a-93281ce65656,
60000,4,0,113,2025-04-25 18:00:00.000,,,2025-04-25 18:02:10.319,2025-04-25 18:02:10.319,113,1.4335,86.01,4.55,UTC+0200,NA9l677+ml,com.sec.android.app.shealth,2025-04-25 18:01:00.000,e044de69-900a-4b28-b674-377800e44960,
47721,4,0,88,2025-04-25 18:01:00.000,,,2025-04-25 18:02:10.447,2025-04-25 18:02:10.447,88,1.3888888,66.28,3.65,UTC+0200,NA9l677+ml,com.sec.android.app.shealth,2025-04-25 18:02:00.000,2d1e6c59-fff5-4f03-a96a-ec9398fbcf11,
5172,4,0,12,2025-04-25 19:19:00.000,,,2025-04-25 19:19:51.964,2025-04-25 19:19:51.964,12,1.8888888,9.77,0.5,UTC+0200,NA9l677+ml,com.sec.android.app.shealth,2025-04-25 19:20:00.000,6b40351e-a91e-4c55-aee2-6e366c26d407,
44494,4,0,72,2025-04-25 19:20:00.000,,,2025-04-25 19:29:54.885,2025-04-25 19:29:54.885,72,1.1666666,51.91,3.99,UTC+0200,NA9l677+ml,com.sec.android.app.shealth,2025-04-25 19:21:00.000,1c30a846-f919-4f5e-8a40-b8da68b2dd5a,
59914,4,0,108,2025-04-25 19:21:00.000,,,2025-04-25 19:29:55.004,2025-04-25 19:29:55.004,108,1.3611112,81.55,4.38,UTC+0200,NA9l677+ml,com.sec.android.app.shealth,2025-04-25 19:22:00.000,80b4811d-7753-485a-a14d-db0c3e64eb57,
60000,4,0,109,2025-04-25 19:22:00.000,,,2025-04-25 19:29:55.161,2025-04-25 19:29:55.161,109,1.3681667,82.09,4.45,UTC+0200,NA9l677+ml,com.sec.android.app.shealth,2025-04-25 19:23:00.000,a5c1ebc8-d8bf-4dcc-b7c4-4e813c7b833c,
60000,4,0,109,2025-04-25 19:23:00.000,,,2025-04-25 19:29:55.233,2025-04-25 19:29:55.233,109,1.369,82.14,4.43,UTC+0200,NA9l677+ml,com.sec.android.app.shealth,2025-04-25 19:24:00.000,2852863b-f683-4930-a619-423036fb71b7,
60000,4,0,109,2025-04-25 19:24:00.000,,,2025-04-25 19:29:55.282,2025-04-25 19:29:55.282,109,1.3738333,82.43,4.38,UTC+0200,NA9l677+ml,com.sec.android.app.shealth,2025-04-25 19:25:00.000,c7c939f7-17de-4466-a073-26e6d851cfe4,
60000,4,0,110,2025-04-25 19:25:00.000,,,2025-04-25 19:29:55.330,2025-04-25 19:29:55.330,110,1.3933333,83.6,4.4,UTC+0200,NA9l677+ml,com.sec.android.app.shealth,2025-04-25 19:26:00.000,6f35f493-b80e-4034-98ca-5105a99162f2,
58724,4,0,106,2025-04-25 19:26:00.000,,,2025-04-25 19:29:55.374,2025-04-25 19:29:55.374,106,1.3611112,79.93,4.31,UTC+0200,NA9l677+ml,com.sec.android.app.shealth,2025-04-25 19:27:00.000,a115eace-eb36-4e46-a04f-611503f9c6a1,
59017,4,0,103,2025-04-25 19:27:00.000,,,2025-04-25 19:29:55.418,2025-04-25 19:29:55.418,103,1.3055556,77.05,4.38,UTC+0200,NA9l677+ml,com.sec.android.app.shealth,2025-04-25 19:28:00.000,26a11579-f3f8-4c67-92a1-c595a5c45f65,
50539,4,0,92,2025-04-25 19:28:00.000,,,2025-04-25 19:29:55.464,2025-04-25 19:29:55.464,92,1.3611112,68.79,4.17,UTC+0200,NA9l677+ml,com.sec.android.app.shealth,2025-04-25 19:29:00.000,16cb40fe-d94e-4b64-afce-6ce4e7b4a5df,
49017,4,0,84,2025-04-25 19:29:00.000,,,2025-04-25 19:31:34.860,2025-04-25 19:29:55.507,84,1.2689285,62.199997,3.71,UTC+0200,NA9l677+ml,com.sec.android.app.shealth,2025-04-25 19:30:00.000,76cd8e35-aa99-4557-a2c6-aa749bdb385d,
52136,4,0,97,2025-04-25 19:30:00.000,,,2025-04-25 19:31:34.909,2025-04-25 19:31:34.909,97,1.4166666,73.86,3.93,UTC+0200,NA9l677+ml,com.sec.android.app.shealth,2025-04-25 19:31:00.000,00fa6997-734f-45cf-ae59-1b7da4004eaf,
36730,4,0,66,2025-04-25 19:31:00.000,,,2025-04-25 19:35:00.037,2025-04-25 19:31:34.954,66,1.3536537,49.72,2.71,UTC+0200,NA9l677+ml,com.sec.android.app.shealth,2025-04-25 19:32:00.000,101e1242-2e44-42cd-ae5f-807cd390cd88,
55765,4,0,105,2025-04-25 19:32:00.000,,,2025-04-25 19:35:00.173,2025-04-25 19:35:00.173,105,1.4444444,80.55,4.21,UTC+0200,NA9l677+ml,com.sec.android.app.shealth,2025-04-25 19:33:00.000,d06354a6-3567-4bc7-971c-2f36d5a1f141,
49709,4,0,90,2025-04-25 19:33:00.000,,,2025-04-25 19:35:00.231,2025-04-25 19:35:00.231,90,1.3611112,67.66,3.74,UTC+0200,NA9l677+ml,com.sec.android.app.shealth,2025-04-25 19:34:00.000,51cc36c0-f759-4a2f-adc7-320e9e5eddb7,
60000,4,0,110,2025-04-25 19:34:00.000,,,2025-04-25 19:35:00.273,2025-04-25 19:35:00.273,110,1.3870001,83.22,6.93,UTC+0200,NA9l677+ml,com.sec.android.app.shealth,2025-04-25 19:35:00.000,aaeeefe4-bc1f-4211-ad6c-66475bc3ecd1,
60000,4,0,107,2025-04-25 19:35:00.000,,,2025-04-25 19:41:12.221,2025-04-25 19:41:12.221,107,1.3308333,79.85,5.77,UTC+0200,NA9l677+ml,com.sec.android.app.shealth,2025-04-25 19:36:00.000,9e7fe4c3-ccca-4d66-9c6b-95eedd53de82,
60000,4,0,112,2025-04-25 19:36:00.000,,,2025-04-25 19:41:12.311,2025-04-25 19:41:12.311,112,1.4165,84.99,4.54,UTC+0200,NA9l677+ml,com.sec.android.app.shealth,2025-04-25 19:37:00.000,a39c4b08-19c1-4646-94dd-902fd23b1eb8,
60000,4,0,114,2025-04-25 19:37:00.000,,,2025-04-25 19:41:12.392,2025-04-25 19:41:12.392,114,1.451,87.06,4.56,UTC+0200,NA9l677+ml,com.sec.android.app.shealth,2025-04-25 19:38:00.000,f8f76442-5a5d-49b2-88cf-8a20f24179cf,
60000,4,0,113,2025-04-25 19:38:00.000,,,2025-04-25 19:41:12.453,2025-04-25 19:41:12.453,113,1.4348332,86.09,4.52,UTC+0200,NA9l677+ml,com.sec.android.app.shealth,2025-04-25 19:39:00.000,c5da3c02-934f-4b8c-a68e-0d3665f1c211,
60000,4,0,111,2025-04-25 19:39:00.000,,,2025-04-25 19:41:12.532,2025-04-25 19:41:12.532,111,1.401,84.06,4.46,UTC+0200,NA9l677+ml,com.sec.android.app.shealth,2025-04-25 19:40:00.000,1099c630-10ac-46a9-a940-859c34e41441,
60000,4,0,110,2025-04-25 19:40:00.000,,,2025-04-25 19:41:12.592,2025-04-25 19:41:12.592,110,1.3873333,83.24,4.49,UTC+0200,NA9l677+ml,com.sec.android.app.shealth,2025-04-25 19:41:00.000,f89b65d0-97d7-4cce-87b7-61d1a37cdc24,
8851,4,3,15,2025-04-25 19:41:00.000,,,2025-04-25 19:41:12.661,2025-04-25 19:41:12.661,18,1.6111112,14.26,1.1,UTC+0200,NA9l677+ml,com.sec.android.app.shealth,2025-04-25 19:42:00.000,801a3ada-cf3f-4d82-942a-54b6ce14dc36,
17880,4,0,32,2025-04-26 06:28:00.000,,,2025-04-26 06:33:22.808,2025-04-26 06:33:22.808,32,1.3333334,23.84,1.38,UTC+0200,NA9l677+ml,com.sec.android.app.shealth,2025-04-26 06:29:00.000,dc6fe123-e18b-4b91-a085-62b6b7970586,
60000,4,0,108,2025-04-26 06:29:00.000,,,2025-04-26 06:33:22.926,2025-04-26 06:33:22.926,108,1.3543334,81.26,4.68,UTC+0200,NA9l677+ml,com.sec.android.app.shealth,2025-04-26 06:30:00.000,122fb1fc-2e62-4c58-a95e-f3812692fd2d,
34043,4,0,59,2025-04-26 06:30:00.000,,,2025-04-26 06:33:23.035,2025-04-26 06:33:23.035,59,1.2777778,43.5,3.08,UTC+0200,NA9l677+ml,com.sec.android.app.shealth,2025-04-26 06:31:00.000,91970d29-27b2-4b11-88c3-03ad52afd312,
9862,4,0,16,2025-04-26 06:32:00.000,,,2025-04-26 06:33:23.135,2025-04-26 06:33:23.135,16,1.1944444,11.78,0.69,UTC+0200,NA9l677+ml,com.sec.android.app.shealth,2025-04-26 06:33:00.000,190a98f3-d131-4936-a8f0-09b3dad639c9,
5106,4,0,11,2025-04-26 07:05:00.000,,,2025-04-26 07:05:59.735,2025-04-26 07:05:58.787,11,1.6588328,8.47,0.53,UTC+0200,NA9l677+ml,com.sec.android.app.shealth,2025-04-26 07:06:00.000,a6029ddd-b3ae-4d89-8b80-29f4957b41fe,
973,4,0,2,2025-04-26 07:06:00.000,,,2025-04-26 07:06:01.271,2025-04-26 07:06:00.492,2,1.5410957,1.5,0.1,UTC+0200,NA9l677+ml,com.sec.android.app.shealth,2025-04-26 07:07:00.000,68d5ec16-0487-4199-9f8a-7bd61abc2d3a,
31551,4,0,54,2025-04-26 07:13:00.000,,,2025-04-26 07:15:00.120,2025-04-26 07:15:00.120,54,1.25,39.44,2.2,UTC+0200,NA9l677+ml,com.sec.android.app.shealth,2025-04-26 07:14:00.000,740d1788-b58f-4159-95c1-acce57b8b001,
60000,4,0,107,2025-04-26 07:14:00.000,,,2025-04-26 07:15:00.171,2025-04-26 07:15:00.171,107,1.3228334,79.37,4.31,UTC+0200,NA9l677+ml,com.sec.android.app.shealth,2025-04-26 07:15:00.000,76752e01-7080-4cd9-aa7d-613662ddacf4,
28922,4,0,51,2025-04-26 07:15:00.000,,,2025-04-26 07:18:06.303,2025-04-26 07:18:06.303,51,1.3055556,37.76,2.04,UTC+0200,NA9l677+ml,com.sec.android.app.shealth,2025-04-26 07:16:00.000,2b6d9216-aa77-4f91-ac79-ace5b3e7c90b,
15560,4,0,22,2025-04-26 07:16:00.000,,,2025-04-26 07:18:06.374,2025-04-26 07:18:06.374,22,1.0,15.56,1.03,UTC+0200,NA9l677+ml,com.sec.android.app.shealth,2025-04-26 07:17:00.000,b361f5a5-cfba-471a-920e-d035d20db964,
12914,4,0,23,2025-04-26 07:17:00.000,,,2025-04-26 07:18:06.429,2025-04-26 07:18:06.429,23,1.3333334,17.22,1.0,UTC+0200,NA9l677+ml,com.sec.android.app.shealth,2025-04-26 07:18:00.000,e18c7794-095f-4b8c-b7fd-d10c05d1ecec,
5808,4,0,10,2025-04-26 07:18:00.000,,,2025-04-26 07:18:52.726,2025-04-26 07:18:52.726,10,1.25,7.26,0.43,UTC+0200,NA9l677+ml,com.sec.android.app.shealth,2025-04-26 07:19:00.000,426a9f50-53ae-4f6d-bf37-ecf5c935aa6c,
31557,4,0,48,2025-04-26 07:19:00.000,,,2025-04-26 07:20:35.365,2025-04-26 07:19:12.693,48,1.0808768,34.11,2.29,UTC+0200,NA9l677+ml,com.sec.android.app.shealth,2025-04-26 07:20:00.000,292ce5d0-d46d-43bd-b6a8-0c1df9e53948,
27109,4,0,36,2025-04-26 07:20:00.000,,,2025-04-26 07:20:35.517,2025-04-26 07:20:35.517,36,0.9166667,24.85,1.72,UTC+0200,NA9l677+ml,com.sec.android.app.shealth,2025-04-26 07:21:00.000,69c5d523-4203-4423-ab92-b8259c709c13,
8218,4,0,13,2025-04-26 10:13:00.000,,,2025-04-26 10:15:00.051,2025-04-26 10:15:00.051,13,1.1388888,9.36,0.61,UTC+0200,NA9l677+ml,com.sec.android.app.shealth,2025-04-26 10:14:00.000,6a84037c-af82-4ff4-835c-121b520f4bfc,
17404,4,7,26,2025-04-26 10:15:00.000,,,2025-04-26 10:16:24.756,2025-04-26 10:15:31.543,33,1.4472876,25.19,2.17,UTC+0200,NA9l677+ml,com.sec.android.app.shealth,2025-04-26 10:16:00.000,7260459f-bf65-47c0-8dec-d077e894841f,
7723,4,0,13,2025-04-26 10:16:00.000,,,2025-04-26 10:31:16.836,2025-04-26 10:31:16.836,13,1.2222222,9.44,0.58,UTC+0200,NA9l677+ml,com.sec.android.app.shealth,2025-04-26 10:17:00.000,a4d0400e-0913-4fb3-8b30-52788db4ae1f,
51962,4,0,95,2025-04-26 10:21:00.000,,,2025-04-26 10:31:16.966,2025-04-26 10:31:16.966,95,1.3888888,72.17,3.85,UTC+0200,NA9l677+ml,com.sec.android.app.shealth,2025-04-26 10:22:00.000,95a91fb5-5caa-44f3-9781-9ff897edaaee,
59587,4,0,103,2025-04-26 10:22:00.000,,,2025-04-26 10:31:17.017,2025-04-26 10:31:17.017,103,1.2777778,76.14,5.59,UTC+0200,NA9l677+ml,com.sec.android.app.shealth,2025-04-26 10:23:00.000,4fde8402-b216-4ec2-9d1c-afa0956fb82c,
60000,4,0,104,2025-04-26 10:23:00.000,,,2025-04-26 10:31:17.050,2025-04-26 10:31:17.050,104,1.2680001,76.08,5.77,UTC+0200,NA9l677+ml,com.sec.android.app.shealth,2025-04-26 10:24:00.000,573693d4-bdb4-440c-b77b-e0aeeb92b640,
60000,4,0,106,2025-04-26 10:24:00.000,,,2025-04-26 10:31:17.087,2025-04-26 10:31:17.087,106,1.3051666,78.31,6.49,UTC+0200,NA9l677+ml,com.sec.android.app.shealth,2025-04-26 10:25:00.000,609fd14d-d0f4-47c0-b715-d0b58e0565ea,
60000,4,0,105,2025-04-26 10:25:00.000,,,2025-04-26 10:31:17.115,2025-04-26 10:31:17.115,105,1.2955,77.73,5.21,UTC+0200,NA9l677+ml,com.sec.android.app.shealth,2025-04-26 10:26:00.000,d543d379-0c04-442b-b6f6-191df3813eee,
57320,4,0,98,2025-04-26 10:26:00.000,,,2025-04-26 10:31:17.151,2025-04-26 10:31:17.151,98,1.25,71.65,4.33,UTC+0200,NA9l677+ml,com.sec.android.app.shealth,2025-04-26 10:27:00.000,f2faa964-37fa-478e-ae52-b63ce0d909dd,
60000,4,0,106,2025-04-26 10:27:00.000,,,2025-04-26 10:31:17.179,2025-04-26 10:31:17.179,106,1.3018334,78.11,4.47,UTC+0200,NA9l677+ml,com.sec.android.app.shealth,2025-04-26 10:28:00.000,d26f435a-b837-4547-94a9-eba7a6dff554,
60000,4,0,107,2025-04-26 10:28:00.000,,,2025-04-26 10:31:17.211,2025-04-26 10:31:17.211,107,1.328,79.68,4.53,UTC+0200,NA9l677+ml,com.sec.android.app.shealth,2025-04-26 10:29:00.000,d4fdffcd-a3e9-4e74-bb42-74278630eb2e,
60000,4,0,107,2025-04-26 10:29:00.000,,,2025-04-26 10:31:17.237,2025-04-26 10:31:17.237,107,1.3295,79.77,5.04,UTC+0200,NA9l677+ml,com.sec.android.app.shealth,2025-04-26 10:30:00.000,cbc5e1f6-c90b-4a0c-a24f-6b34f9725107,
60000,4,0,100,2025-04-26 10:30:00.000,,,2025-04-26 10:31:17.257,2025-04-26 10:31:17.257,100,1.2028333,72.17,9.27,UTC+0200,NA9l677+ml,com.sec.android.app.shealth,2025-04-26 10:31:00.000,7358533c-5155-492a-8d98-5252ab584e43,
58148,4,0,99,2025-04-26 10:31:00.000,,,2025-04-26 10:34:04.615,2025-04-26 10:31:17.286,99,1.2464736,72.479996,6.5099993,UTC+0200,NA9l677+ml,com.sec.android.app.shealth,2025-04-26 10:32:00.000,b15dd04a-f58f-4722-bbeb-70bb7d383edd,
60000,4,0,103,2025-04-26 10:32:00.000,,,2025-04-26 10:34:04.671,2025-04-26 10:34:04.671,103,1.2505001,75.03,4.13,UTC+0200,NA9l677+ml,com.sec.android.app.shealth,2025-04-26 10:33:00.000,6e8621fb-9cfd-4f2b-96ee-94483334691c,
47130,4,0,85,2025-04-26 10:33:00.000,,,2025-04-26 10:34:04.720,2025-04-26 10:34:04.720,85,1.3611112,64.15,3.54,UTC+0200,NA9l677+ml,com.sec.android.app.shealth,2025-04-26 10:34:00.000,3fd3ef1e-0fdc-4807-b7c0-bfb92a92c83f,
22758,4,0,42,2025-04-26 10:34:00.000,,,2025-04-26 10:35:00.032,2025-04-26 10:34:29.591,42,1.3854114,31.53,1.78,UTC+0200,NA9l677+ml,com.sec.android.app.shealth,2025-04-26 10:35:00.000,1a6e41a9-4c0f-47c2-ad4f-1fc5c2486659,
52337,4,0,92,2025-04-26 10:35:00.000,,,2025-04-26 10:38:57.749,2025-04-26 10:38:57.749,92,1.3055556,68.33,3.91,UTC+0200,NA9l677+ml,com.sec.android.app.shealth,2025-04-26 10:36:00.000,f3fdabe0-7f36-4981-9be4-3299c3a1f54f,
59794,4,0,97,2025-04-26 10:36:00.000,,,2025-04-26 10:38:57.798,2025-04-26 10:38:57.798,97,1.1666666,69.76,8.04,UTC+0200,NA9l677+ml,com.sec.android.app.shealth,2025-04-26 10:37:00.000,7bb55cf1-35e5-4a81-8b48-c3070704e69c,
60000,4,0,92,2025-04-26 10:37:00.000,,,2025-04-26 10:38:57.850,2025-04-26 10:38:57.850,92,1.0933332,65.6,6.68,UTC+0200,NA9l677+ml,com.sec.android.app.shealth,2025-04-26 10:38:00.000,7aa1777d-fa4d-445c-9ff3-19db528a0019,
34403,4,0,52,2025-04-26 10:38:00.000,,,2025-04-26 10:38:57.886,2025-04-26 10:38:57.886,52,1.0833333,37.27,2.51,UTC+0200,NA9l677+ml,com.sec.android.app.shealth,2025-04-26 10:39:00.000,b6c2c1b4-dc1d-4f5b-9ae6-ade5fd232714,
28312,4,0,49,2025-04-26 10:39:00.000,,,2025-04-26 10:40:05.767,2025-04-26 10:39:14.710,49,1.2965927,36.71,2.21,UTC+0200,NA9l677+ml,com.sec.android.app.shealth,2025-04-26 10:40:00.000,bb1de87c-7806-46b6-a13c-8c78f345c2ac,
13113,4,0,23,2025-04-26 10:40:00.000,,,2025-04-26 10:41:20.416,2025-04-26 10:41:20.416,23,1.3055556,17.12,1.1,UTC+0200,NA9l677+ml,com.sec.android.app.shealth,2025-04-26 10:41:00.000,80afd795-a3ab-4be1-ab52-4d7785f4c4c7,
7738,4,0,13,2025-04-26 10:41:00.000,,,2025-04-26 10:41:59.666,2025-04-26 10:41:20.468,13,1.2250485,9.48,0.61,UTC+0200,NA9l677+ml,com.sec.android.app.shealth,2025-04-26 10:42:00.000,5953d813-f767-4f74-8bb2-1041eb9c38f9,
1775,4,0,3,2025-04-26 10:42:00.000,,,2025-04-26 10:42:19.532,2025-04-26 10:42:19.532,3,1.2222222,2.17,0.14,UTC+0200,NA9l677+ml,com.sec.android.app.shealth,2025-04-26 10:43:00.000,3be4a3ea-e382-439a-afe7-a7ff56aff7ff,
6565,4,0,10,2025-04-26 11:28:00.000,,,2025-04-26 11:29:02.658,2025-04-26 11:29:02.658,10,1.0555556,6.93,0.62,UTC+0200,NA9l677+ml,com.sec.android.app.shealth,2025-04-26 11:29:00.000,3dd3232b-fb6d-49af-ae51-e02fbdcd6e03,
3955,4,0,10,2025-04-26 11:29:00.000,,,2025-04-26 11:31:56.305,2025-04-26 11:31:56.305,10,2.0277777,8.02,0.44,UTC+0200,NA9l677+ml,com.sec.android.app.shealth,2025-04-26 11:30:00.000,31cba99b-2fad-49c4-a2f7-528debcf01ea,
14220,4,0,23,2025-04-26 11:32:00.000,,,2025-04-26 11:33:06.550,2025-04-26 11:33:06.550,23,1.1666666,16.59,1.22,UTC+0200,NA9l677+ml,com.sec.android.app.shealth,2025-04-26 11:33:00.000,1cc4d514-1326-4fb4-aa92-23250db6707b,
51902,4,0,87,2025-04-26 11:33:00.000,,,2025-04-26 11:33:59.738,2025-04-26 11:33:06.633,87,1.2192194,63.28,4.3700004,UTC+0200,NA9l677+ml,com.sec.android.app.shealth,2025-04-26 11:34:00.000,073d686b-b072-4aaf-9624-60f4a1411d42,
18124,4,0,30,2025-04-26 11:34:00.000,,,2025-04-26 11:35:00.021,2025-04-26 11:34:00.534,30,1.2077694,21.89,1.98,UTC+0200,NA9l677+ml,com.sec.android.app.shealth,2025-04-26 11:35:00.000,0bbf69c2-09eb-40fe-a230-7ec4b942cd12,
14660,4,0,21,2025-04-26 11:36:00.000,,,2025-04-26 11:37:02.320,2025-04-26 11:37:02.320,21,1.0,14.66,0.98,UTC+0200,NA9l677+ml,com.sec.android.app.shealth,2025-04-26 11:37:00.000,a7d2a6f5-ff20-4254-a683-35a997843071,
54594,4,0,94,2025-04-26 11:37:00.000,,,2025-04-26 11:38:08.458,2025-04-26 11:37:02.390,94,1.2700849,69.340004,4.0499997,UTC+0200,NA9l677+ml,com.sec.android.app.shealth,2025-04-26 11:38:00.000,5ebaf6f2-91b4-491e-a4f1-7165168f1558,
57199,4,0,96,2025-04-26 11:38:00.000,,,2025-04-26 11:47:08.687,2025-04-26 11:38:08.654,96,1.2262394,70.14,4.0199995,UTC+0200,NA9l677+ml,com.sec.android.app.shealth,2025-04-26 11:39:00.000,f6aa21bb-5219-4631-bbde-ed7006d0f215,
48967,4,0,87,2025-04-26 11:39:00.000,,,2025-04-26 11:47:08.741,2025-04-26 11:47:08.741,87,1.3333334,65.29,3.6,UTC+0200,NA9l677+ml,com.sec.android.app.shealth,2025-04-26 11:40:00.000,6ea25013-158d-499c-beb8-1aa8281e6e3a,
50899,4,0,92,2025-04-26 11:40:00.000,,,2025-04-26 11:47:08.787,2025-04-26 11:47:08.787,92,1.3611112,69.28,3.82,UTC+0200,NA9l677+ml,com.sec.android.app.shealth,2025-04-26 11:41:00.000,2e265c75-9221-4612-b4da-c1746ec21971,
37948,4,0,66,2025-04-26 11:41:00.000,,,2025-04-26 11:47:08.822,2025-04-26 11:47:08.822,66,1.2777778,48.49,2.8,UTC+0200,NA9l677+ml,com.sec.android.app.shealth,2025-04-26 11:42:00.000,97a678b4-aff4-4a7b-8b4b-fbae2117e71e,
6664,4,0,11,2025-04-26 11:45:00.000,,,2025-04-26 11:47:08.857,2025-04-26 11:47:08.857,11,1.1944444,7.96,0.5,UTC+0200,NA9l677+ml,com.sec.android.app.shealth,2025-04-26 11:46:00.000,ee5e892c-7219-4d8c-b530-4c541d36dc82,
59093,4,0,104,2025-04-26 11:46:00.000,,,2025-04-26 11:47:08.894,2025-04-26 11:47:08.894,104,1.3055556,77.15,4.37,UTC+0200,NA9l677+ml,com.sec.android.app.shealth,2025-04-26 11:47:00.000,9157fcc2-bda6-4f22-9eab-0f436eb353f8,
31235,4,0,54,2025-04-26 11:47:00.000,,,2025-04-26 11:55:00.080,2025-04-26 11:47:08.938,54,1.2850882,40.14,2.31,UTC+0200,NA9l677+ml,com.sec.android.app.shealth,2025-04-26 11:48:00.000,d48f31a7-b6dd-40c3-9b38-8e6f81c1c0b5,
46360,4,0,79,2025-04-26 11:50:00.000,,,2025-04-26 11:55:00.181,2025-04-26 11:55:00.181,79,1.25,57.95,3.43,UTC+0200,NA9l677+ml,com.sec.android.app.shealth,2025-04-26 11:51:00.000,78bf9d10-2078-457f-a1c6-9b18d5bd5d4b,
43853,4,0,72,2025-04-26 11:51:00.000,,,2025-04-26 11:55:00.272,2025-04-26 11:55:00.272,72,1.1944444,52.38,2.96,UTC+0200,NA9l677+ml,com.sec.android.app.shealth,2025-04-26 11:52:00.000,aa100e2b-ffa8-4882-bcde-278344ce1537,
24182,4,0,42,2025-04-26 11:52:00.000,,,2025-04-26 11:55:00.341,2025-04-26 11:55:00.341,42,1.2777778,30.9,1.72,UTC+0200,NA9l677+ml,com.sec.android.app.shealth,2025-04-26 11:53:00.000,b81a610f-1e99-45fe-b260-3b1917d768ae,
60000,4,0,105,2025-04-26 11:53:00.000,,,2025-04-26 11:55:00.411,2025-04-26 11:55:00.411,105,1.2943333,77.66,4.76,UTC+0200,NA9l677+ml,com.sec.android.app.shealth,2025-04-26 11:54:00.000,895b4c61-48e9-44aa-b2cc-daca935621f1,
51962,4,0,87,2025-04-26 11:54:00.000,,,2025-04-26 11:55:00.481,2025-04-26 11:55:00.481,87,1.2222222,63.51,3.74,UTC+0200,NA9l677+ml,com.sec.android.app.shealth,2025-04-26 11:55:00.000,afb9f44e-8bbb-4e3a-ad50-49288190e1f3,
29048,4,0,47,2025-04-26 11:58:00.000,,,2025-04-26 12:09:12.090,2025-04-26 12:09:12.090,47,1.1666666,33.89,1.95,UTC+0200,NA9l677+ml,com.sec.android.app.shealth,2025-04-26 11:59:00.000,1ba30d49-eb7c-4f90-8e5f-c457904c6ee9,
57376,4,0,98,2025-04-26 11:59:00.000,,,2025-04-26 12:09:12.163,2025-04-26 12:09:12.163,98,1.25,71.72,4.79,UTC+0200,NA9l677+ml,com.sec.android.app.shealth,2025-04-26 12:00:00.000,e1978701-46cb-44a3-851a-f1b7f32deaa4,
2528,4,0,4,2025-04-26 12:00:00.000,,,2025-04-26 12:09:12.241,2025-04-26 12:09:12.241,4,1.1666666,2.95,0.16,UTC+0200,NA9l677+ml,com.sec.android.app.shealth,2025-04-26 12:01:00.000,ebbf4364-85bd-440e-a7cb-7633f933b00d,
59846,4,0,110,2025-04-26 12:02:00.000,,,2025-04-26 12:09:12.314,2025-04-26 12:09:12.314,110,1.3888888,83.12,4.58,UTC+0200,NA9l677+ml,com.sec.android.app.shealth,2025-04-26 12:03:00.000,4a710caf-fa73-41b1-b78c-163013586cf3,
60000,4,0,111,2025-04-26 12:03:00.000,,,2025-04-26 12:09:12.389,2025-04-26 12:09:12.389,111,1.406,84.36,4.44,UTC+0200,NA9l677+ml,com.sec.android.app.shealth,2025-04-26 12:04:00.000,a25d1dd9-48a3-455b-a3e0-eaebbd9ee6ec,
60000,4,0,112,2025-04-26 12:04:00.000,,,2025-04-26 12:09:12.490,2025-04-26 12:09:12.490,112,1.4186667,85.12,4.48,UTC+0200,NA9l677+ml,com.sec.android.app.shealth,2025-04-26 12:05:00.000,bfbc5ae7-ef5f-43c8-a25e-e908d24f3e0b,
60000,4,0,107,2025-04-26 12:05:00.000,,,2025-04-26 12:09:12.570,2025-04-26 12:09:12.570,107,1.3353333,80.12,4.4,UTC+0200,NA9l677+ml,com.sec.android.app.shealth,2025-04-26 12:06:00.000,2883a07b-bdbf-4675-839b-64144884026d,
60000,4,0,111,2025-04-26 12:06:00.000,,,2025-04-26 12:09:12.616,2025-04-26 12:09:12.616,111,1.4025002,84.15,4.46,UTC+0200,NA9l677+ml,com.sec.android.app.shealth,2025-04-26 12:07:00.000,f6a7f5ae-1495-4fb8-9aef-34d5fef809f1,
60000,4,0,112,2025-04-26 12:07:00.000,,,2025-04-26 12:09:12.661,2025-04-26 12:09:12.661,112,1.4194999,85.17,4.48,UTC+0200,NA9l677+ml,com.sec.android.app.shealth,2025-04-26 12:08:00.000,d0541010-046f-40da-ace4-ac60480ea4ca,
59724,4,7,104,2025-04-26 12:08:00.000,,,2025-04-26 12:09:12.709,2025-04-26 12:09:12.709,111,1.4166666,84.61,4.8,UTC+0200,NA9l677+ml,com.sec.android.app.shealth,2025-04-26 12:09:00.000,c2d9de2f-ed1c-4687-9c5d-5ebb84fa2681,
59040,4,0,110,2025-04-26 12:09:00.000,,,2025-04-26 12:12:08.464,2025-04-26 12:09:12.757,110,1.4166665,83.64,4.44,UTC+0200,NA9l677+ml,com.sec.android.app.shealth,2025-04-26 12:10:00.000,e898ac6b-5c28-47ec-b450-9551995f786f,
60000,4,0,112,2025-04-26 12:10:00.000,,,2025-04-26 12:12:08.564,2025-04-26 12:12:08.564,112,1.4201666,85.21,4.49,UTC+0200,NA9l677+ml,com.sec.android.app.shealth,2025-04-26 12:11:00.000,9ac55f12-8916-4b2d-928a-5a4aa55ccd6c,
60000,4,0,114,2025-04-26 12:11:00.000,,,2025-04-26 12:12:08.648,2025-04-26 12:12:08.648,114,1.4491667,86.95,4.56,UTC+0200,NA9l677+ml,com.sec.android.app.shealth,2025-04-26 12:12:00.000,320f5712-2b57-4b44-a854-8815973383af,
60000,4,0,114,2025-04-26 12:12:00.000,,,2025-04-26 12:13:43.633,2025-04-26 12:12:08.706,114,1.444,86.64,4.5600004,UTC+0200,NA9l677+ml,com.sec.android.app.shealth,2025-04-26 12:13:00.000,44ce9ae1-5e83-4f39-acc6-3b525022be64,
46214,4,0,87,2025-04-26 12:13:00.000,,,2025-04-26 12:14:04.094,2025-04-26 12:13:43.778,87,1.436117,66.369995,3.66,UTC+0200,NA9l677+ml,com.sec.android.app.shealth,2025-04-26 12:14:00.000,ccc1de98-dd81-4948-85c0-114b1f920220,
60000,4,0,114,2025-04-26 12:14:00.000,,,2025-04-26 12:15:00.022,2025-04-26 12:14:04.239,114,1.4525,87.15,4.6499996,UTC+0200,NA9l677+ml,com.sec.android.app.shealth,2025-04-26 12:15:00.000,28d1af24-30ff-41f9-9653-203aa93ffac9,
60000,4,0,114,2025-04-26 12:15:00.000,,,2025-04-26 12:17:57.888,2025-04-26 12:17:57.888,114,1.4446666,86.68,4.56,UTC+0200,NA9l677+ml,com.sec.android.app.shealth,2025-04-26 12:16:00.000,d122fce8-2663-4589-9f23-b476f79a558a,
60000,4,0,112,2025-04-26 12:16:00.000,,,2025-04-26 12:17:57.931,2025-04-26 12:17:57.931,112,1.4181665,85.09,4.53,UTC+0200,NA9l677+ml,com.sec.android.app.shealth,2025-04-26 12:17:00.000,a82bf623-2385-43b5-a91f-02631849da5e,
40456,4,0,74,2025-04-26 12:17:00.000,,,2025-04-26 12:17:57.961,2025-04-26 12:17:57.961,74,1.3888888,56.19,2.99,UTC+0200,NA9l677+ml,com.sec.android.app.shealth,2025-04-26 12:18:00.000,71df16e7-b455-439d-8379-4a7edcd2ab67,
13837,4,0,18,2025-04-26 12:18:00.000,,,2025-04-26 12:19:07.651,2025-04-26 12:19:07.651,18,0.8888889,12.3,0.84,UTC+0200,NA9l677+ml,com.sec.android.app.shealth,2025-04-26 12:19:00.000,0c1ebf3b-8fe1-4b99-a0aa-b7f716433bb8,
24841,4,0,36,2025-04-26 12:20:00.000,,,2025-04-26 12:20:27.317,2025-04-26 12:20:25.228,36,1.0651453,26.460003,1.6999998,UTC+0200,NA9l677+ml,com.sec.android.app.shealth,2025-04-26 12:21:00.000,c38b680a-65b5-42a0-9054-78db0403e428,
5783,4,0,10,2025-04-26 12:35:00.000,,,2025-04-26 12:36:00.357,2025-04-26 12:36:00.357,10,1.2777778,7.39,0.45,UTC+0200,NA9l677+ml,com.sec.android.app.shealth,2025-04-26 12:36:00.000,26d569ea-faa8-4ae7-a0ac-5205841ddd6b,
8485,4,0,17,2025-04-26 12:36:00.000,,,2025-04-26 12:38:24.225,2025-04-26 12:38:24.225,17,1.5555557,13.2,0.77,UTC+0200,NA9l677+ml,com.sec.android.app.shealth,2025-04-26 12:37:00.000,cf77e706-9d59-42e5-97c5-ae46b68bf276,
51538,4,0,93,2025-04-26 12:37:00.000,,,2025-04-26 12:38:24.340,2025-04-26 12:38:24.340,93,1.3611112,70.15,3.81,UTC+0200,NA9l677+ml,com.sec.android.app.shealth,2025-04-26 12:38:00.000,1c3c11fa-381d-4757-9c34-f9ef1b8d45d8,
54029,4,0,95,2025-04-26 12:38:00.000,,,2025-04-26 12:39:10.229,2025-04-26 12:38:24.399,95,1.3078068,70.66,5.23,UTC+0200,NA9l677+ml,com.sec.android.app.shealth,2025-04-26 12:39:00.000,e7dd71ed-a13a-4f21-bd1c-c779456a5d7b,
37486,4,0,67,2025-04-26 12:39:00.000,,,2025-04-26 12:40:19.382,2025-04-26 12:39:10.335,67,1.3410308,50.269997,2.82,UTC+0200,NA9l677+ml,com.sec.android.app.shealth,2025-04-26 12:40:00.000,03dc45a2-bd8c-4f55-b316-6835344a5e7c,
13846,4,0,26,2025-04-26 12:40:00.000,,,2025-04-26 12:40:19.487,2025-04-26 12:40:19.487,26,1.4444444,20.0,1.06,UTC+0200,NA9l677+ml,com.sec.android.app.shealth,2025-04-26 12:41:00.000,37a09646-4724-42f1-ba7e-d8fc0e49ae7b,
8904,4,0,16,2025-04-26 12:49:00.000,,,2025-04-26 12:55:00.047,2025-04-26 12:55:00.047,16,1.3611112,12.12,0.68,UTC+0200,NA9l677+ml,com.sec.android.app.shealth,2025-04-26 12:50:00.000,e89b9e8c-2ba3-43b9-96f6-7a258b5dca83,
55807,4,0,101,2025-04-26 12:50:00.000,,,2025-04-26 12:55:00.152,2025-04-26 12:55:00.152,101,1.3611112,75.96,4.34,UTC+0200,NA9l677+ml,com.sec.android.app.shealth,2025-04-26 12:51:00.000,c1fbd27d-1296-402e-847d-94f3dbcffa37,
51973,4,0,89,2025-04-26 12:51:00.000,,,2025-04-26 12:55:00.199,2025-04-26 12:55:00.199,89,1.2777778,66.41,5.7,UTC+0200,NA9l677+ml,com.sec.android.app.shealth,2025-04-26 12:52:00.000,eab0c8d3-2cfe-463c-8a34-f0234eae3b01,
24804,4,0,46,2025-04-26 12:52:00.000,,,2025-04-26 12:55:00.252,2025-04-26 12:55:00.252,46,1.3888888,34.45,2.11,UTC+0200,NA9l677+ml,com.sec.android.app.shealth,2025-04-26 12:53:00.000,cd51f00c-a580-409e-ab6e-ba4d1e7c6605,
27430,4,0,51,2025-04-26 12:55:00.000,,,2025-04-26 13:07:42.894,2025-04-26 13:07:42.894,51,1.4166666,38.86,2.08,UTC+0200,NA9l677+ml,com.sec.android.app.shealth,2025-04-26 12:56:00.000,62c04c73-6a43-4649-882f-eebfc6d88bea,
21700,4,0,40,2025-04-26 12:56:00.000,,,2025-04-26 13:07:42.994,2025-04-26 13:07:42.994,40,1.3888888,30.14,1.85,UTC+0200,NA9l677+ml,com.sec.android.app.shealth,2025-04-26 12:57:00.000,504b6b9e-b553-4954-854b-00bdc9611531,
26928,4,0,53,2025-04-26 12:57:00.000,,,2025-04-26 13:07:43.086,2025-04-26 13:07:43.086,53,1.5277778,41.14,2.24,UTC+0200,NA9l677+ml,com.sec.android.app.shealth,2025-04-26 12:58:00.000,f54bbd5b-258f-4582-a1b9-8d9d8d644ccb,
42184,4,0,72,2025-04-26 12:58:00.000,,,2025-04-26 13:07:43.193,2025-04-26 13:07:43.193,72,1.25,52.73,3.22,UTC+0200,NA9l677+ml,com.sec.android.app.shealth,2025-04-26 12:59:00.000,31cd34c7-6ff4-4b65-bc6a-c881b37c3893,
55715,4,0,98,2025-04-26 12:59:00.000,,,2025-04-26 13:07:43.266,2025-04-26 13:07:43.266,98,1.3055556,72.74,4.13,UTC+0200,NA9l677+ml,com.sec.android.app.shealth,2025-04-26 13:00:00.000,59a29c1a-533a-4c7c-add6-9db111da3dee,
23580,4,0,42,2025-04-26 13:00:00.000,,,2025-04-26 13:07:43.322,2025-04-26 13:07:43.322,42,1.3333334,31.44,1.7,UTC+0200,NA9l677+ml,com.sec.android.app.shealth,2025-04-26 13:01:00.000,e113ca89-494e-41f1-a4e6-2c83c2afd071,
4715,4,0,10,2025-04-26 13:01:00.000,,,2025-04-26 13:07:43.393,2025-04-26 13:07:43.393,10,1.6944444,7.99,0.39,UTC+0200,NA9l677+ml,com.sec.android.app.shealth,2025-04-26 13:02:00.000,1d1775a0-c50b-46be-bc11-bd7e431b03f1,
50293,4,0,86,2025-04-26 13:08:00.000,,,2025-04-26 13:15:00.028,2025-04-26 13:08:20.223,86,1.2546415,63.1,3.7199998,UTC+0200,NA9l677+ml,com.sec.android.app.shealth,2025-04-26 13:09:00.000,aa9ab8cc-db8c-4c49-9c87-da93390f127d,
11348,4,0,19,2025-04-26 13:16:00.000,,,2025-04-26 13:17:17.350,2025-04-26 13:17:17.350,19,1.2222222,13.87,0.82,UTC+0200,NA9l677+ml,com.sec.android.app.shealth,2025-04-26 13:17:00.000,21813004-ddab-4705-b180-eba19508f428,
4710,4,0,10,2025-04-26 13:33:00.000,,,2025-04-26 13:34:59.966,2025-04-26 13:34:59.966,10,1.6388888,7.72,0.49,UTC+0200,NA9l677+ml,com.sec.android.app.shealth,2025-04-26 13:34:00.000,562d1539-4021-47e7-85d0-946fb0be8de0,
36467,4,0,53,2025-04-26 13:34:00.000,,,2025-04-26 13:34:59.998,2025-04-26 13:34:59.998,53,1.0277777,37.48,2.56,UTC+0200,NA9l677+ml,com.sec.android.app.shealth,2025-04-26 13:35:00.000,294b87d3-5c83-4dd3-b27e-84b5c5c7d0f9,
8912,4,0,15,2025-04-26 16:28:00.000,,,2025-04-26 16:28:45.731,2025-04-26 16:28:45.731,15,1.25,11.14,0.68,UTC+0200,NA9l677+ml,com.sec.android.app.shealth,2025-04-26 16:29:00.000,7a598c33-d7f1-4d39-ba66-5db22f7c7e9c,
39169,4,0,68,2025-04-26 16:30:00.000,,,2025-04-26 16:33:31.236,2025-04-26 16:30:40.883,68,1.2897874,50.519997,3.02,UTC+0200,NA9l677+ml,com.sec.android.app.shealth,2025-04-26 16:31:00.000,6088c498-e9c3-44c9-a174-006881402c87,
15269,4,0,24,2025-04-26 16:31:00.000,,,2025-04-26 16:33:31.387,2025-04-26 16:33:31.387,24,1.1388888,17.39,1.09,UTC+0200,NA9l677+ml,com.sec.android.app.shealth,2025-04-26 16:32:00.000,6cfbe761-2475-4087-b9c7-2934898c5d06,
56826,4,0,99,2025-04-26 16:32:00.000,,,2025-04-26 16:33:31.483,2025-04-26 16:33:31.483,99,1.3055556,74.19,4.22,UTC+0200,NA9l677+ml,com.sec.android.app.shealth,2025-04-26 16:33:00.000,36ad00e9-c63a-4981-8f67-4868d5c53806,
34517,4,2,58,2025-04-26 16:33:00.000,,,2025-04-26 16:35:00.027,2025-04-26 16:33:31.616,60,1.3028132,44.97,2.8600001,UTC+0200,NA9l677+ml,com.sec.android.app.shealth,2025-04-26 16:34:00.000,ab827b77-b90e-4e2d-a2cb-cf643c8c6c25,
39800,4,0,67,2025-04-26 16:43:00.000,,,2025-04-26 16:45:07.000,2025-04-26 16:45:07.000,67,1.25,49.75,3.07,UTC+0200,NA9l677+ml,com.sec.android.app.shealth,2025-04-26 16:44:00.000,51cca91c-c033-4ed9-a3f6-cc79586afaee,
21816,4,0,34,2025-04-26 16:44:00.000,,,2025-04-26 16:45:07.132,2025-04-26 16:45:07.132,34,1.1111112,24.24,1.57,UTC+0200,NA9l677+ml,com.sec.android.app.shealth,2025-04-26 16:45:00.000,c30d8291-0972-4695-8328-4b9372e53f14,
24418,4,0,43,2025-04-26 16:45:00.000,,,2025-04-26 16:49:59.029,2025-04-26 16:49:59.029,43,1.3055556,31.88,2.04,UTC+0200,NA9l677+ml,com.sec.android.app.shealth,2025-04-26 16:46:00.000,984538df-a930-4c14-b5b4-9973cd05232f,
11916,4,0,18,2025-04-26 16:46:00.000,,,2025-04-26 16:49:59.135,2025-04-26 16:49:59.135,18,1.0833334,12.91,0.82,UTC+0200,NA9l677+ml,com.sec.android.app.shealth,2025-04-26 16:47:00.000,3db3eb2d-4292-47eb-85ad-3042a847185b,
30512,4,0,45,2025-04-26 16:47:00.000,,,2025-04-26 16:49:59.192,2025-04-26 16:49:59.192,45,1.0277778,31.36,2.15,UTC+0200,NA9l677+ml,com.sec.android.app.shealth,2025-04-26 16:48:00.000,e6316966-9bba-4566-8207-0dce382a6b0e,
10841,4,0,21,2025-04-26 16:48:00.000,,,2025-04-26 16:49:59.231,2025-04-26 16:49:59.231,21,1.4444444,15.66,0.92,UTC+0200,NA9l677+ml,com.sec.android.app.shealth,2025-04-26 16:49:00.000,8883d48b-2f6f-4e75-aeed-d71305d65e05,
17820,4,0,28,2025-04-26 16:49:00.000,,,2025-04-26 16:49:59.271,2025-04-26 16:49:59.271,28,1.111111,19.8,1.25,UTC+0200,NA9l677+ml,com.sec.android.app.shealth,2025-04-26 16:50:00.000,1f9a2ea0-859a-4afc-ad27-7513b4eda43d,
16072,4,0,28,2025-04-26 16:50:00.000,,,2025-04-26 16:55:00.039,2025-04-26 16:50:16.492,28,1.2835622,20.63,1.21,UTC+0200,NA9l677+ml,com.sec.android.app.shealth,2025-04-26 16:51:00.000,5dccca17-c396-4094-9ce6-6fdf0e1a59a6,
13899,4,0,22,2025-04-26 17:02:00.000,,,2025-04-26 17:03:08.376,2025-04-26 17:03:08.376,22,1.1388888,15.83,0.94,UTC+0200,NA9l677+ml,com.sec.android.app.shealth,2025-04-26 17:03:00.000,bef30cc8-1152-4c8d-8e05-29a8612d5695,
25751,4,0,44,2025-04-26 17:03:00.000,,,2025-04-26 17:15:00.026,2025-04-26 17:03:08.468,44,1.2822387,33.02,1.9200001,UTC+0200,NA9l677+ml,com.sec.android.app.shealth,2025-04-26 17:04:00.000,23d7f7a6-0bd6-4f10-9a27-517bb011a008,
16020,4,0,27,2025-04-26 17:30:00.000,,,2025-04-26 17:31:19.982,2025-04-26 17:31:19.982,27,1.2222222,19.58,1.12,UTC+0200,NA9l677+ml,com.sec.android.app.shealth,2025-04-26 17:31:00.000,15f5e718-078f-4e44-86b2-4f2925b85228,
57375,4,0,103,2025-04-26 17:31:00.000,,,2025-04-26 17:35:00.054,2025-04-26 17:31:20.068,103,1.3441191,77.12,4.2799997,UTC+0200,NA9l677+ml,com.sec.android.app.shealth,2025-04-26 17:32:00.000,1a7ad1f7-9f8c-4643-a07e-fbb7856bef8b,
8322,4,0,14,2025-04-26 17:32:00.000,,,2025-04-26 17:35:00.176,2025-04-26 17:35:00.176,14,1.1666666,9.71,0.68,UTC+0200,NA9l677+ml,com.sec.android.app.shealth,2025-04-26 17:33:00.000,79665e76-87b7-4bd7-8914-1681dafa6aed,
15803,4,0,24,2025-04-26 17:33:00.000,,,2025-04-26 17:35:00.211,2025-04-26 17:35:00.211,24,1.0833334,17.12,1.07,UTC+0200,NA9l677+ml,com.sec.android.app.shealth,2025-04-26 17:34:00.000,54cfd5f5-65db-49d8-b9a8-3aa9dc552b70,
7301,4,0,11,2025-04-26 18:05:00.000,,,2025-04-26 18:10:27.500,2025-04-26 18:10:27.500,11,1.0833334,7.91,0.48,UTC+0200,NA9l677+ml,com.sec.android.app.shealth,2025-04-26 18:06:00.000,8d1436eb-6ebc-4ab9-a6ef-d928048473b8,
11212,4,0,18,2025-04-26 18:32:00.000,,,2025-04-26 18:34:19.142,2025-04-26 18:34:19.142,18,1.1388888,12.77,0.81,UTC+0200,NA9l677+ml,com.sec.android.app.shealth,2025-04-26 18:33:00.000,6feb83e7-4860-472c-8d5c-9c3c44a5f305,
59177,4,0,96,2025-04-26 18:33:00.000,,,2025-04-26 18:34:19.283,2025-04-26 18:34:19.283,96,1.1666666,69.04,6.15,UTC+0200,NA9l677+ml,com.sec.android.app.shealth,2025-04-26 18:34:00.000,9b818250-f099-474a-b18f-4c1735834c7f,
23602,4,0,41,2025-04-26 18:34:00.000,,,2025-04-26 18:35:00.041,2025-04-26 18:34:19.352,41,1.2812313,30.24,2.3,UTC+0200,NA9l677+ml,com.sec.android.app.shealth,2025-04-26 18:35:00.000,33bf6a02-eff9-4615-96d5-1034df98032a,
4352,4,0,10,2025-04-26 18:35:00.000,,,2025-04-26 18:55:00.157,2025-04-26 18:55:00.157,10,1.8611112,8.1,0.44,UTC+0200,NA9l677+ml,com.sec.android.app.shealth,2025-04-26 18:36:00.000,79575297-a67d-4d58-ad5e-83421b01d330,
11076,4,0,22,2025-04-26 18:36:00.000,,,2025-04-26 18:55:00.257,2025-04-26 18:55:00.257,22,1.5555556,17.23,0.87,UTC+0200,NA9l677+ml,com.sec.android.app.shealth,2025-04-26 18:37:00.000,0d5d3a8b-bac7-45e9-85ff-de0292427fa8,
2683,4,0,7,2025-04-26 18:37:00.000,,,2025-04-26 18:55:00.293,2025-04-26 18:55:00.293,7,2.138889,5.74,0.3,UTC+0200,NA9l677+ml,com.sec.android.app.shealth,2025-04-26 18:38:00.000,d701c3ec-d413-47ef-898c-a0863ae186d7,
54772,4,0,98,2025-04-26 18:55:00.000,,,2025-04-26 19:09:30.566,2025-04-26 19:09:30.566,98,1.3333334,73.03,4.16,UTC+0200,NA9l677+ml,com.sec.android.app.shealth,2025-04-26 18:56:00.000,e25542a5-578f-4aa1-a08a-7aae3943de96,
43949,4,0,78,2025-04-26 18:56:00.000,,,2025-04-26 19:09:30.668,2025-04-26 19:09:30.668,78,1.3333334,58.6,3.13,UTC+0200,NA9l677+ml,com.sec.android.app.shealth,2025-04-26 18:57:00.000,b3e9a395-eae3-4d73-93a8-9feecb630054,
10781,4,0,16,2025-04-26 18:57:00.000,,,2025-04-26 19:09:30.724,2025-04-26 19:09:30.724,16,1.0555556,11.38,0.77,UTC+0200,NA9l677+ml,com.sec.android.app.shealth,2025-04-26 18:58:00.000,ccbc2776-3667-4d73-b8f1-ad4e1b643a40,
6348,4,0,12,2025-04-26 18:58:00.000,,,2025-04-26 19:09:30.757,2025-04-26 19:09:30.757,12,1.4444444,9.17,0.48,UTC+0200,NA9l677+ml,com.sec.android.app.shealth,2025-04-26 18:59:00.000,94569ba6-a1ea-425d-81fe-7861d494831a,
6519,4,0,14,2025-04-26 18:59:00.000,,,2025-04-26 19:09:30.793,2025-04-26 19:09:30.793,14,1.75,11.41,0.61,UTC+0200,NA9l677+ml,com.sec.android.app.shealth,2025-04-26 19:00:00.000,46295a74-d548-450e-a15e-7e35f9da3fdd,
13333,4,0,25,2025-04-26 19:00:00.000,,,2025-04-26 19:09:30.830,2025-04-26 19:09:30.830,25,1.4444444,19.26,1.12,UTC+0200,NA9l677+ml,com.sec.android.app.shealth,2025-04-26 19:01:00.000,e1bed5b0-9c51-4f5c-a041-3942367fd7ed,
16518,4,0,23,2025-04-26 19:01:00.000,,,2025-04-26 19:09:30.869,2025-04-26 19:09:30.869,23,0.97222215,16.06,1.13,UTC+0200,NA9l677+ml,com.sec.android.app.shealth,2025-04-26 19:02:00.000,9a8a78da-e12f-4ce0-9827-78e914f43dc7,
1877,4,0,3,2025-04-26 19:02:00.000,,,2025-04-26 19:09:30.907,2025-04-26 19:09:30.907,3,1.1666666,2.19,0.13,UTC+0200,NA9l677+ml,com.sec.android.app.shealth,2025-04-26 19:03:00.000,2872b5f1-30c7-48ff-bd72-01c180e884ef,
14843,4,0,24,2025-04-26 19:03:00.000,,,2025-04-26 19:09:30.953,2025-04-26 19:09:30.953,24,1.1944444,17.73,1.12,UTC+0200,NA9l677+ml,com.sec.android.app.shealth,2025-04-26 19:04:00.000,0afb2106-c050-4a45-9d4f-bb0ab6f7e560,
7396,4,0,10,2025-04-26 19:09:00.000,,,2025-04-26 19:10:02.474,2025-04-26 19:10:02.474,10,0.9166667,6.78,0.51,UTC+0200,NA9l677+ml,com.sec.android.app.shealth,2025-04-26 19:10:00.000,de511a96-02e4-4c8e-9b4e-dc6db7fb9f1d,
26454,4,0,37,2025-04-27 06:27:00.000,,,2025-04-27 06:31:24.935,2025-04-27 06:31:24.935,37,0.97222227,25.72,1.73,UTC+0200,NA9l677+ml,com.sec.android.app.shealth,2025-04-27 06:28:00.000,286b3215-bb72-4985-8654-1cd7a4c5e7b0,
19649,4,0,25,2025-04-27 06:28:00.000,,,2025-04-27 06:31:25.105,2025-04-27 06:31:25.105,25,0.8611111,16.92,1.2,UTC+0200,NA9l677+ml,com.sec.android.app.shealth,2025-04-27 06:29:00.000,ec60cc0a-42cb-4649-a5ad-677172b1106f,
40304,4,0,69,2025-04-27 06:29:00.000,,,2025-04-27 06:31:25.221,2025-04-27 06:31:25.221,69,1.25,50.38,2.82,UTC+0200,NA9l677+ml,com.sec.android.app.shealth,2025-04-27 06:30:00.000,98a83940-4a24-4b94-a023-bbfb955dda76,
60000,4,0,105,2025-04-27 06:30:00.000,,,2025-04-27 06:31:25.301,2025-04-27 06:31:25.301,105,1.2945001,77.67,5.05,UTC+0200,NA9l677+ml,com.sec.android.app.shealth,2025-04-27 06:31:00.000,3f8a33f7-5982-48ab-84b1-5f73fd38756f,
24095,4,0,42,2025-04-27 06:31:00.000,,,2025-04-27 06:31:28.184,2025-04-27 06:31:25.386,42,1.2790805,30.82,1.7799999,UTC+0200,NA9l677+ml,com.sec.android.app.shealth,2025-04-27 06:32:00.000,652fb2bc-15a4-4564-879f-0167521476e2,
35176,4,0,60,2025-04-27 06:54:00.000,,,2025-04-27 06:55:00.090,2025-04-27 06:55:00.090,60,1.25,43.97,2.44,UTC+0200,NA9l677+ml,com.sec.android.app.shealth,2025-04-27 06:55:00.000,d0a1c5fd-e1d0-41d9-af02-748935202dee,
60000,4,0,109,2025-04-27 06:55:00.000,,,2025-04-27 06:56:24.688,2025-04-27 06:56:24.688,109,1.3638334,81.83,4.38,UTC+0200,NA9l677+ml,com.sec.android.app.shealth,2025-04-27 06:56:00.000,2103aa1f-8ab8-4f4c-9a18-12000b3494c8,
19072,4,0,33,2025-04-27 06:56:00.000,,,2025-04-27 06:56:24.790,2025-04-27 06:56:24.790,33,1.2777778,24.37,1.32,UTC+0200,NA9l677+ml,com.sec.android.app.shealth,2025-04-27 06:57:00.000,a8c6a93b-df78-477a-ba5a-03a2d97a451f,
17255,4,0,27,2025-04-27 06:57:00.000,,,2025-04-27 07:04:09.807,2025-04-27 06:57:34.336,27,1.1398962,19.67,1.25,UTC+0200,NA9l677+ml,com.sec.android.app.shealth,2025-04-27 06:58:00.000,06bfecdb-f3ad-41b1-8b1c-051700d687cb,
17091,4,0,26,2025-04-27 06:59:00.000,,,2025-04-27 07:04:09.901,2025-04-27 07:04:09.901,26,1.1111112,18.99,1.17,UTC+0200,NA9l677+ml,com.sec.android.app.shealth,2025-04-27 07:00:00.000,1b905bd3-2620-4b90-9069-dd8d6da1e64a,
23847,4,0,38,2025-04-27 07:01:00.000,,,2025-04-27 07:04:10.042,2025-04-27 07:04:10.042,38,1.1388888,27.16,1.75,UTC+0200,NA9l677+ml,com.sec.android.app.shealth,2025-04-27 07:02:00.000,5c16acf7-3a13-4014-8d37-ab8911cd1635,
31802,4,0,50,2025-04-27 07:02:00.000,,,2025-04-27 07:04:10.125,2025-04-27 07:04:10.125,50,1.1388888,36.22,2.19,UTC+0200,NA9l677+ml,com.sec.android.app.shealth,2025-04-27 07:03:00.000,6dc4b9b4-32f0-412e-a247-221ce7d025d9,
18274,4,0,29,2025-04-27 07:03:00.000,,,2025-04-27 07:04:10.276,2025-04-27 07:04:10.276,29,1.1666666,21.32,1.32,UTC+0200,NA9l677+ml,com.sec.android.app.shealth,2025-04-27 07:04:00.000,8d0aa674-9bef-4179-bb81-2fc12c9e0352,
1696,4,0,4,2025-04-27 07:04:00.000,,,2025-04-27 07:04:10.466,2025-04-27 07:04:10.466,4,1.8333334,3.11,0.2,UTC+0200,NA9l677+ml,com.sec.android.app.shealth,2025-04-27 07:05:00.000,c230df55-5ba9-404b-921f-e7cb32c8abd8,
5318,4,0,10,2025-04-27 07:08:00.000,,,2025-04-27 07:12:46.702,2025-04-27 07:12:46.702,10,1.4722222,7.83,0.34,UTC+0200,NA9l677+ml,com.sec.android.app.shealth,2025-04-27 07:09:00.000,12203507-574b-41b9-8bcd-ef65f3a66b7b,
6084,4,0,10,2025-04-27 07:10:00.000,,,2025-04-27 07:12:46.788,2025-04-27 07:12:46.788,10,1.1388888,6.93,0.58,UTC+0200,NA9l677+ml,com.sec.android.app.shealth,2025-04-27 07:11:00.000,e4a7ce8b-46f0-4b0e-91b6-343bca59456b,
14370,4,0,21,2025-04-27 07:11:00.000,,,2025-04-27 07:12:46.864,2025-04-27 07:12:46.864,21,1.0277778,14.77,1.03,UTC+0200,NA9l677+ml,com.sec.android.app.shealth,2025-04-27 07:12:00.000,154ff47b-3789-4860-8cbf-3a27926fa99e,
14298,4,0,32,2025-04-27 07:15:00.000,,,2025-04-27 07:15:41.045,2025-04-27 07:15:41.045,32,1.7777778,25.42,1.48,UTC+0200,NA9l677+ml,com.sec.android.app.shealth,2025-04-27 07:16:00.000,e43be41b-37c0-4fe3-b7a9-4e74e5013c11,
6205,4,0,10,2025-04-27 07:17:00.000,,,2025-04-27 07:17:24.690,2025-04-27 07:17:24.690,10,1.1666666,7.24,0.45,UTC+0200,NA9l677+ml,com.sec.android.app.shealth,2025-04-27 07:18:00.000,509923e4-eb3b-4a3f-b85a-317c5b55d65a,
8437,4,0,15,2025-04-27 07:18:00.000,,,2025-04-27 07:19:11.860,2025-04-27 07:19:11.860,15,1.3333334,11.25,0.66,UTC+0200,NA9l677+ml,com.sec.android.app.shealth,2025-04-27 07:19:00.000,ebd45aca-f858-49cc-a10a-f20ea33fafda,
10027,4,0,21,2025-04-27 07:19:00.000,,,2025-04-27 07:19:25.753,2025-04-27 07:19:17.352,21,1.6494998,16.54,0.95,UTC+0200,NA9l677+ml,com.sec.android.app.shealth,2025-04-27 07:20:00.000,2b2aacc4-89f0-4ee7-8c28-d88e4f69b1e5,
10276,4,0,17,2025-04-27 07:24:00.000,,,2025-04-27 07:35:00.066,2025-04-27 07:35:00.066,17,1.2222222,12.56,0.78,UTC+0200,NA9l677+ml,com.sec.android.app.shealth,2025-04-27 07:25:00.000,f43e4ff0-d89e-4ebd-97de-14f55fb4f091,
22669,4,0,32,2025-04-27 07:25:00.000,,,2025-04-27 07:35:00.174,2025-04-27 07:35:00.174,32,0.9722222,22.04,1.49,UTC+0200,NA9l677+ml,com.sec.android.app.shealth,2025-04-27 07:26:00.000,a9973cef-77d2-4550-b3a1-9706dcddfcf9,
29551,4,0,40,2025-04-27 07:38:00.000,,,2025-04-27 07:54:01.680,2025-04-27 07:54:01.680,40,0.9444444,27.91,1.91,UTC+0200,NA9l677+ml,com.sec.android.app.shealth,2025-04-27 07:39:00.000,0dd48303-6e9f-4610-88bc-ebec7f491e07,
2956,4,0,4,2025-04-27 07:39:00.000,,,2025-04-27 07:54:01.832,2025-04-27 07:54:01.832,4,0.9166667,2.71,0.2,UTC+0200,NA9l677+ml,com.sec.android.app.shealth,2025-04-27 07:40:00.000,45fda48a-ce23-47f4-bbc8-40ecdfefed51,
4926,4,0,10,2025-04-27 08:00:00.000,,,2025-04-27 08:01:17.175,2025-04-27 08:01:17.175,10,1.5833334,7.8,0.44,UTC+0200,NA9l677+ml,com.sec.android.app.shealth,2025-04-27 08:01:00.000,dbda8ac7-af94-4e67-b2eb-56cdbb35410e,
11821,4,0,15,2025-04-27 08:02:00.000,,,2025-04-27 08:04:46.194,2025-04-27 08:04:46.194,15,0.8611111,10.18,0.73,UTC+0200,NA9l677+ml,com.sec.android.app.shealth,2025-04-27 08:03:00.000,225df2d8-dd68-43b8-9836-4d01a6c934aa,
7066,4,0,10,2025-04-27 08:04:00.000,,,2025-04-27 08:05:19.642,2025-04-27 08:05:19.642,10,0.9722222,6.87,0.48,UTC+0200,NA9l677+ml,com.sec.android.app.shealth,2025-04-27 08:05:00.000,aaab816a-595a-4101-8603-29d0e3d58ece,
4421,4,0,9,2025-04-27 08:05:00.000,,,2025-04-27 08:05:58.124,2025-04-27 08:05:58.124,9,1.5833334,7.0,0.4,UTC+0200,NA9l677+ml,com.sec.android.app.shealth,2025-04-27 08:06:00.000,80596dc8-e182-42ad-b848-68ff57ca6290,
38321,4,0,66,2025-04-27 08:06:00.000,,,2025-04-27 08:09:56.521,2025-04-27 08:06:36.763,66,1.2708268,48.699997,2.8399997,UTC+0200,NA9l677+ml,com.sec.android.app.shealth,2025-04-27 08:07:00.000,9a9e062d-13c4-4e23-9467-6bcb35706b60,
60000,4,0,106,2025-04-27 08:07:00.000,,,2025-04-27 08:09:56.616,2025-04-27 08:09:56.616,106,1.3136666,78.82,5.1,UTC+0200,NA9l677+ml,com.sec.android.app.shealth,2025-04-27 08:08:00.000,8445d91c-bce3-4b5b-a1af-b6ee81e35b84,
35176,4,0,60,2025-04-27 08:08:00.000,,,2025-04-27 08:09:56.676,2025-04-27 08:09:56.676,60,1.25,43.97,2.54,UTC+0200,NA9l677+ml,com.sec.android.app.shealth,2025-04-27 08:09:00.000,072861be-645c-444b-95ac-7e12f88c0db0,
16365,4,0,30,2025-04-27 08:18:00.000,,,2025-04-27 08:35:00.063,2025-04-27 08:35:00.063,30,1.3888888,22.73,1.29,UTC+0200,NA9l677+ml,com.sec.android.app.shealth,2025-04-27 08:19:00.000,5a94b15b-0575-4422-b2c5-50cb5e8d5c07,
11108,4,0,18,2025-04-27 09:10:00.000,,,2025-04-27 09:15:00.150,2025-04-27 09:15:00.150,18,1.1666666,12.96,0.76,UTC+0200,NA9l677+ml,com.sec.android.app.shealth,2025-04-27 09:11:00.000,54d03847-892e-4b9d-8cc7-7171f28d8042,
4643,4,0,7,2025-04-27 09:11:00.000,,,2025-04-27 09:15:00.189,2025-04-27 09:15:00.189,7,1.0833333,5.03,0.33,UTC+0200,NA9l677+ml,com.sec.android.app.shealth,2025-04-27 09:12:00.000,0c35cb6f-b842-493c-b008-4c67c65bdb9e,
10170,4,0,16,2025-04-27 09:14:00.000,,,2025-04-27 09:15:00.260,2025-04-27 09:15:00.230,16,1.1405977,11.6,0.70000005,UTC+0200,NA9l677+ml,com.sec.android.app.shealth,2025-04-27 09:15:00.000,9ec0cb52-c632-4f87-9ce9-a0a36d7cfb40,
7155,4,0,11,2025-04-27 09:15:00.000,,,2025-04-27 09:22:08.951,2025-04-27 09:22:08.951,11,1.1111112,7.95,0.51,UTC+0200,NA9l677+ml,com.sec.android.app.shealth,2025-04-27 09:16:00.000,68b02be4-1e00-47cf-96ca-bb680d9d2729,
13996,4,0,19,2025-04-27 09:16:00.000,,,2025-04-27 09:22:09.070,2025-04-27 09:22:09.070,19,0.9166667,12.83,0.92,UTC+0200,NA9l677+ml,com.sec.android.app.shealth,2025-04-27 09:17:00.000,12b4ea12-29a1-4577-8b0e-339a4c63f59f,
25850,4,0,33,2025-04-27 09:17:00.000,,,2025-04-27 09:22:09.147,2025-04-27 09:22:09.147,33,0.8611111,22.26,1.58,UTC+0200,NA9l677+ml,com.sec.android.app.shealth,2025-04-27 09:18:00.000,b8d4cc1d-f189-4e9f-872c-79465b2c2be1,
8324,4,0,15,2025-04-27 09:18:00.000,,,2025-04-27 09:22:09.193,2025-04-27 09:22:09.193,15,1.3611112,11.33,0.7,UTC+0200,NA9l677+ml,com.sec.android.app.shealth,2025-04-27 09:19:00.000,48406450-8fac-471b-b4c9-8053548b8701,
24654,4,0,33,2025-04-27 09:19:00.000,,,2025-04-27 09:22:09.240,2025-04-27 09:22:09.240,33,0.9166667,22.6,1.61,UTC+0200,NA9l677+ml,com.sec.android.app.shealth,2025-04-27 09:20:00.000,ce64d74d-5209-4003-a541-84dac31b59b2,
23448,4,0,34,2025-04-27 09:20:00.000,,,2025-04-27 09:22:09.304,2025-04-27 09:22:09.304,34,1.0277778,24.1,1.58,UTC+0200,NA9l677+ml,com.sec.android.app.shealth,2025-04-27 09:21:00.000,3c99e707-57cf-471e-a966-4eea96281777,
9160,4,0,13,2025-04-27 09:21:00.000,,,2025-04-27 09:22:09.363,2025-04-27 09:22:09.363,13,1.0,9.16,0.61,UTC+0200,NA9l677+ml,com.sec.android.app.shealth,2025-04-27 09:22:00.000,36b2de7e-a2ae-4772-b1fd-407df5f0b089,
51057,4,0,78,2025-04-27 09:22:00.000,,,2025-04-27 09:23:26.462,2025-04-27 09:22:09.408,78,1.0987614,56.1,3.4,UTC+0200,NA9l677+ml,com.sec.android.app.shealth,2025-04-27 09:23:00.000,aa5b5836-f891-45a3-a658-ba8e06a0bb0a,
56417,4,0,84,2025-04-27 09:23:00.000,,,2025-04-27 09:29:27.146,2025-04-27 09:23:26.682,84,1.0558736,59.57,3.94,UTC+0200,NA9l677+ml,com.sec.android.app.shealth,2025-04-27 09:24:00.000,d845d70b-ab1f-4e0f-9e00-42aeab749839,
12187,4,0,22,2025-04-27 09:25:00.000,,,2025-04-27 09:29:27.317,2025-04-27 09:29:27.317,22,1.3333334,16.25,1.1,UTC+0200,NA9l677+ml,com.sec.android.app.shealth,2025-04-27 09:26:00.000,2348dbb4-e42e-4ac8-811b-e79d6c8d7d3c,
28112,4,0,47,2025-04-27 09:28:00.000,,,2025-04-27 09:29:27.411,2025-04-27 09:29:27.411,47,1.2222222,34.36,2.07,UTC+0200,NA9l677+ml,com.sec.android.app.shealth,2025-04-27 09:29:00.000,ad7f5a24-c4e0-4df3-bdbd-e5cffd7c7f49,
8762,4,0,14,2025-04-27 09:29:00.000,,,2025-04-27 09:29:27.506,2025-04-27 09:29:27.506,14,1.1388888,9.98,0.63,UTC+0200,NA9l677+ml,com.sec.android.app.shealth,2025-04-27 09:30:00.000,3357104c-c6c0-4b2a-a319-e222586e68ec,
10439,4,0,15,2025-04-27 09:30:00.000,,,2025-04-27 09:35:00.050,2025-04-27 09:35:00.050,15,1.0277778,10.73,0.78,UTC+0200,NA9l677+ml,com.sec.android.app.shealth,2025-04-27 09:31:00.000,dc8c8ce2-51fe-4665-9979-0f7aca799553,
27376,4,0,44,2025-04-27 09:38:00.000,,,2025-04-27 09:45:34.092,2025-04-27 09:38:43.646,44,1.169992,32.03,1.98,UTC+0200,NA9l677+ml,com.sec.android.app.shealth,2025-04-27 09:39:00.000,4d5dd504-7211-4a30-949e-4f3cf11659fe,
5475,4,0,9,2025-04-27 09:39:00.000,,,2025-04-27 09:45:34.192,2025-04-27 09:45:34.192,9,1.1944444,6.54,0.42,UTC+0200,NA9l677+ml,com.sec.android.app.shealth,2025-04-27 09:40:00.000,9240b0cb-fbc8-4673-b5f6-cbf1cacc2b62,
1205,4,0,2,2025-04-27 09:40:00.000,,,2025-04-27 09:45:34.249,2025-04-27 09:45:34.249,2,1.1944444,1.44,0.1,UTC+0200,NA9l677+ml,com.sec.android.app.shealth,2025-04-27 09:41:00.000,6c785a25-e94b-4d50-8087-6c0338001401,
6771,4,0,10,2025-04-27 09:45:00.000,,,2025-04-27 09:45:35.458,2025-04-27 09:45:35.458,10,1.0277778,6.96,0.49,UTC+0200,NA9l677+ml,com.sec.android.app.shealth,2025-04-27 09:46:00.000,c60af828-7736-4b05-8288-8ff63babd3ab,
42720,4,0,79,2025-04-27 10:27:00.000,,,2025-04-27 10:30:31.049,2025-04-27 10:30:31.049,79,1.4166666,60.52,3.39,UTC+0200,NA9l677+ml,com.sec.android.app.shealth,2025-04-27 10:28:00.000,cb98cacb-4b69-4ed8-82c3-64e3673349d5,
19192,4,0,34,2025-04-27 10:28:00.000,,,2025-04-27 10:30:31.188,2025-04-27 10:30:31.188,34,1.3333334,25.59,1.46,UTC+0200,NA9l677+ml,com.sec.android.app.shealth,2025-04-27 10:29:00.000,66053548-5052-44c9-9acf-4dc4d813fbe2,
32545,4,0,57,2025-04-27 10:29:00.000,,,2025-04-27 10:30:31.245,2025-04-27 10:30:31.245,57,1.3055556,42.49,2.36,UTC+0200,NA9l677+ml,com.sec.android.app.shealth,2025-04-27 10:30:00.000,e3eed49c-1633-4d9a-ad10-2ad4f180f72c,
16813,4,0,28,2025-04-27 10:30:00.000,,,2025-04-27 10:30:31.291,2025-04-27 10:30:31.291,28,1.2222222,20.55,1.19,UTC+0200,NA9l677+ml,com.sec.android.app.shealth,2025-04-27 10:31:00.000,f9fee708-9290-4125-98ba-639d2737a0ca,
14892,4,0,27,2025-04-27 10:32:00.000,,,2025-04-27 10:35:00.113,2025-04-27 10:35:00.113,27,1.3611112,20.27,1.24,UTC+0200,NA9l677+ml,com.sec.android.app.shealth,2025-04-27 10:33:00.000,9645d9c1-0253-45c0-97a3-0b6034fb19e0,
18830,4,0,27,2025-04-27 11:04:00.000,,,2025-04-27 11:15:01.053,2025-04-27 11:15:01.053,27,1.0,18.83,1.29,UTC+0200,NA9l677+ml,com.sec.android.app.shealth,2025-04-27 11:05:00.000,cbcd91a6-2450-42c8-b92d-8a5954829d77,
17982,4,0,29,2025-04-27 11:05:00.000,,,2025-04-27 11:15:01.181,2025-04-27 11:15:01.181,29,1.1666666,20.98,1.32,UTC+0200,NA9l677+ml,com.sec.android.app.shealth,2025-04-27 11:06:00.000,c5d58d26-878e-41ce-9c47-9c7c54291eaa,
7668,4,0,18,2025-04-27 12:10:00.000,,,2025-04-27 12:10:12.157,2025-04-27 12:10:08.902,18,1.8959185,14.539273,0.79379165,UTC+0200,64Z1605Zgy,com.sec.android.app.shealth,2025-04-27 12:11:00.000,5db2fa16-2aa8-4914-acd9-47d6c1527f5c,
8091,4,0,14,2025-04-27 12:04:00.000,,,2025-04-27 12:04:37.094,2025-04-27 12:04:07.362,14,1.2654756,10.24,0.74,UTC+0200,NA9l677+ml,com.sec.android.app.shealth,2025-04-27 12:05:00.000,fb056f52-8620-4d0c-b7f8-65268f1a1735,
14707,4,1,28,2025-04-27 13:52:00.000,,,2025-04-27 13:53:49.690,2025-04-27 13:53:49.690,29,1.5277778,22.47,1.62,UTC+0200,NA9l677+ml,com.sec.android.app.shealth,2025-04-27 13:53:00.000,d1478a7f-ec00-4035-9555-fad3fa9e85bf,
28291,4,0,39,2025-04-27 13:53:00.000,,,2025-04-27 13:53:49.780,2025-04-27 13:53:49.780,39,0.9444444,26.72,1.92,UTC+0200,NA9l677+ml,com.sec.android.app.shealth,2025-04-27 13:54:00.000,0587adc8-91f9-4f5b-a93f-5f3b6681dde6,
37497,4,0,66,2025-04-27 13:54:00.000,,,2025-04-27 13:55:00.249,2025-04-27 13:54:47.899,66,1.3216974,49.56,2.7999997,UTC+0200,NA9l677+ml,com.sec.android.app.shealth,2025-04-27 13:55:00.000,60df7a5b-d63b-481b-8806-cc195b19b71e,
33809,4,0,60,2025-04-27 13:56:00.000,,,2025-04-27 13:57:05.214,2025-04-27 13:57:05.214,60,1.3055556,44.14,2.79,UTC+0200,NA9l677+ml,com.sec.android.app.shealth,2025-04-27 13:57:00.000,37127131-d553-41dc-8a3c-3514c3f25adc,
11723,4,0,18,2025-04-27 13:57:00.000,,,2025-04-27 13:57:34.819,2025-04-27 13:57:34.819,18,1.0833334,12.7,0.89,UTC+0200,NA9l677+ml,com.sec.android.app.shealth,2025-04-27 13:58:00.000,f1122e4e-48ce-468c-b9be-fa56b1cb493c,
37872,4,0,59,2025-04-27 13:58:00.000,,,2025-04-27 14:08:08.378,2025-04-27 14:08:08.378,59,1.1111112,42.08,2.61,UTC+0200,NA9l677+ml,com.sec.android.app.shealth,2025-04-27 13:59:00.000,cb2165d2-55ea-4332-94d3-5c4a8f396222,
47142,4,0,73,2025-04-27 13:59:00.000,,,2025-04-27 14:08:08.509,2025-04-27 14:08:08.509,73,1.1111112,52.38,3.32,UTC+0200,NA9l677+ml,com.sec.android.app.shealth,2025-04-27 14:00:00.000,134b34d9-0aee-4ca8-986e-7863ab0b6112,
16076,4,0,21,2025-04-27 14:04:00.000,,,2025-04-27 14:08:08.702,2025-04-27 14:08:08.702,21,0.8888889,14.29,1.06,UTC+0200,NA9l677+ml,com.sec.android.app.shealth,2025-04-27 14:05:00.000,070090f0-83d0-48bd-85b9-f7436ad1551e,
11763,4,0,15,2025-04-27 14:05:00.000,,,2025-04-27 14:08:08.763,2025-04-27 14:08:08.763,15,0.8611111,10.13,0.71,UTC+0200,NA9l677+ml,com.sec.android.app.shealth,2025-04-27 14:06:00.000,5411667b-9f07-4fcd-9f7f-52e601e00440,
9720,4,0,14,2025-04-27 14:06:00.000,,,2025-04-27 14:08:08.805,2025-04-27 14:08:08.805,14,0.99999994,9.72,0.64,UTC+0200,NA9l677+ml,com.sec.android.app.shealth,2025-04-27 14:07:00.000,7b1d13c3-2fae-4c0c-adf3-78e13976e9a9,
23423,4,0,30,2025-04-27 14:09:00.000,,,2025-04-27 14:10:53.910,2025-04-27 14:10:53.910,30,0.8611111,20.17,1.49,UTC+0200,NA9l677+ml,com.sec.android.app.shealth,2025-04-27 14:10:00.000,ef678496-b2d2-4d4a-849c-473e43ec5a3b,
11598,4,0,16,2025-04-27 14:10:00.000,,,2025-04-27 14:15:00.255,2025-04-27 14:10:54.031,16,0.94409674,10.95,0.75,UTC+0200,NA9l677+ml,com.sec.android.app.shealth,2025-04-27 14:11:00.000,605d5c1b-7a05-45cc-bff7-169d864841d3,
39790,4,0,57,2025-04-27 14:11:00.000,,,2025-04-27 14:15:00.393,2025-04-27 14:15:00.393,57,0.99999994,39.79,2.7,UTC+0200,NA9l677+ml,com.sec.android.app.shealth,2025-04-27 14:12:00.000,b3afb812-5f3f-4997-b070-80a8e7f80c82,
29879,4,0,45,2025-04-27 14:12:00.000,,,2025-04-27 14:15:00.422,2025-04-27 14:15:00.422,45,1.0833334,32.37,1.93,UTC+0200,NA9l677+ml,com.sec.android.app.shealth,2025-04-27 14:13:00.000,d4019ba0-9f5d-4be5-a10c-88ca6c997fae,
26523,4,0,41,2025-04-27 14:13:00.000,,,2025-04-27 14:15:00.453,2025-04-27 14:15:00.453,41,1.1111112,29.47,1.95,UTC+0200,NA9l677+ml,com.sec.android.app.shealth,2025-04-27 14:14:00.000,744664f0-014d-4101-910f-5f4ff16fe67f,
28250,4,0,42,2025-04-27 14:16:00.000,,,2025-04-27 14:21:04.446,2025-04-27 14:21:04.446,42,1.0555555,29.82,1.9,UTC+0200,NA9l677+ml,com.sec.android.app.shealth,2025-04-27 14:17:00.000,16313ff1-9809-4847-b79f-61f58274ad88,
43264,4,0,66,2025-04-27 14:18:00.000,,,2025-04-27 14:21:04.499,2025-04-27 14:21:04.499,66,1.0833334,46.87,3.05,UTC+0200,NA9l677+ml,com.sec.android.app.shealth,2025-04-27 14:19:00.000,f5b7cea4-b7ff-4234-9168-050df804f223,
37042,4,0,55,2025-04-27 14:21:00.000,,,2025-04-27 14:22:22.345,2025-04-27 14:22:22.345,55,1.0555555,39.1,2.5,UTC+0200,NA9l677+ml,com.sec.android.app.shealth,2025-04-27 14:22:00.000,0f1cedec-b091-4f47-8a28-9c346a07532f,
19968,4,0,26,2025-04-27 14:23:00.000,,,2025-04-27 14:27:29.467,2025-04-27 14:27:29.467,26,0.8888889,17.75,1.27,UTC+0200,NA9l677+ml,com.sec.android.app.shealth,2025-04-27 14:24:00.000,f845b38f-2e23-408f-80ef-bea69bd1f40e,
42638,4,0,58,2025-04-27 14:25:00.000,,,2025-04-27 14:27:29.585,2025-04-27 14:27:29.585,58,0.9444444,40.27,2.71,UTC+0200,NA9l677+ml,com.sec.android.app.shealth,2025-04-27 14:26:00.000,f09bd051-7ea3-4ba3-abd7-9334a656f8e8,
54000,4,0,82,2025-04-27 14:26:00.000,,,2025-04-27 14:27:29.643,2025-04-27 14:27:29.643,82,1.0833334,58.5,3.61,UTC+0200,NA9l677+ml,com.sec.android.app.shealth,2025-04-27 14:27:00.000,45abfefd-0908-4f35-a6bc-8bde8dab3ba1,
40004,4,0,67,2025-04-27 14:27:00.000,,,2025-04-27 14:35:00.251,2025-04-27 14:27:29.690,67,1.2268746,49.079998,3.04,UTC+0200,NA9l677+ml,com.sec.android.app.shealth,2025-04-27 14:28:00.000,e467af89-7f9a-441a-8392-4aae45501ab5,
43763,4,0,66,2025-04-27 14:28:00.000,,,2025-04-27 14:35:00.357,2025-04-27 14:35:00.357,66,1.0833334,47.41,3.07,UTC+0200,NA9l677+ml,com.sec.android.app.shealth,2025-04-27 14:29:00.000,7e697f54-ff8d-4413-b3a7-21ab0655eaad,
8280,4,0,13,2025-04-27 14:29:00.000,,,2025-04-27 14:35:00.392,2025-04-27 14:35:00.392,13,1.1388888,9.43,0.65,UTC+0200,NA9l677+ml,com.sec.android.app.shealth,2025-04-27 14:30:00.000,81bce7a0-8423-4466-a0fa-24e55f1ef509,
29232,4,0,45,2025-04-27 14:30:00.000,,,2025-04-27 14:35:00.423,2025-04-27 14:35:00.423,45,1.1111112,32.48,2.04,UTC+0200,NA9l677+ml,com.sec.android.app.shealth,2025-04-27 14:31:00.000,3d40404b-5b91-4331-9ece-643235909df9,
31751,4,0,49,2025-04-27 14:31:00.000,,,2025-04-27 14:35:00.455,2025-04-27 14:35:00.455,49,1.1111112,35.28,2.23,UTC+0200,NA9l677+ml,com.sec.android.app.shealth,2025-04-27 14:32:00.000,13d224e4-528f-416e-91dd-ea018dcb7923,
16412,4,0,25,2025-04-27 14:34:00.000,,,2025-04-27 14:35:00.486,2025-04-27 14:35:00.486,25,1.0833333,17.78,1.13,UTC+0200,NA9l677+ml,com.sec.android.app.shealth,2025-04-27 14:35:00.000,0a8690a1-8876-416a-90c2-08ea8b7cdcb9,
16875,4,0,26,2025-04-27 14:37:00.000,,,2025-04-27 14:39:51.854,2025-04-27 14:39:51.854,26,1.1111112,18.75,1.22,UTC+0200,NA9l677+ml,com.sec.android.app.shealth,2025-04-27 14:38:00.000,aa39a6b4-1697-4e6c-bd7f-0bbe5c07fde4,
21726,4,0,33,2025-04-27 14:46:00.000,,,2025-04-27 14:48:56.468,2025-04-27 14:48:56.468,33,1.1111112,24.14,1.46,UTC+0200,NA9l677+ml,com.sec.android.app.shealth,2025-04-27 14:47:00.000,576551a0-344c-4274-b7ee-050f78ae370b,
40412,4,0,61,2025-04-27 14:47:00.000,,,2025-04-27 14:48:56.582,2025-04-27 14:48:56.582,61,1.0833334,43.78,2.92,UTC+0200,NA9l677+ml,com.sec.android.app.shealth,2025-04-27 14:48:00.000,74e2845b-8c42-4326-94e1-c8b203ee63b6,
24462,4,0,38,2025-04-27 14:48:00.000,,,2025-04-27 14:48:56.640,2025-04-27 14:48:56.640,38,1.1111112,27.18,1.78,UTC+0200,NA9l677+ml,com.sec.android.app.shealth,2025-04-27 14:49:00.000,5e93167e-d317-499c-a5c3-1ffcd4d71540,
35387,4,0,51,2025-04-27 14:49:00.000,,,2025-04-27 14:52:25.817,2025-04-27 14:52:25.817,51,1.0277777,36.37,2.31,UTC+0200,NA9l677+ml,com.sec.android.app.shealth,2025-04-27 14:50:00.000,81a3232a-e1c2-4215-a1d5-1c82a7688b73,
60000,4,0,91,2025-04-27 14:50:00.000,,,2025-04-27 14:52:25.894,2025-04-27 14:52:25.894,91,1.0861666,65.17,4.27,UTC+0200,NA9l677+ml,com.sec.android.app.shealth,2025-04-27 14:51:00.000,e92f0926-efdc-4d7b-b442-559c923aa00c,
58725,4,0,91,2025-04-27 14:51:00.000,,,2025-04-27 14:52:25.926,2025-04-27 14:52:25.926,91,1.1111112,65.25,4.14,UTC+0200,NA9l677+ml,com.sec.android.app.shealth,2025-04-27 14:52:00.000,adf70975-3cc9-4e6e-b279-3f6091243a44,
33761,4,0,48,2025-04-27 14:52:00.000,,,2025-04-27 14:53:29.214,2025-04-27 14:52:25.958,48,0.9904632,33.440002,2.31,UTC+0200,NA9l677+ml,com.sec.android.app.shealth,2025-04-27 14:53:00.000,9f4d8557-d594-49db-9b71-564b97ea43e9,
10685,4,0,17,2025-04-27 14:53:00.000,,,2025-04-27 14:53:31.914,2025-04-27 14:53:29.353,17,1.1388888,12.170001,0.77,UTC+0200,NA9l677+ml,com.sec.android.app.shealth,2025-04-27 14:54:00.000,3a56ec62-e3a4-4175-9205-35e190943f2a,
49925,4,0,85,2025-04-27 15:03:00.000,,,2025-04-27 15:03:58.191,2025-04-27 15:03:32.469,85,1.2594645,62.879997,3.6,UTC+0200,NA9l677+ml,com.sec.android.app.shealth,2025-04-27 15:04:00.000,a6d5bfed-1ff1-4c00-8feb-d6eeec6e3588,
6880,4,0,10,2025-04-27 15:09:00.000,,,2025-04-27 15:15:00.249,2025-04-27 15:15:00.249,10,1.0,6.88,0.53,UTC+0200,NA9l677+ml,com.sec.android.app.shealth,2025-04-27 15:10:00.000,a31f9a92-c7df-493f-9578-f3c30a33e55b,
33610,4,0,58,2025-04-27 16:24:00.000,,,2025-04-27 16:25:49.629,2025-04-27 16:24:46.290,58,1.2710279,42.72,2.56,UTC+0200,NA9l677+ml,com.sec.android.app.shealth,2025-04-27 16:25:00.000,9fb530f8-9d28-4e9b-a00e-2f295b229c05,
14411,4,0,32,2025-04-27 16:25:00.000,,,2025-04-27 16:25:49.766,2025-04-27 16:25:49.766,32,1.7777778,25.62,1.49,UTC+0200,NA9l677+ml,com.sec.android.app.shealth,2025-04-27 16:26:00.000,c0de787c-b713-41f6-b61b-b074d90e4ed9,
22355,4,0,35,2025-04-27 16:30:00.000,,,2025-04-27 16:35:00.272,2025-04-27 16:35:00.272,35,1.1388888,25.46,1.58,UTC+0200,NA9l677+ml,com.sec.android.app.shealth,2025-04-27 16:31:00.000,12e45833-c826-4938-97a6-c58122db2bb2,
16926,4,0,32,2025-04-27 16:32:00.000,,,2025-04-27 16:35:00.395,2025-04-27 16:35:00.395,32,1.4444444,24.45,1.4,UTC+0200,NA9l677+ml,com.sec.android.app.shealth,2025-04-27 16:33:00.000,e30feff3-3127-43d9-9c67-c44803fbd938,
26221,4,0,43,2025-04-27 16:33:00.000,,,2025-04-27 16:35:00.430,2025-04-27 16:35:00.430,43,1.1944444,31.32,1.89,UTC+0200,NA9l677+ml,com.sec.android.app.shealth,2025-04-27 16:34:00.000,ef7baf26-b6a4-4aa5-ad35-e5c7f4012b4f,
52442,4,0,86,2025-04-27 16:34:00.000,,,2025-04-27 16:35:00.491,2025-04-27 16:35:00.491,86,1.1944444,62.64,3.76,UTC+0200,NA9l677+ml,com.sec.android.app.shealth,2025-04-27 16:35:00.000,6f815c72-c878-4d04-8e2e-564a7de2bc10,
6996,4,0,15,2025-04-27 16:35:00.000,,,2025-04-27 16:36:19.055,2025-04-27 16:36:19.055,15,1.7222222,12.05,0.6,UTC+0200,NA9l677+ml,com.sec.android.app.shealth,2025-04-27 16:36:00.000,64742634-1abf-481e-b71d-0e00a305d874,
8874,4,0,14,2025-04-27 16:36:00.000,,,2025-04-27 16:36:19.161,2025-04-27 16:36:19.161,14,1.111111,9.86,0.7,UTC+0200,NA9l677+ml,com.sec.android.app.shealth,2025-04-27 16:37:00.000,80422e40-5b18-411b-88a0-fa903808f30b,
32832,4,0,51,2025-04-27 16:39:00.000,,,2025-04-27 16:49:36.974,2025-04-27 16:49:36.974,51,1.1111112,36.48,2.26,UTC+0200,NA9l677+ml,com.sec.android.app.shealth,2025-04-27 16:40:00.000,6dd3eb51-d4f8-45a7-8b26-f1b3d34f443f,
41211,4,0,66,2025-04-27 16:40:00.000,,,2025-04-27 16:49:37.023,2025-04-27 16:49:37.023,66,1.1666666,48.08,3.01,UTC+0200,NA9l677+ml,com.sec.android.app.shealth,2025-04-27 16:41:00.000,516cc6b3-62c4-45fe-828d-90d22f904999,
26535,4,0,45,2025-04-27 16:48:00.000,,,2025-04-27 16:49:37.079,2025-04-27 16:49:37.079,45,1.25,33.17,1.96,UTC+0200,NA9l677+ml,com.sec.android.app.shealth,2025-04-27 16:49:00.000,0cec2f6e-d8e4-4425-a6d5-bae4488af20e,
6094,4,0,10,2025-04-27 16:49:00.000,,,2025-04-27 16:49:37.111,2025-04-27 16:49:37.111,10,1.1944444,7.28,0.46,UTC+0200,NA9l677+ml,com.sec.android.app.shealth,2025-04-27 16:50:00.000,5f1d1abd-4767-4385-b30a-4ae512c20d8b,
8318,4,0,12,2025-04-27 16:53:00.000,,,2025-04-27 16:54:34.921,2025-04-27 16:54:34.921,12,1.0277778,8.55,0.65,UTC+0200,NA9l677+ml,com.sec.android.app.shealth,2025-04-27 16:54:00.000,e7c32583-65d1-4688-8b27-008e8a1d6e77,
11705,4,0,15,2025-04-27 16:55:00.000,,,2025-04-27 16:56:51.300,2025-04-27 16:56:51.300,15,0.8611111,10.08,0.74,UTC+0200,NA9l677+ml,com.sec.android.app.shealth,2025-04-27 16:56:00.000,4c162c56-16f8-4b67-ad24-8656abb5da39,
6821,4,0,10,2025-04-27 16:56:00.000,,,2025-04-27 16:56:51.338,2025-04-27 16:56:51.338,10,1.0555556,7.2,0.49,UTC+0200,NA9l677+ml,com.sec.android.app.shealth,2025-04-27 16:57:00.000,9db5013b-85f4-44b0-bd59-7f9939ecc28a,
15849,4,0,29,2025-04-28 10:02:00.000,,,2025-04-28 10:02:57.494,2025-04-28 10:02:48.840,29,1.3811374,21.890001,1.2899997,UTC+0200,NA9l677+ml,com.sec.android.app.shealth,2025-04-28 10:03:00.000,3fefea2d-1eee-42a0-9c24-9aa1303ee63b,
4943,4,0,9,2025-04-28 10:03:00.000,,,2025-04-28 10:03:16.295,2025-04-28 10:03:01.438,9,1.3795182,6.8199997,0.39999998,UTC+0200,NA9l677+ml,com.sec.android.app.shealth,2025-04-28 10:04:00.000,9659d3c0-8962-4346-a409-d54740f19a6a,
39117,4,0,59,2025-04-28 10:04:00.000,,,2025-04-28 10:05:46.083,2025-04-28 10:04:15.939,59,1.065265,41.67,2.63,UTC+0200,NA9l677+ml,com.sec.android.app.shealth,2025-04-28 10:05:00.000,b10081d2-fd85-42ac-ae62-20e6269789e8,
57976,4,0,101,2025-04-28 10:05:00.000,,,2025-04-28 10:12:54.598,2025-04-28 10:05:46.185,101,1.283789,74.43,4.04,UTC+0200,NA9l677+ml,com.sec.android.app.shealth,2025-04-28 10:06:00.000,432024ed-4d95-4fc9-bace-f7981f277b41,
60000,4,0,107,2025-04-28 10:06:00.000,,,2025-04-28 10:12:54.688,2025-04-28 10:12:54.688,107,1.3195,79.17,4.28,UTC+0200,NA9l677+ml,com.sec.android.app.shealth,2025-04-28 10:07:00.000,0978873b-4f8c-4e41-8da5-8a7685777254,
60000,4,0,107,2025-04-28 10:07:00.000,,,2025-04-28 10:12:54.747,2025-04-28 10:12:54.747,107,1.3224999,79.35,4.31,UTC+0200,NA9l677+ml,com.sec.android.app.shealth,2025-04-28 10:08:00.000,8e889c9e-2303-498e-ad99-368b371fa3e9,
60000,4,0,108,2025-04-28 10:08:00.000,,,2025-04-28 10:12:54.766,2025-04-28 10:12:54.766,108,1.3591666,81.55,4.38,UTC+0200,NA9l677+ml,com.sec.android.app.shealth,2025-04-28 10:09:00.000,be9e1631-7b32-4cbe-9221-acf1163fae1c,
60000,4,0,106,2025-04-28 10:09:00.000,,,2025-04-28 10:12:54.798,2025-04-28 10:12:54.798,106,1.3028332,78.17,4.27,UTC+0200,NA9l677+ml,com.sec.android.app.shealth,2025-04-28 10:10:00.000,f8938193-7bc3-4b05-9891-bf14d2e8abe3,
60000,4,0,109,2025-04-28 10:10:00.000,,,2025-04-28 10:12:54.821,2025-04-28 10:12:54.821,109,1.3698335,82.19,4.41,UTC+0200,NA9l677+ml,com.sec.android.app.shealth,2025-04-28 10:11:00.000,5a64981a-bcf2-4f4b-b7ee-80d15f83d4bd,
60000,4,0,110,2025-04-28 10:11:00.000,,,2025-04-28 10:12:54.874,2025-04-28 10:12:54.874,110,1.3923334,83.54,4.43,UTC+0200,NA9l677+ml,com.sec.android.app.shealth,2025-04-28 10:12:00.000,0dabb44c-7696-48fc-80b5-64a3ef2c4f86,
60000,4,0,111,2025-04-28 10:12:00.000,,,2025-04-28 10:12:59.877,2025-04-28 10:12:54.896,111,1.4013337,84.08002,4.45,UTC+0200,NA9l677+ml,com.sec.android.app.shealth,2025-04-28 10:13:00.000,bb30292e-24f6-4ef9-9647-b105913b3809,
60000,4,0,109,2025-04-28 10:13:00.000,,,2025-04-28 10:14:59.631,2025-04-28 10:14:59.631,109,1.3738333,82.43,4.39,UTC+0200,NA9l677+ml,com.sec.android.app.shealth,2025-04-28 10:14:00.000,6100b6e7-4b86-46ee-92fd-3e0f326e035a,
60000,4,0,109,2025-04-28 10:14:00.000,,,2025-04-28 10:14:59.753,2025-04-28 10:14:59.753,109,1.3776668,82.66,4.37,UTC+0200,NA9l677+ml,com.sec.android.app.shealth,2025-04-28 10:15:00.000,148accc3-c98b-4e71-aa1e-a69c55f5f76b,
57294,4,0,99,2025-04-28 10:15:00.000,,,2025-04-28 10:16:16.855,2025-04-28 10:16:16.855,99,1.2777778,73.21,4.24,UTC+0200,NA9l677+ml,com.sec.android.app.shealth,2025-04-28 10:16:00.000,ea621b42-61ee-463a-ad89-1f61b3a3b6b9,
1222,4,0,2,2025-04-28 10:16:00.000,,,2025-04-28 10:16:16.881,2025-04-28 10:16:16.881,2,1.1944444,1.46,0.08,UTC+0200,NA9l677+ml,com.sec.android.app.shealth,2025-04-28 10:17:00.000,5af6a247-cee4-4c4e-9b8e-2c2b48e7c025,
8183,4,0,13,2025-04-28 11:20:00.000,,,2025-04-28 11:20:42.346,2025-04-28 11:20:40.744,13,1.1388888,9.320001,0.57,UTC+0200,NA9l677+ml,com.sec.android.app.shealth,2025-04-28 11:21:00.000,245d3048-15a8-4cb2-a90d-2e88056afe59,
45343,4,0,76,2025-04-28 11:21:00.000,,,2025-04-28 11:29:31.733,2025-04-28 11:29:31.733,76,1.2222222,55.42,3.12,UTC+0200,NA9l677+ml,com.sec.android.app.shealth,2025-04-28 11:22:00.000,c9b64712-b554-4137-83b0-2547be6a606f,
32199,4,0,53,2025-04-28 11:22:00.000,,,2025-04-28 11:29:31.774,2025-04-28 11:29:31.774,53,1.1944444,38.46,2.24,UTC+0200,NA9l677+ml,com.sec.android.app.shealth,2025-04-28 11:23:00.000,a2b5bb9a-d003-46b7-86d9-a333b597fe07,
42905,4,0,72,2025-04-28 11:23:00.000,,,2025-04-28 11:29:31.804,2025-04-28 11:29:31.804,72,1.2222222,52.44,3.15,UTC+0200,NA9l677+ml,com.sec.android.app.shealth,2025-04-28 11:24:00.000,f6a2aea9-9e5c-4a50-bee1-edbdd157132f,
38319,4,0,63,2025-04-28 11:24:00.000,,,2025-04-28 11:29:31.830,2025-04-28 11:29:31.830,63,1.1944444,45.77,2.57,UTC+0200,NA9l677+ml,com.sec.android.app.shealth,2025-04-28 11:25:00.000,1de86f78-abde-46ba-a46e-6b0de1f0a99c,
59203,4,0,99,2025-04-28 11:25:00.000,,,2025-04-28 11:29:31.860,2025-04-28 11:29:31.860,99,1.2222222,72.36,4.01,UTC+0200,NA9l677+ml,com.sec.android.app.shealth,2025-04-28 11:26:00.000,27c45b86-c5cd-4a3e-981f-92f8fdfd6734,
55112,4,0,94,2025-04-28 11:26:00.000,,,2025-04-28 11:29:31.893,2025-04-28 11:29:31.893,94,1.25,68.89,3.95,UTC+0200,NA9l677+ml,com.sec.android.app.shealth,2025-04-28 11:27:00.000,6e840aa3-abc5-46fe-b3e0-088b9e2461ce,
54512,4,0,93,2025-04-28 11:27:00.000,,,2025-04-28 11:29:31.926,2025-04-28 11:29:31.926,93,1.25,68.14,3.79,UTC+0200,NA9l677+ml,com.sec.android.app.shealth,2025-04-28 11:28:00.000,69e9277e-2935-44a6-84a7-02ff59f2ad14,
60000,4,0,108,2025-04-28 11:28:00.000,,,2025-04-28 11:29:31.953,2025-04-28 11:29:31.953,108,1.3410001,80.46,4.33,UTC+0200,NA9l677+ml,com.sec.android.app.shealth,2025-04-28 11:29:00.000,554069f2-d656-4759-bac1-5a9f073f1b72,
33755,4,0,59,2025-04-28 11:29:00.000,,,2025-04-28 11:30:42.625,2025-04-28 11:29:31.982,59,1.3055556,44.07,2.43,UTC+0200,NA9l677+ml,com.sec.android.app.shealth,2025-04-28 11:30:00.000,71a0ea58-2c0a-43d5-b033-ef41b8f0af80,
59131,4,0,106,2025-04-28 11:30:00.000,,,2025-04-28 11:31:40.361,2025-04-28 11:30:42.706,106,1.3446314,79.51,4.2699995,UTC+0200,NA9l677+ml,com.sec.android.app.shealth,2025-04-28 11:31:00.000,b177a980-a82e-4886-a542-c8d9b49c6803,
21140,4,0,37,2025-04-28 11:31:00.000,,,2025-04-28 11:31:40.449,2025-04-28 11:31:40.449,37,1.3055556,27.6,1.49,UTC+0200,NA9l677+ml,com.sec.android.app.shealth,2025-04-28 11:32:00.000,28bb61ec-2ab4-4aaa-bed4-f40eabd5c209,
26431,4,0,48,2025-04-28 11:32:00.000,,,2025-04-28 11:34:59.642,2025-04-28 11:32:47.543,48,1.3748903,36.34,2.02,UTC+0200,NA9l677+ml,com.sec.android.app.shealth,2025-04-28 11:33:00.000,6146f9f1-bcd0-4160-98d3-6a415389a820,
60000,4,0,109,2025-04-28 11:33:00.000,,,2025-04-28 11:34:59.755,2025-04-28 11:34:59.755,109,1.3765,82.59,4.41,UTC+0200,NA9l677+ml,com.sec.android.app.shealth,2025-04-28 11:34:00.000,77456944-2c2e-481e-a0de-c871612ae2ce,
60000,4,0,108,2025-04-28 11:34:00.000,,,2025-04-28 11:34:59.794,2025-04-28 11:34:59.794,108,1.3548334,81.29,4.37,UTC+0200,NA9l677+ml,com.sec.android.app.shealth,2025-04-28 11:35:00.000,7af950e5-7f6a-451c-a1c1-12880a3d57e0,
59804,4,0,106,2025-04-28 11:35:00.000,,,2025-04-28 11:36:08.298,2025-04-28 11:36:08.298,106,1.3333334,79.74,4.32,UTC+0200,NA9l677+ml,com.sec.android.app.shealth,2025-04-28 11:36:00.000,417b9785-7f65-417d-a300-9ba0ca9270ee,
52484,4,0,93,2025-04-28 11:36:00.000,,,2025-04-28 11:36:56.057,2025-04-28 11:36:08.371,93,1.3274411,69.67,3.86,UTC+0200,NA9l677+ml,com.sec.android.app.shealth,2025-04-28 11:37:00.000,6c682636-be3a-4423-85fa-35034a5dd052,
26681,4,0,44,2025-04-28 11:37:00.000,,,2025-04-28 11:37:55.829,2025-04-28 11:37:55.829,44,1.1944444,31.87,1.94,UTC+0200,NA9l677+ml,com.sec.android.app.shealth,2025-04-28 11:38:00.000,eea2efc0-01e8-4845-830c-38bbb90553e6,
10254,4,0,14,2025-04-28 11:38:00.000,,,2025-04-28 11:39:03.024,2025-04-28 11:39:03.024,14,0.9166667,9.4,0.81,UTC+0200,NA9l677+ml,com.sec.android.app.shealth,2025-04-28 11:39:00.000,33530bfa-e8bf-4e8e-91cf-1386c13a2ab2,
9383,4,0,12,2025-04-28 13:30:00.000,,,2025-04-28 13:34:02.012,2025-04-28 13:34:02.012,12,0.86111116,8.08,0.56,UTC+0200,NA9l677+ml,com.sec.android.app.shealth,2025-04-28 13:31:00.000,8481af14-ad58-4bff-b0e6-d55be21ef015,
8090,4,0,12,2025-04-28 13:32:00.000,,,2025-04-28 13:34:02.124,2025-04-28 13:34:02.124,12,1.0555556,8.54,0.54,UTC+0200,NA9l677+ml,com.sec.android.app.shealth,2025-04-28 13:33:00.000,816d3353-81e8-49d8-8295-7b42f871abdf,
2052,4,0,3,2025-04-28 13:33:00.000,,,2025-04-28 13:34:02.218,2025-04-28 13:34:02.218,3,1.0277778,2.11,0.15,UTC+0200,NA9l677+ml,com.sec.android.app.shealth,2025-04-28 13:34:00.000,7f29ef0d-6879-4b9d-9675-7e2c2bebaaa8,
4508,4,0,10,2025-04-28 13:36:00.000,,,2025-04-28 13:39:01.356,2025-04-28 13:39:01.356,10,1.8055555,8.14,0.33,UTC+0200,NA9l677+ml,com.sec.android.app.shealth,2025-04-28 13:37:00.000,9056a3f5-b292-4821-862a-a16c542c42c5,
16505,4,0,22,2025-04-28 13:37:00.000,,,2025-04-28 13:39:01.421,2025-04-28 13:39:01.421,22,0.9166667,15.13,1.0,UTC+0200,NA9l677+ml,com.sec.android.app.shealth,2025-04-28 13:38:00.000,4caf1541-d767-44d4-9c78-0a43903bd89d,
7146,4,0,11,2025-04-28 13:39:00.000,,,2025-04-28 13:42:49.715,2025-04-28 13:42:49.715,11,1.1111112,7.94,0.51,UTC+0200,NA9l677+ml,com.sec.android.app.shealth,2025-04-28 13:40:00.000,1e2f64e2-7f90-4cb0-acb8-edb031d16592,
5510,4,0,12,2025-04-28 13:41:00.000,,,2025-04-28 13:42:49.788,2025-04-28 13:42:49.788,12,1.7222222,9.49,0.77,UTC+0200,NA9l677+ml,com.sec.android.app.shealth,2025-04-28 13:42:00.000,a94ee24a-1830-4d4d-94a0-cd06dec4fe3a,
9184,4,0,15,2025-04-28 13:42:00.000,,,2025-04-28 13:42:49.892,2025-04-28 13:42:49.892,15,1.1944444,10.97,0.72,UTC+0200,NA9l677+ml,com.sec.android.app.shealth,2025-04-28 13:43:00.000,223f0fad-2106-4593-bc96-6d565c0d7df6,
11528,4,1,18,2025-04-28 13:45:00.000,,,2025-04-28 13:45:25.056,2025-04-28 13:45:25.056,19,1.1944444,13.77,0.98,UTC+0200,NA9l677+ml,com.sec.android.app.shealth,2025-04-28 13:46:00.000,06582818-fa99-4955-86a8-ee2653146554,
42573,4,0,73,2025-04-28 13:46:00.000,,,2025-04-28 13:47:53.521,2025-04-28 13:46:45.122,73,1.2601769,53.650005,3.0,UTC+0200,NA9l677+ml,com.sec.android.app.shealth,2025-04-28 13:47:00.000,5d4d08b9-8740-40ec-847b-5f80700e1e69,
60000,4,0,107,2025-04-28 13:47:00.000,,,2025-04-28 13:48:12.637,2025-04-28 13:47:53.660,107,1.3240002,79.44001,4.2999997,UTC+0200,NA9l677+ml,com.sec.android.app.shealth,2025-04-28 13:48:00.000,4f810f4e-2f21-46c0-8ec8-f90ad3021925,
60000,4,0,107,2025-04-28 13:48:00.000,,,2025-04-28 13:53:23.503,2025-04-28 13:48:12.753,107,1.3391666,80.35,4.31,UTC+0200,NA9l677+ml,com.sec.android.app.shealth,2025-04-28 13:49:00.000,cdc3402e-7e3a-43e4-91a8-1d207734438f,
57772,4,0,103,2025-04-28 13:49:00.000,,,2025-04-28 13:53:23.622,2025-04-28 13:53:23.622,103,1.3333334,77.03,4.25,UTC+0200,NA9l677+ml,com.sec.android.app.shealth,2025-04-28 13:50:00.000,1eab1592-2b0d-48d1-8966-d38dabd14326,
60000,4,0,110,2025-04-28 13:50:00.000,,,2025-04-28 13:53:23.683,2025-04-28 13:53:23.683,110,1.3889998,83.34,4.4,UTC+0200,NA9l677+ml,com.sec.android.app.shealth,2025-04-28 13:51:00.000,cfca5d94-0ee3-4971-adeb-15efa1125164,
60000,4,0,109,2025-04-28 13:51:00.000,,,2025-04-28 13:53:23.736,2025-04-28 13:53:23.736,109,1.3699999,82.2,4.36,UTC+0200,NA9l677+ml,com.sec.android.app.shealth,2025-04-28 13:52:00.000,77df398d-917a-4e10-9d60-53547aff7e3a,
60000,4,0,108,2025-04-28 13:52:00.000,,,2025-04-28 13:53:23.807,2025-04-28 13:53:23.807,108,1.3585,81.51,4.33,UTC+0200,NA9l677+ml,com.sec.android.app.shealth,2025-04-28 13:53:00.000,3b3c3928-095e-4675-a5b7-5c96207b7309,
59254,4,0,103,2025-04-28 13:53:00.000,,,2025-04-28 13:55:00.424,2025-04-28 13:53:23.845,103,1.2758613,75.6,4.1699996,UTC+0200,NA9l677+ml,com.sec.android.app.shealth,2025-04-28 13:54:00.000,247a36d7-0e06-493d-b491-4cd2e1222e61,
42552,4,0,72,2025-04-28 13:54:00.000,,,2025-04-28 13:55:00.591,2025-04-28 13:55:00.591,72,1.25,53.19,3.79,UTC+0200,NA9l677+ml,com.sec.android.app.shealth,2025-04-28 13:55:00.000,a455f5ac-3497-4cb1-a04f-662c504f01b2,
23329,4,0,40,2025-04-28 13:55:00.000,,,2025-04-28 13:56:02.099,2025-04-28 13:55:05.320,40,1.2619218,29.44,1.7400001,UTC+0200,NA9l677+ml,com.sec.android.app.shealth,2025-04-28 13:56:00.000,f26f1d37-bd16-4dfb-8be6-300db03a93d1,
23961,4,0,44,2025-04-28 14:21:00.000,,,2025-04-28 14:22:15.524,2025-04-28 14:22:15.524,44,1.3888888,33.28,1.94,UTC+0200,NA9l677+ml,com.sec.android.app.shealth,2025-04-28 14:22:00.000,57eaa8df-ab5f-4b14-97e7-bbdc4b95b72d,
58831,4,0,100,2025-04-28 14:22:00.000,,,2025-04-28 14:23:16.408,2025-04-28 14:22:15.677,100,1.2488215,73.47,4.09,UTC+0200,NA9l677+ml,com.sec.android.app.shealth,2025-04-28 14:23:00.000,278b67bc-1b6b-47e4-b45a-245b85a9f745,
60000,4,0,105,2025-04-28 14:23:00.000,,,2025-04-28 14:24:54.435,2025-04-28 14:23:16.519,105,1.2968334,77.81,4.21,UTC+0200,NA9l677+ml,com.sec.android.app.shealth,2025-04-28 14:24:00.000,2f20d638-878e-4da3-a0b4-b81aa0c10e7e,
44895,4,0,80,2025-04-28 14:24:00.000,,,2025-04-28 14:24:54.501,2025-04-28 14:24:54.501,80,1.3333334,59.86,3.21,UTC+0200,NA9l677+ml,com.sec.android.app.shealth,2025-04-28 14:25:00.000,0f85d8b9-7212-4279-9d7d-009218c67197,
60000,4,0,116,2025-04-28 14:25:00.000,,,2025-04-28 14:27:21.112,2025-04-28 14:27:21.112,116,1.4534999,87.21,4.78,UTC+0200,NA9l677+ml,com.sec.android.app.shealth,2025-04-28 14:26:00.000,431f25ca-8075-461c-876e-58f64d052eb5,
60000,4,0,106,2025-04-28 14:26:00.000,,,2025-04-28 14:27:21.192,2025-04-28 14:27:21.192,106,1.3115001,78.69,4.3,UTC+0200,NA9l677+ml,com.sec.android.app.shealth,2025-04-28 14:27:00.000,e4361a64-0869-4a59-8ece-26a10ecbe939,
25269,4,0,42,2025-04-28 14:27:00.000,,,2025-04-28 14:27:29.999,2025-04-28 14:27:21.248,42,1.2145317,30.69,1.88,UTC+0200,NA9l677+ml,com.sec.android.app.shealth,2025-04-28 14:28:00.000,afe6ee63-d22c-4516-851c-6bd867e752ea,
26504,4,0,48,2025-04-28 15:15:00.000,,,2025-04-28 15:16:53.263,2025-04-28 15:15:44.669,48,1.374885,36.44,2.3,UTC+0200,NA9l677+ml,com.sec.android.app.shealth,2025-04-28 15:16:00.000,107e64a3-0c47-47b0-b638-997283548143,
29066,4,0,50,2025-04-28 15:17:00.000,,,2025-04-28 15:24:10.723,2025-04-28 15:24:10.723,50,1.2777778,37.14,2.19,UTC+0200,NA9l677+ml,com.sec.android.app.shealth,2025-04-28 15:18:00.000,9aa3b55d-18bc-4612-a5f7-084237abc389,
57737,4,0,93,2025-04-28 15:18:00.000,,,2025-04-28 15:24:10.760,2025-04-28 15:24:10.760,93,1.1666666,67.36,4.06,UTC+0200,NA9l677+ml,com.sec.android.app.shealth,2025-04-28 15:19:00.000,f1ae535f-b907-4e06-9e1b-81bbd1461936,
52031,4,0,91,2025-04-28 15:19:00.000,,,2025-04-28 15:24:10.792,2025-04-28 15:24:10.792,91,1.3055556,67.93,3.77,UTC+0200,NA9l677+ml,com.sec.android.app.shealth,2025-04-28 15:20:00.000,33d70a22-a9ac-4278-a301-9c3bbfca7e34,
55577,4,0,98,2025-04-28 15:20:00.000,,,2025-04-28 15:24:10.823,2025-04-28 15:24:10.823,98,1.3055556,72.56,4.08,UTC+0200,NA9l677+ml,com.sec.android.app.shealth,2025-04-28 15:21:00.000,185318af-04e3-4872-87ec-a20ebe603c1f,
60000,4,0,106,2025-04-28 15:21:00.000,,,2025-04-28 15:24:10.857,2025-04-28 15:24:10.857,106,1.2975,77.85,4.24,UTC+0200,NA9l677+ml,com.sec.android.app.shealth,2025-04-28 15:22:00.000,711e1dd7-bd97-4132-bee6-d7e85b5be4f9,
60000,4,0,107,2025-04-28 15:22:00.000,,,2025-04-28 15:24:10.891,2025-04-28 15:24:10.891,107,1.3181666,79.09,4.31,UTC+0200,NA9l677+ml,com.sec.android.app.shealth,2025-04-28 15:23:00.000,4b991e50-3684-4e91-bd25-b0b1428580b2,
60000,4,0,107,2025-04-28 15:23:00.000,,,2025-04-28 15:24:10.922,2025-04-28 15:24:10.922,107,1.3273333,79.64,4.28,UTC+0200,NA9l677+ml,com.sec.android.app.shealth,2025-04-28 15:24:00.000,69a367d7-1d0f-4978-8bcc-e1770d05694e,
60000,4,0,109,2025-04-28 15:24:00.000,,,2025-04-28 15:25:17.725,2025-04-28 15:24:10.955,109,1.3679999,82.08,4.36,UTC+0200,NA9l677+ml,com.sec.android.app.shealth,2025-04-28 15:25:00.000,f70964d3-d58c-4fc3-a011-716647de608f,
36863,4,0,67,2025-04-28 15:25:00.000,,,2025-04-28 15:28:00.806,2025-04-28 15:25:17.815,67,1.3758899,50.72,2.8400002,UTC+0200,NA9l677+ml,com.sec.android.app.shealth,2025-04-28 15:26:00.000,6302b130-5f71-4c7f-a566-daf17af39d29,
45646,4,0,77,2025-04-28 15:26:00.000,,,2025-04-28 15:28:00.886,2025-04-28 15:28:00.886,77,1.2222222,55.79,3.26,UTC+0200,NA9l677+ml,com.sec.android.app.shealth,2025-04-28 15:27:00.000,b4e52d64-8b45-47b1-a87b-1a71cd94c50a,
32066,4,0,51,2025-04-28 15:27:00.000,,,2025-04-28 15:28:00.927,2025-04-28 15:28:00.927,51,1.1388888,36.52,2.2,UTC+0200,NA9l677+ml,com.sec.android.app.shealth,2025-04-28 15:28:00.000,9b30579d-a310-4d22-b9f3-4bcdbec47a2b,
38756,4,0,62,2025-04-28 15:28:00.000,,,2025-04-28 15:29:31.107,2025-04-28 15:28:00.958,62,1.1528356,44.679993,2.7099996,UTC+0200,NA9l677+ml,com.sec.android.app.shealth,2025-04-28 15:29:00.000,db50cf51-1b1f-47be-b6a3-b940da98e29e,
13424,4,0,24,2025-04-28 15:29:00.000,,,2025-04-28 15:29:31.183,2025-04-28 15:29:31.183,24,1.3333334,17.9,1.1,UTC+0200,NA9l677+ml,com.sec.android.app.shealth,2025-04-28 15:30:00.000,d960af96-9aa3-44dc-9a76-895375b58f3c,
7020,4,0,11,2025-04-28 15:36:00.000,,,2025-04-28 15:41:09.423,2025-04-28 15:41:09.423,11,1.1111112,7.8,0.48,UTC+0200,NA9l677+ml,com.sec.android.app.shealth,2025-04-28 15:37:00.000,14a2bb36-653c-46f9-bedf-f1687a4bc6af,
5243,4,0,10,2025-04-28 15:44:00.000,,,2025-04-28 15:44:29.750,2025-04-28 15:44:29.750,10,1.4722222,7.72,0.45,UTC+0200,NA9l677+ml,com.sec.android.app.shealth,2025-04-28 15:45:00.000,15a4997d-1ed8-44f4-9c69-865c90f0943b,
24714,4,0,47,2025-04-28 15:51:00.000,,,2025-04-28 15:52:03.915,2025-04-28 15:51:12.583,47,1.4598894,36.08,2.03,UTC+0200,NA9l677+ml,com.sec.android.app.shealth,2025-04-28 15:52:00.000,78e19bfe-8e55-4342-8b57-86fa9307139c,
6103,4,0,10,2025-04-28 15:52:00.000,,,2025-04-28 15:52:59.021,2025-04-28 15:52:59.021,10,1.1944444,7.29,0.51,UTC+0200,NA9l677+ml,com.sec.android.app.shealth,2025-04-28 15:53:00.000,869b5821-53f3-464e-99af-45509b645766,
7064,4,0,15,2025-04-28 15:54:00.000,,,2025-04-28 15:54:59.428,2025-04-28 15:54:59.428,15,1.6944444,11.97,0.66,UTC+0200,NA9l677+ml,com.sec.android.app.shealth,2025-04-28 15:55:00.000,79425a22-cfa8-4253-9b7c-19a7b96152d2,
23800,4,0,40,2025-04-28 15:55:00.000,,,2025-04-28 15:58:58.311,2025-04-28 15:58:58.311,40,1.2222222,29.09,1.8,UTC+0200,NA9l677+ml,com.sec.android.app.shealth,2025-04-28 15:56:00.000,d7bf3e5d-5154-4db5-9dd6-09d449d0f41b,
31202,4,0,51,2025-04-28 15:56:00.000,,,2025-04-28 15:58:58.404,2025-04-28 15:58:58.404,51,1.1944444,37.27,2.12,UTC+0200,NA9l677+ml,com.sec.android.app.shealth,2025-04-28 15:57:00.000,0cf0c40a-6b81-4b2d-bee2-a73165700577,
15287,4,0,25,2025-04-28 16:29:00.000,,,2025-04-28 16:30:11.219,2025-04-28 16:30:11.219,25,1.1944444,18.26,1.16,UTC+0200,NA9l677+ml,com.sec.android.app.shealth,2025-04-28 16:30:00.000,55915ee9-4088-4f9a-8f32-7937778998f7,
6266,4,0,11,2025-04-28 16:30:00.000,,,2025-04-28 16:30:11.327,2025-04-28 16:30:11.327,11,1.3611112,8.53,0.44,UTC+0200,NA9l677+ml,com.sec.android.app.shealth,2025-04-28 16:31:00.000,960b1522-6d34-439f-8ced-0ded1553c195,
29280,4,0,47,2025-04-28 16:31:00.000,,,2025-04-28 16:35:00.425,2025-04-28 16:35:00.425,47,1.1666666,34.16,2.06,UTC+0200,NA9l677+ml,com.sec.android.app.shealth,2025-04-28 16:32:00.000,c018c562-4111-4c7b-88d4-fb50c52d3137,
3178,4,0,5,2025-04-28 16:32:00.000,,,2025-04-28 16:35:00.535,2025-04-28 16:35:00.535,5,1.1388888,3.62,0.25,UTC+0200,NA9l677+ml,com.sec.android.app.shealth,2025-04-28 16:33:00.000,1b5ec106-870b-457c-9eda-c4afcfbe416e,
57454,4,0,92,2025-04-28 16:48:00.000,,,2025-04-28 16:51:41.810,2025-04-28 16:51:41.810,92,1.1666666,67.03,4.33,UTC+0200,NA9l677+ml,com.sec.android.app.shealth,2025-04-28 16:49:00.000,8b759196-508f-40b9-a14a-f736e13d6a4d,
60000,4,0,92,2025-04-28 16:49:00.000,,,2025-04-28 16:51:41.956,2025-04-28 16:51:41.956,92,1.0966667,65.8,4.27,UTC+0200,NA9l677+ml,com.sec.android.app.shealth,2025-04-28 16:50:00.000,269b2977-b05a-4ee4-b39c-8c869a6445a4,
60000,4,0,106,2025-04-28 16:50:00.000,,,2025-04-28 16:51:42.011,2025-04-28 16:51:42.011,106,1.3023334,78.14,4.24,UTC+0200,NA9l677+ml,com.sec.android.app.shealth,2025-04-28 16:51:00.000,c9109de2-dadb-4410-8762-ee6c7e603bcc,
60000,4,0,110,2025-04-28 16:51:00.000,,,2025-04-28 16:55:00.425,2025-04-28 16:51:42.063,110,1.3815,82.89,4.4499993,UTC+0200,NA9l677+ml,com.sec.android.app.shealth,2025-04-28 16:52:00.000,a6bf68d3-51fc-4d44-81ba-b165ca004835,
60000,4,0,108,2025-04-28 16:52:00.000,,,2025-04-28 16:55:00.548,2025-04-28 16:55:00.548,108,1.3546667,81.28,4.37,UTC+0200,NA9l677+ml,com.sec.android.app.shealth,2025-04-28 16:53:00.000,5ad10b67-56fd-4919-91bc-7b57a24c1d63,
60000,4,0,108,2025-04-28 16:53:00.000,,,2025-04-28 16:55:00.583,2025-04-28 16:55:00.583,108,1.3526667,81.16,4.35,UTC+0200,NA9l677+ml,com.sec.android.app.shealth,2025-04-28 16:54:00.000,49c1b0dd-61e3-463e-bb73-15e02150f9b8,
60000,4,0,106,2025-04-28 16:54:00.000,,,2025-04-28 16:55:00.615,2025-04-28 16:55:00.615,106,1.3069999,78.42,4.25,UTC+0200,NA9l677+ml,com.sec.android.app.shealth,2025-04-28 16:55:00.000,68f5c4ee-0691-49ad-9468-6e3226aa97b9,
50744,4,0,89,2025-04-28 16:55:00.000,,,2025-04-28 16:57:19.264,2025-04-28 16:57:19.264,89,1.3055556,66.25,3.74,UTC+0200,NA9l677+ml,com.sec.android.app.shealth,2025-04-28 16:56:00.000,4771351c-b043-49df-a290-e0bf2feb0c9b,
52501,4,0,86,2025-04-28 16:56:00.000,,,2025-04-28 16:57:19.327,2025-04-28 16:57:19.327,86,1.1944444,62.71,3.75,UTC+0200,NA9l677+ml,com.sec.android.app.shealth,2025-04-28 16:57:00.000,4566f103-abc1-4b29-abe4-7bf367a63aab,
25228,4,0,48,2025-04-28 16:57:00.000,,,2025-04-28 16:59:08.844,2025-04-28 16:57:19.390,48,1.4459875,36.48,2.17,UTC+0200,NA9l677+ml,com.sec.android.app.shealth,2025-04-28 16:58:00.000,e25c20f0-c9c0-42df-a8fb-4d095050d920,
23502,4,0,38,2025-04-28 18:07:00.000,,,2025-04-28 18:07:21.585,2025-04-28 18:07:20.308,38,1.1709213,27.519999,1.6099999,UTC+0200,NA9l677+ml,com.sec.android.app.shealth,2025-04-28 18:08:00.000,5539d38a-25d6-4c2b-8560-1983e37abf4d,
20862,4,0,33,2025-04-28 18:08:00.000,,,2025-04-28 18:13:42.360,2025-04-28 18:13:42.360,33,1.1388888,23.76,1.46,UTC+0200,NA9l677+ml,com.sec.android.app.shealth,2025-04-28 18:09:00.000,43dc660e-1501-4754-a4cb-dd73f17c87ce,
16036,4,0,27,2025-04-28 18:24:00.000,,,2025-04-28 18:25:11.211,2025-04-28 18:25:11.211,27,1.2222222,19.6,1.14,UTC+0200,NA9l677+ml,com.sec.android.app.shealth,2025-04-28 18:25:00.000,c8062a4c-e2a1-495f-bc21-da8762d92e79,
551,4,0,1,2025-04-28 18:25:00.000,,,2025-04-28 18:25:11.248,2025-04-28 18:25:11.248,1,1.3055556,0.72,0.05,UTC+0200,NA9l677+ml,com.sec.android.app.shealth,2025-04-28 18:26:00.000,2e95a1d4-cc3b-454d-85ac-f23fbc0f5cf1,
58485,4,0,101,2025-04-28 18:27:00.000,,,2025-04-28 18:35:00.426,2025-04-28 18:27:42.474,101,1.2712519,74.35,4.19,UTC+0200,NA9l677+ml,com.sec.android.app.shealth,2025-04-28 18:28:00.000,7aa2b955-aa81-4e92-a8f0-a253486ffa2b,
60000,4,0,107,2025-04-28 18:28:00.000,,,2025-04-28 18:35:00.564,2025-04-28 18:35:00.564,107,1.3159999,78.96,4.3,UTC+0200,NA9l677+ml,com.sec.android.app.shealth,2025-04-28 18:29:00.000,14ac091a-fce7-4dde-aa7b-46e6258218f2,
60000,4,0,108,2025-04-28 18:29:00.000,,,2025-04-28 18:35:00.601,2025-04-28 18:35:00.601,108,1.3546667,81.28,4.37,UTC+0200,NA9l677+ml,com.sec.android.app.shealth,2025-04-28 18:30:00.000,b5573687-2332-4b98-a08b-469067d38ff2,
60000,4,0,110,2025-04-28 18:30:00.000,,,2025-04-28 18:35:00.634,2025-04-28 18:35:00.634,110,1.3863332,83.18,4.46,UTC+0200,NA9l677+ml,com.sec.android.app.shealth,2025-04-28 18:31:00.000,81fb1a6d-934c-45ad-b10a-90a54d366a23,
60000,4,0,109,2025-04-28 18:31:00.000,,,2025-04-28 18:35:00.663,2025-04-28 18:35:00.663,109,1.3716667,82.3,4.43,UTC+0200,NA9l677+ml,com.sec.android.app.shealth,2025-04-28 18:32:00.000,2bff4707-8711-42ff-ae19-52da5d309892,
60000,4,0,110,2025-04-28 18:32:00.000,,,2025-04-28 18:35:00.695,2025-04-28 18:35:00.695,110,1.3911667,83.47,4.44,UTC+0200,NA9l677+ml,com.sec.android.app.shealth,2025-04-28 18:33:00.000,72a329f3-c0de-4902-bbc7-4947c8211764,
60000,4,0,109,2025-04-28 18:33:00.000,,,2025-04-28 18:35:00.730,2025-04-28 18:35:00.730,109,1.3768333,82.61,4.37,UTC+0200,NA9l677+ml,com.sec.android.app.shealth,2025-04-28 18:34:00.000,2acaf4c9-371c-4d08-a7b0-2127426773d8,
60000,4,0,109,2025-04-28 18:34:00.000,,,2025-04-28 18:35:00.764,2025-04-28 18:35:00.764,109,1.3753334,82.52,4.36,UTC+0200,NA9l677+ml,com.sec.android.app.shealth,2025-04-28 18:35:00.000,e8ede87d-f17f-4bdb-93a8-7c34c87971b5,
60000,4,0,109,2025-04-28 18:35:00.000,,,2025-04-28 18:37:10.401,2025-04-28 18:35:00.796,109,1.3661667,81.97,4.41,UTC+0200,NA9l677+ml,com.sec.android.app.shealth,2025-04-28 18:36:00.000,4d808f78-8d24-442a-91ed-16a116bc10a9,
60000,4,0,107,2025-04-28 18:36:00.000,,,2025-04-28 18:37:10.487,2025-04-28 18:37:10.487,107,1.3238332,79.43,4.28,UTC+0200,NA9l677+ml,com.sec.android.app.shealth,2025-04-28 18:37:00.000,3e05e81f-2c67-49b4-b5cb-40a8ea819e70,
32991,4,0,57,2025-04-28 18:37:00.000,,,2025-04-28 18:37:55.650,2025-04-28 18:37:10.525,57,1.2727345,41.989994,2.3899996,UTC+0200,NA9l677+ml,com.sec.android.app.shealth,2025-04-28 18:38:00.000,7eab4896-ee96-4942-bd63-b636269016b1,
10412,4,0,20,2025-04-28 18:38:00.000,,,2025-04-28 18:38:47.402,2025-04-28 18:38:47.402,20,1.4722222,15.33,0.87,UTC+0200,NA9l677+ml,com.sec.android.app.shealth,2025-04-28 18:39:00.000,fda788b8-9657-4ea2-b2c4-9a27d1d9d3b6,
5464,4,0,12,2025-04-28 18:39:00.000,,,2025-04-28 18:39:43.028,2025-04-28 18:39:43.028,12,1.6944444,9.26,0.57,UTC+0200,NA9l677+ml,com.sec.android.app.shealth,2025-04-28 18:40:00.000,3dd51a46-ecb8-4801-97b3-ea2ccff66a47,
17048,4,0,28,2025-04-29 12:04:00.000,,,2025-04-29 12:05:10.402,2025-04-29 12:04:18.198,28,1.1866494,20.23,1.23,UTC+0200,NA9l677+ml,com.sec.android.app.shealth,2025-04-29 12:05:00.000,8a1db2a9-288b-45b7-8855-3d3c1ff65492,
12615,4,0,22,2025-04-29 12:05:00.000,,,2025-04-29 12:05:40.304,2025-04-29 12:05:40.304,22,1.3055556,16.47,0.95,UTC+0200,NA9l677+ml,com.sec.android.app.shealth,2025-04-29 12:06:00.000,03b06cfc-75ce-4df0-9315-9a29b6bf200b,
54596,4,0,95,2025-04-29 12:06:00.000,,,2025-04-29 12:09:08.662,2025-04-29 12:06:18.779,95,1.2955135,70.729996,3.98,UTC+0200,NA9l677+ml,com.sec.android.app.shealth,2025-04-29 12:07:00.000,0c430ed9-d7b0-42a2-ab3a-7b2c4195bda7,
24689,4,0,44,2025-04-29 12:07:00.000,,,2025-04-29 12:09:08.813,2025-04-29 12:09:08.813,44,1.3333334,32.92,1.8,UTC+0200,NA9l677+ml,com.sec.android.app.shealth,2025-04-29 12:08:00.000,b92a0061-d9b3-492b-a0cd-4617b294dcbd,
60000,4,0,109,2025-04-29 12:08:00.000,,,2025-04-29 12:09:08.860,2025-04-29 12:09:08.860,109,1.3636668,81.82,4.43,UTC+0200,NA9l677+ml,com.sec.android.app.shealth,2025-04-29 12:09:00.000,af061c26-1a08-48f6-9e43-a42612cff51f,
60000,4,0,108,2025-04-29 12:09:00.000,,,2025-04-29 12:11:13.360,2025-04-29 12:09:08.906,108,1.3675002,82.05,4.4700003,UTC+0200,NA9l677+ml,com.sec.android.app.shealth,2025-04-29 12:10:00.000,4d354c85-09e5-4c9d-b8aa-6d81a041b5af,
60000,4,0,108,2025-04-29 12:10:00.000,,,2025-04-29 12:11:13.446,2025-04-29 12:11:13.446,108,1.36,81.6,4.34,UTC+0200,NA9l677+ml,com.sec.android.app.shealth,2025-04-29 12:11:00.000,3504117a-7a29-4647-89f2-b33b8c03674d,
60000,4,0,109,2025-04-29 12:11:00.000,,,2025-04-29 12:14:17.567,2025-04-29 12:11:13.516,109,1.3806666,82.84,4.3599997,UTC+0200,NA9l677+ml,com.sec.android.app.shealth,2025-04-29 12:12:00.000,39953c70-17da-4a06-adc1-40388f5a48db,
26832,4,0,53,2025-04-29 12:12:00.000,,,2025-04-29 12:14:38.815,2025-04-29 12:14:38.815,53,1.5359238,41.213367,2.3450637,UTC+0200,64Z1605Zgy,com.sec.android.app.shealth,2025-04-29 12:13:00.000,5cc45f29-de9d-403f-97ab-e82edd001630,
57895,4,0,112,2025-04-29 12:13:00.000,,,2025-04-29 12:14:38.854,2025-04-29 12:14:38.854,112,1.4934767,86.46522,4.963801,UTC+0200,64Z1605Zgy,com.sec.android.app.shealth,2025-04-29 12:14:00.000,1de82899-87e0-48da-a1ce-f5ada4a754f8,
24529,4,0,44,2025-04-29 12:14:00.000,,,2025-04-29 12:14:38.896,2025-04-29 12:14:38.896,44,1.3720578,33.655212,1.9552984,UTC+0200,64Z1605Zgy,com.sec.android.app.shealth,2025-04-29 12:15:00.000,4c50a71e-a06d-4a5f-9e70-609b1ca2c0ff,
60000,4,0,113,2025-04-29 12:12:00.000,,,2025-04-29 12:14:17.704,2025-04-29 12:14:17.704,113,1.4383334,86.3,4.52,UTC+0200,NA9l677+ml,com.sec.android.app.shealth,2025-04-29 12:13:00.000,65e5c6c7-c946-4b2b-a79d-f7453092385c,
60000,4,0,112,2025-04-29 12:13:00.000,,,2025-04-29 12:14:17.807,2025-04-29 12:14:17.807,112,1.4196666,85.18,4.48,UTC+0200,NA9l677+ml,com.sec.android.app.shealth,2025-04-29 12:14:00.000,e854f636-d77c-4431-8af1-4406375cece4,
30329,4,0,54,2025-04-29 12:14:00.000,,,2025-04-29 12:14:49.715,2025-04-29 12:14:17.850,54,1.3346922,40.48,2.2299993,UTC+0200,NA9l677+ml,com.sec.android.app.shealth,2025-04-29 12:15:00.000,636a57a8-1edc-4728-b0b3-fd016349ccde,
39630,4,0,72,2025-04-29 12:15:00.000,,,2025-04-29 12:24:34.312,2025-04-29 12:15:26.638,72,1.3794987,54.67,3.12,UTC+0200,NA9l677+ml,com.sec.android.app.shealth,2025-04-29 12:16:00.000,e9722c3e-c1cc-4d08-96c5-8ebbc6571357,
60000,4,0,109,2025-04-29 12:16:00.000,,,2025-04-29 12:24:34.470,2025-04-29 12:24:34.470,109,1.3601667,81.61,4.36,UTC+0200,NA9l677+ml,com.sec.android.app.shealth,2025-04-29 12:17:00.000,35d2e537-b5bb-4fd5-81be-e0162592c5ab,
60000,4,0,112,2025-04-29 12:17:00.000,,,2025-04-29 12:24:34.579,2025-04-29 12:24:34.579,112,1.4201666,85.21,4.48,UTC+0200,NA9l677+ml,com.sec.android.app.shealth,2025-04-29 12:18:00.000,3a8b0c6b-208c-4ae9-a086-ed26b5163f27,
60000,4,0,111,2025-04-29 12:18:00.000,,,2025-04-29 12:24:34.624,2025-04-29 12:24:34.624,111,1.4048334,84.29,4.5,UTC+0200,NA9l677+ml,com.sec.android.app.shealth,2025-04-29 12:19:00.000,3cdb31b4-b968-444d-8d70-1b5008d40b15,
60000,4,0,109,2025-04-29 12:19:00.000,,,2025-04-29 12:24:34.683,2025-04-29 12:24:34.683,109,1.3706666,82.24,4.38,UTC+0200,NA9l677+ml,com.sec.android.app.shealth,2025-04-29 12:20:00.000,5b26b814-a580-42e7-9e82-6bdd3ae7eabb,
60000,4,0,110,2025-04-29 12:20:00.000,,,2025-04-29 12:24:34.782,2025-04-29 12:24:34.782,110,1.3923334,83.54,4.47,UTC+0200,NA9l677+ml,com.sec.android.app.shealth,2025-04-29 12:21:00.000,53cda223-39b0-4b19-a85c-0d95aa00134b,
60000,4,0,109,2025-04-29 12:21:00.000,,,2025-04-29 12:24:34.881,2025-04-29 12:24:34.881,109,1.3788334,82.73,4.42,UTC+0200,NA9l677+ml,com.sec.android.app.shealth,2025-04-29 12:22:00.000,970610cb-41eb-4f05-939f-1fe11c51dcc1,
60000,4,0,111,2025-04-29 12:22:00.000,,,2025-04-29 12:24:34.976,2025-04-29 12:24:34.976,111,1.406,84.36,4.44,UTC+0200,NA9l677+ml,com.sec.android.app.shealth,2025-04-29 12:23:00.000,e099d32f-9112-445a-adae-a940d6aebce6,
60000,4,0,111,2025-04-29 12:23:00.000,,,2025-04-29 12:24:35.096,2025-04-29 12:24:35.096,111,1.4073333,84.44,4.47,UTC+0200,NA9l677+ml,com.sec.android.app.shealth,2025-04-29 12:24:00.000,5dbb885c-eb9a-4d1c-9511-c798eb00269e,
60000,4,0,109,2025-04-29 12:24:00.000,,,2025-04-29 12:26:05.282,2025-04-29 12:24:35.208,109,1.3656666,81.94,4.5,UTC+0200,NA9l677+ml,com.sec.android.app.shealth,2025-04-29 12:25:00.000,48dca94a-ed4a-45fc-a388-9406fb76ad53,
48577,4,0,87,2025-04-29 12:25:00.000,,,2025-04-29 12:26:05.344,2025-04-29 12:26:05.344,87,1.3611112,66.12,3.48,UTC+0200,NA9l677+ml,com.sec.android.app.shealth,2025-04-29 12:26:00.000,2375b5d6-f62a-4710-b5d5-db9d74f79f8e,
60000,4,0,109,2025-04-29 12:26:00.000,,,2025-04-29 12:29:20.945,2025-04-29 12:29:20.945,109,1.3719999,82.32,4.43,UTC+0200,NA9l677+ml,com.sec.android.app.shealth,2025-04-29 12:27:00.000,fb37eea2-3ddf-4a5d-a8ff-c8345ab5f637,
60000,4,0,112,2025-04-29 12:27:00.000,,,2025-04-29 12:29:21.004,2025-04-29 12:29:21.004,112,1.4186667,85.12,4.48,UTC+0200,NA9l677+ml,com.sec.android.app.shealth,2025-04-29 12:28:00.000,d6280ca8-b761-4cc3-b8d4-378ab59df020,
60000,4,0,111,2025-04-29 12:28:00.000,,,2025-04-29 12:29:21.054,2025-04-29 12:29:21.054,111,1.406,84.36,4.44,UTC+0200,NA9l677+ml,com.sec.android.app.shealth,2025-04-29 12:29:00.000,5a09b520-c714-41b5-8039-ef974422d988,
46162,4,0,86,2025-04-29 12:29:00.000,,,2025-04-29 12:31:53.277,2025-04-29 12:29:21.096,86,1.4156451,65.35,3.49,UTC+0200,NA9l677+ml,com.sec.android.app.shealth,2025-04-29 12:30:00.000,c06ca562-f133-4b83-a272-4c7b76ab73b6,
60000,4,0,113,2025-04-29 12:30:00.000,,,2025-04-29 12:31:53.403,2025-04-29 12:31:53.403,113,1.4351667,86.11,4.52,UTC+0200,NA9l677+ml,com.sec.android.app.shealth,2025-04-29 12:31:00.000,b0ce6531-6c4d-4d3b-847a-95fe7ce16be1,
60000,4,0,114,2025-04-29 12:31:00.000,,,2025-04-29 12:33:56.106,2025-04-29 12:31:53.491,114,1.4440001,86.64001,4.56,UTC+0200,NA9l677+ml,com.sec.android.app.shealth,2025-04-29 12:32:00.000,ae1e9e02-e4d7-4885-a225-cc17018cac95,
60000,4,0,112,2025-04-29 12:32:00.000,,,2025-04-29 12:33:56.277,2025-04-29 12:33:56.277,112,1.4186667,85.12,4.48,UTC+0200,NA9l677+ml,com.sec.android.app.shealth,2025-04-29 12:33:00.000,e6559152-45c1-4d03-ba8f-3de01180c31b,
56252,4,0,101,2025-04-29 12:33:00.000,,,2025-04-29 12:33:57.803,2025-04-29 12:33:56.398,101,1.3594071,76.47,4.1700006,UTC+0200,NA9l677+ml,com.sec.android.app.shealth,2025-04-29 12:34:00.000,207a5baa-6104-4cc6-941a-a6207daf65cb,
44056,4,0,79,2025-04-29 12:34:00.000,,,2025-04-29 12:34:59.909,2025-04-29 12:34:48.588,79,1.3339683,58.77,3.26,UTC+0200,NA9l677+ml,com.sec.android.app.shealth,2025-04-29 12:35:00.000,034d5e86-9122-4013-9fdc-3fcaf8593e3b,
60000,4,0,112,2025-04-29 12:35:00.000,,,2025-04-29 12:36:14.479,2025-04-29 12:36:14.479,112,1.4186667,85.12,4.48,UTC+0200,NA9l677+ml,com.sec.android.app.shealth,2025-04-29 12:36:00.000,bf74c7b6-3191-4cc6-8953-20ccf063a3c3,
60000,4,0,110,2025-04-29 12:36:00.000,,,2025-04-29 12:42:03.656,2025-04-29 12:36:14.666,110,1.3935,83.61,4.44,UTC+0200,NA9l677+ml,com.sec.android.app.shealth,2025-04-29 12:37:00.000,9923f9c4-f2cd-49d2-9da4-a1b10634abc0,
60000,4,0,111,2025-04-29 12:37:00.000,,,2025-04-29 12:42:03.809,2025-04-29 12:42:03.809,111,1.406,84.36,4.44,UTC+0200,NA9l677+ml,com.sec.android.app.shealth,2025-04-29 12:38:00.000,8d15b54e-c4d6-48bc-aa79-3be3cea9764e,
60000,4,0,112,2025-04-29 12:38:00.000,,,2025-04-29 12:42:03.923,2025-04-29 12:42:03.923,112,1.4186667,85.12,4.48,UTC+0200,NA9l677+ml,com.sec.android.app.shealth,2025-04-29 12:39:00.000,dfade513-54db-44de-8dab-bfd20fd48fdd,
60000,4,0,110,2025-04-29 12:39:00.000,,,2025-04-29 12:42:04.018,2025-04-29 12:42:04.018,110,1.3925,83.55,4.45,UTC+0200,NA9l677+ml,com.sec.android.app.shealth,2025-04-29 12:40:00.000,a376cc0e-5b02-4ac8-9c1b-f896d8232316,
60000,4,0,111,2025-04-29 12:40:00.000,,,2025-04-29 12:42:04.094,2025-04-29 12:42:04.094,111,1.406,84.36,4.44,UTC+0200,NA9l677+ml,com.sec.android.app.shealth,2025-04-29 12:41:00.000,61f187d4-9aeb-420d-b987-ced6be9ca521,
60000,4,0,109,2025-04-29 12:41:00.000,,,2025-04-29 12:42:04.156,2025-04-29 12:42:04.156,109,1.3706666,82.24,4.43,UTC+0200,NA9l677+ml,com.sec.android.app.shealth,2025-04-29 12:42:00.000,cce92a9d-aa1c-4082-8fee-1717b4d70491,
23691,4,0,42,2025-04-29 12:42:00.000,,,2025-04-29 12:43:11.115,2025-04-29 12:42:04.190,42,1.3299927,31.51,1.7900001,UTC+0200,NA9l677+ml,com.sec.android.app.shealth,2025-04-29 12:43:00.000,1568cf86-8b85-4226-bb81-369eb177f5c7,
41535,4,0,65,2025-04-29 12:45:00.000,,,2025-04-29 12:46:29.317,2025-04-29 12:46:29.317,65,1.1111112,46.15,2.89,UTC+0200,NA9l677+ml,com.sec.android.app.shealth,2025-04-29 12:46:00.000,7e288346-7a78-44d2-b6ca-badeb9fbf08f,
59842,4,0,98,2025-04-29 12:46:00.000,,,2025-04-29 12:49:01.487,2025-04-29 12:46:29.354,98,1.1809286,70.67,4.04,UTC+0200,NA9l677+ml,com.sec.android.app.shealth,2025-04-29 12:47:00.000,99bc14b5-dc8b-435c-a393-be14b46f87fe,
59768,4,0,99,2025-04-29 12:47:00.000,,,2025-04-29 12:49:01.584,2025-04-29 12:49:01.584,99,1.1944444,71.39,4.0,UTC+0200,NA9l677+ml,com.sec.android.app.shealth,2025-04-29 12:48:00.000,62d7c9f7-27c7-4bd5-aa40-22e5708618f4,
60000,4,0,96,2025-04-29 12:48:00.000,,,2025-04-29 12:49:01.624,2025-04-29 12:49:01.624,96,1.1366667,68.2,3.96,UTC+0200,NA9l677+ml,com.sec.android.app.shealth,2025-04-29 12:49:00.000,6da55e12-6707-443f-96fa-cef64bbde520,
60000,4,0,98,2025-04-29 12:49:00.000,,,2025-04-29 12:51:16.528,2025-04-29 12:49:01.659,98,1.1733333,70.4,3.9199998,UTC+0200,NA9l677+ml,com.sec.android.app.shealth,2025-04-29 12:50:00.000,e240c610-b8f2-4421-8739-f5700136481e,
60000,4,0,100,2025-04-29 12:50:00.000,,,2025-04-29 12:51:16.587,2025-04-29 12:51:16.587,100,1.2046667,72.28,4.15,UTC+0200,NA9l677+ml,com.sec.android.app.shealth,2025-04-29 12:51:00.000,521b8fd4-d216-46ee-af46-5ad63ffbd436,
13383,4,0,21,2025-04-29 12:51:00.000,,,2025-04-29 12:51:17.171,2025-04-29 12:51:16.652,21,1.1401875,15.26,0.95000005,UTC+0200,NA9l677+ml,com.sec.android.app.shealth,2025-04-29 12:52:00.000,c4c2f83f-fc0a-47eb-80de-669b274e0cbf,
6860,4,0,14,2025-04-29 13:03:00.000,,,2025-04-29 13:03:43.608,2025-04-29 13:03:37.643,14,1.5989754,10.969999,0.63,UTC+0200,NA9l677+ml,com.sec.android.app.shealth,2025-04-29 13:04:00.000,0392f069-e65f-4aeb-bb56-99d658242d97,
5203,4,0,10,2025-04-29 13:09:00.000,,,2025-04-29 13:10:43.193,2025-04-29 13:10:43.193,10,1.4722222,7.66,0.51,UTC+0200,NA9l677+ml,com.sec.android.app.shealth,2025-04-29 13:10:00.000,90e3f68e-68de-442b-9d24-9b8268831333,
8556,4,0,13,2025-04-29 13:31:00.000,,,2025-04-29 13:34:21.915,2025-04-29 13:34:21.915,13,1.0833334,9.27,0.61,UTC+0200,NA9l677+ml,com.sec.android.app.shealth,2025-04-29 13:32:00.000,3684111f-dfc5-42ae-bab4-cd1cb4fb97ab,
16449,4,0,25,2025-04-29 13:32:00.000,,,2025-04-29 13:34:22.002,2025-04-29 13:34:22.002,25,1.0833334,17.82,1.11,UTC+0200,NA9l677+ml,com.sec.android.app.shealth,2025-04-29 13:33:00.000,119fa780-8f51-4396-b178-e7031facc483,
42939,4,0,67,2025-04-29 13:33:00.000,,,2025-04-29 13:34:22.071,2025-04-29 13:34:22.071,67,1.1111112,47.71,3.05,UTC+0200,NA9l677+ml,com.sec.android.app.shealth,2025-04-29 13:34:00.000,e3afda7e-6c38-4ea2-a2a7-6cdbc1e08c61,
60000,4,0,93,2025-04-29 13:34:00.000,,,2025-04-29 13:35:00.895,2025-04-29 13:34:22.114,93,1.1051667,66.31,4.18,UTC+0200,NA9l677+ml,com.sec.android.app.shealth,2025-04-29 13:35:00.000,eb067b44-a4a0-48e3-8a8c-b98e3cf62bdb,
59566,4,0,91,2025-04-29 13:35:00.000,,,2025-04-29 13:38:16.563,2025-04-29 13:38:16.563,91,1.0833334,64.53,4.19,UTC+0200,NA9l677+ml,com.sec.android.app.shealth,2025-04-29 13:36:00.000,03955fa4-c5bd-442a-9aa2-8f5477418c9b,
60000,4,0,96,2025-04-29 13:36:00.000,,,2025-04-29 13:38:16.667,2025-04-29 13:38:16.667,96,1.1391667,68.35,3.97,UTC+0200,NA9l677+ml,com.sec.android.app.shealth,2025-04-29 13:37:00.000,b961f6f7-10ad-46d4-86e5-7e311061e0c0,
59680,4,0,95,2025-04-29 13:37:00.000,,,2025-04-29 13:38:16.728,2025-04-29 13:38:16.728,95,1.1388888,67.97,3.99,UTC+0200,NA9l677+ml,com.sec.android.app.shealth,2025-04-29 13:38:00.000,7445a887-14b1-4eb2-a7d9-56fbb66e14d5,
55452,4,0,89,2025-04-29 13:38:00.000,,,2025-04-29 13:42:25.230,2025-04-29 13:38:16.768,89,1.169099,64.829994,4.04,UTC+0200,NA9l677+ml,com.sec.android.app.shealth,2025-04-29 13:39:00.000,d63fce12-3b99-4141-badf-56d19debfdd6,
43224,4,0,72,2025-04-29 13:39:00.000,,,2025-04-29 13:42:25.337,2025-04-29 13:42:25.337,72,1.2222222,52.83,3.19,UTC+0200,NA9l677+ml,com.sec.android.app.shealth,2025-04-29 13:40:00.000,d72d0f1b-05ee-43b5-8d0c-cb8c4d9fc53b,
13340,4,0,19,2025-04-29 13:41:00.000,,,2025-04-29 13:42:25.440,2025-04-29 13:42:25.440,19,0.99999994,13.34,1.06,UTC+0200,NA9l677+ml,com.sec.android.app.shealth,2025-04-29 13:42:00.000,531eb383-1ad8-4898-8d0d-a7c0cbb65a37,
21502,4,0,31,2025-04-29 13:42:00.000,,,2025-04-29 13:43:50.266,2025-04-29 13:43:50.266,31,1.0277778,22.1,1.48,UTC+0200,NA9l677+ml,com.sec.android.app.shealth,2025-04-29 13:43:00.000,2da4f69d-2d5c-4980-8862-e1f7e2716f49,
1450,4,0,2,2025-04-29 13:43:00.000,,,2025-04-29 13:43:50.315,2025-04-29 13:43:50.315,2,0.9722222,1.41,0.09,UTC+0200,NA9l677+ml,com.sec.android.app.shealth,2025-04-29 13:44:00.000,7a2adce3-a025-4509-a9c1-894a0bf47c0f,
20984,4,0,31,2025-04-29 13:44:00.000,,,2025-04-29 13:45:15.541,2025-04-29 13:45:15.541,31,1.0555556,22.15,1.43,UTC+0200,NA9l677+ml,com.sec.android.app.shealth,2025-04-29 13:45:00.000,24451b09-01f8-4732-8cd7-759ff5870fa7,
15304,4,0,24,2025-04-29 13:45:00.000,,,2025-04-29 13:47:48.827,2025-04-29 13:47:48.827,24,1.1388888,17.43,1.13,UTC+0200,NA9l677+ml,com.sec.android.app.shealth,2025-04-29 13:46:00.000,c16574e2-2a29-49b6-9f54-8aa83e0bdc00,
29244,4,0,57,2025-04-29 13:47:00.000,,,2025-04-29 13:48:12.464,2025-04-29 13:47:48.897,57,1.5113704,44.2,2.4999998,UTC+0200,NA9l677+ml,com.sec.android.app.shealth,2025-04-29 13:48:00.000,00720d0a-5fda-48c0-ac32-72ec6f5af63e,
1338,4,0,3,2025-04-29 13:48:00.000,,,2025-04-29 13:48:12.521,2025-04-29 13:48:12.521,3,1.7777778,2.38,0.15,UTC+0200,NA9l677+ml,com.sec.android.app.shealth,2025-04-29 13:49:00.000,59370717-c700-45db-ab19-a8161104ac1d,
4324,4,0,11,2025-04-29 13:49:00.000,,,2025-04-29 13:49:25.928,2025-04-29 13:49:25.928,11,2.0833333,9.01,0.45,UTC+0200,NA9l677+ml,com.sec.android.app.shealth,2025-04-29 13:50:00.000,ed85981a-cd10-4db7-bb52-a76096892a58,
4782,4,0,12,2025-04-29 13:50:00.000,,,2025-04-29 13:51:03.508,2025-04-29 13:51:03.508,12,2.0555556,9.83,0.48,UTC+0200,NA9l677+ml,com.sec.android.app.shealth,2025-04-29 13:51:00.000,10a27eb2-0fc4-41ee-b9f6-5bfda221ae44,
18526,4,0,29,2025-04-29 13:56:00.000,,,2025-04-29 13:57:48.989,2025-04-29 13:57:48.989,29,1.1388888,21.1,1.42,UTC+0200,NA9l677+ml,com.sec.android.app.shealth,2025-04-29 13:57:00.000,433dc74d-46fb-40dc-83eb-5de25a39cf57,
9792,4,0,15,2025-04-29 13:58:00.000,,,2025-04-29 13:59:42.430,2025-04-29 13:59:42.430,15,1.1111112,10.88,0.69,UTC+0200,NA9l677+ml,com.sec.android.app.shealth,2025-04-29 13:59:00.000,f30ec20a-ad0c-450a-ae0b-453e6ec8994c,
17385,4,0,32,2025-04-29 13:59:00.000,,,2025-04-29 13:59:42.484,2025-04-29 13:59:42.484,32,1.4166666,24.63,1.3,UTC+0200,NA9l677+ml,com.sec.android.app.shealth,2025-04-29 14:00:00.000,174d7fb0-82cc-4dd4-b719-183a91b6e8b4,
8089,4,0,15,2025-04-29 14:00:00.000,,,2025-04-29 14:00:36.999,2025-04-29 14:00:36.999,15,1.4166666,11.46,0.68,UTC+0200,NA9l677+ml,com.sec.android.app.shealth,2025-04-29 14:01:00.000,d4da6830-110f-43c3-8492-b2718abe3ca5,
12216,4,0,21,2025-04-29 14:05:00.000,,,2025-04-29 14:05:54.830,2025-04-29 14:05:54.830,21,1.2777778,15.61,0.87,UTC+0200,NA9l677+ml,com.sec.android.app.shealth,2025-04-29 14:06:00.000,1e5da7e2-f1e0-436a-bb91-03c7d67507c5,
60000,4,0,84,2025-04-29 14:06:00.000,,,2025-04-29 14:07:13.447,2025-04-29 14:07:13.447,84,0.9698333,58.19,4.03,UTC+0200,NA9l677+ml,com.sec.android.app.shealth,2025-04-29 14:07:00.000,7742620e-fe1c-4599-bd01-9ecfb1138e83,
56329,4,0,78,2025-04-29 14:07:00.000,,,2025-04-29 14:09:24.941,2025-04-29 14:07:13.481,78,0.95935065,54.040005,3.9599998,UTC+0200,NA9l677+ml,com.sec.android.app.shealth,2025-04-29 14:08:00.000,98ca54b6-0eff-41e4-ba80-61d2abe30545,
60000,4,0,88,2025-04-29 14:08:00.000,,,2025-04-29 14:09:25.085,2025-04-29 14:09:25.085,88,1.0278333,61.67,4.17,UTC+0200,NA9l677+ml,com.sec.android.app.shealth,2025-04-29 14:09:00.000,34f554f1-ff43-44df-a4ff-b42f24662bdc,
55823,4,0,87,2025-04-29 14:09:00.000,,,2025-04-29 14:09:59.146,2025-04-29 14:09:25.130,87,1.112798,62.120003,3.9599998,UTC+0200,NA9l677+ml,com.sec.android.app.shealth,2025-04-29 14:10:00.000,17d1497b-bcdd-4eab-bc49-bcf5f970abe3,
46804,4,0,68,2025-04-29 14:10:00.000,,,2025-04-29 14:13:53.600,2025-04-29 14:10:00.081,68,1.0259683,48.019997,3.1499999,UTC+0200,NA9l677+ml,com.sec.android.app.shealth,2025-04-29 14:11:00.000,0d209dc4-5e3d-48a6-b943-943aee425e2c,
47965,4,0,71,2025-04-29 14:11:00.000,,,2025-04-29 14:13:53.720,2025-04-29 14:13:53.720,71,1.0555556,50.63,3.32,UTC+0200,NA9l677+ml,com.sec.android.app.shealth,2025-04-29 14:12:00.000,9e6de94f-df7e-4891-963e-91edb3f44505,
54998,4,0,84,2025-04-29 14:13:00.000,,,2025-04-29 14:14:12.922,2025-04-29 14:13:53.781,84,1.0903916,59.97,3.8,UTC+0200,NA9l677+ml,com.sec.android.app.shealth,2025-04-29 14:14:00.000,16b85df3-d898-4270-b1c2-8d9e716b26aa,
36024,4,0,58,2025-04-29 14:14:00.000,,,2025-04-29 14:14:39.037,2025-04-29 14:14:13.006,58,1.158384,41.73,2.56,UTC+0200,NA9l677+ml,com.sec.android.app.shealth,2025-04-29 14:15:00.000,f13ed3f8-c48e-48e6-b648-e1fb68976908,
59262,4,0,104,2025-04-29 14:30:00.000,,,2025-04-29 14:34:59.891,2025-04-29 14:34:59.891,104,1.3055556,77.37,4.25,UTC+0200,NA9l677+ml,com.sec.android.app.shealth,2025-04-29 14:31:00.000,20376da2-b099-4efe-8503-6ad3319e7c10,
59790,4,0,106,2025-04-29 14:31:00.000,,,2025-04-29 14:35:00.010,2025-04-29 14:35:00.010,106,1.3333334,79.72,4.27,UTC+0200,NA9l677+ml,com.sec.android.app.shealth,2025-04-29 14:32:00.000,bbe46445-0025-4312-8ae8-a7e3e0221da6,
51231,4,0,83,2025-04-29 14:32:00.000,,,2025-04-29 14:35:00.066,2025-04-29 14:35:00.066,83,1.1666666,59.77,3.68,UTC+0200,NA9l677+ml,com.sec.android.app.shealth,2025-04-29 14:33:00.000,74eab247-ab1c-4f0a-a77b-4762b4140d5f,
47767,4,0,82,2025-04-29 15:43:00.000,,,2025-04-29 15:45:02.683,2025-04-29 15:43:17.213,82,1.2579663,60.09,3.4499998,UTC+0200,NA9l677+ml,com.sec.android.app.shealth,2025-04-29 15:44:00.000,c257326a-2c60-49ae-9c4c-22beebcf8914,
60000,4,0,108,2025-04-29 15:44:00.000,,,2025-04-29 15:45:02.775,2025-04-29 15:45:02.775,108,1.3451667,80.71,4.34,UTC+0200,NA9l677+ml,com.sec.android.app.shealth,2025-04-29 15:45:00.000,12a6c0cb-d2cb-4d73-a97e-08994e8613b9,
59825,4,0,102,2025-04-29 15:45:00.000,,,2025-04-29 15:46:31.075,2025-04-29 15:45:02.836,102,1.2539843,75.02,4.3599997,UTC+0200,NA9l677+ml,com.sec.android.app.shealth,2025-04-29 15:46:00.000,5382fab9-636f-49ce-9ca6-21e68a4a7230,
39119,4,0,65,2025-04-29 15:46:00.000,,,2025-04-29 15:49:10.505,2025-04-29 15:46:31.183,65,1.2121805,47.42,2.65,UTC+0200,NA9l677+ml,com.sec.android.app.shealth,2025-04-29 15:47:00.000,4b75ed01-a207-48b6-a6ee-85af0de573ad,
39971,4,0,64,2025-04-29 15:49:00.000,,,2025-04-29 15:51:29.446,2025-04-29 15:49:32.558,64,1.1495812,45.95,2.73,UTC+0200,NA9l677+ml,com.sec.android.app.shealth,2025-04-29 15:50:00.000,0edb2109-864e-40f7-bfca-c53f2de1089b,
51440,4,0,88,2025-04-29 15:50:00.000,,,2025-04-29 15:51:29.533,2025-04-29 15:51:29.533,88,1.25,64.3,3.53,UTC+0200,NA9l677+ml,com.sec.android.app.shealth,2025-04-29 15:51:00.000,c2e3cf6b-ecae-49e1-b133-86a33bc42621,
32848,4,0,56,2025-04-29 15:51:00.000,,,2025-04-29 15:54:59.897,2025-04-29 15:54:59.897,56,1.25,41.06,2.38,UTC+0200,NA9l677+ml,com.sec.android.app.shealth,2025-04-29 15:52:00.000,1edcaff9-337b-44b3-8320-a97f2f2c5096,
60000,4,0,105,2025-04-29 15:52:00.000,,,2025-04-29 15:54:59.972,2025-04-29 15:54:59.972,105,1.288,77.28,4.2,UTC+0200,NA9l677+ml,com.sec.android.app.shealth,2025-04-29 15:53:00.000,03a17dbe-dab6-4d9e-9941-883d9b2ca231,
60000,4,0,107,2025-04-29 15:53:00.000,,,2025-04-29 15:55:00.022,2025-04-29 15:55:00.022,107,1.3308333,79.85,4.3,UTC+0200,NA9l677+ml,com.sec.android.app.shealth,2025-04-29 15:54:00.000,22c07127-0cef-468d-9a2e-f69ff1069378,
60000,4,0,112,2025-04-29 15:54:00.000,,,2025-04-29 15:55:00.075,2025-04-29 15:55:00.051,112,1.4198332,85.189995,4.49,UTC+0200,NA9l677+ml,com.sec.android.app.shealth,2025-04-29 15:55:00.000,0fd1185a-7c48-4a59-aa28-8a65dd62483c,
60000,4,0,110,2025-04-29 15:55:00.000,,,2025-04-29 15:59:26.223,2025-04-29 15:55:00.326,110,1.3911667,83.47,4.5299997,UTC+0200,NA9l677+ml,com.sec.android.app.shealth,2025-04-29 15:56:00.000,0b1488e3-08f7-46a3-a370-189dc0b5fa48,
60000,4,0,109,2025-04-29 15:56:00.000,,,2025-04-29 15:59:26.315,2025-04-29 15:59:26.315,109,1.3703332,82.22,4.41,UTC+0200,NA9l677+ml,com.sec.android.app.shealth,2025-04-29 15:57:00.000,10be0028-aa30-4187-895a-cf8682f89c72,
60000,4,0,108,2025-04-29 15:57:00.000,,,2025-04-29 15:59:26.339,2025-04-29 15:59:26.339,108,1.3455001,80.73,4.32,UTC+0200,NA9l677+ml,com.sec.android.app.shealth,2025-04-29 15:58:00.000,79a48049-dc26-4ced-8cc6-316cc4836e9c,
60000,4,0,107,2025-04-29 15:58:00.000,,,2025-04-29 15:59:26.359,2025-04-29 15:59:26.359,107,1.331,79.86,4.3,UTC+0200,NA9l677+ml,com.sec.android.app.shealth,2025-04-29 15:59:00.000,53dd2cb5-a815-49e0-804a-d035ef234a69,
60000,4,0,108,2025-04-29 15:59:00.000,,,2025-04-29 16:00:14.332,2025-04-29 15:59:26.387,108,1.3563333,81.38,4.3599987,UTC+0200,NA9l677+ml,com.sec.android.app.shealth,2025-04-29 16:00:00.000,fcbbfce0-1e61-4bb5-a558-da5de91a50a5,
60000,4,0,108,2025-04-29 16:00:00.000,,,2025-04-29 16:01:09.705,2025-04-29 16:00:14.562,108,1.3543334,81.26,4.39,UTC+0200,NA9l677+ml,com.sec.android.app.shealth,2025-04-29 16:01:00.000,7112d841-35a6-403a-83c3-d726e067ff4a,
60000,4,0,109,2025-04-29 16:01:00.000,,,2025-04-29 16:02:14.611,2025-04-29 16:01:09.917,109,1.3696666,82.18,4.37,UTC+0200,NA9l677+ml,com.sec.android.app.shealth,2025-04-29 16:02:00.000,ee59e972-e88f-4d11-8536-76d445fd75b3,
54850,4,0,96,2025-04-29 16:02:00.000,,,2025-04-29 16:03:18.418,2025-04-29 16:02:14.692,96,1.2936965,70.96,3.97,UTC+0200,NA9l677+ml,com.sec.android.app.shealth,2025-04-29 16:03:00.000,83a909ae-13c6-45c4-9dac-5b161ff454a3,
1700,4,0,3,2025-04-29 16:03:00.000,,,2025-04-29 16:03:18.479,2025-04-29 16:03:18.479,3,1.3055556,2.22,0.12,UTC+0200,NA9l677+ml,com.sec.android.app.shealth,2025-04-29 16:04:00.000,25dc8970-22fe-4644-920b-b1bd6650dd80,
17711,4,0,36,2025-04-29 16:04:00.000,,,2025-04-29 16:05:11.599,2025-04-29 16:04:11.421,36,1.5402498,27.279999,1.52,UTC+0200,NA9l677+ml,com.sec.android.app.shealth,2025-04-29 16:05:00.000,9a37746f-7bba-408f-b2ed-0a0b06ef861a,
14658,4,0,22,2025-04-30 07:10:00.000,,,2025-04-30 07:10:27.833,2025-04-30 07:10:27.833,22,1.0833334,15.88,0.99,UTC+0200,NA9l677+ml,com.sec.android.app.shealth,2025-04-30 07:11:00.000,93dd48b8-488e-4a9c-88d8-7db00b061966,
51127,4,0,52,2025-04-30 07:35:00.000,,,2025-04-30 07:35:59.551,2025-04-30 07:35:35.744,52,0.79185843,40.48542,2.3002274,UTC+0200,64Z1605Zgy,com.sec.android.app.shealth,2025-04-30 07:36:00.000,17dae23f-b09c-4af4-9026-426778de7473,
47465,4,0,99,2025-04-30 07:36:00.000,,,2025-04-30 07:37:20.885,2025-04-30 07:37:20.885,99,1.6099797,76.417725,4.3910027,UTC+0200,64Z1605Zgy,com.sec.android.app.shealth,2025-04-30 07:37:00.000,a65b3869-fc95-44aa-91c5-46c95bcd321c,
12129,4,0,17,2025-04-30 07:12:00.000,,,2025-04-30 07:12:15.585,2025-04-30 07:12:14.648,17,0.9753418,11.83,0.78000003,UTC+0200,NA9l677+ml,com.sec.android.app.shealth,2025-04-30 07:13:00.000,8d811583-0e77-4d4b-b857-c8f4d4c6c441,
7601,4,0,11,2025-04-30 07:17:00.000,,,2025-04-30 07:17:36.421,2025-04-30 07:17:36.421,11,0.9722222,7.39,0.54,UTC+0200,NA9l677+ml,com.sec.android.app.shealth,2025-04-30 07:18:00.000,92a80988-037a-4e30-b057-317dd5f0931f,
11440,4,0,18,2025-04-30 07:18:00.000,,,2025-04-30 07:19:29.356,2025-04-30 07:19:29.356,18,1.1388888,13.03,0.75,UTC+0200,NA9l677+ml,com.sec.android.app.shealth,2025-04-30 07:19:00.000,143e2c30-4418-48ab-93c4-c8705dcc8ffc,
25328,4,0,41,2025-04-30 07:23:00.000,,,2025-04-30 07:24:20.436,2025-04-30 07:24:20.436,41,1.1666666,29.55,1.86,UTC+0200,NA9l677+ml,com.sec.android.app.shealth,2025-04-30 07:24:00.000,3d70aac8-1ea2-440c-ac83-83ace9adb24f,
12452,4,0,21,2025-04-30 07:24:00.000,,,2025-04-30 07:26:20.660,2025-04-30 07:26:20.660,21,1.2222222,15.22,0.97,UTC+0200,NA9l677+ml,com.sec.android.app.shealth,2025-04-30 07:25:00.000,5285d295-de8f-4b0d-ab26-f7a016c5ade0,
16505,4,0,29,2025-04-30 07:26:00.000,,,2025-04-30 07:26:20.779,2025-04-30 07:26:20.779,29,1.2777777,21.09,1.49,UTC+0200,NA9l677+ml,com.sec.android.app.shealth,2025-04-30 07:27:00.000,78293f84-bb9b-4da6-8211-9e934febfa06,
10927,4,0,14,2025-04-30 07:27:00.000,,,2025-04-30 07:27:04.201,2025-04-30 07:27:03.757,14,0.8611111,9.41,0.67,UTC+0200,NA9l677+ml,com.sec.android.app.shealth,2025-04-30 07:28:00.000,691670bc-6a99-4fa7-b137-c0c7e28358b6,
15061,4,0,27,2025-04-30 07:31:00.000,,,2025-04-30 07:31:13.434,2025-04-30 07:31:11.781,27,1.3610848,20.5,1.1899999,UTC+0200,NA9l677+ml,com.sec.android.app.shealth,2025-04-30 07:32:00.000,da012537-7178-44b6-8865-f98d300deced,
5901,4,0,11,2025-04-30 07:32:00.000,,,2025-04-30 07:33:19.965,2025-04-30 07:33:19.965,11,1.4166666,8.36,0.51,UTC+0200,NA9l677+ml,com.sec.android.app.shealth,2025-04-30 07:33:00.000,7d2d201a-3afe-4637-a344-11885173d8cb,
14087,4,0,27,2025-04-30 07:33:00.000,,,2025-04-30 07:33:20.036,2025-04-30 07:33:20.036,27,1.4722222,20.74,1.15,UTC+0200,NA9l677+ml,com.sec.android.app.shealth,2025-04-30 07:34:00.000,7085334c-4dfa-41c2-bbf5-f8782bd67075,
52543,4,0,99,2025-04-30 07:34:00.000,,,2025-04-30 07:35:00.195,2025-04-30 07:34:32.774,99,1.4443165,75.89,4.12,UTC+0200,NA9l677+ml,com.sec.android.app.shealth,2025-04-30 07:35:00.000,62ffb073-ebef-4018-9679-5fb853633e92,
60000,4,0,115,2025-04-30 07:35:00.000,,,2025-04-30 07:37:39.083,2025-04-30 07:37:39.083,115,1.4728334,88.37,4.6,UTC+0200,NA9l677+ml,com.sec.android.app.shealth,2025-04-30 07:36:00.000,ada62fa4-0788-4c6d-85c4-15b2cdc4ed68,
52715,4,0,98,2025-04-30 07:36:00.000,,,2025-04-30 07:37:39.249,2025-04-30 07:37:39.249,98,1.4166666,74.68,4.0,UTC+0200,NA9l677+ml,com.sec.android.app.shealth,2025-04-30 07:37:00.000,233b9628-4f3e-417f-bbcb-5980139bd856,
6537,4,0,11,2025-04-30 07:37:00.000,,,2025-04-30 07:37:39.321,2025-04-30 07:37:39.321,11,1.2222222,7.99,0.53,UTC+0200,NA9l677+ml,com.sec.android.app.shealth,2025-04-30 07:38:00.000,0b9ce3a9-1fc3-4986-8c8c-a854c96f91bf,
14993,4,1,28,2025-04-30 07:42:00.000,,,2025-04-30 07:46:03.035,2025-04-30 07:46:03.035,29,1.5,22.49,1.62,UTC+0200,NA9l677+ml,com.sec.android.app.shealth,2025-04-30 07:43:00.000,fba1c047-8f89-43cf-92d5-feb6be71738a,
7560,4,0,13,2025-04-30 07:43:00.000,,,2025-04-30 07:46:03.131,2025-04-30 07:46:03.131,13,1.2777778,9.66,0.56,UTC+0200,NA9l677+ml,com.sec.android.app.shealth,2025-04-30 07:44:00.000,18c4666f-41e6-4d1a-8752-ba4a592c0d2d,
56114,4,0,100,2025-04-30 07:44:00.000,,,2025-04-30 07:46:03.174,2025-04-30 07:46:03.174,100,1.3333334,74.82,4.21,UTC+0200,NA9l677+ml,com.sec.android.app.shealth,2025-04-30 07:45:00.000,e840bc37-38ff-4e97-bcb3-14ddf1f59024,
36839,4,5,61,2025-04-30 07:45:00.000,,,2025-04-30 07:46:03.205,2025-04-30 07:46:03.205,66,1.3333334,49.12,3.02,UTC+0200,NA9l677+ml,com.sec.android.app.shealth,2025-04-30 07:46:00.000,eb760c04-cd55-4886-a599-8afb89f5cfab,
58839,4,0,105,2025-04-30 07:46:00.000,,,2025-04-30 07:50:50.192,2025-04-30 07:46:03.238,105,1.3295541,78.23,4.2200003,UTC+0200,NA9l677+ml,com.sec.android.app.shealth,2025-04-30 07:47:00.000,40da3299-0211-4f9c-9e33-61c50fdb9d93,
53382,4,0,96,2025-04-30 07:47:00.000,,,2025-04-30 07:50:50.252,2025-04-30 07:50:50.252,96,1.3611112,72.66,4.11,UTC+0200,NA9l677+ml,com.sec.android.app.shealth,2025-04-30 07:48:00.000,e79d6b51-032a-4826-b7be-5e01397894ad,
59759,4,0,108,2025-04-30 07:48:00.000,,,2025-04-30 07:50:50.361,2025-04-30 07:50:50.361,108,1.3611112,81.34,4.44,UTC+0200,NA9l677+ml,com.sec.android.app.shealth,2025-04-30 07:49:00.000,b58cd5a8-c648-48c6-9dbf-d81a25a8e8f0,
53359,4,0,91,2025-04-30 07:49:00.000,,,2025-04-30 07:50:50.399,2025-04-30 07:50:50.399,91,1.25,66.7,3.93,UTC+0200,NA9l677+ml,com.sec.android.app.shealth,2025-04-30 07:50:00.000,7cf711a4-7d4f-46ce-bdaa-b07faf8753f9,
26234,4,0,46,2025-04-30 07:50:00.000,,,2025-04-30 07:50:50.430,2025-04-30 07:50:50.430,46,1.3055556,34.25,1.98,UTC+0200,NA9l677+ml,com.sec.android.app.shealth,2025-04-30 07:51:00.000,c9c0ac37-1f8f-4a03-bdb8-f1e4cc2652fe,
8581,4,0,11,2025-04-30 07:51:00.000,,,2025-04-30 07:52:45.705,2025-04-30 07:52:45.705,11,0.8611111,7.39,0.52,UTC+0200,NA9l677+ml,com.sec.android.app.shealth,2025-04-30 07:52:00.000,985c6920-c965-484f-bb2c-672c997d7e7a,
5093,4,0,11,2025-04-30 08:02:00.000,,,2025-04-30 08:05:57.642,2025-04-30 08:02:47.110,11,1.6944444,8.63,0.47,UTC+0200,NA9l677+ml,com.sec.android.app.shealth,2025-04-30 08:03:00.000,d37a71fd-29b2-41ca-9f47-410841f08936,
42820,4,0,76,2025-04-30 08:07:00.000,,,2025-04-30 08:11:00.868,2025-04-30 08:07:33.628,76,1.3192399,56.489998,3.2299995,UTC+0200,NA9l677+ml,com.sec.android.app.shealth,2025-04-30 08:08:00.000,188cf18e-e28f-40c2-84a8-97d23f71fe30,
27727,4,0,50,2025-04-30 08:08:00.000,,,2025-04-30 08:11:00.990,2025-04-30 08:11:00.990,50,1.3611112,37.74,2.11,UTC+0200,NA9l677+ml,com.sec.android.app.shealth,2025-04-30 08:09:00.000,e7c81d7c-5dc8-49ad-adc0-13b34c144b01,
48079,4,0,85,2025-04-30 08:11:00.000,,,2025-04-30 08:12:03.109,2025-04-30 08:12:03.109,85,1.3055556,62.77,3.49,UTC+0200,NA9l677+ml,com.sec.android.app.shealth,2025-04-30 08:12:00.000,9fc32407-0b59-4509-8cac-5d486390a508,
60000,4,0,106,2025-04-30 08:12:00.000,,,2025-04-30 08:13:10.685,2025-04-30 08:12:03.234,106,1.3091668,78.55,4.32,UTC+0200,NA9l677+ml,com.sec.android.app.shealth,2025-04-30 08:13:00.000,314eed9d-1ff6-4d4b-9848-da7ed2e32f8a,
60000,4,0,106,2025-04-30 08:13:00.000,,,2025-04-30 08:15:00.213,2025-04-30 08:13:10.791,106,1.3159999,78.96,4.26,UTC+0200,NA9l677+ml,com.sec.android.app.shealth,2025-04-30 08:14:00.000,b1a9894e-85a5-41a1-9de4-9af7658f334a,
60000,4,0,107,2025-04-30 08:14:00.000,,,2025-04-30 08:15:00.344,2025-04-30 08:15:00.344,107,1.3139999,78.84,4.28,UTC+0200,NA9l677+ml,com.sec.android.app.shealth,2025-04-30 08:15:00.000,1e81473c-3592-4ff9-ad6c-40b42e8713ae,
56946,4,0,100,2025-04-30 08:15:00.000,,,2025-04-30 08:21:20.045,2025-04-30 08:15:35.961,100,1.2987591,73.95999,4.1199994,UTC+0200,NA9l677+ml,com.sec.android.app.shealth,2025-04-30 08:16:00.000,d04b4d37-d317-4369-87ea-79c1002b613c,
60000,4,0,105,2025-04-30 08:16:00.000,,,2025-04-30 08:21:20.113,2025-04-30 08:21:20.113,105,1.2901669,77.41,4.2,UTC+0200,NA9l677+ml,com.sec.android.app.shealth,2025-04-30 08:17:00.000,a2359b2b-0ff8-4199-be0f-34bb2fb1139d,
48616,4,0,83,2025-04-30 08:17:00.000,,,2025-04-30 08:21:20.130,2025-04-30 08:21:20.130,83,1.25,60.77,3.44,UTC+0200,NA9l677+ml,com.sec.android.app.shealth,2025-04-30 08:18:00.000,6591b6cd-11b5-4c44-9e61-efce9024dc7d,
60000,4,0,105,2025-04-30 08:18:00.000,,,2025-04-30 08:21:20.157,2025-04-30 08:21:20.157,105,1.2836666,77.02,4.24,UTC+0200,NA9l677+ml,com.sec.android.app.shealth,2025-04-30 08:19:00.000,05523483-101d-4a87-917d-d9d3a5a1e51f,
60000,4,0,108,2025-04-30 08:19:00.000,,,2025-04-30 08:21:20.184,2025-04-30 08:21:20.184,108,1.3384999,80.31,4.35,UTC+0200,NA9l677+ml,com.sec.android.app.shealth,2025-04-30 08:20:00.000,6cada83a-374d-489b-8a96-53d5658fabfb,
59235,4,0,106,2025-04-30 08:20:00.000,,,2025-04-30 08:21:20.205,2025-04-30 08:21:20.205,106,1.3333334,78.98,4.3,UTC+0200,NA9l677+ml,com.sec.android.app.shealth,2025-04-30 08:21:00.000,c3104baf-557d-4c29-93da-f276a3bf9a1e,
59096,4,0,103,2025-04-30 08:21:00.000,,,2025-04-30 08:22:18.401,2025-04-30 08:21:20.227,103,1.2885724,76.15,4.22,UTC+0200,NA9l677+ml,com.sec.android.app.shealth,2025-04-30 08:22:00.000,7fc74754-dade-4ba5-83da-815e1bd76515,
1222,4,0,2,2025-04-30 08:22:00.000,,,2025-04-30 08:22:18.439,2025-04-30 08:22:18.439,2,1.1944444,1.46,0.1,UTC+0200,NA9l677+ml,com.sec.android.app.shealth,2025-04-30 08:23:00.000,d6e0479a-f109-4716-9ee1-b8dcd60c1877,
13300,4,0,24,2025-04-30 09:31:00.000,,,2025-04-30 09:31:47.062,2025-04-30 09:31:39.795,24,1.3518019,17.98,1.0300001,UTC+0200,NA9l677+ml,com.sec.android.app.shealth,2025-04-30 09:32:00.000,9aad4504-2c15-4ed3-9243-3656e84927b3,
4913,4,0,10,2025-04-30 09:32:00.000,,,2025-04-30 09:32:57.152,2025-04-30 09:32:57.152,10,1.5833334,7.78,0.44,UTC+0200,NA9l677+ml,com.sec.android.app.shealth,2025-04-30 09:33:00.000,0e8ddbcb-9f7b-4517-ae0d-4229fb776f6e,
39814,4,0,70,2025-04-30 09:33:00.000,,,2025-04-30 09:35:00.180,2025-04-30 09:35:00.180,70,1.3055556,51.98,2.87,UTC+0200,NA9l677+ml,com.sec.android.app.shealth,2025-04-30 09:34:00.000,8b6bbf97-5c24-44db-879a-a218f670df15,
59294,4,0,106,2025-04-30 09:34:00.000,,,2025-04-30 09:35:00.278,2025-04-30 09:35:00.278,106,1.3333334,79.06,4.34,UTC+0200,NA9l677+ml,com.sec.android.app.shealth,2025-04-30 09:35:00.000,613f66ec-73a0-4b2d-8496-249a128a8e7f,
52460,4,0,92,2025-04-30 09:35:00.000,,,2025-04-30 09:43:32.494,2025-04-30 09:43:32.494,92,1.3055556,68.49,3.79,UTC+0200,NA9l677+ml,com.sec.android.app.shealth,2025-04-30 09:36:00.000,2dd0eee3-b0ef-4f17-87c1-0416921d71b5,
59721,4,0,105,2025-04-30 09:36:00.000,,,2025-04-30 09:43:32.546,2025-04-30 09:43:32.546,105,1.3055556,77.97,4.45,UTC+0200,NA9l677+ml,com.sec.android.app.shealth,2025-04-30 09:37:00.000,bc3c2060-170e-4be4-a3b2-55268acb5b94,
60000,4,0,108,2025-04-30 09:37:00.000,,,2025-04-30 09:43:32.613,2025-04-30 09:43:32.613,108,1.3503332,81.02,4.33,UTC+0200,NA9l677+ml,com.sec.android.app.shealth,2025-04-30 09:38:00.000,8ff3dc5c-f317-418d-a2cb-6059d6275e14,
60000,4,0,109,2025-04-30 09:38:00.000,,,2025-04-30 09:43:32.646,2025-04-30 09:43:32.646,109,1.3733333,82.4,4.37,UTC+0200,NA9l677+ml,com.sec.android.app.shealth,2025-04-30 09:39:00.000,03ad5baf-b953-47e2-bc78-c7eb31ae1853,
60000,4,0,106,2025-04-30 09:39:00.000,,,2025-04-30 09:43:32.677,2025-04-30 09:43:32.677,106,1.3069999,78.42,4.31,UTC+0200,NA9l677+ml,com.sec.android.app.shealth,2025-04-30 09:40:00.000,9cfae273-b483-418e-80fe-6a9c77181644,
60000,4,0,107,2025-04-30 09:40:00.000,,,2025-04-30 09:43:32.710,2025-04-30 09:43:32.710,107,1.3143332,78.86,4.28,UTC+0200,NA9l677+ml,com.sec.android.app.shealth,2025-04-30 09:41:00.000,ba2052e3-e073-4337-94cb-2c6311134d70,
60000,4,0,108,2025-04-30 09:41:00.000,,,2025-04-30 09:43:32.755,2025-04-30 09:43:32.755,108,1.3373333,80.24,4.32,UTC+0200,NA9l677+ml,com.sec.android.app.shealth,2025-04-30 09:42:00.000,13839e8a-f35f-44cb-9fb1-c2ffcb1b431e,
60000,4,0,107,2025-04-30 09:42:00.000,,,2025-04-30 09:43:32.794,2025-04-30 09:43:32.794,107,1.3271666,79.63,4.28,UTC+0200,NA9l677+ml,com.sec.android.app.shealth,2025-04-30 09:43:00.000,52f356c7-ac3d-4c79-bd08-004f12d74bb6,
59889,4,0,105,2025-04-30 09:43:00.000,,,2025-04-30 09:45:52.143,2025-04-30 09:43:32.827,105,1.2953755,77.58,4.2,UTC+0200,NA9l677+ml,com.sec.android.app.shealth,2025-04-30 09:44:00.000,8ad7682d-c1aa-458b-898d-887949912858,
58952,4,0,101,2025-04-30 09:44:00.000,,,2025-04-30 09:45:52.215,2025-04-30 09:45:52.215,101,1.25,73.69,4.11,UTC+0200,NA9l677+ml,com.sec.android.app.shealth,2025-04-30 09:45:00.000,a0fc92f4-85be-4079-8ee5-7682be66e391,
59338,4,0,97,2025-04-30 09:45:00.000,,,2025-04-30 09:47:39.548,2025-04-30 09:45:52.244,97,1.1827134,70.180016,4.0599995,UTC+0200,NA9l677+ml,com.sec.android.app.shealth,2025-04-30 09:46:00.000,d5ce480d-2542-4879-9e33-aba2eb595d20,
59493,4,0,104,2025-04-30 09:46:00.000,,,2025-04-30 09:47:39.699,2025-04-30 09:47:39.699,104,1.2777778,76.02,4.16,UTC+0200,NA9l677+ml,com.sec.android.app.shealth,2025-04-30 09:47:00.000,fe055e20-e264-42e7-8bfa-70275db0a5fe,
59186,4,0,102,2025-04-30 09:47:00.000,,,2025-04-30 09:48:07.874,2025-04-30 09:47:39.748,102,1.2607528,74.62,4.1499996,UTC+0200,NA9l677+ml,com.sec.android.app.shealth,2025-04-30 09:48:00.000,ba884a59-46bb-4829-8ee8-92d64d211948,
60000,4,0,107,2025-04-30 09:48:00.000,,,2025-04-30 09:54:58.388,2025-04-30 09:48:07.972,107,1.3236666,79.42,4.3,UTC+0200,NA9l677+ml,com.sec.android.app.shealth,2025-04-30 09:49:00.000,8aca239f-8106-4928-b376-6a27bcc9f8e6,
60000,4,0,109,2025-04-30 09:49:00.000,,,2025-04-30 09:54:58.547,2025-04-30 09:54:58.547,109,1.3685,82.11,4.39,UTC+0200,NA9l677+ml,com.sec.android.app.shealth,2025-04-30 09:50:00.000,f6fcf46d-3d6f-4fe4-850e-e1dbaa3ae0d6,
60000,4,0,109,2025-04-30 09:50:00.000,,,2025-04-30 09:54:58.622,2025-04-30 09:54:58.622,109,1.366,81.96,4.36,UTC+0200,NA9l677+ml,com.sec.android.app.shealth,2025-04-30 09:51:00.000,9187fea0-b114-4275-9770-003c3c9c7c86,
60000,4,0,107,2025-04-30 09:51:00.000,,,2025-04-30 09:54:58.665,2025-04-30 09:54:58.665,107,1.3355,80.13,4.35,UTC+0200,NA9l677+ml,com.sec.android.app.shealth,2025-04-30 09:52:00.000,1f855b71-c77e-435f-86c2-d9abad775991,
58005,4,0,102,2025-04-30 09:52:00.000,,,2025-04-30 09:54:58.707,2025-04-30 09:54:58.707,102,1.3055556,75.73,4.34,UTC+0200,NA9l677+ml,com.sec.android.app.shealth,2025-04-30 09:53:00.000,8ecd0029-95d2-4932-bf82-1f0d8608d9b6,
60000,4,0,107,2025-04-30 09:53:00.000,,,2025-04-30 09:54:58.764,2025-04-30 09:54:58.764,107,1.3266667,79.6,4.28,UTC+0200,NA9l677+ml,com.sec.android.app.shealth,2025-04-30 09:54:00.000,738c6b8f-287d-4eab-a67e-dd50f9c50cd1,
60000,4,0,107,2025-04-30 09:54:00.000,,,2025-04-30 09:54:59.530,2025-04-30 09:54:58.806,107,1.3348334,80.090004,4.41,UTC+0200,NA9l677+ml,com.sec.android.app.shealth,2025-04-30 09:55:00.000,fcd3d769-cdea-4114-a6dc-bfbce06cb24e,
23637,4,0,45,2025-04-30 09:55:00.000,,,2025-04-30 09:56:13.218,2025-04-30 09:55:00.260,45,1.444318,34.14,2.08,UTC+0200,NA9l677+ml,com.sec.android.app.shealth,2025-04-30 09:56:00.000,d83f6b20-5cea-42f8-aa79-692c388528b5,
25136,4,0,43,2025-04-30 10:45:00.000,,,2025-04-30 10:47:15.609,2025-04-30 10:47:15.609,43,1.25,31.42,1.88,UTC+0200,NA9l677+ml,com.sec.android.app.shealth,2025-04-30 10:46:00.000,c3b97f7b-f0be-4ab3-ba4d-a492e315413a,
19328,4,0,33,2025-04-30 10:46:00.000,,,2025-04-30 10:47:15.670,2025-04-30 10:47:15.670,33,1.25,24.16,1.38,UTC+0200,NA9l677+ml,com.sec.android.app.shealth,2025-04-30 10:47:00.000,148ca11b-147d-42ad-9937-7f9fb818130d,
11782,4,0,21,2025-04-30 11:14:00.000,,,2025-04-30 11:15:00.192,2025-04-30 11:15:00.192,21,1.3333334,15.71,0.9,UTC+0200,NA9l677+ml,com.sec.android.app.shealth,2025-04-30 11:15:00.000,142d4a41-97a3-491c-95b9-1e18d38be8f6,
14916,4,0,26,2025-04-30 11:15:00.000,,,2025-04-30 11:16:03.309,2025-04-30 11:16:03.309,26,1.2777778,19.06,1.07,UTC+0200,NA9l677+ml,com.sec.android.app.shealth,2025-04-30 11:16:00.000,9d83f1ac-4b4f-4646-849d-26cb08f18a65,
571,4,0,1,2025-04-30 11:16:00.000,,,2025-04-30 11:16:03.416,2025-04-30 11:16:03.416,1,1.2777778,0.73,0.04,UTC+0200,NA9l677+ml,com.sec.android.app.shealth,2025-04-30 11:17:00.000,20cb3800-e4e1-49e8-a3ad-76d783944dec,
24333,4,0,44,2025-04-30 11:42:00.000,,,2025-04-30 11:42:55.827,2025-04-30 11:42:55.827,44,1.3611112,33.12,1.89,UTC+0200,NA9l677+ml,com.sec.android.app.shealth,2025-04-30 11:43:00.000,fadfe665-91e4-4f1f-85ce-b3a0cb68657e,
55335,4,0,97,2025-04-30 11:44:00.000,,,2025-04-30 11:49:10.350,2025-04-30 11:44:37.579,97,1.3064017,72.29,4.19,UTC+0200,NA9l677+ml,com.sec.android.app.shealth,2025-04-30 11:45:00.000,3d2f2f46-cd01-4dcc-b9ff-ea85ef7c9b43,
60000,4,0,109,2025-04-30 11:45:00.000,,,2025-04-30 11:49:10.401,2025-04-30 11:49:10.401,109,1.3756667,82.54,4.42,UTC+0200,NA9l677+ml,com.sec.android.app.shealth,2025-04-30 11:46:00.000,15d73ca0-dfb1-4072-9c80-e2d7ec7e2adf,
59479,4,0,109,2025-04-30 11:46:00.000,,,2025-04-30 11:49:10.450,2025-04-30 11:49:10.450,109,1.3888888,82.61,4.45,UTC+0200,NA9l677+ml,com.sec.android.app.shealth,2025-04-30 11:47:00.000,b8d8f789-1ef9-49bf-b647-feedcda14229,
60000,4,0,112,2025-04-30 11:47:00.000,,,2025-04-30 11:49:10.482,2025-04-30 11:49:10.482,112,1.4186667,85.12,4.48,UTC+0200,NA9l677+ml,com.sec.android.app.shealth,2025-04-30 11:48:00.000,7d587c03-97b7-4869-8437-623a66ce1c44,
60000,4,0,110,2025-04-30 11:48:00.000,,,2025-04-30 11:49:10.510,2025-04-30 11:49:10.510,110,1.3933333,83.6,4.41,UTC+0200,NA9l677+ml,com.sec.android.app.shealth,2025-04-30 11:49:00.000,4999669a-d419-4f91-8bfd-8199d91b3e0c,
60000,4,0,114,2025-04-30 11:49:00.000,,,2025-04-30 11:51:51.472,2025-04-30 11:49:10.543,114,1.4541667,87.25,4.59,UTC+0200,NA9l677+ml,com.sec.android.app.shealth,2025-04-30 11:50:00.000,5f766b2f-2fe0-45ca-9d24-129e62062aa3,
60000,4,0,113,2025-04-30 11:50:00.000,,,2025-04-30 11:51:51.561,2025-04-30 11:51:51.561,113,1.4313333,85.88,4.54,UTC+0200,NA9l677+ml,com.sec.android.app.shealth,2025-04-30 11:51:00.000,a1ecdeda-cb8b-4cfb-b71f-b0f072ea66ea,
58734,4,0,109,2025-04-30 11:51:00.000,,,2025-04-30 11:54:07.516,2025-04-30 11:51:51.630,109,1.4133025,83.01,4.3599997,UTC+0200,NA9l677+ml,com.sec.android.app.shealth,2025-04-30 11:52:00.000,c9d094a2-4daf-4446-8e25-96318d983dbb,
60000,4,0,113,2025-04-30 11:52:00.000,,,2025-04-30 11:54:07.555,2025-04-30 11:54:07.555,113,1.4341667,86.05,4.52,UTC+0200,NA9l677+ml,com.sec.android.app.shealth,2025-04-30 11:53:00.000,dc88dfd2-2be3-4e91-a98c-68b72112af93,
33019,4,0,61,2025-04-30 11:53:00.000,,,2025-04-30 11:54:07.592,2025-04-30 11:54:07.592,61,1.3888888,45.86,2.55,UTC+0200,NA9l677+ml,com.sec.android.app.shealth,2025-04-30 11:54:00.000,aec3ec57-8f72-4cb6-800d-be00f828dd79,
60000,4,0,114,2025-04-30 11:54:00.000,,,2025-04-30 11:55:00.203,2025-04-30 11:54:07.628,114,1.4576669,87.46001,4.56,UTC+0200,NA9l677+ml,com.sec.android.app.shealth,2025-04-30 11:55:00.000,d06742a4-6adf-4a3a-8b33-3a84a4cbea0d,
60000,4,0,111,2025-04-30 11:55:00.000,,,2025-04-30 11:58:24.373,2025-04-30 11:58:24.373,111,1.4186667,85.12,4.44,UTC+0200,NA9l677+ml,com.sec.android.app.shealth,2025-04-30 11:56:00.000,429b9369-a8c2-4a22-8fb5-49162d10911c,
60000,4,0,112,2025-04-30 11:56:00.000,,,2025-04-30 11:58:24.443,2025-04-30 11:58:24.443,112,1.432,85.92,4.48,UTC+0200,NA9l677+ml,com.sec.android.app.shealth,2025-04-30 11:57:00.000,6e876885-10c5-4911-8d3f-f65b0d8de0cf,
60000,4,0,113,2025-04-30 11:57:00.000,,,2025-04-30 11:58:24.498,2025-04-30 11:58:24.498,113,1.4488332,86.93,4.54,UTC+0200,NA9l677+ml,com.sec.android.app.shealth,2025-04-30 11:58:00.000,95e868f9-0c88-41c5-bcda-f1fb9b727eb9,
29376,4,0,54,2025-04-30 11:58:00.000,,,2025-04-30 11:59:07.611,2025-04-30 11:58:24.565,54,1.3960375,41.01,2.26,UTC+0200,NA9l677+ml,com.sec.android.app.shealth,2025-04-30 11:59:00.000,f1616abf-71b0-406f-93c9-f733974b2ed0,
9105,4,0,17,2025-04-30 11:59:00.000,,,2025-04-30 12:01:48.326,2025-04-30 12:01:48.326,17,1.4166666,12.9,0.72,UTC+0200,NA9l677+ml,com.sec.android.app.shealth,2025-04-30 12:00:00.000,46b8c536-3949-49a4-ba89-b48fd57a6849,
60000,4,0,111,2025-04-30 12:00:00.000,,,2025-04-30 12:01:48.390,2025-04-30 12:01:48.390,111,1.4033333,84.2,4.55,UTC+0200,NA9l677+ml,com.sec.android.app.shealth,2025-04-30 12:01:00.000,392331b3-4bd5-44fa-9525-083491f67032,
28814,4,0,52,2025-04-30 12:01:00.000,,,2025-04-30 12:01:48.423,2025-04-30 12:01:48.423,52,1.3611112,39.22,2.25,UTC+0200,NA9l677+ml,com.sec.android.app.shealth,2025-04-30 12:02:00.000,898d35c7-7505-42c4-82fd-e2545a026dbf,
57286,4,0,103,2025-04-30 12:02:00.000,,,2025-04-30 12:04:37.324,2025-04-30 12:02:05.365,103,1.3392234,76.72,5.3900003,UTC+0200,NA9l677+ml,com.sec.android.app.shealth,2025-04-30 12:03:00.000,2a8f0690-9295-4fd4-9ea9-4d7b772634f7,
60000,4,0,101,2025-04-30 12:03:00.000,,,2025-04-30 12:04:37.385,2025-04-30 12:04:37.385,101,1.2311667,73.87,5.13,UTC+0200,NA9l677+ml,com.sec.android.app.shealth,2025-04-30 12:04:00.000,d451bd9d-c34f-4326-839a-07c1d0cd6449,
20307,4,0,34,2025-04-30 12:04:00.000,,,2025-04-30 12:04:37.433,2025-04-30 12:04:37.433,34,1.2222222,24.82,2.45,UTC+0200,NA9l677+ml,com.sec.android.app.shealth,2025-04-30 12:05:00.000,c5ec7158-503d-486c-aa32-d1a9a4758e5e,
23742,4,0,38,2025-04-30 12:05:00.000,,,2025-04-30 12:06:29.974,2025-04-30 12:06:29.974,38,1.1666666,27.7,1.72,UTC+0200,NA9l677+ml,com.sec.android.app.shealth,2025-04-30 12:06:00.000,86c0b6a0-17cd-4071-9929-9627bbae3042,
22512,4,0,31,2025-04-30 12:06:00.000,,,2025-04-30 12:06:34.306,2025-04-30 12:06:30.033,31,0.9585786,21.58,1.45,UTC+0200,NA9l677+ml,com.sec.android.app.shealth,2025-04-30 12:07:00.000,2c7c32f5-0379-414a-9ef5-91e923135e23,
9230,4,0,21,2025-04-30 12:07:00.000,,,2025-04-30 12:07:45.606,2025-04-30 12:07:45.606,21,1.7777778,16.41,0.72,UTC+0200,NA9l677+ml,com.sec.android.app.shealth,2025-04-30 12:08:00.000,c1d28e74-646c-4de0-9a2b-79c0967fa4e9,
13673,4,0,29,2025-04-30 12:09:00.000,,,2025-04-30 12:09:54.602,2025-04-30 12:09:54.602,29,1.6388888,22.41,1.3,UTC+0200,NA9l677+ml,com.sec.android.app.shealth,2025-04-30 12:10:00.000,6bad8807-af6d-4d02-88f2-b1bc484002e6,
7257,4,0,17,2025-04-30 12:22:00.000,,,2025-04-30 12:28:42.784,2025-04-30 12:28:42.784,17,1.9166666,13.91,0.67,UTC+0200,NA9l677+ml,com.sec.android.app.shealth,2025-04-30 12:23:00.000,051b14bd-8c6e-46c0-a1f0-8b637220ba97,
4775,4,0,11,2025-04-30 12:26:00.000,,,2025-04-30 12:28:42.839,2025-04-30 12:28:42.839,11,1.8888887,9.02,0.4,UTC+0200,NA9l677+ml,com.sec.android.app.shealth,2025-04-30 12:27:00.000,47e674fe-f3a3-470d-87db-b72af97b27dc,
13135,4,0,20,2025-04-30 12:28:00.000,,,2025-04-30 12:30:14.548,2025-04-30 12:30:14.548,20,1.0833334,14.23,0.87,UTC+0200,NA9l677+ml,com.sec.android.app.shealth,2025-04-30 12:29:00.000,de7cfc63-e2ab-476f-9f38-36f0e3c918e8,
564,4,0,1,2025-04-30 12:29:00.000,,,2025-04-30 12:30:14.617,2025-04-30 12:30:14.617,1,1.4166667,0.8,0.04,UTC+0200,NA9l677+ml,com.sec.android.app.shealth,2025-04-30 12:30:00.000,2bee4c99-e62d-4ae3-ac08-d42210186227,
6303,4,0,11,2025-04-30 12:47:00.000,,,2025-04-30 12:48:01.587,2025-04-30 12:48:01.587,11,1.3055556,8.23,0.49,UTC+0200,NA9l677+ml,com.sec.android.app.shealth,2025-04-30 12:48:00.000,9be99e15-2dbd-4f00-a2ca-83672f685ae0,
11702,4,0,19,2025-04-30 13:03:00.000,,,2025-04-30 13:05:42.398,2025-04-30 13:03:26.372,19,1.1809349,13.82,0.87,UTC+0200,NA9l677+ml,com.sec.android.app.shealth,2025-04-30 13:04:00.000,0945d841-eb21-4fb3-8741-6b1d3ad12eb5,
8452,4,0,15,2025-04-30 13:07:00.000,,,2025-04-30 13:09:36.837,2025-04-30 13:09:36.837,15,1.3333334,11.27,0.62,UTC+0200,NA9l677+ml,com.sec.android.app.shealth,2025-04-30 13:08:00.000,da8f580b-31da-4430-9d2d-bac4c3e46637,
50198,4,0,80,2025-04-30 13:08:00.000,,,2025-04-30 13:09:36.931,2025-04-30 13:09:36.931,80,1.1388888,57.17,3.54,UTC+0200,NA9l677+ml,com.sec.android.app.shealth,2025-04-30 13:09:00.000,fc08a2d5-4609-42c3-9301-de21599643ae,
52455,4,0,87,2025-04-30 13:09:00.000,,,2025-04-30 13:10:18.444,2025-04-30 13:09:36.966,87,1.2122692,63.590004,3.7099998,UTC+0200,NA9l677+ml,com.sec.android.app.shealth,2025-04-30 13:10:00.000,495bbc55-8fa0-4436-91b7-c8763b1104e5,
41938,4,0,62,2025-04-30 13:14:00.000,,,2025-04-30 13:15:00.187,2025-04-30 13:14:49.244,62,1.0598849,44.449997,2.9,UTC+0200,NA9l677+ml,com.sec.android.app.shealth,2025-04-30 13:15:00.000,9f457564-222d-4ba8-ba4b-5a7051f55dff,
5516,4,0,8,2025-04-30 13:15:00.000,,,2025-04-30 13:15:40.278,2025-04-30 13:15:40.278,8,1.0277778,5.67,0.35,UTC+0200,NA9l677+ml,com.sec.android.app.shealth,2025-04-30 13:16:00.000,1eac6cac-6beb-44f4-9535-df66476d08ff,
31544,4,0,54,2025-04-30 13:23:00.000,,,2025-04-30 13:24:31.861,2025-04-30 13:24:31.861,54,1.25,39.43,2.24,UTC+0200,NA9l677+ml,com.sec.android.app.shealth,2025-04-30 13:24:00.000,9e15f18a-0787-4361-b78b-14255b14db07,
25943,4,0,43,2025-04-30 13:24:00.000,,,2025-04-30 13:24:36.592,2025-04-30 13:24:31.983,43,1.2045311,31.25,1.8799999,UTC+0200,NA9l677+ml,com.sec.android.app.shealth,2025-04-30 13:25:00.000,e05a7238-1676-425b-adb7-cef81fa7d358,
9761,4,0,16,2025-04-30 13:25:00.000,,,2025-04-30 13:27:13.038,2025-04-30 13:27:13.038,16,1.1944444,11.66,0.75,UTC+0200,NA9l677+ml,com.sec.android.app.shealth,2025-04-30 13:26:00.000,9e1e26dd-01f8-483b-b55d-dd3c6d5f0fcf,
9230,4,0,14,2025-04-30 13:26:00.000,,,2025-04-30 13:27:13.134,2025-04-30 13:27:13.134,14,1.0833334,10.0,0.66,UTC+0200,NA9l677+ml,com.sec.android.app.shealth,2025-04-30 13:27:00.000,d6e18525-b1f3-4327-b0bc-d024e90c0dde,
11349,4,0,23,2025-04-30 13:27:00.000,,,2025-04-30 13:35:00.202,2025-04-30 13:35:00.202,23,1.5833334,17.97,0.99,UTC+0200,NA9l677+ml,com.sec.android.app.shealth,2025-04-30 13:28:00.000,e488729d-f256-4adf-8698-a78127586e8b,
7389,4,0,15,2025-04-30 15:17:00.000,,,2025-04-30 15:19:03.820,2025-04-30 15:19:03.820,15,1.5833334,11.7,0.69,UTC+0200,NA9l677+ml,com.sec.android.app.shealth,2025-04-30 15:18:00.000,23e81f26-7416-4e8a-9c36-c821464c4b99,
7450,4,0,10,2025-04-30 15:18:00.000,,,2025-04-30 15:19:03.974,2025-04-30 15:19:03.974,10,0.9166667,6.83,0.45,UTC+0200,NA9l677+ml,com.sec.android.app.shealth,2025-04-30 15:19:00.000,66c34d44-d258-4865-9aaf-129cfd502db7,
6943,4,0,11,2025-04-30 15:19:00.000,,,2025-04-30 15:19:04.629,2025-04-30 15:19:04.116,11,1.1161174,7.75,0.51,UTC+0200,NA9l677+ml,com.sec.android.app.shealth,2025-04-30 15:20:00.000,2f67f45a-764d-4554-82e0-50fdc56dbc14,
9168,4,0,12,2025-04-30 15:20:00.000,,,2025-04-30 15:20:33.490,2025-04-30 15:20:33.490,12,0.88888896,8.15,0.67,UTC+0200,NA9l677+ml,com.sec.android.app.shealth,2025-04-30 15:21:00.000,836f46c7-02c5-4d69-8178-c6fc3bcac877,
8172,4,0,15,2025-04-30 15:21:00.000,,,2025-04-30 15:25:47.212,2025-04-30 15:25:47.212,15,1.3888888,11.35,0.68,UTC+0200,NA9l677+ml,com.sec.android.app.shealth,2025-04-30 15:22:00.000,4b9a4ed4-ab3c-4c33-85ca-7f5f19c4934f,
6957,4,1,11,2025-04-30 15:22:00.000,,,2025-04-30 15:25:47.330,2025-04-30 15:25:47.330,12,1.2777778,8.89,0.9,UTC+0200,NA9l677+ml,com.sec.android.app.shealth,2025-04-30 15:23:00.000,74183141-867d-421b-aad3-e8574bd94b3f,
17257,4,5,25,2025-04-30 15:23:00.000,,,2025-04-30 15:25:47.442,2025-04-30 15:25:47.442,30,1.3333334,23.01,1.48,UTC+0200,NA9l677+ml,com.sec.android.app.shealth,2025-04-30 15:24:00.000,bfc4a19a-16de-46a8-8eb5-c267a59ed98e,
25981,4,0,46,2025-04-30 15:31:00.000,,,2025-04-30 15:32:13.942,2025-04-30 15:32:13.942,46,1.3055556,33.92,2.05,UTC+0200,NA9l677+ml,com.sec.android.app.shealth,2025-04-30 15:32:00.000,e5b11bff-1bb9-4432-b86c-af97eeae005c,
13127,4,0,22,2025-04-30 15:32:00.000,,,2025-04-30 15:32:16.400,2025-04-30 15:32:14.055,22,1.2271652,16.11,0.94,UTC+0200,NA9l677+ml,com.sec.android.app.shealth,2025-04-30 15:33:00.000,0a5eb7a9-0174-4ef1-b435-24ed2f0fe67e,
13947,4,0,23,2025-04-30 15:47:00.000,,,2025-04-30 15:48:04.544,2025-04-30 15:48:04.544,23,1.1944444,16.66,0.96,UTC+0200,NA9l677+ml,com.sec.android.app.shealth,2025-04-30 15:48:00.000,5201f521-76f3-4ca0-b33a-b296f5e01c58,
21350,4,0,33,2025-04-30 15:48:00.000,,,2025-04-30 15:50:07.779,2025-04-30 15:48:04.728,33,1.1142567,23.79,1.56,UTC+0200,NA9l677+ml,com.sec.android.app.shealth,2025-04-30 15:49:00.000,2f5db1ac-2211-4764-80aa-c337b801f788,
10564,4,0,20,2025-04-30 15:49:00.000,,,2025-04-30 15:50:07.966,2025-04-30 15:50:07.966,20,1.4444444,15.26,0.93,UTC+0200,NA9l677+ml,com.sec.android.app.shealth,2025-04-30 15:50:00.000,bf2655db-641e-4c94-9980-6b8d515373ed,
15240,4,0,20,2025-04-30 15:50:00.000,,,2025-04-30 15:54:37.964,2025-04-30 15:50:08.048,20,0.88250506,13.45,1.3100001,UTC+0200,NA9l677+ml,com.sec.android.app.shealth,2025-04-30 15:51:00.000,c74ec283-9ede-4ea9-badd-2b348254ebae,
4491,4,0,7,2025-04-30 15:51:00.000,,,2025-04-30 15:54:38.114,2025-04-30 15:54:38.114,7,1.1666666,5.24,0.27,UTC+0200,NA9l677+ml,com.sec.android.app.shealth,2025-04-30 15:52:00.000,69e89f67-838b-4c9b-a46a-2dbfc557b67e,
13654,4,0,22,2025-04-30 15:59:00.000,,,2025-04-30 16:01:37.463,2025-04-30 16:01:37.463,22,1.1666666,15.93,1.07,UTC+0200,NA9l677+ml,com.sec.android.app.shealth,2025-04-30 16:00:00.000,4bfbfaa0-4d2d-47c2-8bc5-e68bd7596213,
27599,4,0,53,2025-04-30 16:01:00.000,,,2025-04-30 16:02:01.375,2025-04-30 16:01:37.591,53,1.4938798,41.23,2.34,UTC+0200,NA9l677+ml,com.sec.android.app.shealth,2025-04-30 16:02:00.000,ded495fe-9156-4234-9d31-7e1ba0f429e5,
20384,4,0,31,2025-04-30 16:02:00.000,,,2025-04-30 16:07:25.711,2025-04-30 16:02:01.563,31,1.0875936,22.17,1.4399999,UTC+0200,NA9l677+ml,com.sec.android.app.shealth,2025-04-30 16:03:00.000,b4320cf0-2c33-4e0a-955b-47e073f1127c,
16245,4,0,40,2025-04-30 16:03:00.000,,,2025-04-30 16:07:25.856,2025-04-30 16:07:25.856,40,2.0,32.49,1.73,UTC+0200,NA9l677+ml,com.sec.android.app.shealth,2025-04-30 16:04:00.000,5bf6e5d3-48dd-4ff5-87bb-f006523137dd,
29795,4,0,54,2025-04-30 16:04:00.000,,,2025-04-30 16:07:25.921,2025-04-30 16:07:25.921,54,1.3055556,38.9,2.77,UTC+0200,NA9l677+ml,com.sec.android.app.shealth,2025-04-30 16:05:00.000,08729b95-684f-4624-ada0-d03297366d4d,
9090,4,0,14,2025-04-30 16:05:00.000,,,2025-04-30 16:07:25.957,2025-04-30 16:07:25.957,14,1.1111112,10.1,0.59,UTC+0200,NA9l677+ml,com.sec.android.app.shealth,2025-04-30 16:06:00.000,9fd11cde-19ed-4d62-b6e2-486277cdeb2e,
16792,4,0,23,2025-04-30 16:06:00.000,,,2025-04-30 16:07:26.005,2025-04-30 16:07:26.005,23,0.94444454,15.86,1.12,UTC+0200,NA9l677+ml,com.sec.android.app.shealth,2025-04-30 16:07:00.000,ca2ac285-7377-4b44-9a47-8ccd9dd31636,
30530,4,0,45,2025-04-30 16:07:00.000,,,2025-04-30 16:08:45.505,2025-04-30 16:07:26.060,45,1.0461519,31.940002,2.01,UTC+0200,NA9l677+ml,com.sec.android.app.shealth,2025-04-30 16:08:00.000,406b8fee-e34e-4969-93d8-eb18479b591b,
14828,4,0,23,2025-04-30 16:08:00.000,,,2025-04-30 16:08:49.491,2025-04-30 16:08:45.605,23,1.1026012,16.35,1.09,UTC+0200,NA9l677+ml,com.sec.android.app.shealth,2025-04-30 16:09:00.000,d16c9b66-bd5f-4ce6-9161-3ac019e70494,
45760,4,0,78,2025-04-30 16:23:00.000,,,2025-04-30 16:25:07.196,2025-04-30 16:25:07.196,78,1.25,57.2,3.38,UTC+0200,NA9l677+ml,com.sec.android.app.shealth,2025-04-30 16:24:00.000,e648fb08-1d0b-4e39-9c6c-483c0241d8c0,
19161,4,0,32,2025-04-30 16:24:00.000,,,2025-04-30 16:25:07.305,2025-04-30 16:25:07.305,32,1.2222222,23.42,1.36,UTC+0200,NA9l677+ml,com.sec.android.app.shealth,2025-04-30 16:25:00.000,d56ebda5-e211-415f-ad32-7af0c23d3f82,
41877,4,0,69,2025-04-30 17:18:00.000,,,2025-04-30 17:20:36.305,2025-04-30 17:20:36.305,69,1.1944444,50.02,2.88,UTC+0200,NA9l677+ml,com.sec.android.app.shealth,2025-04-30 17:19:00.000,c84b6c6a-1648-4b30-a92b-a04584fb3f5b,
46541,4,0,81,2025-04-30 17:19:00.000,,,2025-04-30 17:20:36.442,2025-04-30 17:20:36.442,81,1.2777778,59.47,3.33,UTC+0200,NA9l677+ml,com.sec.android.app.shealth,2025-04-30 17:20:00.000,13d8b1cd-230f-43d8-97df-93f6d3a6b90b,
28088,4,0,48,2025-04-30 17:20:00.000,,,2025-04-30 17:22:50.043,2025-04-30 17:20:36.495,48,1.2357336,34.71,2.1699998,UTC+0200,NA9l677+ml,com.sec.android.app.shealth,2025-04-30 17:21:00.000,1b0f2c2e-a6d7-43ec-a232-2b3b12dd5953,
36175,4,0,60,2025-05-01 08:59:00.000,,,2025-05-01 09:15:00.108,2025-05-01 09:15:00.108,60,1.1944444,43.21,2.68,UTC+0200,NA9l677+ml,com.sec.android.app.shealth,2025-05-01 09:00:00.000,e4ce4b9b-72a8-41cc-8f3f-1c4a6de1dd3f,
27720,4,0,43,2025-05-01 09:00:00.000,,,2025-05-01 09:15:00.163,2025-05-01 09:15:00.163,43,1.1111112,30.8,1.88,UTC+0200,NA9l677+ml,com.sec.android.app.shealth,2025-05-01 09:01:00.000,8ec2dc8d-f9ba-480e-9ac1-7855fe2fb6e4,
11458,4,0,22,2025-05-01 09:06:00.000,,,2025-05-01 09:15:00.202,2025-05-01 09:15:00.202,22,1.4722222,16.87,1.03,UTC+0200,NA9l677+ml,com.sec.android.app.shealth,2025-05-01 09:07:00.000,753bba8f-1da0-4cce-9069-c85e19c64428,
51075,4,0,80,2025-05-01 09:07:00.000,,,2025-05-01 09:15:00.243,2025-05-01 09:15:00.243,80,1.1111112,56.75,3.54,UTC+0200,NA9l677+ml,com.sec.android.app.shealth,2025-05-01 09:08:00.000,fffc3e0d-d133-456a-9da5-5d0757acaf24,
2840,4,0,4,2025-05-01 09:08:00.000,,,2025-05-01 09:15:00.268,2025-05-01 09:15:00.268,4,1.0,2.84,0.17,UTC+0200,NA9l677+ml,com.sec.android.app.shealth,2025-05-01 09:09:00.000,d25a934e-2ed7-4dc2-8094-1c1f53432a43,
9211,4,0,16,2025-05-01 09:40:00.000,,,2025-05-01 09:45:47.648,2025-05-01 09:45:47.648,16,1.2777778,11.77,0.7,UTC+0200,NA9l677+ml,com.sec.android.app.shealth,2025-05-01 09:41:00.000,fc5c0fd0-5079-40b3-8452-f4d306c2f818,
18145,4,0,32,2025-05-01 09:41:00.000,,,2025-05-01 09:45:47.703,2025-05-01 09:45:47.703,32,1.3055556,23.69,1.4,UTC+0200,NA9l677+ml,com.sec.android.app.shealth,2025-05-01 09:42:00.000,89edd658-585b-4c8f-897e-96d35e3d00f9,
48784,4,0,83,2025-05-01 09:42:00.000,,,2025-05-01 09:45:47.762,2025-05-01 09:45:47.762,83,1.25,60.98,3.58,UTC+0200,NA9l677+ml,com.sec.android.app.shealth,2025-05-01 09:43:00.000,1c2fe4ed-1b73-4863-888e-b708c67a880c,
60000,4,0,106,2025-05-01 09:43:00.000,,,2025-05-01 09:45:47.817,2025-05-01 09:45:47.817,106,1.2971667,77.83,4.24,UTC+0200,NA9l677+ml,com.sec.android.app.shealth,2025-05-01 09:44:00.000,e4fc8583-0866-425d-8027-6135087e6798,
60000,4,0,108,2025-05-01 09:44:00.000,,,2025-05-01 09:45:47.856,2025-05-01 09:45:47.856,108,1.3466667,80.8,4.33,UTC+0200,NA9l677+ml,com.sec.android.app.shealth,2025-05-01 09:45:00.000,c98d3b5f-19eb-4772-b88c-4ec159f6939c,
60000,4,0,104,2025-05-01 09:45:00.000,,,2025-05-01 09:46:55.749,2025-05-01 09:45:47.891,104,1.2678332,76.07,4.2,UTC+0200,NA9l677+ml,com.sec.android.app.shealth,2025-05-01 09:46:00.000,33a92730-5be5-456f-8aa3-3d5c22344614,
59112,4,0,104,2025-05-01 09:46:00.000,,,2025-05-01 09:46:59.519,2025-05-01 09:46:55.873,104,1.3117269,77.54,4.29,UTC+0200,NA9l677+ml,com.sec.android.app.shealth,2025-05-01 09:47:00.000,8b062bcd-72a7-4aae-8edb-ddef81185f54,
60000,4,8,101,2025-05-01 09:47:00.000,,,2025-05-01 09:50:25.731,2025-05-01 09:47:00.101,109,1.3690001,82.14001,4.8599997,UTC+0200,NA9l677+ml,com.sec.android.app.shealth,2025-05-01 09:48:00.000,03333331-6e0c-4dc2-ac04-085a29998d4c,
60000,4,0,107,2025-05-01 09:48:00.000,,,2025-05-01 09:50:25.988,2025-05-01 09:50:25.988,107,1.3419999,80.52,4.35,UTC+0200,NA9l677+ml,com.sec.android.app.shealth,2025-05-01 09:49:00.000,2875c48a-33db-45f5-9d10-10331d9edf61,
58672,4,0,109,2025-05-01 09:49:00.000,,,2025-05-01 09:50:26.133,2025-05-01 09:50:26.133,109,1.4166666,83.12,4.61,UTC+0200,NA9l677+ml,com.sec.android.app.shealth,2025-05-01 09:50:00.000,24280e26-c581-4d5d-9a1c-086ae51a7d95,
60000,4,0,112,2025-05-01 09:50:00.000,,,2025-05-01 09:51:03.382,2025-05-01 09:50:26.181,112,1.4196666,85.17999,4.519999,UTC+0200,NA9l677+ml,com.sec.android.app.shealth,2025-05-01 09:51:00.000,c189b073-98db-45fe-8d93-671a9e0a1283,
60000,4,0,112,2025-05-01 09:51:00.000,,,2025-05-01 09:53:26.653,2025-05-01 09:51:03.475,112,1.4233332,85.399994,4.54,UTC+0200,NA9l677+ml,com.sec.android.app.shealth,2025-05-01 09:52:00.000,cb0985c0-a32b-4473-8a56-59f34b36c215,
60000,4,0,110,2025-05-01 09:52:00.000,,,2025-05-01 09:53:26.825,2025-05-01 09:53:26.825,110,1.3868333,83.21,4.44,UTC+0200,NA9l677+ml,com.sec.android.app.shealth,2025-05-01 09:53:00.000,7c090613-268f-422b-aa00-dc866f454ed5,
57692,4,0,107,2025-05-01 09:53:00.000,,,2025-05-01 09:55:00.028,2025-05-01 09:53:26.860,107,1.4107496,81.38999,4.4299994,UTC+0200,NA9l677+ml,com.sec.android.app.shealth,2025-05-01 09:54:00.000,f63a2579-cbf8-452b-a9e1-0cb5b52a1e28,
60000,4,0,109,2025-05-01 09:54:00.000,,,2025-05-01 09:55:00.201,2025-05-01 09:55:00.156,109,1.3594999,81.57,4.3700004,UTC+0200,NA9l677+ml,com.sec.android.app.shealth,2025-05-01 09:55:00.000,a240055f-9839-45c1-881f-f934e096cbc6,
42915,4,0,71,2025-05-01 09:55:00.000,,,2025-05-01 09:56:27.512,2025-05-01 09:55:26.118,71,1.1942072,51.25,3.3500001,UTC+0200,NA9l677+ml,com.sec.android.app.shealth,2025-05-01 09:56:00.000,23bd0b53-1fff-4c3d-837a-5de8dba4edf2,
12163,4,0,16,2025-05-01 09:56:00.000,,,2025-05-01 09:56:27.568,2025-05-01 09:56:27.568,16,0.9166667,11.15,0.67,UTC+0200,NA9l677+ml,com.sec.android.app.shealth,2025-05-01 09:57:00.000,093b1a0e-fb12-4bdc-bee6-0a3d6fb5eb2d,
37190,4,0,53,2025-05-01 09:57:00.000,,,2025-05-01 09:58:17.353,2025-05-01 09:58:17.353,53,1.0,37.19,2.39,UTC+0200,NA9l677+ml,com.sec.android.app.shealth,2025-05-01 09:58:00.000,08458c15-8918-4fac-b9e7-771949164b0a,
7218,4,0,11,2025-05-01 09:59:00.000,,,2025-05-01 09:59:53.148,2025-05-01 09:59:53.148,11,1.0833334,7.82,0.54,UTC+0200,NA9l677+ml,com.sec.android.app.shealth,2025-05-01 10:00:00.000,8b8a9239-76a2-482f-a3aa-33723dd11f8f,
43243,4,0,69,2025-05-01 10:03:00.000,,,2025-05-01 10:04:17.288,2025-05-01 10:04:17.288,69,1.1388888,49.25,2.94,UTC+0200,NA9l677+ml,com.sec.android.app.shealth,2025-05-01 10:04:00.000,810f02a0-7908-4d35-bbad-950b0984b7b9,
31352,4,0,55,2025-05-01 10:04:00.000,,,2025-05-01 10:15:00.063,2025-05-01 10:04:17.371,55,1.3089906,41.04,2.33,UTC+0200,NA9l677+ml,com.sec.android.app.shealth,2025-05-01 10:05:00.000,10e798df-c5d3-4a87-b1f1-b73029b50580,
10021,4,0,18,2025-05-01 10:05:00.000,,,2025-05-01 10:15:00.165,2025-05-01 10:15:00.165,18,1.3611112,13.64,0.76,UTC+0200,NA9l677+ml,com.sec.android.app.shealth,2025-05-01 10:06:00.000,062a7e03-0503-43d8-bca3-a640952b8431,
53122,4,0,94,2025-05-01 10:07:00.000,,,2025-05-01 10:15:00.218,2025-05-01 10:15:00.218,94,1.3333334,70.83,4.19,UTC+0200,NA9l677+ml,com.sec.android.app.shealth,2025-05-01 10:08:00.000,b42a1a18-fd83-4cfb-8e25-595ca11e8147,
58280,4,0,101,2025-05-01 10:08:00.000,,,2025-05-01 10:15:00.254,2025-05-01 10:15:00.254,101,1.2777778,74.47,4.18,UTC+0200,NA9l677+ml,com.sec.android.app.shealth,2025-05-01 10:09:00.000,4e5a0b6e-9c6b-48d2-9a65-dd3f2921f30f,
60000,4,0,99,2025-05-01 10:09:00.000,,,2025-05-01 10:15:00.292,2025-05-01 10:15:00.292,99,1.1906668,71.44,4.07,UTC+0200,NA9l677+ml,com.sec.android.app.shealth,2025-05-01 10:10:00.000,362e1f20-0cab-48fb-942f-e36492615e4d,
60000,4,0,105,2025-05-01 10:10:00.000,,,2025-05-01 10:15:00.335,2025-05-01 10:15:00.335,105,1.2793335,76.76,4.2,UTC+0200,NA9l677+ml,com.sec.android.app.shealth,2025-05-01 10:11:00.000,4abb31e9-0d63-4649-9336-a2b5a44a0853,
60000,4,0,108,2025-05-01 10:11:00.000,,,2025-05-01 10:15:00.371,2025-05-01 10:15:00.371,108,1.3423333,80.54,4.46,UTC+0200,NA9l677+ml,com.sec.android.app.shealth,2025-05-01 10:12:00.000,70bd9e9a-ab46-493f-bc33-d5d5be6bad16,
60000,4,0,105,2025-05-01 10:12:00.000,,,2025-05-01 10:15:00.408,2025-05-01 10:15:00.408,105,1.2926666,77.56,4.2,UTC+0200,NA9l677+ml,com.sec.android.app.shealth,2025-05-01 10:13:00.000,36f75e6f-4a9e-476f-9c43-8453ae307369,
59776,4,0,102,2025-05-01 10:13:00.000,,,2025-05-01 10:15:00.442,2025-05-01 10:15:00.442,102,1.25,74.72,4.25,UTC+0200,NA9l677+ml,com.sec.android.app.shealth,2025-05-01 10:14:00.000,74cb6017-ab57-4e0c-9600-2e0968dfc78f,
34624,4,0,59,2025-05-01 10:14:00.000,,,2025-05-01 10:15:00.474,2025-05-01 10:15:00.474,59,1.25,43.28,2.54,UTC+0200,NA9l677+ml,com.sec.android.app.shealth,2025-05-01 10:15:00.000,3ab10769-4c46-4d33-8381-208106799d92,
4206,4,0,10,2025-05-01 10:16:00.000,,,2025-05-01 10:19:17.046,2025-05-01 10:19:17.046,10,1.9444444,8.18,0.37,UTC+0200,NA9l677+ml,com.sec.android.app.shealth,2025-05-01 10:17:00.000,b280af63-b41a-4261-aa4c-53a00c7aef68,
31620,4,0,51,2025-05-01 10:17:00.000,,,2025-05-01 10:19:17.090,2025-05-01 10:19:17.090,51,1.1666666,36.89,2.48,UTC+0200,NA9l677+ml,com.sec.android.app.shealth,2025-05-01 10:18:00.000,4c16ebb0-99f3-40ed-bc78-28d2a6d5f312,
33418,4,0,53,2025-05-01 10:18:00.000,,,2025-05-01 10:19:17.183,2025-05-01 10:19:17.183,53,1.1388888,38.06,2.4,UTC+0200,NA9l677+ml,com.sec.android.app.shealth,2025-05-01 10:19:00.000,de809963-424c-44ad-a926-b68406c1f3a4,
49333,4,0,75,2025-05-01 10:19:00.000,,,2025-05-01 10:19:57.247,2025-05-01 10:19:17.223,75,1.0903417,53.79,4.55,UTC+0200,NA9l677+ml,com.sec.android.app.shealth,2025-05-01 10:20:00.000,635fe3f5-c5a7-42cf-bfdf-01149a9155de,
16496,4,0,28,2025-05-01 10:20:00.000,,,2025-05-01 10:21:09.504,2025-05-01 10:21:09.504,28,1.25,20.62,1.15,UTC+0200,NA9l677+ml,com.sec.android.app.shealth,2025-05-01 10:21:00.000,0e0f5c2b-5136-416d-98a7-cfa866c1b577,
56639,4,0,100,2025-05-01 10:21:00.000,,,2025-05-01 10:25:42.788,2025-05-01 10:21:09.603,100,1.3148013,74.47,4.16,UTC+0200,NA9l677+ml,com.sec.android.app.shealth,2025-05-01 10:22:00.000,ef592613-94fe-4b90-8792-316555d68746,
60000,4,0,105,2025-05-01 10:22:00.000,,,2025-05-01 10:25:42.951,2025-05-01 10:25:42.951,105,1.2903333,77.42,4.22,UTC+0200,NA9l677+ml,com.sec.android.app.shealth,2025-05-01 10:23:00.000,8b9db254-c520-469c-84bd-63f9ddae6e66,
59475,4,0,106,2025-05-01 10:23:00.000,,,2025-05-01 10:25:43.007,2025-05-01 10:25:43.007,106,1.3333334,79.3,4.39,UTC+0200,NA9l677+ml,com.sec.android.app.shealth,2025-05-01 10:24:00.000,472b1ca7-7ffa-4bed-be41-77a134225860,
58833,4,0,104,2025-05-01 10:24:00.000,,,2025-05-01 10:25:43.078,2025-05-01 10:25:43.078,104,1.3055556,76.81,4.26,UTC+0200,NA9l677+ml,com.sec.android.app.shealth,2025-05-01 10:25:00.000,f73bc27d-40b7-4ca4-bf6d-aa3d71ef1390,
60000,4,0,106,2025-05-01 10:25:00.000,,,2025-05-01 10:27:27.690,2025-05-01 10:25:43.114,106,1.3100002,78.600006,4.35,UTC+0200,NA9l677+ml,com.sec.android.app.shealth,2025-05-01 10:26:00.000,97eb2f71-901a-4211-93bb-8abfac146858,
58978,4,0,104,2025-05-01 10:26:00.000,,,2025-05-01 10:27:27.810,2025-05-01 10:27:27.810,104,1.3055556,77.0,4.16,UTC+0200,NA9l677+ml,com.sec.android.app.shealth,2025-05-01 10:27:00.000,129ab71f-23f9-41df-9a9a-ddfe4ddd8008,
39625,4,0,63,2025-05-01 10:27:00.000,,,2025-05-01 10:28:02.052,2025-05-01 10:27:27.846,63,1.1480027,45.490005,2.7899992,UTC+0200,NA9l677+ml,com.sec.android.app.shealth,2025-05-01 10:28:00.000,5e8f6e02-b425-4c3e-be91-0587bb161b3f,
24271,4,0,38,2025-05-01 10:28:00.000,,,2025-05-01 10:28:53.190,2025-05-01 10:28:34.512,38,1.1359177,27.57,1.69,UTC+0200,NA9l677+ml,com.sec.android.app.shealth,2025-05-01 10:29:00.000,22f9d701-b01f-4521-a5f2-ba772a5d894c,
6444,4,0,10,2025-05-01 10:29:00.000,,,2025-05-01 10:29:37.998,2025-05-01 10:29:03.490,10,1.1111112,7.1600003,0.42,UTC+0200,NA9l677+ml,com.sec.android.app.shealth,2025-05-01 10:30:00.000,883dd615-9cf5-427d-a5f8-6fb3421d0900,
11709,4,0,25,2025-05-01 10:31:00.000,,,2025-05-01 10:32:06.987,2025-05-01 10:32:06.987,25,1.6388888,19.19,1.16,UTC+0200,NA9l677+ml,com.sec.android.app.shealth,2025-05-01 10:32:00.000,da029ac7-0bf6-49b9-9d05-610152dee240,
10041,4,3,24,2025-05-01 10:45:00.000,,,2025-05-01 10:48:05.606,2025-05-01 10:45:11.290,27,2.2396204,22.49,1.3199999,UTC+0200,NA9l677+ml,com.sec.android.app.shealth,2025-05-01 10:46:00.000,6ded5a9c-c5cf-4d85-8938-d23fc72b4f88,
7236,4,0,15,2025-05-01 10:51:00.000,,,2025-05-01 10:52:40.172,2025-05-01 10:52:40.172,15,1.6388888,11.86,0.57,UTC+0200,NA9l677+ml,com.sec.android.app.shealth,2025-05-01 10:52:00.000,6d9e2289-dcba-487d-924d-5170bcf4d076,
8390,4,0,12,2025-05-01 10:53:00.000,,,2025-05-01 10:53:40.327,2025-05-01 10:53:40.327,12,0.99999994,8.39,0.62,UTC+0200,NA9l677+ml,com.sec.android.app.shealth,2025-05-01 10:54:00.000,2e01c854-eff7-4f32-9473-34154fdf8463,
7170,4,0,12,2025-05-01 10:55:00.000,,,2025-05-01 10:56:48.671,2025-05-01 10:55:35.217,12,1.2035561,8.63,0.56,UTC+0200,NA9l677+ml,com.sec.android.app.shealth,2025-05-01 10:56:00.000,350d627c-0b91-49f8-bf32-e6d224251651,
32424,4,0,54,2025-05-01 11:28:00.000,,,2025-05-01 11:35:00.061,2025-05-01 11:35:00.061,54,1.2222222,39.63,2.27,UTC+0200,NA9l677+ml,com.sec.android.app.shealth,2025-05-01 11:29:00.000,865a51d9-c13a-4c67-a5cf-9501c4f1e0f7,
14048,4,0,23,2025-05-01 11:29:00.000,,,2025-05-01 11:35:00.144,2025-05-01 11:35:00.144,23,1.1944444,16.78,0.92,UTC+0200,NA9l677+ml,com.sec.android.app.shealth,2025-05-01 11:30:00.000,92bbb48b-9ed6-469c-915a-2d8f081d910f,
52843,4,0,93,2025-05-01 11:30:00.000,,,2025-05-01 11:35:00.183,2025-05-01 11:35:00.183,93,1.3055556,68.99,3.88,UTC+0200,NA9l677+ml,com.sec.android.app.shealth,2025-05-01 11:31:00.000,602d7f7d-c389-4504-88ab-83b36f21d2a3,
58064,4,0,99,2025-05-01 11:31:00.000,,,2025-05-01 11:35:00.227,2025-05-01 11:35:00.227,99,1.25,72.58,4.16,UTC+0200,NA9l677+ml,com.sec.android.app.shealth,2025-05-01 11:32:00.000,e9f6d5fa-cf18-4e3a-9bac-82f269f1c43e,
60000,4,0,107,2025-05-01 11:32:00.000,,,2025-05-01 11:35:00.283,2025-05-01 11:35:00.283,107,1.3308333,79.85,4.4,UTC+0200,NA9l677+ml,com.sec.android.app.shealth,2025-05-01 11:33:00.000,e42a1522-61d4-4734-99be-e5d93a9bafbb,
60000,4,0,109,2025-05-01 11:33:00.000,,,2025-05-01 11:35:00.333,2025-05-01 11:35:00.333,109,1.3616667,81.7,4.36,UTC+0200,NA9l677+ml,com.sec.android.app.shealth,2025-05-01 11:34:00.000,c2dbd82b-e417-4e90-b920-ce3271c3728a,
60000,4,0,109,2025-05-01 11:34:00.000,,,2025-05-01 11:35:00.397,2025-05-01 11:35:00.397,109,1.3681667,82.09,4.38,UTC+0200,NA9l677+ml,com.sec.android.app.shealth,2025-05-01 11:35:00.000,4d01625a-662c-4a5e-bfb7-d1cac282e6d6,
60000,4,0,109,2025-05-01 11:35:00.000,,,2025-05-01 11:37:02.805,2025-05-01 11:37:02.805,109,1.3719999,82.32,4.41,UTC+0200,NA9l677+ml,com.sec.android.app.shealth,2025-05-01 11:36:00.000,b11bc8ed-c755-41e6-98bd-56b7f42261cc,
52075,4,0,94,2025-05-01 11:36:00.000,,,2025-05-01 11:37:03.001,2025-05-01 11:37:03.001,94,1.3611112,70.88,3.92,UTC+0200,NA9l677+ml,com.sec.android.app.shealth,2025-05-01 11:37:00.000,7a36585e-87f8-4b8f-b09e-298159910b02,
60000,4,0,113,2025-05-01 11:57:00.000,,,2025-05-01 12:04:27.679,2025-05-01 12:04:27.679,113,1.398,83.88,4.64,UTC+0200,NA9l677+ml,com.sec.android.app.shealth,2025-05-01 11:58:00.000,ab765225-0a64-4801-8b3e-dcd6a5e32038,
7787,4,2,12,2025-05-01 11:58:00.000,,,2025-05-01 12:04:27.817,2025-05-01 12:04:27.817,14,1.3611112,10.6,0.8,UTC+0200,NA9l677+ml,com.sec.android.app.shealth,2025-05-01 11:59:00.000,edebe44f-2c18-4201-968b-fd2fd3b90cfe,
35854,4,0,68,2025-05-01 12:03:00.000,,,2025-05-01 12:04:27.860,2025-05-01 12:04:27.860,68,1.4444444,51.79,2.99,UTC+0200,NA9l677+ml,com.sec.android.app.shealth,2025-05-01 12:04:00.000,ce8541a0-f68e-49fa-a13f-51fb6cfa290f,
38976,4,0,69,2025-05-01 12:04:00.000,,,2025-05-01 12:04:48.534,2025-05-01 12:04:27.909,69,1.3302736,51.85,2.8899999,UTC+0200,NA9l677+ml,com.sec.android.app.shealth,2025-05-01 12:05:00.000,e8c16a88-b392-4f77-a9d4-50a9f158dfea,
4814,4,0,10,2025-05-01 12:06:00.000,,,2025-05-01 12:07:26.133,2025-05-01 12:07:26.133,10,1.6388888,7.89,0.54,UTC+0200,NA9l677+ml,com.sec.android.app.shealth,2025-05-01 12:07:00.000,92946fdd-ae53-4872-8f05-1107f04f606d,
7878,4,0,15,2025-05-01 12:07:00.000,,,2025-05-01 12:07:26.168,2025-05-01 12:07:26.168,15,1.4444444,11.38,0.88,UTC+0200,NA9l677+ml,com.sec.android.app.shealth,2025-05-01 12:08:00.000,01552e5b-362d-4e92-a4cb-ac0b3c99a077,
31918,4,0,57,2025-05-01 12:08:00.000,,,2025-05-01 12:12:27.285,2025-05-01 12:08:18.593,57,1.3349774,42.61,2.4999998,UTC+0200,NA9l677+ml,com.sec.android.app.shealth,2025-05-01 12:09:00.000,57c61669-9b43-4ed0-bffc-602434ffd579,
58388,4,0,103,2025-05-01 12:09:00.000,,,2025-05-01 12:12:27.355,2025-05-01 12:12:27.355,103,1.3055556,76.23,4.4,UTC+0200,NA9l677+ml,com.sec.android.app.shealth,2025-05-01 12:10:00.000,5759fadd-5401-46b0-98dc-5a8fa1cd3c1f,
60000,4,0,107,2025-05-01 12:10:00.000,,,2025-05-01 12:12:27.423,2025-05-01 12:12:27.423,107,1.3276666,79.66,4.28,UTC+0200,NA9l677+ml,com.sec.android.app.shealth,2025-05-01 12:11:00.000,3a464e48-d23a-439f-a809-3697dd2e7ad7,
60000,4,0,109,2025-05-01 12:11:00.000,,,2025-05-01 12:12:27.461,2025-05-01 12:12:27.461,109,1.3633333,81.8,4.36,UTC+0200,NA9l677+ml,com.sec.android.app.shealth,2025-05-01 12:12:00.000,a41eea02-1c69-4c45-91c0-b88fd254d08e,
59635,4,0,106,2025-05-01 12:12:00.000,,,2025-05-01 12:15:00.028,2025-05-01 12:12:27.487,106,1.3335935,79.53,4.2599998,UTC+0200,NA9l677+ml,com.sec.android.app.shealth,2025-05-01 12:13:00.000,10c65ed0-ec6c-4b32-b945-7674aa2eafad,
60000,4,0,110,2025-05-01 12:13:00.000,,,2025-05-01 12:15:00.176,2025-05-01 12:15:00.176,110,1.3846668,83.08,4.46,UTC+0200,NA9l677+ml,com.sec.android.app.shealth,2025-05-01 12:14:00.000,118641fd-d8d7-4c13-acaf-27c610a64a77,
60000,4,0,110,2025-05-01 12:14:00.000,,,2025-05-01 12:15:00.208,2025-05-01 12:15:00.208,110,1.3968332,83.81,4.42,UTC+0200,NA9l677+ml,com.sec.android.app.shealth,2025-05-01 12:15:00.000,cceb86df-dcd1-44c2-b3e0-e473b34978d1,
57434,4,0,105,2025-05-01 12:15:00.000,,,2025-05-01 12:19:24.289,2025-05-01 12:19:24.289,105,1.3888888,79.77,4.3,UTC+0200,NA9l677+ml,com.sec.android.app.shealth,2025-05-01 12:16:00.000,eb33a749-9f48-43ae-93bd-292e8d6b5755,
58724,4,0,106,2025-05-01 12:16:00.000,,,2025-05-01 12:19:24.373,2025-05-01 12:19:24.373,106,1.3611112,79.93,4.31,UTC+0200,NA9l677+ml,com.sec.android.app.shealth,2025-05-01 12:17:00.000,fcf5c355-8d52-4ca8-8a4d-7bd838802f1a,
60000,4,0,107,2025-05-01 12:17:00.000,,,2025-05-01 12:19:24.431,2025-05-01 12:19:24.431,107,1.3358333,80.15,4.29,UTC+0200,NA9l677+ml,com.sec.android.app.shealth,2025-05-01 12:18:00.000,2321f0f2-ecf4-41e5-9944-fadc3a356f2b,
52770,4,0,94,2025-05-01 12:18:00.000,,,2025-05-01 12:19:24.496,2025-05-01 12:19:24.496,94,1.3333334,70.36,4.02,UTC+0200,NA9l677+ml,com.sec.android.app.shealth,2025-05-01 12:19:00.000,c60e2e75-9758-463a-a415-8cd1aa4ec847,
60000,4,0,109,2025-05-01 12:19:00.000,,,2025-05-01 12:20:20.933,2025-05-01 12:19:24.523,109,1.3713332,82.28,4.45,UTC+0200,NA9l677+ml,com.sec.android.app.shealth,2025-05-01 12:20:00.000,a580f766-8f70-46fc-9df2-f33e7606cdbd,
60000,4,0,111,2025-05-01 12:20:00.000,,,2025-05-01 12:22:59.426,2025-05-01 12:20:21.005,111,1.4059998,84.359985,4.4499993,UTC+0200,NA9l677+ml,com.sec.android.app.shealth,2025-05-01 12:21:00.000,0ae62b80-267e-402b-a05f-216d39c30187,
60000,4,0,112,2025-05-01 12:21:00.000,,,2025-05-01 12:22:59.498,2025-05-01 12:22:59.498,112,1.42,85.2,4.48,UTC+0200,NA9l677+ml,com.sec.android.app.shealth,2025-05-01 12:22:00.000,d70eb4f3-3e8a-460d-9734-a0fb6abcb50d,
41657,4,0,75,2025-05-01 12:22:00.000,,,2025-05-01 12:22:59.522,2025-05-01 12:22:59.522,75,1.3611112,56.7,3.14,UTC+0200,NA9l677+ml,com.sec.android.app.shealth,2025-05-01 12:23:00.000,c391afa7-6bc7-4221-a607-69bb8789ebda,
59071,4,0,103,2025-05-01 12:23:00.000,,,2025-05-01 12:24:49.200,2025-05-01 12:24:49.200,103,1.2777778,75.48,4.29,UTC+0200,NA9l677+ml,com.sec.android.app.shealth,2025-05-01 12:24:00.000,22f0db6f-2516-4b52-9a14-aac56db94d67,
40814,4,0,73,2025-05-01 12:24:00.000,,,2025-05-01 12:24:49.272,2025-05-01 12:24:49.272,73,1.3333334,54.42,3.1,UTC+0200,NA9l677+ml,com.sec.android.app.shealth,2025-05-01 12:25:00.000,db6bfb4c-e6bf-4c0e-adb1-21747be373a6,
25074,4,0,39,2025-05-01 12:30:00.000,,,2025-05-01 12:32:07.310,2025-05-01 12:32:07.310,39,1.1111112,27.86,1.69,UTC+0200,NA9l677+ml,com.sec.android.app.shealth,2025-05-01 12:31:00.000,8fe1f5de-fe5d-44ca-8f6e-3afb0fb0107e,
639,4,0,1,2025-05-01 12:31:00.000,,,2025-05-01 12:32:07.337,2025-05-01 12:32:07.337,1,1.111111,0.71,0.05,UTC+0200,NA9l677+ml,com.sec.android.app.shealth,2025-05-01 12:32:00.000,0f4ffd6d-1d5c-4da1-b848-771c6b43208a,
7650,4,0,11,2025-05-01 12:32:00.000,,,2025-05-01 12:35:00.020,2025-05-01 12:35:00.020,11,1.0,7.65,0.52,UTC+0200,NA9l677+ml,com.sec.android.app.shealth,2025-05-01 12:33:00.000,5e1c6772-7e43-4011-866d-a311dac33902,
14028,4,0,18,2025-05-01 12:41:00.000,,,2025-05-01 12:50:17.284,2025-05-01 12:50:17.284,18,0.8611111,12.08,0.97,UTC+0200,NA9l677+ml,com.sec.android.app.shealth,2025-05-01 12:42:00.000,7f9e28ba-8d55-4302-8299-9fbb70304f44,
8170,4,0,11,2025-05-01 12:53:00.000,,,2025-05-01 12:55:01.042,2025-05-01 12:55:01.042,11,0.9166667,7.49,0.51,UTC+0200,NA9l677+ml,com.sec.android.app.shealth,2025-05-01 12:54:00.000,8f1dbeee-19f3-4aaa-a103-cea9d2eee5c6,
22680,4,0,32,2025-05-01 12:58:00.000,,,2025-05-01 13:04:25.944,2025-05-01 13:04:25.944,32,1.0000001,22.68,1.51,UTC+0200,NA9l677+ml,com.sec.android.app.shealth,2025-05-01 12:59:00.000,6ce461ba-3cca-444a-848c-a052418f61f6,
5084,4,0,9,2025-05-01 12:59:00.000,,,2025-05-01 13:04:26.048,2025-05-01 13:04:26.048,9,1.3611112,6.92,0.37,UTC+0200,NA9l677+ml,com.sec.android.app.shealth,2025-05-01 13:00:00.000,c39c4e24-5135-46d8-8a1f-f6d147217a83,
14121,4,0,18,2025-05-01 13:05:00.000,,,2025-05-01 13:06:57.908,2025-05-01 13:06:57.908,18,0.8611111,12.16,0.96,UTC+0200,NA9l677+ml,com.sec.android.app.shealth,2025-05-01 13:06:00.000,2481d43a-ba3f-4942-a113-fb7954c25ca1,
10962,4,0,14,2025-05-01 13:10:00.000,,,2025-05-01 13:15:00.030,2025-05-01 13:15:00.030,14,0.8611111,9.44,0.68,UTC+0200,NA9l677+ml,com.sec.android.app.shealth,2025-05-01 13:11:00.000,f2fbd952-18ec-434c-aa41-840dc683fb66,
9581,4,0,23,2025-05-01 13:12:00.000,,,2025-05-01 13:15:00.135,2025-05-01 13:15:00.135,23,1.9444444,18.63,0.91,UTC+0200,NA9l677+ml,com.sec.android.app.shealth,2025-05-01 13:13:00.000,d813f491-91c9-4f74-9894-36ec99cbd2c2,
6410,4,0,15,2025-05-01 13:13:00.000,,,2025-05-01 13:15:00.188,2025-05-01 13:15:00.188,15,1.8611112,11.93,0.71,UTC+0200,NA9l677+ml,com.sec.android.app.shealth,2025-05-01 13:14:00.000,5cafc16b-94d4-4fa5-9d07-0b5a21bc3ca9,
25961,4,0,43,2025-05-01 13:22:00.000,,,2025-05-01 13:24:54.209,2025-05-01 13:24:54.209,43,1.1944444,31.01,2.06,UTC+0200,NA9l677+ml,com.sec.android.app.shealth,2025-05-01 13:23:00.000,8d7280bb-a4bd-4b23-a62d-cb18c5d3353a,
8649,4,0,13,2025-05-01 13:23:00.000,,,2025-05-01 13:24:54.256,2025-05-01 13:24:54.256,13,1.0555556,9.13,0.65,UTC+0200,NA9l677+ml,com.sec.android.app.shealth,2025-05-01 13:24:00.000,6c3a9d1b-4b5f-431c-b280-e057ce12fdb9,
12472,4,0,16,2025-05-01 13:25:00.000,,,2025-05-01 13:33:37.821,2025-05-01 13:33:37.821,16,0.8611111,10.74,0.81,UTC+0200,NA9l677+ml,com.sec.android.app.shealth,2025-05-01 13:26:00.000,1b852a13-7edc-4cda-94c9-ee5008c1588d,
13170,4,0,19,2025-05-01 13:27:00.000,,,2025-05-01 13:33:37.878,2025-05-01 13:33:37.878,19,1.0,13.17,0.85,UTC+0200,NA9l677+ml,com.sec.android.app.shealth,2025-05-01 13:28:00.000,66157f18-acc2-4371-ae45-612aa3c0faee,
4930,4,0,7,2025-05-01 13:28:00.000,,,2025-05-01 13:33:37.963,2025-05-01 13:33:37.963,7,1.0,4.93,0.32,UTC+0200,NA9l677+ml,com.sec.android.app.shealth,2025-05-01 13:29:00.000,fc1b8281-1760-4e91-8c1b-52b1b30aab3b,
17407,4,0,33,2025-05-01 13:29:00.000,,,2025-05-01 13:33:38.000,2025-05-01 13:33:38.000,33,1.4166666,24.66,1.54,UTC+0200,NA9l677+ml,com.sec.android.app.shealth,2025-05-01 13:30:00.000,c5f99f3d-58e1-473d-ac6a-857d5cd095dd,
778,4,0,1,2025-05-01 13:30:00.000,,,2025-05-01 13:33:38.068,2025-05-01 13:33:38.068,1,0.8611111,0.67,0.05,UTC+0200,NA9l677+ml,com.sec.android.app.shealth,2025-05-01 13:31:00.000,bb286e4a-eb1e-4830-b401-7f194374e8d7,
11140,4,0,16,2025-05-01 13:31:00.000,,,2025-05-01 13:33:38.132,2025-05-01 13:33:38.132,16,1.0,11.14,0.7,UTC+0200,NA9l677+ml,com.sec.android.app.shealth,2025-05-01 13:32:00.000,8e029bcf-0595-4e3e-954f-a4678028b86f,
25388,4,0,42,2025-05-01 13:32:00.000,,,2025-05-01 13:33:38.159,2025-05-01 13:33:38.159,42,1.2222222,31.03,1.97,UTC+0200,NA9l677+ml,com.sec.android.app.shealth,2025-05-01 13:33:00.000,4a377992-5d23-4d4c-a4ee-d5fb4054888b,
12474,4,0,27,2025-05-01 13:33:00.000,,,2025-05-01 13:35:00.018,2025-05-01 13:33:57.499,27,1.7299472,21.58,1.2,UTC+0200,NA9l677+ml,com.sec.android.app.shealth,2025-05-01 13:34:00.000,5c6b22e7-86df-4ff2-8cbb-5833bc4f5aac,
12150,4,0,21,2025-05-01 13:34:00.000,,,2025-05-01 13:35:00.138,2025-05-01 13:35:00.138,21,1.2222222,14.85,1.03,UTC+0200,NA9l677+ml,com.sec.android.app.shealth,2025-05-01 13:35:00.000,1ddd2f9f-b0e6-4f1d-9cb0-8509695781d2,
52361,4,0,78,2025-05-01 13:41:00.000,,,2025-05-01 13:44:24.351,2025-05-01 13:44:24.351,78,1.0555556,55.27,3.47,UTC+0200,NA9l677+ml,com.sec.android.app.shealth,2025-05-01 13:42:00.000,7a80edb5-53cc-4d70-b897-fd3c51975732,
41615,4,0,62,2025-05-01 13:44:00.000,,,2025-05-01 13:47:47.314,2025-05-01 13:44:24.451,62,1.0592253,44.08,2.79,UTC+0200,NA9l677+ml,com.sec.android.app.shealth,2025-05-01 13:45:00.000,44cbe498-9c26-4e05-ad17-a1127e20c976,
58264,4,0,99,2025-05-01 13:45:00.000,,,2025-05-01 13:47:47.358,2025-05-01 13:47:47.358,99,1.25,72.83,4.13,UTC+0200,NA9l677+ml,com.sec.android.app.shealth,2025-05-01 13:46:00.000,93b4afd0-953c-43b5-a76b-0e04f35e5da1,
56597,4,0,92,2025-05-01 13:46:00.000,,,2025-05-01 13:47:47.411,2025-05-01 13:47:47.411,92,1.1666666,66.03,4.0,UTC+0200,NA9l677+ml,com.sec.android.app.shealth,2025-05-01 13:47:00.000,35bce723-2c27-4863-9a7f-92e225ffdd7f,
49657,4,0,80,2025-05-01 13:47:00.000,,,2025-05-01 13:54:05.222,2025-05-01 13:47:47.475,80,1.1619536,57.7,3.4399998,UTC+0200,NA9l677+ml,com.sec.android.app.shealth,2025-05-01 13:48:00.000,46ee28d7-b32c-4a11-b39a-418264408cb6,
49565,4,0,78,2025-05-01 13:48:00.000,,,2025-05-01 13:54:05.252,2025-05-01 13:54:05.252,78,1.1388888,56.45,3.4,UTC+0200,NA9l677+ml,com.sec.android.app.shealth,2025-05-01 13:49:00.000,b57e0bcf-ce9a-4add-b1d3-3aaad6d4dc2d,
35381,4,0,54,2025-05-01 13:49:00.000,,,2025-05-01 13:54:05.291,2025-05-01 13:54:05.291,54,1.0833334,38.33,2.45,UTC+0200,NA9l677+ml,com.sec.android.app.shealth,2025-05-01 13:50:00.000,44adb638-9188-4132-9f55-754d358727cd,
12326,4,0,21,2025-05-01 13:50:00.000,,,2025-05-01 13:54:05.360,2025-05-01 13:54:05.360,21,1.2777778,15.75,0.85,UTC+0200,NA9l677+ml,com.sec.android.app.shealth,2025-05-01 13:51:00.000,5902e2b0-abcc-4172-a86c-7df00b88acf0,
48168,4,0,67,2025-05-01 13:51:00.000,,,2025-05-01 13:54:05.400,2025-05-01 13:54:05.400,67,0.97222227,46.83,3.27,UTC+0200,NA9l677+ml,com.sec.android.app.shealth,2025-05-01 13:52:00.000,c66fb6c0-4e80-47ef-b012-5fb6b258de9e,
60000,4,0,79,2025-05-01 13:52:00.000,,,2025-05-01 13:54:05.458,2025-05-01 13:54:05.458,79,0.89650005,53.79,3.72,UTC+0200,NA9l677+ml,com.sec.android.app.shealth,2025-05-01 13:53:00.000,681f57f1-4e41-4acf-8f91-af4c8effaa86,
59617,4,0,89,2025-05-01 13:53:00.000,,,2025-05-01 13:54:05.492,2025-05-01 13:54:05.492,89,1.0555556,62.93,4.12,UTC+0200,NA9l677+ml,com.sec.android.app.shealth,2025-05-01 13:54:00.000,a815dbaa-4146-4f6f-a72c-f1021ecfaf50,
37312,4,0,53,2025-05-01 13:54:00.000,,,2025-05-01 13:55:00.011,2025-05-01 13:54:05.539,53,0.99215853,37.020004,2.57,UTC+0200,NA9l677+ml,com.sec.android.app.shealth,2025-05-01 13:55:00.000,9c14b27f-a2b1-47a4-ae7a-f442bc3c0532,
8581,4,0,11,2025-05-01 13:55:00.000,,,2025-05-01 13:56:09.434,2025-05-01 13:56:09.434,11,0.8611111,7.39,0.52,UTC+0200,NA9l677+ml,com.sec.android.app.shealth,2025-05-01 13:56:00.000,e225594e-9384-4f62-87d5-6cdabd256d00,
60000,4,0,97,2025-05-01 13:56:00.000,,,2025-05-01 13:57:36.189,2025-05-01 13:56:09.489,97,1.1498333,68.99,4.23,UTC+0200,NA9l677+ml,com.sec.android.app.shealth,2025-05-01 13:57:00.000,21aa94a4-ddbc-4767-a649-e785001be2fb,
36870,4,0,55,2025-05-01 13:57:00.000,,,2025-05-01 13:57:37.124,2025-05-01 13:57:36.309,55,1.0517817,38.78,3.82,UTC+0200,NA9l677+ml,com.sec.android.app.shealth,2025-05-01 13:58:00.000,d3495b85-4c88-4331-9caa-25cf38087224,
47055,4,0,69,2025-05-01 13:58:00.000,,,2025-05-01 14:03:24.492,2025-05-01 13:58:18.029,69,1.036227,48.760002,3.25,UTC+0200,NA9l677+ml,com.sec.android.app.shealth,2025-05-01 13:59:00.000,e1baf779-1568-43cc-92d4-f734763529f8,
60000,4,0,99,2025-05-01 13:59:00.000,,,2025-05-01 14:03:24.672,2025-05-01 14:03:24.672,99,1.1893333,71.36,4.0,UTC+0200,NA9l677+ml,com.sec.android.app.shealth,2025-05-01 14:00:00.000,6e5ed184-1361-4854-a16b-6d69c75114e5,
60000,4,0,94,2025-05-01 14:00:00.000,,,2025-05-01 14:03:24.769,2025-05-01 14:03:24.769,94,1.1223333,67.34,4.27,UTC+0200,NA9l677+ml,com.sec.android.app.shealth,2025-05-01 14:01:00.000,4b14dff9-4772-4bce-bd20-688022bbe8c3,
59944,4,0,95,2025-05-01 14:01:00.000,,,2025-05-01 14:03:24.817,2025-05-01 14:03:24.817,95,1.1388888,68.27,4.23,UTC+0200,NA9l677+ml,com.sec.android.app.shealth,2025-05-01 14:02:00.000,9bcae710-3872-4bce-8d85-aeddc0460c63,
60000,4,0,98,2025-05-01 14:02:00.000,,,2025-05-01 14:03:24.896,2025-05-01 14:03:24.896,98,1.1745001,70.47,4.25,UTC+0200,NA9l677+ml,com.sec.android.app.shealth,2025-05-01 14:03:00.000,3f12235b-7a91-4a76-8818-176eed3053e3,
59613,4,0,98,2025-05-01 14:03:00.000,,,2025-05-01 14:10:28.552,2025-05-01 14:03:24.919,98,1.1933475,71.13999,4.3399987,UTC+0200,NA9l677+ml,com.sec.android.app.shealth,2025-05-01 14:04:00.000,07ff24e5-e35a-468e-9e13-42d7c90fca1e,
60000,4,0,98,2025-05-01 14:04:00.000,,,2025-05-01 14:10:28.709,2025-05-01 14:10:28.709,98,1.1753333,70.52,4.18,UTC+0200,NA9l677+ml,com.sec.android.app.shealth,2025-05-01 14:05:00.000,557e8e2e-f605-4c10-8b45-a51957180c4c,
60000,4,0,104,2025-05-01 14:05:00.000,,,2025-05-01 14:10:28.791,2025-05-01 14:10:28.791,104,1.2701666,76.21,4.16,UTC+0200,NA9l677+ml,com.sec.android.app.shealth,2025-05-01 14:06:00.000,13a7dd9e-c885-4547-9f18-5b5d12a9d336,
60000,4,0,104,2025-05-01 14:06:00.000,,,2025-05-01 14:10:28.867,2025-05-01 14:10:28.867,104,1.2691667,76.15,4.18,UTC+0200,NA9l677+ml,com.sec.android.app.shealth,2025-05-01 14:07:00.000,fd1bc93c-b686-4b0d-acf5-a05df1024c99,
60000,4,0,103,2025-05-01 14:07:00.000,,,2025-05-01 14:10:28.933,2025-05-01 14:10:28.933,103,1.2544999,75.27,4.13,UTC+0200,NA9l677+ml,com.sec.android.app.shealth,2025-05-01 14:08:00.000,1da7e730-ecc1-4135-b7a2-1ec3ef73aa9a,
60000,4,0,102,2025-05-01 14:08:00.000,,,2025-05-01 14:10:29.027,2025-05-01 14:10:29.027,102,1.2423334,74.54,4.13,UTC+0200,NA9l677+ml,com.sec.android.app.shealth,2025-05-01 14:09:00.000,605fc258-bbcb-42b0-bb95-0df768a1478e,
60000,4,0,99,2025-05-01 14:09:00.000,,,2025-05-01 14:10:29.120,2025-05-01 14:10:29.120,99,1.1968334,71.81,4.07,UTC+0200,NA9l677+ml,com.sec.android.app.shealth,2025-05-01 14:10:00.000,1ddb4827-7340-4d5c-b73c-bbab12194c19,
58883,4,0,97,2025-05-01 14:10:00.000,,,2025-05-01 14:11:30.197,2025-05-01 14:10:29.147,97,1.1937077,70.29,3.9699998,UTC+0200,NA9l677+ml,com.sec.android.app.shealth,2025-05-01 14:11:00.000,51e82c17-6be6-42de-a6dc-e240544fe8f2,
57777,4,0,93,2025-05-01 14:11:00.000,,,2025-05-01 14:13:26.715,2025-05-01 14:11:30.366,93,1.1558133,66.77999,3.8,UTC+0200,NA9l677+ml,com.sec.android.app.shealth,2025-05-01 14:12:00.000,f15c40ef-6669-4493-89e4-8a11fd05dcd4,
57474,4,0,95,2025-05-01 14:12:00.000,,,2025-05-01 14:13:26.782,2025-05-01 14:13:26.782,95,1.1944444,68.65,3.95,UTC+0200,NA9l677+ml,com.sec.android.app.shealth,2025-05-01 14:13:00.000,178a9cda-a926-439b-be0b-ec4b80509fff,
29804,4,0,51,2025-05-01 14:13:00.000,,,2025-05-01 14:14:27.256,2025-05-01 14:13:26.814,51,1.258518,37.51,2.1599998,UTC+0200,NA9l677+ml,com.sec.android.app.shealth,2025-05-01 14:14:00.000,6d340d78-0071-41ed-b0c2-bdc4d0c0ce4c,
46531,4,0,80,2025-05-01 14:14:00.000,,,2025-05-01 14:15:00.011,2025-05-01 14:14:27.415,80,1.263023,58.770004,3.38,UTC+0200,NA9l677+ml,com.sec.android.app.shealth,2025-05-01 14:15:00.000,9593bb47-0bdd-4498-b4d9-2ecc16c1759b,
27152,4,0,48,2025-05-01 14:15:00.000,,,2025-05-01 14:16:13.667,2025-05-01 14:15:23.826,48,1.3180889,35.79,2.15,UTC+0200,NA9l677+ml,com.sec.android.app.shealth,2025-05-01 14:16:00.000,7af1a8f7-caa5-49a8-8b83-112cebd2c6dd,
7040,4,0,10,2025-05-02 05:14:00.000,,,2025-05-02 05:14:12.118,2025-05-02 05:14:12.118,10,1.0,7.04,0.48,UTC+0200,NA9l677+ml,com.sec.android.app.shealth,2025-05-02 05:15:00.000,90113f8a-9650-44b5-a476-38c5b72967f8,
6869,4,0,10,2025-05-02 06:30:00.000,,,2025-05-02 06:30:33.937,2025-05-02 06:30:33.937,10,1.0277778,7.06,0.47,UTC+0200,NA9l677+ml,com.sec.android.app.shealth,2025-05-02 06:31:00.000,431f8fc2-cc8c-4a21-b5e0-ae6c369bfc79,
6909,4,0,15,2025-05-02 06:31:00.000,,,2025-05-02 06:35:00.035,2025-05-02 06:35:00.035,15,1.7222222,11.9,0.57,UTC+0200,NA9l677+ml,com.sec.android.app.shealth,2025-05-02 06:32:00.000,f1dc213b-2061-4a2b-8699-3ffd6260e8ea,
10044,4,0,16,2025-05-02 06:34:00.000,,,2025-05-02 06:35:00.117,2025-05-02 06:35:00.117,16,1.1388888,11.44,0.78,UTC+0200,NA9l677+ml,com.sec.android.app.shealth,2025-05-02 06:35:00.000,fbe419cf-9024-4269-8df1-d65d02c4dcc6,
6692,4,0,11,2025-05-02 06:37:00.000,,,2025-05-02 06:39:47.946,2025-05-02 06:39:47.946,11,1.2222222,8.18,0.48,UTC+0200,NA9l677+ml,com.sec.android.app.shealth,2025-05-02 06:38:00.000,3ee83fd0-2004-44d5-b205-03bfd424cff5,
18427,4,0,24,2025-05-02 06:38:00.000,,,2025-05-02 06:39:48.075,2025-05-02 06:39:48.075,24,0.88888896,16.38,1.18,UTC+0200,NA9l677+ml,com.sec.android.app.shealth,2025-05-02 06:39:00.000,e5c557b8-e5be-48e4-9d23-9971a6ca676d,
40758,4,0,53,2025-05-02 06:39:00.000,,,2025-05-02 06:39:48.125,2025-05-02 06:39:48.125,53,0.8888889,36.23,2.56,UTC+0200,NA9l677+ml,com.sec.android.app.shealth,2025-05-02 06:40:00.000,d84d066f-0232-4781-8cf8-d500468e192f,
13298,4,0,21,2025-05-02 06:40:00.000,,,2025-05-02 06:41:10.253,2025-05-02 06:40:18.872,21,1.1467305,15.25,0.88,UTC+0200,NA9l677+ml,com.sec.android.app.shealth,2025-05-02 06:41:00.000,aca57c99-02d7-436e-aa0f-91765aa3548b,
21891,4,0,35,2025-05-02 06:41:00.000,,,2025-05-02 06:55:00.153,2025-05-02 06:55:00.153,35,1.1666666,25.54,1.58,UTC+0200,NA9l677+ml,com.sec.android.app.shealth,2025-05-02 06:42:00.000,2f8bee89-d7ce-47f8-82c7-e9304d05d01a,
8990,4,0,13,2025-05-02 06:42:00.000,,,2025-05-02 06:55:00.229,2025-05-02 06:55:00.229,13,1.0277778,9.24,0.61,UTC+0200,NA9l677+ml,com.sec.android.app.shealth,2025-05-02 06:43:00.000,63eedd44-a550-4e61-80d9-39006a757e57,
25690,4,0,37,2025-05-02 06:43:00.000,,,2025-05-02 06:55:00.269,2025-05-02 06:55:00.269,37,1.0,25.69,1.74,UTC+0200,NA9l677+ml,com.sec.android.app.shealth,2025-05-02 06:44:00.000,958fd255-be6b-494e-b58e-291f972a69b8,
38171,4,0,50,2025-05-02 06:44:00.000,,,2025-05-02 06:55:00.306,2025-05-02 06:55:00.306,50,0.8888889,33.93,2.43,UTC+0200,NA9l677+ml,com.sec.android.app.shealth,2025-05-02 06:45:00.000,cdbdda2b-ad67-4ce9-a098-43c97fac2914,
12395,4,0,18,2025-05-02 06:49:00.000,,,2025-05-02 06:55:00.371,2025-05-02 06:55:00.371,18,1.0277777,12.74,0.83,UTC+0200,NA9l677+ml,com.sec.android.app.shealth,2025-05-02 06:50:00.000,ed17f765-934e-4383-8b61-f1da9d45b50f,
27625,4,0,41,2025-05-02 06:55:00.000,,,2025-05-02 07:06:37.388,2025-05-02 07:06:37.388,41,1.0555556,29.16,1.91,UTC+0200,NA9l677+ml,com.sec.android.app.shealth,2025-05-02 06:56:00.000,62f27fda-51c2-413f-b06b-8133c4deb126,
19392,4,0,29,2025-05-02 06:56:00.000,,,2025-05-02 07:06:37.515,2025-05-02 07:06:37.515,29,1.0555556,20.47,1.42,UTC+0200,NA9l677+ml,com.sec.android.app.shealth,2025-05-02 06:57:00.000,f9c175d4-8657-4815-85cd-71112df16187,
2160,4,0,3,2025-05-02 06:57:00.000,,,2025-05-02 07:06:37.579,2025-05-02 07:06:37.579,3,0.97222215,2.1,0.12,UTC+0200,NA9l677+ml,com.sec.android.app.shealth,2025-05-02 06:58:00.000,9abcba1f-85bb-4b7d-9768-3c73e0610550,
6507,4,0,10,2025-05-02 06:59:00.000,,,2025-05-02 07:06:37.633,2025-05-02 07:06:37.633,10,1.1111112,7.23,0.43,UTC+0200,NA9l677+ml,com.sec.android.app.shealth,2025-05-02 07:00:00.000,6536ac11-19fc-43cc-9996-69e48d962275,
12096,4,0,19,2025-05-02 07:00:00.000,,,2025-05-02 07:06:37.690,2025-05-02 07:06:37.690,19,1.111111,13.44,0.9,UTC+0200,NA9l677+ml,com.sec.android.app.shealth,2025-05-02 07:01:00.000,70bb18d7-3dfd-438c-b633-3c9b48a73a63,
6470,4,0,10,2025-05-02 07:05:00.000,,,2025-05-02 07:06:37.785,2025-05-02 07:06:37.785,10,1.0833334,7.01,0.46,UTC+0200,NA9l677+ml,com.sec.android.app.shealth,2025-05-02 07:06:00.000,0436f407-78a1-4a63-aac4-0a6c4b01eb85,
27545,4,0,37,2025-05-02 07:06:00.000,,,2025-05-02 07:06:37.869,2025-05-02 07:06:37.869,37,0.9166667,25.25,1.79,UTC+0200,NA9l677+ml,com.sec.android.app.shealth,2025-05-02 07:07:00.000,6e932e7f-f521-475d-81ac-884a010556fe,
20011,4,0,35,2025-05-02 07:08:00.000,,,2025-05-02 07:09:34.428,2025-05-02 07:09:34.428,35,1.2777778,25.57,1.67,UTC+0200,NA9l677+ml,com.sec.android.app.shealth,2025-05-02 07:09:00.000,ee300701-b2cd-450f-a401-0265f056cb9d,
11160,4,0,17,2025-05-02 07:09:00.000,,,2025-05-02 07:10:14.239,2025-05-02 07:10:14.239,17,1.0833334,12.09,0.79,UTC+0200,NA9l677+ml,com.sec.android.app.shealth,2025-05-02 07:10:00.000,e24f52f7-e72f-4539-9ab2-bb314251ad7c,
16927,4,0,29,2025-05-02 07:10:00.000,,,2025-05-02 07:13:30.335,2025-05-02 07:10:14.380,29,1.2772117,21.619999,1.3299999,UTC+0200,NA9l677+ml,com.sec.android.app.shealth,2025-05-02 07:11:00.000,cb4b183f-9a92-468d-a730-e3b0cb9736d6,
20904,4,0,35,2025-05-02 07:19:00.000,,,2025-05-02 07:24:08.163,2025-05-02 07:24:08.163,35,1.25,26.13,1.59,UTC+0200,NA9l677+ml,com.sec.android.app.shealth,2025-05-02 07:20:00.000,a5269024-8bf4-4b5f-a318-79e42cdaa618,
26925,4,0,48,2025-05-02 07:20:00.000,,,2025-05-02 07:24:08.300,2025-05-02 07:24:08.300,48,1.3333334,35.9,2.17,UTC+0200,NA9l677+ml,com.sec.android.app.shealth,2025-05-02 07:21:00.000,f870864b-7502-423e-a3dc-4522ee1b5c94,
15607,4,0,28,2025-05-02 07:24:00.000,,,2025-05-02 07:26:33.469,2025-05-02 07:26:33.469,28,1.3333334,20.81,1.29,UTC+0200,NA9l677+ml,com.sec.android.app.shealth,2025-05-02 07:25:00.000,d5cfb3eb-6413-4e4f-99fe-49484db5996f,
6157,4,0,9,2025-05-02 07:26:00.000,,,2025-05-02 07:30:06.103,2025-05-02 07:30:06.103,9,1.0555555,6.5,0.41,UTC+0200,NA9l677+ml,com.sec.android.app.shealth,2025-05-02 07:27:00.000,d39faae6-c524-4733-9af6-edada5c0e59d,
7301,4,0,11,2025-05-02 07:27:00.000,,,2025-05-02 07:30:06.263,2025-05-02 07:30:06.263,11,1.0833334,7.91,0.49,UTC+0200,NA9l677+ml,com.sec.android.app.shealth,2025-05-02 07:28:00.000,b266b9f1-38b2-4ee0-a854-8e2b72e1bdc0,
13941,4,0,26,2025-05-02 07:29:00.000,,,2025-05-02 07:30:06.344,2025-05-02 07:30:06.344,26,1.4166666,19.75,1.18,UTC+0200,NA9l677+ml,com.sec.android.app.shealth,2025-05-02 07:30:00.000,01eeb46a-2182-4bb3-a776-3bad19a510f5,
30735,4,0,40,2025-05-02 07:32:00.000,,,2025-05-02 07:35:00.065,2025-05-02 07:35:00.065,40,0.8888889,27.32,1.94,UTC+0200,NA9l677+ml,com.sec.android.app.shealth,2025-05-02 07:33:00.000,0af6c74a-49d9-4cc6-90b3-df36440244fb,
12826,4,0,19,2025-05-02 07:35:00.000,,,2025-05-02 07:35:48.772,2025-05-02 07:35:48.226,19,1.0610518,13.61,0.83000004,UTC+0200,NA9l677+ml,com.sec.android.app.shealth,2025-05-02 07:36:00.000,f6a9c667-25bf-4ead-8807-b21544a73b0a,
33832,4,0,60,2025-05-02 07:36:00.000,,,2025-05-02 07:39:43.747,2025-05-02 07:39:43.747,60,1.3333334,45.11,2.48,UTC+0200,NA9l677+ml,com.sec.android.app.shealth,2025-05-02 07:37:00.000,6855b364-4e1c-4b23-b066-fb948aafb227,
36689,4,0,66,2025-05-02 07:39:00.000,,,2025-05-02 07:40:22.461,2025-05-02 07:39:43.851,66,1.3458942,49.379997,2.76,UTC+0200,NA9l677+ml,com.sec.android.app.shealth,2025-05-02 07:40:00.000,2899ef33-8cb8-4d96-96d3-42e4611e4ecb,
23264,4,0,39,2025-05-02 07:40:00.000,,,2025-05-02 07:40:39.933,2025-05-02 07:40:22.603,39,1.2164693,28.3,1.76,UTC+0200,NA9l677+ml,com.sec.android.app.shealth,2025-05-02 07:41:00.000,52db23e2-397c-463d-b3a9-2cdc4f341fea,
13870,4,0,19,2025-05-02 07:41:00.000,,,2025-05-02 07:43:24.292,2025-05-02 07:43:24.292,19,0.9444444,13.1,0.93,UTC+0200,NA9l677+ml,com.sec.android.app.shealth,2025-05-02 07:42:00.000,792d1093-ed01-4818-8d6a-662f6e493273,
9229,4,0,19,2025-05-02 07:42:00.000,,,2025-05-02 07:43:24.363,2025-05-02 07:43:24.363,19,1.6111109,14.87,0.9,UTC+0200,NA9l677+ml,com.sec.android.app.shealth,2025-05-02 07:43:00.000,a101bf41-7766-4692-8faa-7ebf0e1ba7d6,
15993,4,0,31,2025-05-02 07:43:00.000,,,2025-05-02 07:43:24.418,2025-05-02 07:43:24.418,31,1.5,23.99,1.43,UTC+0200,NA9l677+ml,com.sec.android.app.shealth,2025-05-02 07:44:00.000,4034acfc-d19d-4f79-913b-1dea863c037b,
30704,4,0,39,2025-05-02 07:49:00.000,,,2025-05-02 07:53:09.721,2025-05-02 07:53:09.721,39,0.8611111,26.44,1.87,UTC+0200,NA9l677+ml,com.sec.android.app.shealth,2025-05-02 07:50:00.000,c4e206f1-7dda-451f-9365-54ddad37a6af,
29948,4,0,44,2025-05-02 07:53:00.000,,,2025-05-02 07:55:00.045,2025-05-02 07:55:00.045,44,1.0277778,30.78,2.13,UTC+0200,NA9l677+ml,com.sec.android.app.shealth,2025-05-02 07:54:00.000,b9c1d70e-f7e7-446e-9223-a4d85167ecb9,
7803,4,0,10,2025-05-02 07:58:00.000,,,2025-05-02 08:04:37.317,2025-05-02 08:04:37.317,10,0.8611111,6.72,0.47,UTC+0200,NA9l677+ml,com.sec.android.app.shealth,2025-05-02 07:59:00.000,f0767931-931e-44ac-bb30-ecd04509f5f1,
14367,4,0,24,2025-05-02 08:04:00.000,,,2025-05-02 08:08:18.173,2025-05-02 08:08:18.173,24,1.2222222,17.56,1.15,UTC+0200,NA9l677+ml,com.sec.android.app.shealth,2025-05-02 08:05:00.000,417c40c4-aad7-4eb9-bf5c-f624ffc8f27d,
29004,4,0,54,2025-05-02 08:07:00.000,,,2025-05-02 08:08:18.268,2025-05-02 08:08:18.268,54,1.4166666,41.09,2.24,UTC+0200,NA9l677+ml,com.sec.android.app.shealth,2025-05-02 08:08:00.000,912e6c91-c4b4-4de4-8a38-29bb4762cb2e,
10731,4,0,19,2025-05-02 08:08:00.000,,,2025-05-02 08:08:18.380,2025-05-02 08:08:18.380,19,1.3055556,14.01,0.86,UTC+0200,NA9l677+ml,com.sec.android.app.shealth,2025-05-02 08:09:00.000,55c760d5-8042-4a90-b0b0-b1a9179bd50f,
14248,4,0,21,2025-05-02 08:10:00.000,,,2025-05-02 08:13:02.702,2025-05-02 08:10:55.991,21,1.0345,14.74,0.94000006,UTC+0200,NA9l677+ml,com.sec.android.app.shealth,2025-05-02 08:11:00.000,79f50aee-043c-46f9-8dea-6a4dc9fcfeeb,
33165,4,0,59,2025-05-02 08:11:00.000,,,2025-05-02 08:13:02.871,2025-05-02 08:13:02.871,59,1.3333334,44.22,2.4,UTC+0200,NA9l677+ml,com.sec.android.app.shealth,2025-05-02 08:12:00.000,28e83c6a-ea63-45b8-ade4-7c600263427d,
10138,4,0,13,2025-05-02 08:14:00.000,,,2025-05-02 08:15:00.056,2025-05-02 08:15:00.056,13,0.8611111,8.73,0.71,UTC+0200,NA9l677+ml,com.sec.android.app.shealth,2025-05-02 08:15:00.000,9e733cb4-7d1d-441b-9e16-997696eb7033,
20577,4,0,38,2025-05-02 08:15:00.000,,,2025-05-02 08:15:58.603,2025-05-02 08:15:58.603,38,1.3888888,28.58,1.72,UTC+0200,NA9l677+ml,com.sec.android.app.shealth,2025-05-02 08:16:00.000,ad878735-17e7-46c6-be8f-a1447de614ff,
28800,4,0,47,2025-05-02 08:19:00.000,,,2025-05-02 08:19:52.609,2025-05-02 08:19:52.609,47,1.1944444,34.4,2.05,UTC+0200,NA9l677+ml,com.sec.android.app.shealth,2025-05-02 08:20:00.000,80dcf1c7-4194-4d5f-9338-d72dcbf7a229,
27936,4,0,43,2025-05-02 08:35:00.000,,,2025-05-02 08:36:05.124,2025-05-02 08:36:05.124,43,1.1111112,31.04,1.94,UTC+0200,NA9l677+ml,com.sec.android.app.shealth,2025-05-02 08:36:00.000,de8ddb0b-8a45-483b-ac61-641ca3985d5e,
23768,4,0,40,2025-05-02 08:43:00.000,,,2025-05-02 08:47:46.310,2025-05-02 08:47:46.310,40,1.2222222,29.05,1.71,UTC+0200,NA9l677+ml,com.sec.android.app.shealth,2025-05-02 08:44:00.000,eefc5e50-1e2f-4ce1-aefd-936badb653d8,
9360,4,0,20,2025-05-02 11:01:00.000,,,2025-05-02 11:06:10.457,2025-05-02 11:06:10.457,20,1.6944444,15.86,0.85,UTC+0200,NA9l677+ml,com.sec.android.app.shealth,2025-05-02 11:02:00.000,d8e34a14-507e-4082-955e-61da6b1a696b,
38272,4,0,68,2025-05-02 11:07:00.000,,,2025-05-02 11:09:24.583,2025-05-02 11:09:24.583,68,1.3333334,51.03,2.82,UTC+0200,NA9l677+ml,com.sec.android.app.shealth,2025-05-02 11:08:00.000,d2346fc3-448b-4f91-b71d-ef0e8e7fb501,
42171,4,6,70,2025-05-02 11:08:00.000,,,2025-05-02 11:09:24.720,2025-05-02 11:09:24.720,76,1.3611112,57.4,3.67,UTC+0200,NA9l677+ml,com.sec.android.app.shealth,2025-05-02 11:09:00.000,dd817b24-ad5c-4bfe-bb95-12524c485c40,
21254,4,0,39,2025-05-02 11:09:00.000,,,2025-05-02 11:09:24.752,2025-05-02 11:09:24.752,39,1.3888888,29.52,1.67,UTC+0200,NA9l677+ml,com.sec.android.app.shealth,2025-05-02 11:10:00.000,6cc2cfd1-3337-49ce-b72e-862118068353,
11778,4,0,18,2025-05-02 11:54:00.000,,,2025-05-02 11:54:25.344,2025-05-02 11:54:25.344,18,1.0833333,12.76,0.81,UTC+0200,NA9l677+ml,com.sec.android.app.shealth,2025-05-02 11:55:00.000,8ca31716-a855-4e8c-9958-82fe94bc39b9,
7765,4,0,14,2025-05-02 12:50:00.000,,,2025-05-02 12:53:28.400,2025-05-02 12:53:28.400,14,1.3611112,10.57,0.58,UTC+0200,NA9l677+ml,com.sec.android.app.shealth,2025-05-02 12:51:00.000,964a8d3b-0c07-4ca7-8ec8-65f8d3d72b14,
9406,4,0,12,2025-05-02 12:51:00.000,,,2025-05-02 12:53:28.489,2025-05-02 12:53:28.489,12,0.8611111,8.1,0.66,UTC+0200,NA9l677+ml,com.sec.android.app.shealth,2025-05-02 12:52:00.000,87466864-088c-41db-a490-b5925aaecc70,
25428,4,0,40,2025-05-02 12:52:00.000,,,2025-05-02 12:53:28.557,2025-05-02 12:53:28.557,40,1.1388888,28.96,1.9,UTC+0200,NA9l677+ml,com.sec.android.app.shealth,2025-05-02 12:53:00.000,29f87d6e-79e1-4eb0-b5f2-aafe1bdeda8f,
2778,4,0,8,2025-05-02 12:53:00.000,,,2025-05-02 12:53:28.591,2025-05-02 12:53:28.591,8,2.3611112,6.56,0.19,UTC+0200,NA9l677+ml,com.sec.android.app.shealth,2025-05-02 12:54:00.000,06c2be47-4fd1-4d29-97c1-4c21f93569f0,
32071,4,0,55,2025-05-02 13:01:00.000,,,2025-05-02 13:02:19.141,2025-05-02 13:02:19.141,55,1.2777778,40.98,2.38,UTC+0200,NA9l677+ml,com.sec.android.app.shealth,2025-05-02 13:02:00.000,ca58a6e6-56b7-4154-aefe-d0384510e9d7,
2762,4,0,5,2025-05-02 13:02:00.000,,,2025-05-02 13:02:19.294,2025-05-02 13:02:19.294,5,1.3611112,3.76,0.22,UTC+0200,NA9l677+ml,com.sec.android.app.shealth,2025-05-02 13:03:00.000,f012826c-3b50-46e3-8805-9b96c2851585,
5485,4,0,12,2025-05-02 13:20:00.000,,,2025-05-02 13:20:42.109,2025-05-02 13:20:42.109,12,1.75,9.6,0.49,UTC+0200,NA9l677+ml,com.sec.android.app.shealth,2025-05-02 13:21:00.000,cf0958cf-db91-466b-9a33-ec696b56b08d,
8501,4,0,13,2025-05-02 13:22:00.000,,,2025-05-02 13:22:59.386,2025-05-02 13:22:59.386,13,1.0833334,9.21,0.79,UTC+0200,NA9l677+ml,com.sec.android.app.shealth,2025-05-02 13:23:00.000,ed2cf89a-1465-48e9-ae55-91cb6a10caf4,
37646,4,0,66,2025-05-02 13:23:00.000,,,2025-05-02 13:23:59.716,2025-05-02 13:23:59.716,66,1.3055556,49.15,2.91,UTC+0200,NA9l677+ml,com.sec.android.app.shealth,2025-05-02 13:24:00.000,835e47d1-0bf2-4c87-b774-c1318a6045ce,
7243,4,0,15,2025-05-02 13:24:00.000,,,2025-05-02 13:27:33.625,2025-05-02 13:27:33.625,15,1.6111112,11.67,0.62,UTC+0200,NA9l677+ml,com.sec.android.app.shealth,2025-05-02 13:25:00.000,1b15a156-2565-4567-915c-9f40d5cef1ee,
8857,4,0,13,2025-05-02 13:33:00.000,,,2025-05-02 13:35:00.050,2025-05-02 13:35:00.050,13,1.0555555,9.35,0.59,UTC+0200,NA9l677+ml,com.sec.android.app.shealth,2025-05-02 13:34:00.000,971e1626-8e6b-4ccb-96b2-3dbee03ab6af,
45383,4,0,79,2025-05-02 13:34:00.000,,,2025-05-02 13:35:00.154,2025-05-02 13:35:00.154,79,1.2777778,57.99,3.47,UTC+0200,NA9l677+ml,com.sec.android.app.shealth,2025-05-02 13:35:00.000,58110b67-b72b-45a2-b2df-93164bf52202,
25238,4,0,44,2025-05-02 13:35:00.000,,,2025-05-02 13:36:11.662,2025-05-02 13:36:11.662,44,1.3055556,32.95,1.92,UTC+0200,NA9l677+ml,com.sec.android.app.shealth,2025-05-02 13:36:00.000,7947cccc-2898-4a4b-a50b-10f726a4ff1d,
27757,4,0,52,2025-05-02 13:38:00.000,,,2025-05-02 13:39:57.729,2025-05-02 13:38:31.848,52,1.4295087,39.68,2.21,UTC+0200,NA9l677+ml,com.sec.android.app.shealth,2025-05-02 13:39:00.000,8a369d03-9de0-4b9b-b4c0-525fa2f53b2c,
12206,4,0,20,2025-05-02 13:40:00.000,,,2025-05-02 13:55:00.067,2025-05-02 13:55:00.067,20,1.1944444,14.58,0.87,UTC+0200,NA9l677+ml,com.sec.android.app.shealth,2025-05-02 13:41:00.000,562ac5fb-c204-4bda-b4b8-d91e5af6344e,
45680,4,0,78,2025-05-02 13:41:00.000,,,2025-05-02 13:55:00.198,2025-05-02 13:55:00.198,78,1.25,57.1,3.33,UTC+0200,NA9l677+ml,com.sec.android.app.shealth,2025-05-02 13:42:00.000,2c8d08dc-09bb-4f8e-9f48-59a904ed4b55,
9611,4,0,14,2025-05-02 14:36:00.000,,,2025-05-02 14:36:55.951,2025-05-02 14:36:55.270,14,1.0351875,9.950001,0.62,UTC+0200,NA9l677+ml,com.sec.android.app.shealth,2025-05-02 14:37:00.000,5787a885-ae96-4615-aa87-f70370ae6fe9,
51972,4,45,47,2025-05-02 14:37:00.000,,,2025-05-02 14:40:32.659,2025-05-02 14:40:32.659,92,1.3611112,70.74,5.81,UTC+0200,NA9l677+ml,com.sec.android.app.shealth,2025-05-02 14:38:00.000,a962dc99-070f-48af-b46f-12fb23b8b94b,
29320,4,6,45,2025-05-02 14:38:00.000,,,2025-05-02 14:40:32.767,2025-05-02 14:40:32.767,51,1.3055556,38.28,2.44,UTC+0200,NA9l677+ml,com.sec.android.app.shealth,2025-05-02 14:39:00.000,b0505275-195c-49b3-b2b7-f8bedaa94fcc,
4789,4,0,10,2025-05-02 14:50:00.000,,,2025-05-02 14:55:00.063,2025-05-02 14:55:00.063,10,1.6388888,7.85,0.45,UTC+0200,NA9l677+ml,com.sec.android.app.shealth,2025-05-02 14:51:00.000,7fc5b48f-2f4e-4ae3-9d14-77917620c2a1,
25605,4,0,45,2025-05-02 14:51:00.000,,,2025-05-02 14:55:00.187,2025-05-02 14:55:00.187,45,1.3055556,33.43,1.84,UTC+0200,NA9l677+ml,com.sec.android.app.shealth,2025-05-02 14:52:00.000,a731d6d9-942f-4530-9810-e16c5f751485,
18084,4,0,32,2025-05-02 14:52:00.000,,,2025-05-02 14:55:00.222,2025-05-02 14:55:00.222,32,1.3055556,23.61,1.31,UTC+0200,NA9l677+ml,com.sec.android.app.shealth,2025-05-02 14:53:00.000,2b89f43c-5c8f-49c2-9cfa-09a46d8a8b37,
31160,4,0,53,2025-05-02 14:54:00.000,,,2025-05-02 14:55:00.278,2025-05-02 14:55:00.278,53,1.25,38.95,2.33,UTC+0200,NA9l677+ml,com.sec.android.app.shealth,2025-05-02 14:55:00.000,df12d694-d56b-45f0-a706-b0a6911b42d0,
18219,4,0,29,2025-05-02 14:55:00.000,,,2025-05-02 14:55:23.140,2025-05-02 14:55:23.140,29,1.1388888,20.75,1.35,UTC+0200,NA9l677+ml,com.sec.android.app.shealth,2025-05-02 14:56:00.000,8b194ac3-53ac-4827-8ba1-0ee614ddf600,
16261,4,0,26,2025-05-02 14:58:00.000,,,2025-05-02 14:59:01.876,2025-05-02 14:59:01.876,26,1.1388888,18.52,1.16,UTC+0200,NA9l677+ml,com.sec.android.app.shealth,2025-05-02 14:59:00.000,e994b835-2a3b-4b8b-ba2a-cf3605c3c01e,
7880,4,3,10,2025-05-02 14:59:00.000,,,2025-05-02 15:00:03.229,2025-05-02 15:00:03.229,13,1.25,9.85,0.93,UTC+0200,NA9l677+ml,com.sec.android.app.shealth,2025-05-02 15:00:00.000,205048d2-97b1-4975-8cfc-d265c306ef9d,
13144,4,7,19,2025-05-02 15:00:00.000,,,2025-05-02 15:05:36.419,2025-05-02 15:00:03.258,26,1.5459313,20.32,1.4,UTC+0200,NA9l677+ml,com.sec.android.app.shealth,2025-05-02 15:01:00.000,b4a2a6eb-6e59-4cea-9b32-2db2240ca6e4,
9265,4,0,15,2025-05-02 15:01:00.000,,,2025-05-02 15:05:36.467,2025-05-02 15:05:36.467,15,1.1666666,10.81,0.66,UTC+0200,NA9l677+ml,com.sec.android.app.shealth,2025-05-02 15:02:00.000,47517136-5711-4f6a-ae13-10bb91233106,
7961,4,0,13,2025-05-02 15:03:00.000,,,2025-05-02 15:05:36.614,2025-05-02 15:05:36.614,13,1.1944444,9.51,0.6,UTC+0200,NA9l677+ml,com.sec.android.app.shealth,2025-05-02 15:04:00.000,cc08d966-ff71-4d94-b979-9dfdb8321391,
17640,4,0,24,2025-05-02 15:04:00.000,,,2025-05-02 15:05:36.669,2025-05-02 15:05:36.669,24,0.94444436,16.66,1.17,UTC+0200,NA9l677+ml,com.sec.android.app.shealth,2025-05-02 15:05:00.000,0bae6186-1c54-4dae-8e33-ac8d27c786e1,
12070,4,0,17,2025-05-02 15:05:00.000,,,2025-05-02 15:05:36.735,2025-05-02 15:05:36.735,17,1.0,12.07,0.7,UTC+0200,NA9l677+ml,com.sec.android.app.shealth,2025-05-02 15:06:00.000,c036d758-2336-4547-aae0-e6c2af56f3e4,
33090,4,0,47,2025-05-02 15:06:00.000,,,2025-05-02 15:08:37.786,2025-05-02 15:08:37.786,47,1.0,33.09,2.24,UTC+0200,NA9l677+ml,com.sec.android.app.shealth,2025-05-02 15:07:00.000,ed6b0923-e6f7-4c00-a3fb-f716e1859170,
14186,4,0,21,2025-05-02 15:08:00.000,,,2025-05-02 15:09:56.141,2025-05-02 15:08:37.843,21,1.0298216,14.61,1.2,UTC+0200,NA9l677+ml,com.sec.android.app.shealth,2025-05-02 15:09:00.000,fe96e578-a107-46af-946b-5d9dc19099c2,
53327,4,0,79,2025-05-02 15:09:00.000,,,2025-05-02 15:09:56.256,2025-05-02 15:09:56.256,79,1.0555556,56.29,3.53,UTC+0200,NA9l677+ml,com.sec.android.app.shealth,2025-05-02 15:10:00.000,3f1fe3ad-8bc9-4e04-82f6-9b49a578564e,
37235,4,0,54,2025-05-02 15:10:00.000,,,2025-05-02 15:11:58.390,2025-05-02 15:11:58.390,54,1.0277778,38.27,2.59,UTC+0200,NA9l677+ml,com.sec.android.app.shealth,2025-05-02 15:11:00.000,84d156cc-cd0e-4d36-9e16-6eb99c81d916,
25056,4,0,35,2025-05-02 15:11:00.000,,,2025-05-02 15:11:58.525,2025-05-02 15:11:58.525,35,0.9722222,24.36,1.65,UTC+0200,NA9l677+ml,com.sec.android.app.shealth,2025-05-02 15:12:00.000,d36b3467-1ce5-4c0f-8afa-7d1bc0aed675,
18786,4,0,28,2025-05-02 15:12:00.000,,,2025-05-02 15:14:25.670,2025-05-02 15:14:25.670,28,1.0555556,19.83,1.29,UTC+0200,NA9l677+ml,com.sec.android.app.shealth,2025-05-02 15:13:00.000,58cf6f1a-8a91-4192-a95a-331ee810223f,
14733,4,0,23,2025-05-02 15:14:00.000,,,2025-05-02 15:15:00.048,2025-05-02 15:15:00.048,23,1.1388888,16.78,1.06,UTC+0200,NA9l677+ml,com.sec.android.app.shealth,2025-05-02 15:15:00.000,096c218c-42f1-4f71-a3ec-9a33c62ae406,
55404,4,0,86,2025-05-02 15:15:00.000,,,2025-05-02 15:18:00.916,2025-05-02 15:18:00.916,86,1.1111112,61.56,3.88,UTC+0200,NA9l677+ml,com.sec.android.app.shealth,2025-05-02 15:16:00.000,f89f07c4-a6f5-497c-b486-04822632c058,
60000,4,0,97,2025-05-02 15:16:00.000,,,2025-05-02 15:18:00.959,2025-05-02 15:18:00.959,97,1.1665,69.99,4.13,UTC+0200,NA9l677+ml,com.sec.android.app.shealth,2025-05-02 15:17:00.000,8c4188a6-904a-4519-a7e8-aa41dcb93382,
4563,4,0,7,2025-05-02 15:17:00.000,,,2025-05-02 15:18:00.999,2025-05-02 15:18:00.999,7,1.1111112,5.07,0.31,UTC+0200,NA9l677+ml,com.sec.android.app.shealth,2025-05-02 15:18:00.000,4e81d780-3c65-48f4-8a59-df7624cfcf22,
39626,4,0,64,2025-05-02 16:45:00.000,,,2025-05-02 16:45:47.893,2025-05-02 16:45:15.194,64,1.1689278,46.320007,2.6599998,UTC+0200,NA9l677+ml,com.sec.android.app.shealth,2025-05-02 16:46:00.000,b2a27891-b434-40c5-9dfe-f60ae15714ab,
34428,4,0,56,2025-05-02 16:47:00.000,,,2025-05-02 16:47:56.180,2025-05-02 16:47:06.372,56,1.181296,40.67,2.45,UTC+0200,NA9l677+ml,com.sec.android.app.shealth,2025-05-02 16:48:00.000,d4f3cbf9-a3af-4309-9d4b-3427b4d7456e,
60000,4,0,93,2025-05-02 16:48:00.000,,,2025-05-02 16:51:21.951,2025-05-02 16:48:16.226,93,1.1099999,66.6,4.09,UTC+0200,NA9l677+ml,com.sec.android.app.shealth,2025-05-02 16:49:00.000,cc7fc85f-3ae5-4cfc-8a09-170c436c8e6b,
45207,4,0,70,2025-05-02 16:49:00.000,,,2025-05-02 16:51:22.053,2025-05-02 16:51:22.053,70,1.1111112,50.23,3.23,UTC+0200,NA9l677+ml,com.sec.android.app.shealth,2025-05-02 16:50:00.000,1d38f9c6-408e-45d2-9328-b10ee9a74a1b,
40177,4,0,66,2025-05-02 16:50:00.000,,,2025-05-02 16:51:22.109,2025-05-02 16:51:22.109,66,1.1944444,47.99,2.84,UTC+0200,NA9l677+ml,com.sec.android.app.shealth,2025-05-02 16:51:00.000,3cdf8eff-d04a-4641-b590-3a5be4031132,
25984,4,0,41,2025-05-02 16:51:00.000,,,2025-05-02 16:52:18.161,2025-05-02 16:51:22.165,41,1.1422334,29.68,1.8399999,UTC+0200,NA9l677+ml,com.sec.android.app.shealth,2025-05-02 16:52:00.000,40cc982e-ca57-4896-a6db-d9d9f287a48c,
6722,4,0,11,2025-05-02 16:53:00.000,,,2025-05-02 16:55:00.066,2025-05-02 16:55:00.066,11,1.1944444,8.03,0.49,UTC+0200,NA9l677+ml,com.sec.android.app.shealth,2025-05-02 16:54:00.000,25bde040-f2dd-4eeb-898e-7f199cf8fac8,
35505,4,0,55,2025-05-02 16:58:00.000,,,2025-05-02 17:00:00.073,2025-05-02 16:58:37.193,55,1.108858,39.370003,2.3899999,UTC+0200,NA9l677+ml,com.sec.android.app.shealth,2025-05-02 16:59:00.000,c155efa8-c6af-438c-87ae-ccd72a816bb5,
27025,4,0,44,2025-05-02 17:00:00.000,,,2025-05-02 17:15:00.059,2025-05-02 17:15:00.059,44,1.1944444,32.28,1.93,UTC+0200,NA9l677+ml,com.sec.android.app.shealth,2025-05-02 17:01:00.000,b5e5118a-31c0-44f5-8ab5-d38fe5c1cece,
40530,4,0,69,2025-05-02 17:45:00.000,,,2025-05-02 17:46:29.709,2025-05-02 17:45:49.746,69,1.2526352,50.769997,3.07,UTC+0200,NA9l677+ml,com.sec.android.app.shealth,2025-05-02 17:46:00.000,a6de8f93-8b84-4d31-943a-e3b5d98c3ee2,
37133,4,0,65,2025-05-02 17:46:00.000,,,2025-05-02 17:46:50.857,2025-05-02 17:46:29.851,65,1.3028517,48.379997,2.7399998,UTC+0200,NA9l677+ml,com.sec.android.app.shealth,2025-05-02 17:47:00.000,bb4ac066-c901-4a80-aae6-74cb5a0733ec,
21693,4,0,38,2025-05-02 17:47:00.000,,,2025-05-02 17:52:46.959,2025-05-02 17:52:46.959,38,1.2777778,27.72,1.75,UTC+0200,NA9l677+ml,com.sec.android.app.shealth,2025-05-02 17:48:00.000,3b366482-5d62-4af3-9600-a874cd2ad1f5,
10916,4,0,14,2025-05-02 17:50:00.000,,,2025-05-02 17:52:47.040,2025-05-02 17:52:47.040,14,0.8611111,9.4,0.74,UTC+0200,NA9l677+ml,com.sec.android.app.shealth,2025-05-02 17:51:00.000,4cebc90d-b310-43e2-b365-846d16adfcca,
4176,4,0,10,2025-05-02 20:43:00.000,,,2025-05-02 20:43:31.404,2025-05-02 20:43:31.404,10,1.9444444,8.12,0.44,UTC+0200,NA9l677+ml,com.sec.android.app.shealth,2025-05-02 20:44:00.000,f9f5addb-5ddf-44c2-807b-99ee9cc37504,
20473,4,0,26,2025-05-03 04:06:00.000,,,2025-05-03 04:10:39.182,2025-05-03 04:10:39.182,26,0.8611111,17.63,1.23,UTC+0200,NA9l677+ml,com.sec.android.app.shealth,2025-05-03 04:07:00.000,88525e0d-3d35-4753-940e-99bfeda18870,
12478,4,0,29,2025-05-03 04:09:00.000,,,2025-05-03 04:10:39.686,2025-05-03 04:10:39.686,29,1.8888888,23.57,1.4,UTC+0200,NA9l677+ml,com.sec.android.app.shealth,2025-05-03 04:10:00.000,570fd34f-5d45-4f0f-8ded-c1f32b5634e2,
15781,4,0,30,2025-05-03 04:52:00.000,,,2025-05-03 04:54:16.955,2025-05-03 04:52:43.558,30,1.4535894,22.939999,1.3,UTC+0200,NA9l677+ml,com.sec.android.app.shealth,2025-05-03 04:53:00.000,2c4909b8-6d46-4e53-ba6b-b74f9a6f61e4,
59032,4,0,101,2025-05-03 04:53:00.000,,,2025-05-03 04:54:17.023,2025-05-03 04:54:17.023,101,1.25,73.79,4.35,UTC+0200,NA9l677+ml,com.sec.android.app.shealth,2025-05-03 04:54:00.000,e2506f85-2ca8-4e71-8382-7d679e256c4e,
60000,4,0,102,2025-05-03 04:54:00.000,,,2025-05-03 04:55:00.032,2025-05-03 04:54:17.096,102,1.2431667,74.59,4.08,UTC+0200,NA9l677+ml,com.sec.android.app.shealth,2025-05-03 04:55:00.000,b2031ca5-5dfa-484c-96ae-66e376e634bb,
46900,4,0,82,2025-05-03 04:55:00.000,,,2025-05-03 04:58:09.718,2025-05-03 04:55:31.113,82,1.2906002,60.530006,3.33,UTC+0200,NA9l677+ml,com.sec.android.app.shealth,2025-05-03 04:56:00.000,20fd4ee2-2039-4469-991d-fdac6c157725,
16884,4,0,26,2025-05-03 04:57:00.000,,,2025-05-03 04:58:09.810,2025-05-03 04:58:09.810,26,1.1111112,18.76,1.21,UTC+0200,NA9l677+ml,com.sec.android.app.shealth,2025-05-03 04:58:00.000,8a4050e3-9853-4b58-870c-5deec67a676a,
20130,4,0,29,2025-05-03 04:58:00.000,,,2025-05-03 05:01:39.843,2025-05-03 05:01:39.843,29,1.0277778,20.69,1.37,UTC+0200,NA9l677+ml,com.sec.android.app.shealth,2025-05-03 04:59:00.000,d95ac3f8-c06e-4d0a-ada2-7e0b386e8ad9,
27570,4,0,39,2025-05-03 04:59:00.000,,,2025-05-03 05:01:39.952,2025-05-03 05:01:39.952,39,1.0,27.57,1.81,UTC+0200,NA9l677+ml,com.sec.android.app.shealth,2025-05-03 05:00:00.000,a6ff8e13-0aee-486a-af66-b1a9aef09012,
14759,4,0,20,2025-05-03 05:00:00.000,,,2025-05-03 05:01:39.996,2025-05-03 05:01:39.996,20,0.9444444,13.94,0.94,UTC+0200,NA9l677+ml,com.sec.android.app.shealth,2025-05-03 05:01:00.000,f2dc5f07-a7ba-44f2-995f-4cda4db3716e,
10138,4,0,13,2025-05-03 05:02:00.000,,,2025-05-03 05:07:00.145,2025-05-03 05:07:00.145,13,0.8611111,8.73,0.62,UTC+0200,NA9l677+ml,com.sec.android.app.shealth,2025-05-03 05:03:00.000,af0b2b0c-3c84-48ed-83b3-d7a9e97defb9,
5780,4,0,8,2025-05-03 05:03:00.000,,,2025-05-03 05:07:00.225,2025-05-03 05:07:00.225,8,0.9722222,5.62,0.36,UTC+0200,NA9l677+ml,com.sec.android.app.shealth,2025-05-03 05:04:00.000,7987b23d-a881-4bb1-88e6-b9a95eb61fd0,
10916,4,0,14,2025-05-03 05:05:00.000,,,2025-05-03 05:07:00.281,2025-05-03 05:07:00.281,14,0.8611111,9.4,0.73,UTC+0200,NA9l677+ml,com.sec.android.app.shealth,2025-05-03 05:06:00.000,908e00aa-4c0c-4d72-b6db-3040e384c0b0,
20192,4,0,27,2025-05-03 05:06:00.000,,,2025-05-03 05:07:00.345,2025-05-03 05:07:00.345,27,0.9166667,18.51,1.27,UTC+0200,NA9l677+ml,com.sec.android.app.shealth,2025-05-03 05:07:00.000,689ed0d5-a426-47e7-8712-b605edd79631,
29103,4,0,43,2025-05-03 05:07:00.000,,,2025-05-03 05:08:58.612,2025-05-03 05:07:01.812,43,1.0431749,30.36,2.03,UTC+0200,NA9l677+ml,com.sec.android.app.shealth,2025-05-03 05:08:00.000,03ee8427-30d7-46c6-b8cc-b70c9760b41a,
24728,4,0,40,2025-05-03 05:08:00.000,,,2025-05-03 05:08:58.807,2025-05-03 05:08:58.807,40,1.1666666,28.85,1.87,UTC+0200,NA9l677+ml,com.sec.android.app.shealth,2025-05-03 05:09:00.000,6126d152-a20f-43ae-ab9f-cdbbe7b28174,
5783,4,0,10,2025-05-03 05:09:00.000,,,2025-05-03 05:09:18.830,2025-05-03 05:09:18.830,10,1.2777778,7.39,0.56,UTC+0200,NA9l677+ml,com.sec.android.app.shealth,2025-05-03 05:10:00.000,42b7331f-dc60-44e3-be75-bb73e09ae13b,
21122,4,0,41,2025-05-03 05:13:00.000,,,2025-05-03 05:14:58.670,2025-05-03 05:14:58.670,41,1.4444444,30.51,1.87,UTC+0200,NA9l677+ml,com.sec.android.app.shealth,2025-05-03 05:14:00.000,f9e8a3d9-7f39-433b-b461-6ba82f5e4221,
18997,4,0,35,2025-05-03 05:14:00.000,,,2025-05-03 05:14:58.710,2025-05-03 05:14:58.710,35,1.3333334,25.33,1.69,UTC+0200,NA9l677+ml,com.sec.android.app.shealth,2025-05-03 05:15:00.000,64001b26-6ea4-4d04-ae37-26f57f03f7fc,
48261,4,0,81,2025-05-03 05:16:00.000,,,2025-05-03 05:17:53.182,2025-05-03 05:16:18.579,81,1.2252066,59.129997,3.33,UTC+0200,NA9l677+ml,com.sec.android.app.shealth,2025-05-03 05:17:00.000,68c91cd2-3207-4c07-ba5d-d3e5d0f6780d,
47206,4,0,82,2025-05-03 05:17:00.000,,,2025-05-03 05:17:53.330,2025-05-03 05:17:53.330,82,1.2777778,60.32,3.37,UTC+0200,NA9l677+ml,com.sec.android.app.shealth,2025-05-03 05:18:00.000,30f47747-3a67-485f-a867-a0a96c93bcc7,
60000,4,0,103,2025-05-03 05:18:00.000,,,2025-05-03 05:19:00.112,2025-05-03 05:19:00.112,103,1.2593333,75.56,4.29,UTC+0200,NA9l677+ml,com.sec.android.app.shealth,2025-05-03 05:19:00.000,6c68c036-2f30-428b-ad6b-a709ec8c90e9,
15369,4,0,28,2025-05-03 05:19:00.000,,,2025-05-03 05:22:04.701,2025-05-03 05:22:04.701,28,1.3611112,20.92,1.23,UTC+0200,NA9l677+ml,com.sec.android.app.shealth,2025-05-03 05:20:00.000,eeeaf8ca-09a7-4308-b693-bb68c8086d76,
59694,4,0,100,2025-05-03 05:20:00.000,,,2025-05-03 05:22:04.866,2025-05-03 05:22:04.866,100,1.2222222,72.96,4.23,UTC+0200,NA9l677+ml,com.sec.android.app.shealth,2025-05-03 05:21:00.000,b52c942b-55a8-4bca-95e9-dc5c68003926,
31244,4,0,51,2025-05-03 05:21:00.000,,,2025-05-03 05:22:04.929,2025-05-03 05:22:04.929,51,1.1944444,37.32,2.37,UTC+0200,NA9l677+ml,com.sec.android.app.shealth,2025-05-03 05:22:00.000,6d419a74-43ba-49eb-b0b6-54d4e5d33d8b,
6260,4,0,11,2025-05-03 05:22:00.000,,,2025-05-03 05:23:32.947,2025-05-03 05:23:32.947,11,1.2777778,8.0,0.51,UTC+0200,NA9l677+ml,com.sec.android.app.shealth,2025-05-03 05:23:00.000,9a42d64c-8392-45f7-a20d-c85bba9c3bc5,
17213,4,0,28,2025-05-03 05:25:00.000,,,2025-05-03 05:26:16.792,2025-05-03 05:26:16.792,28,1.1944444,20.56,1.23,UTC+0200,NA9l677+ml,com.sec.android.app.shealth,2025-05-03 05:26:00.000,83afe3d5-5ec3-46d8-94fe-991dd5388e31,
42164,4,0,61,2025-05-03 05:56:00.000,,,2025-05-03 05:58:05.330,2025-05-03 05:56:38.869,61,1.0221851,43.1,2.7,UTC+0200,NA9l677+ml,com.sec.android.app.shealth,2025-05-03 05:57:00.000,732da799-ea07-4ee0-b026-a278deebd491,
5997,4,0,10,2025-05-03 05:57:00.000,,,2025-05-03 05:58:05.533,2025-05-03 05:58:05.533,10,1.2222222,7.33,0.44,UTC+0200,NA9l677+ml,com.sec.android.app.shealth,2025-05-03 05:58:00.000,cb519b9a-7a18-4b63-a837-c64945f97d86,
5479,4,0,10,2025-05-03 05:58:00.000,,,2025-05-03 05:58:21.062,2025-05-03 05:58:21.062,10,1.3888888,7.61,0.42,UTC+0200,NA9l677+ml,com.sec.android.app.shealth,2025-05-03 05:59:00.000,8b36c602-8e19-4366-b695-bed63fff970f,
18825,4,0,29,2025-05-03 06:41:00.000,,,2025-05-03 06:42:00.032,2025-05-03 06:41:59.983,29,1.0852249,20.43,1.3199999,UTC+0200,NA9l677+ml,com.sec.android.app.shealth,2025-05-03 06:42:00.000,55a3718e-8618-4cb2-b9fb-4de780202adf,
55998,4,0,92,2025-05-03 06:42:00.000,,,2025-05-03 06:44:13.541,2025-05-03 06:42:15.544,92,1.1953824,66.94,3.92,UTC+0200,NA9l677+ml,com.sec.android.app.shealth,2025-05-03 06:43:00.000,35efc946-48a7-44c2-ab61-b4714f5787da,
58442,4,0,98,2025-05-03 06:43:00.000,,,2025-05-03 06:44:13.692,2025-05-03 06:44:13.692,98,1.2222222,71.43,4.1,UTC+0200,NA9l677+ml,com.sec.android.app.shealth,2025-05-03 06:44:00.000,a5fcda13-5b49-433a-926b-af9f4f83ef7b,
4601,4,0,8,2025-05-03 06:44:00.000,,,2025-05-03 06:44:13.750,2025-05-03 06:44:13.750,8,1.2777778,5.88,0.4,UTC+0200,NA9l677+ml,com.sec.android.app.shealth,2025-05-03 06:45:00.000,1e16fa94-d2cd-4bc8-bd7a-20bd79856815,
18435,4,0,33,2025-05-03 06:48:00.000,,,2025-05-03 06:50:49.104,2025-05-03 06:50:49.104,33,1.3333334,24.58,1.52,UTC+0200,NA9l677+ml,com.sec.android.app.shealth,2025-05-03 06:49:00.000,d25e864c-b87d-4dfa-ae4e-b5b1503c464d,
46729,4,0,81,2025-05-03 06:49:00.000,,,2025-05-03 06:50:49.327,2025-05-03 06:50:49.327,81,1.2777778,59.71,3.31,UTC+0200,NA9l677+ml,com.sec.android.app.shealth,2025-05-03 06:50:00.000,c12288cf-a79f-4e00-8ecb-94d2b6e55143,
54209,4,0,90,2025-05-03 06:50:00.000,,,2025-05-03 06:55:00.079,2025-05-03 06:50:49.390,90,1.2077142,65.47,3.9899998,UTC+0200,NA9l677+ml,com.sec.android.app.shealth,2025-05-03 06:51:00.000,4763420e-b815-4bff-ae45-e1545f812741,
59714,4,0,105,2025-05-03 06:51:00.000,,,2025-05-03 06:55:00.192,2025-05-03 06:55:00.192,105,1.3055556,77.96,4.24,UTC+0200,NA9l677+ml,com.sec.android.app.shealth,2025-05-03 06:52:00.000,fb034d56-4ac7-46e3-af73-a0a26f97cda4,
47544,4,0,81,2025-05-03 06:52:00.000,,,2025-05-03 06:55:00.228,2025-05-03 06:55:00.228,81,1.25,59.43,3.59,UTC+0200,NA9l677+ml,com.sec.android.app.shealth,2025-05-03 06:53:00.000,2115144a-59a3-4dd6-aa8d-dc6163a22504,
5437,4,0,14,2025-05-03 07:05:00.000,,,2025-05-03 07:13:00.747,2025-05-03 07:13:00.747,14,2.1111112,11.48,0.59,UTC+0200,NA9l677+ml,com.sec.android.app.shealth,2025-05-03 07:06:00.000,8f895648-dd07-4d4c-ac46-6e1f8ffcff76,
20473,4,0,31,2025-05-03 07:13:00.000,,,2025-05-03 07:15:00.057,2025-05-03 07:15:00.057,31,1.0833334,22.18,1.43,UTC+0200,NA9l677+ml,com.sec.android.app.shealth,2025-05-03 07:14:00.000,455d87b8-8963-416c-b1a7-33a10569ce81,
30024,4,0,46,2025-05-03 07:14:00.000,,,2025-05-03 07:15:00.206,2025-05-03 07:15:00.206,46,1.1111112,33.36,2.16,UTC+0200,NA9l677+ml,com.sec.android.app.shealth,2025-05-03 07:15:00.000,cb8830bb-36dc-4870-be85-5ecfaf0aa7c2,
9378,4,0,14,2025-05-03 07:18:00.000,,,2025-05-03 07:19:01.355,2025-05-03 07:19:01.355,14,1.0555556,9.9,0.62,UTC+0200,NA9l677+ml,com.sec.android.app.shealth,2025-05-03 07:19:00.000,8fee639b-e0f7-49b5-a9f8-f1b5b0dc920a,
39618,4,0,68,2025-05-03 09:34:00.000,,,2025-05-03 09:35:00.031,2025-05-03 09:34:43.603,68,1.2824799,50.809998,2.8899999,UTC+0200,NA9l677+ml,com.sec.android.app.shealth,2025-05-03 09:35:00.000,69beef31-a4b9-40af-b3b8-012eec3dd042,
56850,4,0,103,2025-05-03 09:35:00.000,,,2025-05-03 09:36:53.719,2025-05-03 09:36:53.719,103,1.3611112,77.38,4.36,UTC+0200,NA9l677+ml,com.sec.android.app.shealth,2025-05-03 09:36:00.000,ef632a87-ca72-4df0-a395-17c302848d76,
41661,4,0,73,2025-05-03 09:36:00.000,,,2025-05-03 09:44:51.435,2025-05-03 09:36:53.779,73,1.3009517,54.200005,3.19,UTC+0200,NA9l677+ml,com.sec.android.app.shealth,2025-05-03 09:37:00.000,ab4e0b4c-e0b2-44ba-9cbc-7b52f45afe96,
26348,4,0,43,2025-05-03 09:37:00.000,,,2025-05-03 09:44:51.612,2025-05-03 09:44:51.612,43,1.1666666,30.74,1.95,UTC+0200,NA9l677+ml,com.sec.android.app.shealth,2025-05-03 09:38:00.000,dd167016-b3c2-4c5a-8377-c8f6279d0002,
9877,4,0,13,2025-05-03 09:38:00.000,,,2025-05-03 09:44:51.716,2025-05-03 09:44:51.716,13,0.88888884,8.78,0.64,UTC+0200,NA9l677+ml,com.sec.android.app.shealth,2025-05-03 09:39:00.000,55f29903-6510-4034-aaca-c1932e892199,
6383,4,0,10,2025-05-03 09:45:00.000,,,2025-05-03 09:48:55.400,2025-05-03 09:48:55.400,10,1.1388888,7.27,0.42,UTC+0200,NA9l677+ml,com.sec.android.app.shealth,2025-05-03 09:46:00.000,b4ae9719-14e9-453a-85ca-b51a0c91435d,
60000,4,0,113,2025-05-03 09:49:00.000,,,2025-05-03 09:55:00.082,2025-05-03 09:55:00.082,113,1.394,83.64,4.64,UTC+0200,NA9l677+ml,com.sec.android.app.shealth,2025-05-03 09:50:00.000,67e57136-08b6-40c9-aeb9-4183e80c08bb,
32657,4,0,59,2025-05-03 09:50:00.000,,,2025-05-03 09:55:00.158,2025-05-03 09:55:00.158,59,1.3611112,44.45,2.44,UTC+0200,NA9l677+ml,com.sec.android.app.shealth,2025-05-03 09:51:00.000,17c593f5-eb26-499b-9108-19ce9ea46158,
28132,4,0,50,2025-05-03 09:51:00.000,,,2025-05-03 09:55:00.193,2025-05-03 09:55:00.193,50,1.3333334,37.51,2.04,UTC+0200,NA9l677+ml,com.sec.android.app.shealth,2025-05-03 09:52:00.000,52cdf71e-8e1e-41b8-bae0-9b408d273ab2,
59182,4,0,105,2025-05-03 09:52:00.000,,,2025-05-03 09:55:00.242,2025-05-03 09:55:00.242,105,1.3333334,78.91,4.24,UTC+0200,NA9l677+ml,com.sec.android.app.shealth,2025-05-03 09:53:00.000,798eae19-b8eb-4f0e-9f4f-f7b7a60e22f3,
52657,4,0,94,2025-05-03 09:53:00.000,,,2025-05-03 09:55:00.285,2025-05-03 09:55:00.285,94,1.3333334,70.21,3.87,UTC+0200,NA9l677+ml,com.sec.android.app.shealth,2025-05-03 09:54:00.000,bdab8493-72b3-4f43-865a-2ec415434ab7,
59400,4,2,99,2025-05-03 09:54:00.000,,,2025-05-03 09:55:00.333,2025-05-03 09:55:00.333,101,1.25,74.25,4.41,UTC+0200,NA9l677+ml,com.sec.android.app.shealth,2025-05-03 09:55:00.000,c0f05c27-aede-4807-bb01-5eddebe9a37b,
5350,4,0,9,2025-05-03 09:55:00.000,,,2025-05-03 09:57:02.442,2025-05-03 09:57:02.442,9,1.2222222,6.54,0.42,UTC+0200,NA9l677+ml,com.sec.android.app.shealth,2025-05-03 09:56:00.000,83e9502b-edab-4a31-acaf-4265c16a0768,
19710,4,0,28,2025-05-03 10:11:00.000,,,2025-05-03 10:11:50.118,2025-05-03 10:11:50.118,28,1.0,19.71,1.35,UTC+0200,NA9l677+ml,com.sec.android.app.shealth,2025-05-03 10:12:00.000,a42b9f52-8422-4fc9-bb65-ae233b4286a7,
33151,4,0,45,2025-05-03 10:13:00.000,,,2025-05-03 10:15:00.060,2025-05-03 10:15:00.060,45,0.94444454,31.31,2.04,UTC+0200,NA9l677+ml,com.sec.android.app.shealth,2025-05-03 10:14:00.000,e00508c0-e0e9-400e-94f5-8c8c25f4e078,
12181,4,0,24,2025-05-03 10:15:00.000,,,2025-05-03 10:16:01.399,2025-05-03 10:16:01.399,24,1.5277778,18.61,1.07,UTC+0200,NA9l677+ml,com.sec.android.app.shealth,2025-05-03 10:16:00.000,7aa7d908-be75-4d68-9970-20298fdcb036,
7890,4,0,14,2025-05-03 10:16:00.000,,,2025-05-03 10:17:40.346,2025-05-03 10:17:40.346,14,1.3333334,10.52,0.63,UTC+0200,NA9l677+ml,com.sec.android.app.shealth,2025-05-03 10:17:00.000,7b7cf757-a417-44b7-a2d2-b36b37963a1f,
9120,4,0,13,2025-05-03 10:52:00.000,,,2025-05-03 10:53:02.436,2025-05-03 10:53:02.436,13,1.0,9.12,0.56,UTC+0200,NA9l677+ml,com.sec.android.app.shealth,2025-05-03 10:53:00.000,04c68c2b-2394-4c28-8a9b-4f2f7da556e5,
29642,4,0,50,2025-05-03 10:53:00.000,,,2025-05-03 10:54:56.559,2025-05-03 10:54:56.559,50,1.2222222,36.23,2.12,UTC+0200,NA9l677+ml,com.sec.android.app.shealth,2025-05-03 10:54:00.000,92c2e97e-90fd-4de9-8b2f-6c9822e5ac7b,
7682,4,0,12,2025-05-03 10:54:00.000,,,2025-05-03 10:54:56.690,2025-05-03 10:54:56.690,12,1.1388888,8.75,0.52,UTC+0200,NA9l677+ml,com.sec.android.app.shealth,2025-05-03 10:55:00.000,d51d70ae-dd7b-4131-a2dc-2606f5de28bc,
9202,4,0,12,2025-05-03 11:21:00.000,,,2025-05-03 11:22:03.741,2025-05-03 11:22:03.741,12,0.8888889,8.18,0.56,UTC+0200,NA9l677+ml,com.sec.android.app.shealth,2025-05-03 11:22:00.000,f10619af-cc6b-4657-ae57-65a4c67e2544,
7206,4,0,15,2025-05-03 11:28:00.000,,,2025-05-03 11:30:28.866,2025-05-03 11:30:28.866,15,1.6111112,11.61,0.67,UTC+0200,NA9l677+ml,com.sec.android.app.shealth,2025-05-03 11:29:00.000,d4427352-1fdf-4665-ae7c-9a5c247b9343,
475,4,0,1,2025-05-03 11:29:00.000,,,2025-05-03 11:30:28.992,2025-05-03 11:30:28.992,1,1.6388888,0.78,0.05,UTC+0200,NA9l677+ml,com.sec.android.app.shealth,2025-05-03 11:30:00.000,b2f6cd3a-e18f-4025-b910-7de187d6dff6,
18259,4,0,30,2025-05-03 12:02:00.000,,,2025-05-03 12:03:15.530,2025-05-03 12:03:15.530,30,1.1944444,21.81,1.26,UTC+0200,NA9l677+ml,com.sec.android.app.shealth,2025-05-03 12:03:00.000,4ef7b819-f539-4d5d-9a32-dbab976ab96e,
23712,4,0,35,2025-05-03 12:03:00.000,,,2025-05-03 12:04:03.362,2025-05-03 12:03:15.580,35,1.0437412,24.75,1.59,UTC+0200,NA9l677+ml,com.sec.android.app.shealth,2025-05-03 12:04:00.000,c7b9241d-35a9-48e9-88b2-ac75cb34cefd,
21247,4,0,37,2025-05-03 13:05:00.000,,,2025-05-03 13:06:33.522,2025-05-03 13:06:33.522,37,1.2777778,27.15,1.71,UTC+0200,NA9l677+ml,com.sec.android.app.shealth,2025-05-03 13:06:00.000,7ebc6298-9076-4acd-95e8-0a5abd6c34c1,
12550,4,0,21,2025-05-03 13:06:00.000,,,2025-05-03 13:06:33.608,2025-05-03 13:06:33.608,21,1.2222222,15.34,0.95,UTC+0200,NA9l677+ml,com.sec.android.app.shealth,2025-05-03 13:07:00.000,d65234ec-88d2-4d2b-afee-95a0646c9848,
29178,4,0,45,2025-05-03 13:29:00.000,,,2025-05-03 13:30:34.397,2025-05-03 13:30:34.397,45,1.0833334,31.61,2.01,UTC+0200,NA9l677+ml,com.sec.android.app.shealth,2025-05-03 13:30:00.000,2f83a0f7-7af6-45c0-b687-9323b1c2be0f,
15370,4,0,31,2025-05-03 13:30:00.000,,,2025-05-03 13:30:34.478,2025-05-03 13:30:34.478,31,1.5555556,23.91,1.48,UTC+0200,NA9l677+ml,com.sec.android.app.shealth,2025-05-03 13:31:00.000,3b674a06-ab96-46ee-9ca6-9b117c3694aa,
29826,4,0,49,2025-05-03 13:31:00.000,,,2025-05-03 13:31:58.331,2025-05-03 13:31:56.643,49,1.2167172,36.29,2.31,UTC+0200,NA9l677+ml,com.sec.android.app.shealth,2025-05-03 13:32:00.000,89d02870-af69-4971-9440-56063b40a512,
16740,4,0,24,2025-05-03 13:32:00.000,,,2025-05-03 13:34:59.927,2025-05-03 13:34:59.927,24,1.0555556,17.67,1.01,UTC+0200,NA9l677+ml,com.sec.android.app.shealth,2025-05-03 13:33:00.000,32997c62-cde9-43a8-98d1-4337e8f9974e,
15584,4,1,22,2025-05-03 13:33:00.000,,,2025-05-03 13:35:00.026,2025-05-03 13:35:00.026,23,1.0555556,16.45,1.13,UTC+0200,NA9l677+ml,com.sec.android.app.shealth,2025-05-03 13:34:00.000,032c7cbd-58b3-44c6-9585-9ac8d01aeffe,
12021,4,0,21,2025-05-03 13:35:00.000,,,2025-05-03 13:40:09.760,2025-05-03 13:35:47.339,21,1.3135121,15.79,0.99,UTC+0200,NA9l677+ml,com.sec.android.app.shealth,2025-05-03 13:36:00.000,f61119aa-4860-4d24-8d04-31aca77e0df9,
7173,4,0,14,2025-05-03 13:36:00.000,,,2025-05-03 13:40:09.933,2025-05-03 13:40:09.933,14,1.5277778,10.96,0.55,UTC+0200,NA9l677+ml,com.sec.android.app.shealth,2025-05-03 13:37:00.000,a2a108f9-a045-45d8-abe2-dcea36a837e9,
41150,4,0,63,2025-05-03 13:38:00.000,,,2025-05-03 13:40:09.990,2025-05-03 13:40:09.990,63,1.0833334,44.58,2.9,UTC+0200,NA9l677+ml,com.sec.android.app.shealth,2025-05-03 13:39:00.000,a4577b8c-96dc-4b75-bc8c-9be62a9b5a5e,
40840,4,0,69,2025-05-03 13:39:00.000,,,2025-05-03 13:40:10.068,2025-05-03 13:40:10.068,69,1.25,51.05,3.04,UTC+0200,NA9l677+ml,com.sec.android.app.shealth,2025-05-03 13:40:00.000,9a6abaa0-ecde-4434-8237-7432c8ab200f,
15074,4,0,26,2025-05-03 13:40:00.000,,,2025-05-03 13:41:43.688,2025-05-03 13:41:43.688,26,1.3055556,19.68,1.17,UTC+0200,NA9l677+ml,com.sec.android.app.shealth,2025-05-03 13:41:00.000,b0f7eb52-9348-46bf-a5db-f2cf82788ab1,
12934,4,0,23,2025-05-03 13:41:00.000,,,2025-05-03 13:47:35.547,2025-05-03 13:41:43.741,23,1.3267152,17.16,1.0600001,UTC+0200,NA9l677+ml,com.sec.android.app.shealth,2025-05-03 13:42:00.000,69976025-2ad5-4278-b3f4-97859de816b6,
13235,4,0,18,2025-05-03 13:42:00.000,,,2025-05-03 13:47:35.679,2025-05-03 13:47:35.679,18,0.9444444,12.5,0.83,UTC+0200,NA9l677+ml,com.sec.android.app.shealth,2025-05-03 13:43:00.000,affff6ce-7d55-4ebf-b3cd-93eec759dbfe,
25790,4,0,37,2025-05-03 13:43:00.000,,,2025-05-03 13:47:35.734,2025-05-03 13:47:35.734,37,1.0,25.79,1.74,UTC+0200,NA9l677+ml,com.sec.android.app.shealth,2025-05-03 13:44:00.000,2cef3dd3-9cf3-4dd6-a0ee-f120572bb659,
14211,4,0,22,2025-05-03 13:44:00.000,,,2025-05-03 13:47:35.771,2025-05-03 13:47:35.771,22,1.1111112,15.79,1.01,UTC+0200,NA9l677+ml,com.sec.android.app.shealth,2025-05-03 13:45:00.000,27d6a7a3-3e7e-413e-996e-aa5bb50703ca,
28810,4,0,40,2025-05-03 13:45:00.000,,,2025-05-03 13:47:35.818,2025-05-03 13:47:35.818,40,0.9722222,28.01,1.88,UTC+0200,NA9l677+ml,com.sec.android.app.shealth,2025-05-03 13:46:00.000,c0a7f025-67a6-4e78-851c-24f5d7e76db8,
28408,4,0,39,2025-05-03 13:46:00.000,,,2025-05-03 13:47:35.864,2025-05-03 13:47:35.864,39,0.9444444,26.83,1.87,UTC+0200,NA9l677+ml,com.sec.android.app.shealth,2025-05-03 13:47:00.000,bdb5c4fa-404d-4233-9335-5dc2d529aa79,
37825,4,0,55,2025-05-03 13:47:00.000,,,2025-05-03 13:47:39.887,2025-05-03 13:47:35.903,55,1.0217868,38.649998,2.4199998,UTC+0200,NA9l677+ml,com.sec.android.app.shealth,2025-05-03 13:48:00.000,af1f2f99-f81d-48b5-a9fb-c4ee1ee4c26a,
17566,4,0,27,2025-05-03 13:48:00.000,,,2025-05-03 13:52:08.285,2025-05-03 13:52:08.285,27,1.0833334,19.03,1.24,UTC+0200,NA9l677+ml,com.sec.android.app.shealth,2025-05-03 13:49:00.000,212fe735-8b8e-4201-bcf6-6621154f6182,
38890,4,0,55,2025-05-03 13:49:00.000,,,2025-05-03 13:52:08.362,2025-05-03 13:52:08.362,55,1.0,38.89,2.57,UTC+0200,NA9l677+ml,com.sec.android.app.shealth,2025-05-03 13:50:00.000,0f6b7e4e-1910-453c-882c-8e05d36b3175,
10950,4,0,14,2025-05-03 13:50:00.000,,,2025-05-03 13:52:08.427,2025-05-03 13:52:08.427,14,0.8611111,9.43,0.66,UTC+0200,NA9l677+ml,com.sec.android.app.shealth,2025-05-03 13:51:00.000,47867761-c078-42ac-b3d5-d9783c4ed8b3,
20235,4,0,30,2025-05-03 13:51:00.000,,,2025-05-03 13:52:08.468,2025-05-03 13:52:08.468,30,1.0555555,21.36,1.49,UTC+0200,NA9l677+ml,com.sec.android.app.shealth,2025-05-03 13:52:00.000,9fda75ed-9699-4187-b5c3-44a9a27bb4c2,
10525,4,0,17,2025-05-03 13:52:00.000,,,2025-05-03 13:54:12.711,2025-05-03 13:54:12.711,17,1.1666666,12.28,0.72,UTC+0200,NA9l677+ml,com.sec.android.app.shealth,2025-05-03 13:53:00.000,0e1a508a-4e4b-4833-962f-0949bedbc672,
7665,4,0,12,2025-05-03 13:54:00.000,,,2025-05-03 13:54:59.919,2025-05-03 13:54:59.919,12,1.1388888,8.73,0.69,UTC+0200,NA9l677+ml,com.sec.android.app.shealth,2025-05-03 13:55:00.000,70da61d1-73c4-40e5-aa8a-b78ca9a0a3f8,
25935,4,0,40,2025-05-03 13:55:00.000,,,2025-05-03 13:57:05.562,2025-05-03 13:55:29.656,40,1.1054277,28.669998,1.77,UTC+0200,NA9l677+ml,com.sec.android.app.shealth,2025-05-03 13:56:00.000,f4b187e8-a8b1-44cc-b3eb-13db99621d5e,
11973,4,0,22,2025-05-03 13:56:00.000,,,2025-05-03 13:57:05.757,2025-05-03 13:57:05.757,22,1.3888888,16.63,0.93,UTC+0200,NA9l677+ml,com.sec.android.app.shealth,2025-05-03 13:57:00.000,79995449-e08d-463f-8a75-e0ca403f863a,
19174,4,0,33,2025-05-03 17:33:00.000,,,2025-05-03 17:33:22.851,2025-05-03 17:33:18.946,33,1.2657324,24.269995,1.4399997,UTC+0200,NA9l677+ml,com.sec.android.app.shealth,2025-05-03 17:34:00.000,77823062-ed6a-4f8b-92f9-2766e04226c9,
6458,4,0,12,2025-05-03 17:35:00.000,,,2025-05-03 17:35:04.949,2025-05-03 17:35:04.949,12,1.4166666,9.15,0.51,UTC+0200,NA9l677+ml,com.sec.android.app.shealth,2025-05-03 17:36:00.000,aeb6aee1-eea0-4a02-8db0-23de5f105c26,
8288,4,0,14,2025-05-05 06:26:00.000,,,2025-05-05 06:27:37.962,2025-05-05 06:27:37.962,14,1.25,10.36,0.61,UTC+0200,NA9l677+ml,com.sec.android.app.shealth,2025-05-05 06:27:00.000,29a8946e-7691-4c9b-b5b1-ea792c7bb80a,
25756,4,0,43,2025-05-05 06:27:00.000,,,2025-05-05 06:27:38.247,2025-05-05 06:27:38.247,43,1.2222222,31.48,1.88,UTC+0200,NA9l677+ml,com.sec.android.app.shealth,2025-05-05 06:28:00.000,7a2a1877-fdfb-4984-b077-b352441e56c3,
21290,4,0,35,2025-05-05 06:28:00.000,,,2025-05-05 06:29:21.460,2025-05-05 06:29:21.460,35,1.1944444,25.43,1.52,UTC+0200,NA9l677+ml,com.sec.android.app.shealth,2025-05-05 06:29:00.000,90d39f3b-dc1e-4585-b76a-866696e64a33,
31099,4,0,56,2025-05-05 06:29:00.000,,,2025-05-05 06:29:59.065,2025-05-05 06:29:30.857,56,1.3501959,41.99,2.4399998,UTC+0200,NA9l677+ml,com.sec.android.app.shealth,2025-05-05 06:30:00.000,de3f8879-126c-4c22-8409-d8657d696a6b,
28887,4,0,46,2025-05-05 06:30:00.000,,,2025-05-05 06:31:24.119,2025-05-05 06:31:24.119,46,1.1388888,32.9,2.03,UTC+0200,NA9l677+ml,com.sec.android.app.shealth,2025-05-05 06:31:00.000,b9eee746-b75a-48cd-a8da-9b5539d90038,
13834,4,0,25,2025-05-05 06:31:00.000,,,2025-05-05 06:31:24.174,2025-05-05 06:31:24.174,25,1.3611112,18.83,1.14,UTC+0200,NA9l677+ml,com.sec.android.app.shealth,2025-05-05 06:32:00.000,4e8efc45-1d95-4300-9764-4888644c8730,
11007,4,0,18,2025-05-05 06:32:00.000,,,2025-05-05 06:32:59.765,2025-05-05 06:32:59.035,18,1.1928654,13.129999,0.81,UTC+0200,NA9l677+ml,com.sec.android.app.shealth,2025-05-05 06:33:00.000,d8744141-a7a8-4a74-b34f-ddb594125f5b,
14348,4,0,26,2025-05-05 06:33:00.000,,,2025-05-05 06:33:53.902,2025-05-05 06:33:53.902,26,1.3611112,19.53,1.11,UTC+0200,NA9l677+ml,com.sec.android.app.shealth,2025-05-05 06:34:00.000,7791ab73-fd4a-4976-9496-6dada40197ed,
11860,4,0,17,2025-05-05 06:36:00.000,,,2025-05-05 06:36:46.662,2025-05-05 06:36:46.662,17,1.0,11.86,0.82,UTC+0200,NA9l677+ml,com.sec.android.app.shealth,2025-05-05 06:37:00.000,9b9e5189-d895-4cf1-8c96-5ec9b87c9a91,
38771,4,0,74,2025-05-05 07:02:00.000,,,2025-05-05 07:03:04.106,2025-05-05 07:02:16.041,74,1.4644675,56.78,3.3600001,UTC+0200,NA9l677+ml,com.sec.android.app.shealth,2025-05-05 07:03:00.000,93a1d8ab-45be-4fda-8843-fb1fab002458,
40311,4,3,67,2025-05-05 07:03:00.000,,,2025-05-05 07:04:07.074,2025-05-05 07:03:04.265,70,1.284264,51.769997,3.1499999,UTC+0200,NA9l677+ml,com.sec.android.app.shealth,2025-05-05 07:04:00.000,93fc2c7b-7382-4f29-9448-e6ad7113e991,
57530,4,0,105,2025-05-05 07:05:00.000,,,2025-05-05 07:06:24.221,2025-05-05 07:05:19.193,105,1.3785611,79.31,6.4300003,UTC+0200,NA9l677+ml,com.sec.android.app.shealth,2025-05-05 07:06:00.000,f442ec56-a8bf-4bef-bc68-9410132c7127,
39766,4,0,69,2025-05-05 07:06:00.000,,,2025-05-05 07:14:59.609,2025-05-05 07:06:24.455,69,1.2935497,51.440002,2.9899998,UTC+0200,NA9l677+ml,com.sec.android.app.shealth,2025-05-05 07:07:00.000,a2d51117-6c11-4510-b635-3abd497192cf,
13857,4,0,24,2025-05-05 08:31:00.000,,,2025-05-05 08:32:00.228,2025-05-05 08:31:50.912,24,1.2707539,17.609997,1.0500001,UTC+0200,NA9l677+ml,com.sec.android.app.shealth,2025-05-05 08:32:00.000,33fb529a-ec8b-4a52-ab62-444a09fbb82b,
36336,4,0,62,2025-05-05 08:33:00.000,,,2025-05-05 08:35:00.580,2025-05-05 08:35:00.580,62,1.25,45.42,2.74,UTC+0200,NA9l677+ml,com.sec.android.app.shealth,2025-05-05 08:34:00.000,6814941f-2369-45d1-8eab-5dcf32b8e8db,
6509,4,0,12,2025-05-05 08:34:00.000,,,2025-05-05 08:35:00.692,2025-05-05 08:35:00.692,12,1.3611112,8.86,0.58,UTC+0200,NA9l677+ml,com.sec.android.app.shealth,2025-05-05 08:35:00.000,893c9b62-6d5f-43f8-8aa8-0860c9db4dd1,
46049,4,0,75,2025-05-05 09:37:00.000,,,2025-05-05 09:40:20.416,2025-05-05 09:37:25.679,75,1.1872026,54.670002,3.0700002,UTC+0200,NA9l677+ml,com.sec.android.app.shealth,2025-05-05 09:38:00.000,b0b62497-8efa-49b9-adb0-42f644d4f372,
57795,4,0,100,2025-05-05 09:38:00.000,,,2025-05-05 09:40:20.558,2025-05-05 09:40:20.558,100,1.2777778,73.85,4.2,UTC+0200,NA9l677+ml,com.sec.android.app.shealth,2025-05-05 09:39:00.000,feed16b5-d257-4fa0-b33d-c479767749a9,
39646,4,0,60,2025-05-05 09:39:00.000,,,2025-05-05 09:40:20.616,2025-05-05 09:40:20.616,60,1.0833334,42.95,2.72,UTC+0200,NA9l677+ml,com.sec.android.app.shealth,2025-05-05 09:40:00.000,8101d3a5-1e31-4b58-bc59-057f26b464ea,
42345,4,0,74,2025-05-05 09:40:00.000,,,2025-05-05 09:41:38.469,2025-05-05 09:40:20.655,74,1.2912786,54.68,3.1999998,UTC+0200,NA9l677+ml,com.sec.android.app.shealth,2025-05-05 09:41:00.000,a33cf9ec-6d73-4678-bbb1-ea0e3c3942a9,
39849,4,0,56,2025-05-05 09:41:00.000,,,2025-05-05 09:42:13.814,2025-05-05 09:41:38.553,56,0.98672307,39.320004,2.6099994,UTC+0200,NA9l677+ml,com.sec.android.app.shealth,2025-05-05 09:42:00.000,6ce643f2-b499-47a8-86c6-799373ec579a,
11662,4,0,19,2025-05-05 09:42:00.000,,,2025-05-05 09:42:50.042,2025-05-05 09:42:50.042,19,1.1944444,13.93,0.86,UTC+0200,NA9l677+ml,com.sec.android.app.shealth,2025-05-05 09:43:00.000,89ccc17c-7cc9-4e28-9444-1dd89b070449,
31326,4,0,56,2025-05-05 09:43:00.000,,,2025-05-05 09:44:54.999,2025-05-05 09:43:09.786,56,1.3339975,41.79,2.3799999,UTC+0200,NA9l677+ml,com.sec.android.app.shealth,2025-05-05 09:44:00.000,60dcd635-ff1e-4eb0-8213-63dd4c777f48,
12379,4,0,20,2025-05-05 09:44:00.000,,,2025-05-05 09:44:55.185,2025-05-05 09:44:55.151,20,1.172101,14.51,0.85999995,UTC+0200,NA9l677+ml,com.sec.android.app.shealth,2025-05-05 09:45:00.000,0ad08049-04c8-46b7-9fe0-db59979bb7a4,
11803,4,0,21,2025-05-05 09:45:00.000,,,2025-05-05 09:55:00.578,2025-05-05 09:55:00.578,21,1.3055556,15.41,0.96,UTC+0200,NA9l677+ml,com.sec.android.app.shealth,2025-05-05 09:46:00.000,106333df-917a-4209-b5ca-0d543efd79d3,
47482,4,0,84,2025-05-05 09:46:00.000,,,2025-05-05 09:55:00.701,2025-05-05 09:55:00.701,84,1.3333334,63.31,5.65,UTC+0200,NA9l677+ml,com.sec.android.app.shealth,2025-05-05 09:47:00.000,a1ec616c-27b5-4672-8bf0-f4ffab3e0f10,
14813,4,0,26,2025-05-05 09:47:00.000,,,2025-05-05 09:55:00.737,2025-05-05 09:55:00.737,26,1.3055556,19.34,1.09,UTC+0200,NA9l677+ml,com.sec.android.app.shealth,2025-05-05 09:48:00.000,a31acfbc-d71b-4d84-a53e-4fb4b256623f,
19595,4,0,35,2025-05-05 11:25:00.000,,,2025-05-05 11:25:59.890,2025-05-05 11:25:47.748,35,1.3411552,26.28,1.4199998,UTC+0200,NA9l677+ml,com.sec.android.app.shealth,2025-05-05 11:26:00.000,bd663f93-b077-4eca-9f33-9e2c7b7a1dd2,
46524,4,0,86,2025-05-05 11:26:00.000,,,2025-05-05 11:29:02.257,2025-05-05 11:26:00.444,86,1.4093587,65.57,3.5700002,UTC+0200,NA9l677+ml,com.sec.android.app.shealth,2025-05-05 11:27:00.000,5cefa2b2-401d-4039-aeab-e13d3ebc41ec,
33199,4,0,61,2025-05-05 11:28:00.000,,,2025-05-05 11:29:02.316,2025-05-05 11:29:02.316,61,1.3888888,46.11,2.6,UTC+0200,NA9l677+ml,com.sec.android.app.shealth,2025-05-05 11:29:00.000,fcf03403-92ad-4f8a-8e96-8fa843f383b6,
47773,4,0,84,2025-05-05 11:29:00.000,,,2025-05-05 11:30:44.935,2025-05-05 11:29:22.845,84,1.3092986,62.55,3.6499999,UTC+0200,NA9l677+ml,com.sec.android.app.shealth,2025-05-05 11:30:00.000,4f502756-d035-42df-bc21-3081ebd73742,
37257,4,0,65,2025-05-05 11:30:00.000,,,2025-05-05 11:31:01.635,2025-05-05 11:30:45.106,65,1.2902081,48.07,2.83,UTC+0200,NA9l677+ml,com.sec.android.app.shealth,2025-05-05 11:31:00.000,86301ce2-2414-4999-9924-d7a35485b3e2,
31337,4,0,57,2025-05-05 11:31:00.000,,,2025-05-05 11:31:39.299,2025-05-05 11:31:01.757,57,1.3635362,42.73,2.3600001,UTC+0200,NA9l677+ml,com.sec.android.app.shealth,2025-05-05 11:32:00.000,8097ce64-0db9-4dc4-9542-9e7107caf12c,
19439,4,0,33,2025-05-05 12:04:00.000,,,2025-05-05 12:05:35.467,2025-05-05 12:04:26.682,33,1.239248,24.09,1.49,UTC+0200,NA9l677+ml,com.sec.android.app.shealth,2025-05-05 12:05:00.000,b8f2d4de-59d8-4ef2-91d4-8b4d3e7e4cf4,
29688,4,0,53,2025-05-05 12:05:00.000,,,2025-05-05 12:08:12.966,2025-05-05 12:05:35.677,53,1.3234304,39.29,2.3,UTC+0200,NA9l677+ml,com.sec.android.app.shealth,2025-05-05 12:06:00.000,29fec150-82ce-4f4d-abc6-318319eb6312,
6339,4,0,10,2025-05-05 12:29:00.000,,,2025-05-05 12:33:44.876,2025-05-05 12:33:44.876,10,1.1388888,7.22,0.46,UTC+0200,NA9l677+ml,com.sec.android.app.shealth,2025-05-05 12:30:00.000,183096b3-881f-4422-a3ad-b15359d09077,
5554,4,0,10,2025-05-05 12:33:00.000,,,2025-05-05 12:34:11.662,2025-05-05 12:34:11.662,10,1.3611112,7.56,0.43,UTC+0200,NA9l677+ml,com.sec.android.app.shealth,2025-05-05 12:34:00.000,291b5a89-baec-4b14-9a44-f35909b41a69,
21898,4,0,39,2025-05-05 12:34:00.000,,,2025-05-05 12:35:00.578,2025-05-05 12:34:11.742,39,1.319274,28.89,1.72,UTC+0200,NA9l677+ml,com.sec.android.app.shealth,2025-05-05 12:35:00.000,795b49f3-70b5-4467-8024-0cc0d191eecf,
22872,4,0,37,2025-05-05 12:36:00.000,,,2025-05-05 12:38:40.700,2025-05-05 12:38:40.700,37,1.1944444,27.32,2.08,UTC+0200,NA9l677+ml,com.sec.android.app.shealth,2025-05-05 12:37:00.000,0e3e5af4-0e2f-4941-9a0f-481a5097a2df,
31856,4,0,56,2025-05-05 12:37:00.000,,,2025-05-05 12:38:40.863,2025-05-05 12:38:40.863,56,1.3055556,41.59,2.45,UTC+0200,NA9l677+ml,com.sec.android.app.shealth,2025-05-05 12:38:00.000,073a1c57-e666-407d-b527-e72fe9a1726c,
6398,4,0,12,2025-05-05 12:39:00.000,,,2025-05-05 12:40:19.810,2025-05-05 12:40:19.810,12,1.4722222,9.42,0.47,UTC+0200,NA9l677+ml,com.sec.android.app.shealth,2025-05-05 12:40:00.000,a095e3b3-cc92-45f9-abfc-bc9885e00250,
52169,4,0,92,2025-05-05 12:41:00.000,,,2025-05-05 12:43:44.951,2025-05-05 12:43:44.951,92,1.3055556,68.11,5.01,UTC+0200,NA9l677+ml,com.sec.android.app.shealth,2025-05-05 12:42:00.000,ff002e3e-2b0a-4ec2-bad6-641649a897d9,
43920,4,0,76,2025-05-05 12:42:00.000,,,2025-05-05 12:43:45.072,2025-05-05 12:43:45.072,76,1.2777778,56.12,4.35,UTC+0200,NA9l677+ml,com.sec.android.app.shealth,2025-05-05 12:43:00.000,9f4b2a48-cd3b-4867-b74d-5b838a1dbcc9,
9878,4,0,19,2025-05-05 12:43:00.000,,,2025-05-05 12:45:30.986,2025-05-05 12:43:45.133,19,1.4779965,14.6,0.8000001,UTC+0200,NA9l677+ml,com.sec.android.app.shealth,2025-05-05 12:44:00.000,3ded9607-5ba5-4102-a3fc-e1cf97ad6f2d,
11167,4,0,21,2025-05-05 12:44:00.000,,,2025-05-05 12:45:31.118,2025-05-05 12:45:31.118,21,1.4166666,15.82,0.96,UTC+0200,NA9l677+ml,com.sec.android.app.shealth,2025-05-05 12:45:00.000,63df080c-e6cc-4159-9fff-c8231abd01b5,
6005,4,0,10,2025-05-05 12:45:00.000,,,2025-05-05 12:47:11.559,2025-05-05 12:47:11.559,10,1.2222222,7.34,0.43,UTC+0200,NA9l677+ml,com.sec.android.app.shealth,2025-05-05 12:46:00.000,c1831a07-343a-40c2-9a23-908fb4415a2c,
6860,4,0,13,2025-05-05 12:46:00.000,,,2025-05-05 12:47:11.621,2025-05-05 12:47:11.621,13,1.4444444,9.91,0.56,UTC+0200,NA9l677+ml,com.sec.android.app.shealth,2025-05-05 12:47:00.000,0df6816a-06c1-47ef-bcb2-68c35336bafa,
12303,4,0,25,2025-05-05 12:48:00.000,,,2025-05-05 12:49:46.649,2025-05-05 12:49:46.649,25,1.5833334,19.48,1.05,UTC+0200,NA9l677+ml,com.sec.android.app.shealth,2025-05-05 12:49:00.000,42e28629-1dd0-4d5b-bac6-1396ea7cc2cd,
8230,4,0,14,2025-05-05 12:49:00.000,,,2025-05-05 12:49:46.797,2025-05-05 12:49:46.797,14,1.2222222,10.06,0.72,UTC+0200,NA9l677+ml,com.sec.android.app.shealth,2025-05-05 12:50:00.000,8a80ae7b-87d5-444f-8deb-25e4953b2670,
17111,4,0,30,2025-05-05 12:51:00.000,,,2025-05-05 12:51:55.395,2025-05-05 12:51:04.782,30,1.3055722,22.34,1.3800001,UTC+0200,NA9l677+ml,com.sec.android.app.shealth,2025-05-05 12:52:00.000,7b5261e0-17be-4d5e-bd25-643660f56548,
5112,4,0,10,2025-05-05 12:54:00.000,,,2025-05-05 12:55:00.600,2025-05-05 12:55:00.600,10,1.5277778,7.81,0.44,UTC+0200,NA9l677+ml,com.sec.android.app.shealth,2025-05-05 12:55:00.000,87b51c85-caba-4648-8580-112d8f445f97,
4716,4,0,10,2025-05-05 12:56:00.000,,,2025-05-05 12:56:26.074,2025-05-05 12:56:26.074,10,1.6666666,7.86,0.46,UTC+0200,NA9l677+ml,com.sec.android.app.shealth,2025-05-05 12:57:00.000,d8b3723b-8b91-48c7-8ee1-a063bfbae21a,
12681,4,0,23,2025-05-05 12:58:00.000,,,2025-05-05 12:58:44.132,2025-05-05 12:58:43.439,23,1.3807892,17.509998,0.99,UTC+0200,NA9l677+ml,com.sec.android.app.shealth,2025-05-05 12:59:00.000,6e8c5e3f-a436-4240-a15c-5fb894be7c69,
4340,4,0,10,2025-05-05 13:00:00.000,,,2025-05-05 13:00:44.128,2025-05-05 13:00:44.128,10,1.9444444,8.44,0.7,UTC+0200,NA9l677+ml,com.sec.android.app.shealth,2025-05-05 13:01:00.000,2b8ad139-6d4d-429a-ab58-69f3f5c91314,
5322,4,0,12,2025-05-05 13:02:00.000,,,2025-05-05 13:03:53.513,2025-05-05 13:03:53.513,12,1.8055556,9.61,0.5,UTC+0200,NA9l677+ml,com.sec.android.app.shealth,2025-05-05 13:03:00.000,b67a7b17-4c2c-4699-9521-ce9c0bc67091,
12386,4,0,24,2025-05-05 13:03:00.000,,,2025-05-05 13:03:53.591,2025-05-05 13:03:53.591,24,1.5,18.58,0.98,UTC+0200,NA9l677+ml,com.sec.android.app.shealth,2025-05-05 13:04:00.000,3eb9443b-0228-4ce2-a3c5-c53d86b24d09,
9940,4,0,17,2025-05-05 13:04:00.000,,,2025-05-05 13:04:16.020,2025-05-05 13:04:13.547,17,1.2564511,12.49,0.76,UTC+0200,NA9l677+ml,com.sec.android.app.shealth,2025-05-05 13:05:00.000,afe3beb7-16e1-43fc-9625-61ad63313a28,
6185,4,0,12,2025-05-05 13:09:00.000,,,2025-05-05 13:09:43.860,2025-05-05 13:09:43.860,12,1.5277778,9.45,0.47,UTC+0200,NA9l677+ml,com.sec.android.app.shealth,2025-05-05 13:10:00.000,edee9dd5-c236-436f-a266-4eb90ffca189,
4969,4,0,12,2025-05-05 13:10:00.000,,,2025-05-05 13:12:20.866,2025-05-05 13:12:20.866,12,1.9722222,9.8,0.52,UTC+0200,NA9l677+ml,com.sec.android.app.shealth,2025-05-05 13:11:00.000,e5f1859b-0e1a-448a-a799-72c8a599d544,
11140,4,0,16,2025-05-05 13:11:00.000,,,2025-05-05 13:12:20.917,2025-05-05 13:12:20.917,16,1.0,11.14,0.79,UTC+0200,NA9l677+ml,com.sec.android.app.shealth,2025-05-05 13:12:00.000,5238d3df-e615-45b5-939c-8945d4394f43,
3833,4,0,10,2025-05-05 13:14:00.000,,,2025-05-05 13:15:00.711,2025-05-05 13:15:00.711,10,2.1388888,8.2,0.4,UTC+0200,NA9l677+ml,com.sec.android.app.shealth,2025-05-05 13:15:00.000,04f199e5-9be5-4305-bc03-581ff0dbc342,
6420,4,0,11,2025-05-05 13:17:00.000,,,2025-05-05 13:17:59.922,2025-05-05 13:17:53.368,11,1.2803295,8.219999,0.68,UTC+0200,NA9l677+ml,com.sec.android.app.shealth,2025-05-05 13:18:00.000,53b875f1-0656-470e-b61e-dbca62bb3b3a,
16128,4,0,31,2025-05-05 13:18:00.000,,,2025-05-05 13:18:55.834,2025-05-05 13:18:00.865,31,1.4911171,24.05,1.34,UTC+0200,NA9l677+ml,com.sec.android.app.shealth,2025-05-05 13:19:00.000,75cac0fa-5a46-4606-8f68-45b7bc18debe,
9371,4,0,12,2025-05-05 13:22:00.000,,,2025-05-05 13:22:27.933,2025-05-05 13:22:26.818,12,0.86111104,8.07,0.70000005,UTC+0200,NA9l677+ml,com.sec.android.app.shealth,2025-05-05 13:23:00.000,9195aa68-8d33-4156-96fd-db79c3ad7cf9,
20603,4,0,37,2025-05-05 13:23:00.000,,,2025-05-05 13:24:42.517,2025-05-05 13:23:24.848,37,1.3464023,27.74,1.81,UTC+0200,NA9l677+ml,com.sec.android.app.shealth,2025-05-05 13:24:00.000,962e5a50-910a-4149-80d7-9a6082bbca0e,
13611,4,0,28,2025-05-05 13:26:00.000,,,2025-05-05 13:27:12.654,2025-05-05 13:27:12.654,28,1.6111112,21.93,1.24,UTC+0200,NA9l677+ml,com.sec.android.app.shealth,2025-05-05 13:27:00.000,52c2bd06-8242-4b05-80f4-e948c52cc67c,
7909,4,0,11,2025-05-05 13:27:00.000,,,2025-05-05 13:29:08.475,2025-05-05 13:29:08.475,11,0.9444444,7.47,0.63,UTC+0200,NA9l677+ml,com.sec.android.app.shealth,2025-05-05 13:28:00.000,74ac8589-55fe-483f-a419-6710ace706be,
12168,4,0,17,2025-05-05 13:28:00.000,,,2025-05-05 13:29:08.566,2025-05-05 13:29:08.566,17,0.9722222,11.83,0.83,UTC+0200,NA9l677+ml,com.sec.android.app.shealth,2025-05-05 13:29:00.000,b031b692-a69d-46e6-962d-257a0b51b828,
9552,4,0,19,2025-05-05 13:29:00.000,,,2025-05-05 13:33:07.617,2025-05-05 13:33:07.617,19,1.5555556,14.86,0.82,UTC+0200,NA9l677+ml,com.sec.android.app.shealth,2025-05-05 13:30:00.000,c77eedce-cd59-472a-a08b-0f32b18c17c6,
12784,4,0,32,2025-05-05 13:30:00.000,,,2025-05-05 13:33:07.726,2025-05-05 13:33:07.726,32,2.0555556,26.28,1.35,UTC+0200,NA9l677+ml,com.sec.android.app.shealth,2025-05-05 13:31:00.000,9d4641f9-9da3-46bb-a2e9-7b105fff66c4,
5450,4,0,11,2025-05-05 13:33:00.000,,,2025-05-05 13:33:07.789,2025-05-05 13:33:07.789,11,1.5833334,8.63,0.51,UTC+0200,NA9l677+ml,com.sec.android.app.shealth,2025-05-05 13:34:00.000,d25c8881-b079-45e8-b9c1-562fb18f2f4e,
6830,4,0,10,2025-05-05 13:34:00.000,,,2025-05-05 13:34:35.680,2025-05-05 13:34:35.680,10,1.0,6.83,0.57,UTC+0200,NA9l677+ml,com.sec.android.app.shealth,2025-05-05 13:35:00.000,9e719212-10f6-4685-aea4-0ff46a992f26,
7670,4,0,11,2025-05-05 13:35:00.000,,,2025-05-05 13:35:21.891,2025-05-05 13:35:21.891,11,1.0,7.67,0.53,UTC+0200,NA9l677+ml,com.sec.android.app.shealth,2025-05-05 13:36:00.000,8f052672-2c0e-400c-ab31-b135f5aee7b4,
12985,4,0,21,2025-05-05 13:37:00.000,,,2025-05-05 13:37:33.487,2025-05-05 13:37:33.487,21,1.1666666,15.15,0.99,UTC+0200,NA9l677+ml,com.sec.android.app.shealth,2025-05-05 13:38:00.000,332d8f72-890f-46d8-903e-08fac8c61458,
7200,4,0,12,2025-05-05 13:38:00.000,,,2025-05-05 13:38:15.152,2025-05-05 13:38:15.152,12,1.2222222,8.8,0.53,UTC+0200,NA9l677+ml,com.sec.android.app.shealth,2025-05-05 13:39:00.000,b9636d9f-b2e1-4fc1-a4d4-43ef5f85d6db,
7250,4,0,12,2025-05-05 13:39:00.000,,,2025-05-05 13:41:31.695,2025-05-05 13:41:31.695,12,1.1944444,8.66,0.51,UTC+0200,NA9l677+ml,com.sec.android.app.shealth,2025-05-05 13:40:00.000,a13ecae3-cdee-42cc-aed1-86af65b1ac54,
7768,4,0,13,2025-05-05 13:40:00.000,,,2025-05-05 13:41:31.764,2025-05-05 13:41:31.764,13,1.25,9.71,0.63,UTC+0200,NA9l677+ml,com.sec.android.app.shealth,2025-05-05 13:41:00.000,15cb4c7c-346d-4d6a-bb4a-e888eb8414ca,
7224,4,0,12,2025-05-05 13:41:00.000,,,2025-05-05 13:41:31.807,2025-05-05 13:41:31.807,12,1.2222222,8.83,0.52,UTC+0200,NA9l677+ml,com.sec.android.app.shealth,2025-05-05 13:42:00.000,52755e83-8fed-4d92-a808-deaf70f33b44,
6290,4,0,14,2025-05-05 13:42:00.000,,,2025-05-05 13:42:26.743,2025-05-05 13:42:25.515,14,1.7757843,11.17,0.59,UTC+0200,NA9l677+ml,com.sec.android.app.shealth,2025-05-05 13:43:00.000,4f75399f-d06d-4e90-9a3d-92559a274f27,
4073,4,0,10,2025-05-05 13:43:00.000,,,2025-05-05 13:44:02.705,2025-05-05 13:44:02.705,10,2.0277777,8.26,0.43,UTC+0200,NA9l677+ml,com.sec.android.app.shealth,2025-05-05 13:44:00.000,dfe93b7a-b1bc-4ad2-9708-9f53bf1ecdb5,
7020,4,0,12,2025-05-05 13:44:00.000,,,2025-05-05 13:44:53.976,2025-05-05 13:44:53.976,12,1.2222222,8.58,0.57,UTC+0200,NA9l677+ml,com.sec.android.app.shealth,2025-05-05 13:45:00.000,7d67e755-9e2a-45ee-81fe-011ed208ee5b,
7624,4,0,13,2025-05-05 13:46:00.000,,,2025-05-05 13:47:59.743,2025-05-05 13:47:59.743,13,1.25,9.53,0.57,UTC+0200,NA9l677+ml,com.sec.android.app.shealth,2025-05-05 13:47:00.000,1176ac46-d1d4-4a99-a814-fc7ff3de29dc,
18337,4,0,33,2025-05-05 13:47:00.000,,,2025-05-05 13:47:59.905,2025-05-05 13:47:59.905,33,1.3333334,24.45,1.48,UTC+0200,NA9l677+ml,com.sec.android.app.shealth,2025-05-05 13:48:00.000,144405a4-170d-475e-b24c-c0efd7586059,
21239,4,0,42,2025-05-05 13:49:00.000,,,2025-05-05 13:51:25.737,2025-05-05 13:49:11.451,42,1.5184083,32.25,1.78,UTC+0200,NA9l677+ml,com.sec.android.app.shealth,2025-05-05 13:50:00.000,f42fc75d-26b1-43cf-8a80-746ecc283c03,
6944,4,0,12,2025-05-05 13:51:00.000,,,2025-05-05 13:51:40.884,2025-05-05 13:51:40.884,12,1.25,8.68,0.56,UTC+0200,NA9l677+ml,com.sec.android.app.shealth,2025-05-05 13:52:00.000,7caec480-8640-4fd9-a00e-068d4266dc94,
7803,4,0,10,2025-05-05 13:54:00.000,,,2025-05-05 13:55:00.625,2025-05-05 13:55:00.625,10,0.8611111,6.72,0.55,UTC+0200,NA9l677+ml,com.sec.android.app.shealth,2025-05-05 13:55:00.000,c372e154-b1b3-492b-80ff-83bf7550b827,
6754,4,0,12,2025-05-05 13:55:00.000,,,2025-05-05 13:55:44.789,2025-05-05 13:55:43.404,12,1.3102748,8.85,0.53,UTC+0200,NA9l677+ml,com.sec.android.app.shealth,2025-05-05 13:56:00.000,103ea8ee-a9b0-489d-bfc2-deb28581ad27,
32623,4,0,65,2025-05-05 13:56:00.000,,,2025-05-05 13:56:47.744,2025-05-05 13:56:03.716,65,1.5341493,50.050003,2.9499993,UTC+0200,NA9l677+ml,com.sec.android.app.shealth,2025-05-05 13:57:00.000,17ddfd27-a0f2-43bf-8d1d-40ab75131812,
4925,4,0,11,2025-05-05 13:57:00.000,,,2025-05-05 13:57:53.894,2025-05-05 13:57:53.051,11,1.7499999,8.62,0.45,UTC+0200,NA9l677+ml,com.sec.android.app.shealth,2025-05-05 13:58:00.000,af27a120-baed-40f1-a2b6-0c5f13b4b90f,
7618,4,0,15,2025-05-05 14:00:00.000,,,2025-05-05 14:00:13.420,2025-05-05 14:00:10.586,15,1.4884133,11.34,0.71000004,UTC+0200,NA9l677+ml,com.sec.android.app.shealth,2025-05-05 14:01:00.000,c48de42d-0400-4836-b69e-f31d73f2512d,
5322,4,0,10,2025-05-05 14:01:00.000,,,2025-05-05 14:01:08.410,2025-05-05 14:01:08.410,10,1.4166666,7.54,0.45,UTC+0200,NA9l677+ml,com.sec.android.app.shealth,2025-05-05 14:02:00.000,34ee4078-e51e-42f0-9c31-741d66873ad0,
7337,4,0,10,2025-05-05 14:03:00.000,,,2025-05-05 14:03:39.214,2025-05-05 14:03:39.214,10,0.9444444,6.93,0.47,UTC+0200,NA9l677+ml,com.sec.android.app.shealth,2025-05-05 14:04:00.000,1c041693-0368-4551-ab97-3cc23a4cc99d,
14110,4,0,26,2025-05-05 14:04:00.000,,,2025-05-05 14:05:18.279,2025-05-05 14:05:18.279,26,1.4166666,19.99,1.39,UTC+0200,NA9l677+ml,com.sec.android.app.shealth,2025-05-05 14:05:00.000,2a97558b-2e2f-413a-a5b4-556c005d34cd,
10783,4,0,18,2025-05-05 14:07:00.000,,,2025-05-05 14:11:28.066,2025-05-05 14:11:28.066,18,1.2222222,13.18,0.79,UTC+0200,NA9l677+ml,com.sec.android.app.shealth,2025-05-05 14:08:00.000,f0685b70-9ed4-45f2-ad5e-9cdf857aa3eb,
60000,4,0,113,2025-05-05 14:08:00.000,,,2025-05-05 14:11:28.133,2025-05-05 14:11:28.133,113,1.4259999,85.56,4.77,UTC+0200,NA9l677+ml,com.sec.android.app.shealth,2025-05-05 14:09:00.000,2073f9a8-1a6e-416d-8f7c-dad8f3d85c63,
15314,4,0,27,2025-05-05 14:09:00.000,,,2025-05-05 14:11:28.161,2025-05-05 14:11:28.161,27,1.3333334,20.42,1.08,UTC+0200,NA9l677+ml,com.sec.android.app.shealth,2025-05-05 14:10:00.000,37497aef-3ff1-4aa0-ae00-c681b05bbada,
4492,4,0,8,2025-05-05 14:10:00.000,,,2025-05-05 14:11:28.184,2025-05-05 14:11:28.184,8,1.3333334,5.99,0.37,UTC+0200,NA9l677+ml,com.sec.android.app.shealth,2025-05-05 14:11:00.000,fe7f66a6-2c87-4ef1-864f-e113286726c4,
12850,4,0,22,2025-05-05 14:21:00.000,,,2025-05-05 14:34:07.324,2025-05-05 14:21:55.367,22,1.2660528,16.27,0.87000006,UTC+0200,NA9l677+ml,com.sec.android.app.shealth,2025-05-05 14:22:00.000,81643b90-e49f-4146-90c2-b558adfccb29,
29669,4,0,47,2025-05-05 14:33:00.000,,,2025-05-05 14:34:07.524,2025-05-05 14:34:07.524,47,1.1388888,33.79,2.02,UTC+0200,NA9l677+ml,com.sec.android.app.shealth,2025-05-05 14:34:00.000,2b69fb0c-76ea-4cf2-91b5-7832d5bae63b,
44434,4,0,76,2025-05-05 14:34:00.000,,,2025-05-05 14:35:00.571,2025-05-05 14:34:07.683,76,1.2546624,55.75,3.12,UTC+0200,NA9l677+ml,com.sec.android.app.shealth,2025-05-05 14:35:00.000,c135ef52-9321-4027-b631-93a7cdf2f5e0,
8480,4,0,14,2025-05-05 14:35:00.000,,,2025-05-05 14:39:34.413,2025-05-05 14:39:34.413,14,1.1944444,10.13,0.62,UTC+0200,NA9l677+ml,com.sec.android.app.shealth,2025-05-05 14:36:00.000,3e659651-2971-4497-95ef-a691af017ac9,
7892,4,0,12,2025-05-05 14:59:00.000,,,2025-05-05 14:59:19.963,2025-05-05 14:59:19.963,12,1.0833334,8.55,0.51,UTC+0200,NA9l677+ml,com.sec.android.app.shealth,2025-05-05 15:00:00.000,9377a9bb-d1a5-4024-861e-ab8ee1edb73f,
9483,4,0,14,2025-05-05 15:42:00.000,,,2025-05-05 15:43:50.935,2025-05-05 15:43:50.935,14,1.0555556,10.01,0.71,UTC+0200,NA9l677+ml,com.sec.android.app.shealth,2025-05-05 15:43:00.000,305cf1fa-d604-40d1-ba53-4d2a0df04826,
19738,4,0,34,2025-05-05 15:48:00.000,,,2025-05-05 15:49:07.467,2025-05-05 15:49:07.467,34,1.3055556,25.77,1.54,UTC+0200,NA9l677+ml,com.sec.android.app.shealth,2025-05-05 15:49:00.000,bc25898d-9d14-4578-bdcf-72ad5462ec06,
5713,4,0,10,2025-05-05 15:49:00.000,,,2025-05-05 15:49:07.549,2025-05-05 15:49:07.549,10,1.2777778,7.3,0.4,UTC+0200,NA9l677+ml,com.sec.android.app.shealth,2025-05-05 15:50:00.000,97a880ab-bf14-411f-9aae-3b53fbaf4969,
29645,4,0,49,2025-05-05 15:50:00.000,,,2025-05-05 15:54:59.613,2025-05-05 15:54:59.613,49,1.1944444,35.41,2.09,UTC+0200,NA9l677+ml,com.sec.android.app.shealth,2025-05-05 15:51:00.000,c5764b7d-002f-4c10-8ed8-c3eef6544f67,
15178,4,0,25,2025-05-05 15:51:00.000,,,2025-05-05 15:54:59.727,2025-05-05 15:54:59.727,25,1.1944444,18.13,1.14,UTC+0200,NA9l677+ml,com.sec.android.app.shealth,2025-05-05 15:52:00.000,be9aec6f-672e-4a5e-aab7-63fc82f556ab,
26474,4,0,47,2025-05-05 16:10:00.000,,,2025-05-05 16:10:57.756,2025-05-05 16:10:57.756,47,1.3333334,35.3,1.91,UTC+0200,NA9l677+ml,com.sec.android.app.shealth,2025-05-05 16:11:00.000,99bddfb4-5629-487b-8012-8d4f2fc588a1,
5085,4,0,9,2025-05-05 16:11:00.000,,,2025-05-05 16:13:19.465,2025-05-05 16:13:19.465,9,1.3055556,6.64,0.4,UTC+0200,NA9l677+ml,com.sec.android.app.shealth,2025-05-05 16:12:00.000,de81eb5b-8f64-4825-a28c-19ccbf5a6235,
28792,4,0,50,2025-05-05 16:12:00.000,,,2025-05-05 16:13:19.564,2025-05-05 16:13:19.564,50,1.2777778,36.79,2.12,UTC+0200,NA9l677+ml,com.sec.android.app.shealth,2025-05-05 16:13:00.000,829dbbf8-4fb3-4c14-850a-27db574ba05c,
7429,4,0,14,2025-05-05 16:13:00.000,,,2025-05-05 16:14:01.319,2025-05-05 16:13:19.675,14,1.441583,10.71,0.59000003,UTC+0200,NA9l677+ml,com.sec.android.app.shealth,2025-05-05 16:14:00.000,e265f087-fb95-4856-9994-e09424d5bf1e,
44924,4,0,74,2025-05-05 16:16:00.000,,,2025-05-05 16:16:52.377,2025-05-05 16:16:52.377,74,1.1944444,53.66,3.41,UTC+0200,NA9l677+ml,com.sec.android.app.shealth,2025-05-05 16:17:00.000,5a6d560c-0ed2-49dd-88ad-0abd8ff6c9df,
27221,4,0,47,2025-05-05 16:49:00.000,,,2025-05-05 16:49:50.855,2025-05-05 16:49:11.038,47,1.2739955,34.68,2.04,UTC+0200,NA9l677+ml,com.sec.android.app.shealth,2025-05-05 16:50:00.000,35ab0341-98a6-4e20-aadd-bf65d6e102fd,
5576,4,0,10,2025-05-05 16:50:00.000,,,2025-05-05 16:55:00.611,2025-05-05 16:55:00.611,10,1.3611112,7.59,0.38,UTC+0200,NA9l677+ml,com.sec.android.app.shealth,2025-05-05 16:51:00.000,698d8f66-094d-4d5a-a5dc-d377d5a8e6e3,
9423,4,0,19,2025-05-05 16:58:00.000,,,2025-05-05 16:59:02.552,2025-05-05 16:59:02.552,19,1.5833334,14.92,1.12,UTC+0200,NA9l677+ml,com.sec.android.app.shealth,2025-05-05 16:59:00.000,fe41ee89-d0c3-405d-b152-38f0d21099e4,
12805,4,0,23,2025-05-05 17:00:00.000,,,2025-05-05 17:01:06.834,2025-05-05 17:01:06.834,23,1.3611112,17.43,1.04,UTC+0200,NA9l677+ml,com.sec.android.app.shealth,2025-05-05 17:01:00.000,d65c2f1c-f465-46b7-aa28-19bd5c4ad993,
554,4,0,1,2025-05-05 17:01:00.000,,,2025-05-05 17:01:06.929,2025-05-05 17:01:06.929,1,1.3888888,0.77,0.04,UTC+0200,NA9l677+ml,com.sec.android.app.shealth,2025-05-05 17:02:00.000,2e8851a9-5469-45fb-b63a-694f4dd55ba1,
25445,4,0,45,2025-05-05 17:08:00.000,,,2025-05-05 17:14:59.620,2025-05-05 17:14:59.620,45,1.3055556,33.22,1.88,UTC+0200,NA9l677+ml,com.sec.android.app.shealth,2025-05-05 17:09:00.000,e2c7da92-d3a1-457d-9255-a6fb03a31064,
12733,4,0,22,2025-05-05 17:09:00.000,,,2025-05-05 17:14:59.731,2025-05-05 17:14:59.731,22,1.2777778,16.27,0.95,UTC+0200,NA9l677+ml,com.sec.android.app.shealth,2025-05-05 17:10:00.000,fca3172f-3118-4533-8053-210f0ca72706,
5974,4,0,12,2025-05-05 18:17:00.000,,,2025-05-05 18:19:01.656,2025-05-05 18:19:01.656,12,1.5833334,9.46,0.47,UTC+0200,NA9l677+ml,com.sec.android.app.shealth,2025-05-05 18:18:00.000,91f4d612-1ab8-4e7e-bcdb-cb136998d2fd,
44348,4,0,72,2025-05-05 18:19:00.000,,,2025-05-05 18:19:52.273,2025-05-05 18:19:52.273,72,1.1666666,51.74,3.17,UTC+0200,NA9l677+ml,com.sec.android.app.shealth,2025-05-05 18:20:00.000,80ec964a-97ae-4328-8d55-9f8c7fa6c29b,
22646,4,0,35,2025-05-05 18:27:00.000,,,2025-05-05 18:29:49.566,2025-05-05 18:27:47.978,35,1.0990775,24.89,1.51,UTC+0200,NA9l677+ml,com.sec.android.app.shealth,2025-05-05 18:28:00.000,acdf6f15-dd5b-4181-a321-35a871fb2cfd,
60000,4,0,104,2025-05-05 18:28:00.000,,,2025-05-05 18:29:49.674,2025-05-05 18:29:49.674,104,1.2631667,75.79,4.16,UTC+0200,NA9l677+ml,com.sec.android.app.shealth,2025-05-05 18:29:00.000,cf51e55b-b5e7-45c7-8730-eea330ee15fb,
42133,4,0,69,2025-05-05 18:29:00.000,,,2025-05-05 18:35:00.617,2025-05-05 18:29:49.743,69,1.1826587,49.83,3.23,UTC+0200,NA9l677+ml,com.sec.android.app.shealth,2025-05-05 18:30:00.000,85f88e6f-599d-4c66-ae1a-c75b6e773a6f,
6925,4,0,11,2025-05-05 20:34:00.000,,,2025-05-05 20:35:00.626,2025-05-05 20:35:00.626,11,1.1666666,8.08,0.44,UTC+0200,NA9l677+ml,com.sec.android.app.shealth,2025-05-05 20:35:00.000,2519a73d-3275-4ed0-b0fd-f4d729e24775,
9912,4,0,17,2025-05-05 20:35:00.000,,,2025-05-05 20:39:57.537,2025-05-05 20:39:57.537,17,1.25,12.39,0.72,UTC+0200,NA9l677+ml,com.sec.android.app.shealth,2025-05-05 20:36:00.000,7b3ff953-ca66-4592-870c-411dc12491e1,
46768,4,0,80,2025-05-05 20:38:00.000,,,2025-05-05 20:39:57.618,2025-05-05 20:39:57.618,80,1.25,58.46,3.42,UTC+0200,NA9l677+ml,com.sec.android.app.shealth,2025-05-05 20:39:00.000,4df08616-8dae-4aad-806a-e3997af77d44,
50444,4,0,91,2025-05-05 20:39:00.000,,,2025-05-05 20:39:57.754,2025-05-05 20:39:57.754,91,1.3611112,68.66,3.67,UTC+0200,NA9l677+ml,com.sec.android.app.shealth,2025-05-05 20:40:00.000,82efdeb9-dce7-4c62-a168-e64079255d69,
10791,4,0,18,2025-05-05 21:17:00.000,,,2025-05-05 21:22:24.920,2025-05-05 21:22:24.920,18,1.2222222,13.19,0.8,UTC+0200,NA9l677+ml,com.sec.android.app.shealth,2025-05-05 21:18:00.000,7e542e22-c7aa-4211-ac45-e662576212da,
26181,4,0,44,2025-05-05 21:18:00.000,,,2025-05-05 21:22:25.031,2025-05-05 21:22:25.031,44,1.2222222,32.0,1.93,UTC+0200,NA9l677+ml,com.sec.android.app.shealth,2025-05-05 21:19:00.000,76b08309-4dcd-4f1d-b4ee-1c0f117f12e2,
35957,4,3,65,2025-05-05 21:19:00.000,,,2025-05-05 21:22:25.104,2025-05-05 21:22:25.104,68,1.4166666,50.94,3.42,UTC+0200,NA9l677+ml,com.sec.android.app.shealth,2025-05-05 21:20:00.000,3e6c3783-9a59-42e9-b368-b797130f505d,
16805,4,0,27,2025-05-05 21:20:00.000,,,2025-05-05 21:22:25.220,2025-05-05 21:22:25.220,27,1.2222222,20.54,1.15,UTC+0200,NA9l677+ml,com.sec.android.app.shealth,2025-05-05 21:21:00.000,c52cf54b-914b-4b51-a7b8-ee21ddf32969,
7006,4,0,14,2025-05-05 21:21:00.000,,,2025-05-05 21:22:25.268,2025-05-05 21:22:25.268,14,1.5,10.51,0.7,UTC+0200,NA9l677+ml,com.sec.android.app.shealth,2025-05-05 21:22:00.000,3bf739f6-39bc-4d0e-8242-9d97da7544f3,
7868,4,0,11,2025-05-05 21:22:00.000,,,2025-05-05 21:22:25.311,2025-05-05 21:22:25.311,11,0.9722222,7.65,0.51,UTC+0200,NA9l677+ml,com.sec.android.app.shealth,2025-05-05 21:23:00.000,790afc23-f900-44da-b761-df414e3f205e,
18856,4,0,35,2025-05-05 21:23:00.000,,,2025-05-05 21:23:42.370,2025-05-05 21:23:42.370,35,1.3888888,26.19,1.58,UTC+0200,NA9l677+ml,com.sec.android.app.shealth,2025-05-05 21:24:00.000,a5134bb9-44f8-4e78-8e39-54586f9d1e73,
16064,4,0,24,2025-05-05 21:24:00.000,,,2025-05-05 21:24:39.285,2025-05-05 21:24:34.185,24,1.0476769,16.83,1.2099999,UTC+0200,NA9l677+ml,com.sec.android.app.shealth,2025-05-05 21:25:00.000,f535a251-9f70-4337-a80c-3eda6b1db390,
6791,4,0,10,2025-05-05 21:25:00.000,,,2025-05-05 21:25:28.706,2025-05-05 21:25:28.706,10,1.0277778,6.98,0.45,UTC+0200,NA9l677+ml,com.sec.android.app.shealth,2025-05-05 21:26:00.000,fe6ea6e2-91d8-4a2d-8f35-ef95250fb514,
18525,4,0,27,2025-05-05 21:26:00.000,,,2025-05-05 21:26:17.763,2025-05-05 21:26:17.763,27,1.0277778,19.04,1.85,UTC+0200,NA9l677+ml,com.sec.android.app.shealth,2025-05-05 21:27:00.000,023a850c-0b0c-4ad9-a9cd-c609d4ff0c31,
7060,4,0,13,2025-05-05 21:27:00.000,,,2025-05-05 21:28:05.205,2025-05-05 21:28:05.205,13,1.3611112,9.61,0.58,UTC+0200,NA9l677+ml,com.sec.android.app.shealth,2025-05-05 21:28:00.000,b9ebd690-6b17-4080-a047-89a360daa98e,
5422,4,0,10,2025-05-05 21:28:00.000,,,2025-05-05 21:28:57.139,2025-05-05 21:28:57.139,10,1.3611112,7.38,0.53,UTC+0200,NA9l677+ml,com.sec.android.app.shealth,2025-05-05 21:29:00.000,5ea9b54d-303c-48b2-8aee-0679aec6647e,
14093,4,0,25,2025-05-06 08:06:00.000,,,2025-05-06 08:06:58.808,2025-05-06 08:06:58.808,25,1.3055556,18.4,1.09,UTC+0200,NA9l677+ml,com.sec.android.app.shealth,2025-05-06 08:07:00.000,1129c084-4df6-40d4-a148-2e06cac56004,
11535,4,0,20,2025-05-06 08:07:00.000,,,2025-05-06 08:10:11.408,2025-05-06 08:10:11.408,20,1.2777778,14.74,0.86,UTC+0200,NA9l677+ml,com.sec.android.app.shealth,2025-05-06 08:08:00.000,13763a7d-7c65-4a08-8299-e369ee1664bf,
